{"Open":{"0":85.6819506402,"1":84.4550684255,"2":83.786772364,"3":83.7468692757,"4":85.7417960437,"5":86.2405280914,"6":87.4973277641,"7":87.5870937139,"8":87.0484661754,"9":87.4075500379,"10":88.893776879,"11":89.7416146008,"12":89.5720503423,"13":89.7116944501,"14":89.3925095007,"15":89.22293139,"16":86.3203251131,"17":86.6295379349,"18":87.3277653261,"19":84.6844862643,"20":83.8166954624,"21":83.0785728355,"22":82.6396860017,"23":84.3154227366,"24":85.0934445931,"25":84.3952246701,"26":82.8292119716,"27":84.8141552909,"28":85.1832197655,"29":84.883980597,"30":85.5024053303,"31":85.4425623784,"32":84.4849874204,"33":84.6844915701,"34":83.687029076,"35":82.0112893703,"36":80.4951479984,"37":78.4603271583,"38":76.4853556447,"39":74.7796914584,"40":77.1137502523,"41":81.6821260916,"42":81.5624269127,"43":81.9314882127,"44":77.7521282628,"45":72.4057296361,"46":72.8645661825,"47":70.5803847354,"48":63.8375398462,"49":66.3611171966,"50":63.2490353349,"51":65.8524065935,"52":65.0245238256,"53":68.3660127622,"54":65.8224897367,"55":66.6304341674,"56":65.363655804,"57":66.9496194565,"58":69.8223092103,"59":71.3683781509,"60":71.0599975586,"61":72.3399963379,"62":69.4700012207,"63":68.2699966431,"64":71.7099990845,"65":72.9700012207,"66":76.6100006104,"67":74.1699981689,"68":76.4300003052,"69":77.4400024414,"70":77.3000030518,"71":77.4400024414,"72":78.0599975586,"73":80.0899963379,"74":79.0500030518,"75":75.7600021362,"76":74.75,"77":76.5999984741,"78":75.6200027466,"79":76.3499984741,"80":76.3499984741},"High":{"0":86.130805304,"1":85.1133967076,"2":84.6046905518,"3":85.0435723107,"4":86.2505035775,"5":87.4773783312,"6":88.016004418,"7":88.0958012204,"8":87.9860824682,"9":88.8837964322,"10":89.2628327854,"11":90.0508252383,"12":89.9211603633,"13":90.4099144927,"14":89.7515962781,"15":89.2329081361,"16":86.9487231621,"17":87.2579436097,"18":88.1357067795,"19":84.8141535249,"20":84.1259061174,"21":83.4775589747,"22":83.6870236492,"23":85.2829616478,"24":85.1732433455,"25":84.5747680584,"26":84.4251490057,"27":85.4525300809,"28":85.8415404457,"29":85.4625101511,"30":85.6420493386,"31":85.8614944145,"32":85.6220929406,"33":84.7742594615,"34":84.8740031954,"35":82.3803452711,"36":80.6746913907,"37":80.0662332113,"38":80.0961693693,"39":76.8743591309,"40":81.7918473726,"41":84.784232135,"42":84.2156782663,"43":83.0386711028,"44":78.6997213437,"45":74.0016741903,"46":73.4331189374,"47":71.5479237021,"48":66.9695685361,"49":69.3335560308,"50":66.4508897314,"51":70.3509602063,"52":69.7026135322,"53":68.4158812716,"54":70.8197745506,"55":67.3884994615,"56":68.0069305002,"57":71.6077628933,"58":74.2610101089,"59":73.0241603946,"60":73.1800003052,"61":72.8000030518,"62":70.2300033569,"63":72.4499969482,"64":72.3300018311,"65":74.9899978638,"66":77.5599975586,"67":77.1699981689,"68":78.7200012207,"69":77.9899978638,"70":79.1999969482,"71":78.3899993896,"72":78.9199981689,"73":80.3499984741,"74":79.0500030518,"75":75.8000030518,"76":75.5800018311,"77":77.4899978638,"78":75.9100036621,"79":76.4000015259,"80":76.4000015259},"Low":{"0":84.9837229731,"1":84.2855017867,"2":83.3877862117,"3":83.7269233935,"4":84.9837231161,"5":85.9512633173,"6":87.0983416249,"7":86.519810191,"8":86.479913396,"9":87.3277589001,"10":88.6344347428,"11":88.9835417112,"12":89.2329094577,"13":89.6119422068,"14":88.4349472975,"15":87.3576831872,"16":85.9911609689,"17":85.9712172399,"18":86.9287791677,"19":83.3877832184,"20":82.1309829547,"21":81.9015679102,"22":82.5698639992,"23":84.1757787298,"24":84.3653019044,"25":82.7095121691,"26":82.7194905871,"27":84.6246351591,"28":85.0734983838,"29":84.445102668,"30":84.903929922,"31":84.3154259255,"32":83.2381605245,"33":83.1483997892,"34":83.1882982801,"35":79.8168694073,"36":77.4927940645,"37":77.8917667838,"38":76.1761449845,"39":73.9817191975,"40":77.043928248,"41":79.0787508255,"42":80.51509686,"43":79.4976796815,"44":76.3058119945,"45":69.9918745323,"46":69.4831722801,"47":67.3984798058,"48":62.0022104234,"49":63.5881752428,"50":60.9748242688,"51":63.7776885982,"52":65.0145470788,"53":64.0071032268,"54":64.7951054925,"55":61.9323874045,"56":64.4360162347,"57":64.9447196856,"58":69.4731991862,"59":70.1015976994,"60":71.0599975586,"61":70.5,"62":68.1500015259,"63":68.1399993896,"64":69.6600036621,"65":72.25,"66":74.0199966431,"67":72.75,"68":76.2300033569,"69":75.0199966431,"70":77.2399978638,"71":77.0,"72":76.4700012207,"73":78.3099975586,"74":76.9800033569,"75":73.7099990845,"76":73.7799987793,"77":75.0500030518,"78":74.0199966431,"79":75.8399963379,"80":75.8399963379},"Close":{"0":85.7318191528,"1":84.3553237915,"2":84.6046905518,"3":84.8640289307,"4":85.7018966675,"5":87.0484695435,"6":87.3676528931,"7":87.2379837036,"8":87.7666397095,"9":88.3950424194,"10":89.2329101562,"11":89.8912353516,"12":89.3825302124,"13":89.9012069702,"14":88.8439025879,"15":88.0359573364,"16":86.3402709961,"17":86.9587020874,"18":87.0185470581,"19":84.165802002,"20":82.3504257202,"21":81.9414672852,"22":83.3079833984,"23":84.7144088745,"24":84.6046905518,"25":82.9588775635,"26":84.2156829834,"27":84.8740005493,"28":85.213142395,"29":85.2530441284,"30":85.6021499634,"31":84.5747680664,"32":85.1333389282,"33":84.1259078979,"34":84.854057312,"35":80.2956542969,"36":77.7521286011,"37":77.9117202759,"38":77.2334518433,"39":76.8743591309,"40":81.7619247437,"41":80.1161117554,"42":84.1358795166,"43":80.2557525635,"44":78.3605804443,"45":70.5704040527,"46":72.7249221802,"47":68.6652526855,"48":63.2590103149,"49":69.0243377686,"50":63.9672050476,"51":70.2611923218,"52":68.6951828003,"53":65.5930709839,"54":66.2912979126,"55":63.2091369629,"56":66.8299255371,"57":68.8248443604,"58":73.5328674316,"59":70.7300033569,"60":72.6699981689,"61":71.6200027466,"62":68.9199981689,"63":72.2900009155,"64":70.4199981689,"65":74.3600006104,"66":74.0299987793,"67":76.6900024414,"68":78.3300018311,"69":76.2099990845,"70":78.8300018311,"71":77.0500030518,"72":78.75,"73":79.5500030518,"74":77.3700027466,"75":73.75,"76":75.1699981689,"77":75.0899963379,"78":75.75,"79":75.9400024414,"80":75.9400024414},"Volume":{"0":1410500,"1":1118300,"2":1993200,"3":1684700,"4":1847600,"5":1912700,"6":1417000,"7":1630200,"8":1675200,"9":1630400,"10":1595900,"11":3718300,"12":2697400,"13":1665800,"14":1228300,"15":1164500,"16":1868000,"17":1652200,"18":1131500,"19":3026700,"20":2850400,"21":1919800,"22":1676000,"23":2345100,"24":835500,"25":1447600,"26":2066900,"27":1543200,"28":1464200,"29":1596300,"30":1965400,"31":2872500,"32":4741300,"33":2543600,"34":1762500,"35":2919200,"36":2768000,"37":2526000,"38":2879400,"39":3755600,"40":3407500,"41":3017200,"42":1905300,"43":2322600,"44":2959900,"45":4598200,"46":3537300,"47":4985900,"48":5055000,"49":3261200,"50":4742800,"51":3341800,"52":4123900,"53":3430700,"54":3258400,"55":2989600,"56":2868900,"57":2628100,"58":3267500,"59":1829800,"60":1486200,"61":1822100,"62":2173600,"63":1840300,"64":2052600,"65":2312000,"66":2458000,"67":2703000,"68":2399900,"69":1533000,"70":2650300,"71":2721100,"72":1969300,"73":1313400,"74":1679400,"75":2848100,"76":2347400,"77":2097700,"78":1654300,"79":298698,"80":298698}}