{"Open":{"0":295.5386006657,"1":296.4464332155,"2":293.0943995544,"3":299.1300813609,"4":296.4564159402,"5":306.5125556737,"6":309.8645950468,"7":310.9021528527,"8":315.9501681625,"9":311.1116464662,"10":312.8475041299,"11":315.521174794,"12":316.4389922438,"13":317.8257058497,"14":317.1672862021,"15":319.4917445497,"16":309.3258630792,"17":311.8598604646,"18":323.681807385,"19":319.7810776472,"20":320.170135283,"21":303.5795064201,"22":314.563435419,"23":322.7540101731,"24":321.8062689143,"25":322.3699951172,"26":314.1799926758,"27":323.6000061035,"28":321.4700012207,"29":324.1900024414,"30":324.7399902344,"31":315.3599853516,"32":320.0,"33":322.6300048828,"34":318.6199951172,"35":297.2600097656,"36":300.950012207,"37":286.5299987793,"38":281.1000061035,"39":257.2600097656,"40":282.2799987793,"41":303.6700134277,"42":296.4400024414,"43":295.5199890137,"44":282.0,"45":263.75,"46":277.1400146484,"47":277.3900146484,"48":255.9400024414,"49":264.8900146484,"50":241.9499969482,"51":247.5099945068,"52":239.7700042725,"53":247.3899993896,"54":247.1799926758,"55":228.0800018311,"56":236.3600006104,"57":250.75,"58":246.5200042725,"59":252.75,"60":250.7400054932,"61":255.6000061035,"62":246.5,"63":240.3399963379,"64":242.8000030518,"65":250.8999938965,"66":270.799987793,"67":262.7399902344,"68":268.700012207,"69":268.3099975586,"70":280.0,"71":282.3999938965,"72":287.3800048828,"73":284.6900024414,"74":277.950012207,"75":276.2799987793,"76":273.6099853516,"77":275.8699951172,"78":277.200012207,"79":281.799987793,"80":281.799987793},"High":{"0":299.8882935881,"1":299.8683047133,"2":299.2497737459,"3":300.1875692205,"4":303.7191778178,"5":309.6950053287,"6":311.9297011918,"7":316.3192890789,"8":316.8181034103,"9":314.7529983614,"10":314.9525240796,"11":317.9853279352,"12":318.2646459601,"13":319.2323711395,"14":318.8033874044,"15":322.5644386423,"16":311.0318057576,"17":317.6461155782,"18":327.0737510685,"19":323.3226602635,"20":321.9159918546,"21":312.7477499859,"22":318.8832002909,"23":323.9910950024,"24":324.4499885072,"25":323.3999938965,"26":321.549987793,"27":323.8999938965,"28":327.2200012207,"29":326.2200012207,"30":325.9800109863,"31":319.75,"32":324.5700073242,"33":324.6499938965,"34":320.450012207,"35":304.1799926758,"36":302.5299987793,"37":297.8800048828,"38":286.0,"39":278.4100036621,"40":301.4400024414,"41":304.0,"42":303.3999938965,"43":299.549987793,"44":290.8200073242,"45":278.0899963379,"46":286.4400024414,"47":281.2200012207,"48":270.0,"49":279.9200134277,"50":259.0799865723,"51":257.6099853516,"52":250.0,"53":252.8399963379,"54":251.8300018311,"55":228.5,"56":247.6900024414,"57":258.25,"58":258.6799926758,"59":255.8699951172,"60":255.5200042725,"61":262.4899902344,"62":248.7200012207,"63":245.1499938965,"64":245.6999969482,"65":263.1099853516,"66":271.700012207,"67":267.3699951172,"68":270.0700073242,"69":273.700012207,"70":288.25,"71":286.3299865723,"72":288.200012207,"73":286.950012207,"74":281.6799926758,"75":277.25,"76":277.8999938965,"77":281.75,"78":283.0100097656,"79":284.5400085449,"80":284.5400085449},"Low":{"0":294.4910988656,"1":295.7979783066,"2":292.0568534462,"3":296.7756836193,"4":296.4564159402,"5":305.4750399429,"6":307.5201530786,"7":310.4132923099,"8":311.4308949673,"9":308.8170738528,"10":311.3510557046,"11":314.2541926601,"12":315.251807369,"13":316.5587237048,"14":314.9026413105,"15":316.7681974064,"16":304.1581351627,"17":311.4508275716,"18":320.61906896,"19":317.9953072403,"20":307.5600785058,"21":301.5044445657,"22":312.8874204761,"23":318.194853426,"24":319.501740661,"25":318.0,"26":313.8500061035,"27":318.7099914551,"28":321.4700012207,"29":323.3500061035,"30":322.8500061035,"31":314.6099853516,"32":320.0,"33":318.2099914551,"34":310.5,"35":289.2300109863,"36":286.1300048828,"37":286.5,"38":272.9599914551,"39":256.3699951172,"40":277.7200012207,"41":285.799987793,"42":293.1300048828,"43":291.4100036621,"44":281.2300109863,"45":263.0,"46":269.3699951172,"47":271.8599853516,"48":248.0,"49":252.9499969482,"50":240.0,"51":238.3999938965,"52":237.1199951172,"53":242.6100006104,"54":228.0,"55":212.6100006104,"56":234.3000030518,"57":244.3000030518,"58":246.3600006104,"59":247.0500030518,"60":249.3999938965,"61":252.0,"62":239.1300048828,"63":236.8999938965,"64":238.9700012207,"65":249.3800048828,"66":259.0,"67":261.2300109863,"68":264.700012207,"69":265.8299865723,"70":278.049987793,"71":280.6300048828,"72":282.3500061035,"73":276.8599853516,"74":276.8500061035,"75":265.4299926758,"76":272.200012207,"77":274.8699951172,"78":277.0,"79":279.950012207,"80":279.950012207},"Close":{"0":299.638885498,"1":296.725769043,"2":299.0901489258,"3":297.6835327148,"4":302.4721374512,"5":308.8969116211,"6":309.5952148438,"7":316.2095336914,"8":311.939666748,"9":310.6028442383,"10":314.4935913086,"11":317.9753723145,"12":315.8204650879,"13":316.9478149414,"14":318.4741821289,"15":317.5563354492,"16":308.2185058594,"17":316.9378051758,"18":323.572052002,"19":323.1031799316,"20":308.7771911621,"21":307.9291992188,"22":318.0950622559,"23":320.6889343262,"24":324.4400024414,"25":320.0299987793,"26":321.549987793,"27":319.6099853516,"28":327.200012207,"29":324.8699951172,"30":324.950012207,"31":319.0,"32":323.6199951172,"33":320.299987793,"34":313.049987793,"35":298.1799926758,"36":288.0799865723,"37":292.6499938965,"38":273.5199890137,"39":273.3599853516,"40":298.8099975586,"41":289.3200073242,"42":302.7399902344,"43":292.9200134277,"44":289.0299987793,"45":266.1700134277,"46":285.3399963379,"47":275.4299926758,"48":248.2299957275,"49":277.9700012207,"50":242.2100067139,"51":252.8600006104,"52":246.6699981689,"53":244.7799987793,"54":229.2400054932,"55":224.3699951172,"56":246.8800048828,"57":245.5200042725,"58":258.4400024414,"59":247.7400054932,"60":254.8099975586,"61":254.2899932861,"62":240.9100036621,"63":244.9299926758,"64":241.4100036621,"65":262.4700012207,"66":259.4299926758,"67":266.0700073242,"68":267.9899902344,"69":273.25,"70":287.049987793,"71":284.4299926758,"72":286.6900024414,"73":282.799987793,"74":276.9299926758,"75":268.3699951172,"76":276.1000061035,"77":275.0299987793,"78":282.9700012207,"79":281.9800109863,"80":281.9800109863},"Volume":{"0":33870100,"1":36580700,"2":29596800,"3":27218000,"4":33019800,"5":42527100,"6":35161200,"7":30383000,"8":40488600,"9":30480900,"10":27207300,"11":34454100,"12":27710800,"13":25458100,"14":26118000,"15":36634400,"16":40485000,"17":40558500,"18":54057300,"19":31685800,"20":49897100,"21":43496400,"22":34154100,"23":29706700,"24":26356400,"25":29421000,"26":27337200,"27":23580800,"28":28432600,"29":23686900,"30":20028400,"31":38132800,"32":23496000,"33":25141500,"34":32388500,"35":55548800,"36":57668400,"37":49513700,"38":80151400,"39":106721200,"40":85349300,"41":79868900,"42":54794600,"43":46893200,"44":56544200,"45":71686200,"46":71322500,"47":63899700,"48":104618500,"49":92683000,"50":80605900,"51":81014000,"52":75058400,"53":67964300,"54":100423300,"55":84188200,"56":71882800,"57":75900500,"58":63021800,"59":51054200,"60":41994100,"61":49250500,"62":44054600,"63":41483500,"64":32470000,"65":50455100,"66":50721800,"67":42223800,"68":40529100,"69":32755700,"70":48748700,"71":32788600,"72":39281300,"73":53812500,"74":32503800,"75":45247900,"76":29264300,"77":31203600,"78":31540300,"79":15094763,"80":15094763}}