{"Open":{"0":86.6009628265,"1":85.7162875885,"2":85.764894327,"3":86.4551398539,"4":86.6690186321,"5":87.5050851269,"6":87.7189577058,"7":87.0092796436,"8":85.8200736573,"9":86.8842099844,"10":87.9976021176,"11":87.8202401929,"12":86.3915564033,"13":86.7364090704,"14":85.7708172746,"15":84.1746193218,"16":83.8002023001,"17":83.7410825798,"18":82.5685755857,"19":81.3665018338,"20":80.3417848979,"21":80.1151568384,"22":82.3616493069,"23":83.8100506409,"24":86.5984686444,"25":88.4212838131,"26":91.0027797945,"27":93.8601707272,"28":94.5695893238,"29":95.4268026403,"30":93.830613883,"31":92.2935290488,"32":92.3920567181,"33":92.5497118484,"34":92.5792700553,"35":90.8155693774,"36":91.9486772262,"37":87.3177453945,"38":84.9234535821,"39":81.5734113572,"40":84.7362380144,"41":88.1256959638,"42":87.9581885467,"43":88.7365749762,"44":87.4261271723,"45":82.7656335265,"46":86.8940641669,"47":84.5391862022,"48":77.6913051019,"49":82.1350359936,"50":77.8391085226,"51":74.5974488551,"52":68.9713582449,"53":68.0845805053,"54":71.9272764159,"55":66.3898573281,"56":67.1583977253,"57":66.9219188663,"58":67.8086982691,"59":70.577401245,"60":72.4396276625,"61":74.2920120586,"62":71.0602104103,"63":71.7105049461,"64":73.5530289546,"65":74.6270122512,"66":77.2282103882,"67":75.3167288552,"68":77.405571302,"69":79.4747131849,"70":80.6200027466,"71":80.5100021362,"72":82.7300033569,"73":84.0,"74":83.5400009155,"75":82.5100021362,"76":81.2300033569,"77":82.1800003052,"78":82.8700027466,"79":84.0299987793,"80":84.0299987793},"High":{"0":87.0773243657,"1":86.9023370119,"2":87.125934695,"3":87.0481645688,"4":87.5536901045,"5":87.7189638636,"6":87.7772855691,"7":87.0092796436,"8":87.1403864149,"9":88.5592257625,"10":88.4804070622,"11":87.9581823045,"12":87.2290642827,"13":86.8743511867,"14":85.7905200702,"15":84.2238875863,"16":84.6672680875,"17":83.7410825798,"18":82.7656336112,"19":81.5734150151,"20":80.5191401302,"21":81.3862013442,"22":83.4651937198,"23":85.8594870834,"24":86.6674397039,"25":91.613677975,"26":94.0966372125,"27":95.6534258001,"28":96.4219602549,"29":95.9293103736,"30":93.8995849437,"31":93.1113341049,"32":93.3970721384,"33":93.0029513095,"34":94.1163436682,"35":92.4905925598,"36":92.0866193472,"37":89.8401241815,"38":88.13554297,"39":84.4505004883,"40":87.4753849707,"41":89.5642405962,"42":90.5101328265,"43":90.362329896,"44":88.4409902497,"45":86.0565491561,"46":86.9236221189,"47":85.3668389329,"48":80.0954519351,"49":85.0515382676,"50":80.9723792676,"51":76.5680590719,"52":70.3409317573,"53":73.750084797,"54":71.9272764159,"55":66.7544229345,"56":70.7646104018,"57":69.6413629772,"58":73.2180212899,"59":73.9569980213,"60":75.1196587379,"61":76.7749778041,"62":72.9027262372,"63":74.3905360571,"64":74.3314209041,"65":76.1246803349,"66":77.4252759169,"67":77.8194048643,"68":78.9032393614,"69":80.1348657995,"70":82.8499984741,"71":83.0400009155,"72":83.7200012207,"73":84.7900009155,"74":85.3300018311,"75":82.9700012207,"76":82.4499969482,"77":83.8300018311,"78":83.6699981689,"79":84.9199981689,"80":84.9199981689},"Low":{"0":86.0468258556,"1":85.4538047668,"2":85.5315754521,"3":85.803787271,"4":86.3968120252,"5":86.5718021626,"6":86.3579173637,"7":85.4732481223,"8":85.4949211666,"9":86.8842099844,"10":87.6133337036,"11":86.4999349772,"12":86.2831722347,"13":85.8693432654,"14":83.7410835311,"15":81.5438563737,"16":82.7656289316,"17":82.410922131,"18":81.908415414,"19":79.9870731078,"20":79.228392756,"21":79.7308884433,"22":82.3616493069,"23":83.6326954196,"24":84.9530108554,"25":87.5739207659,"26":90.7564535191,"27":93.6138444396,"28":94.3035527301,"29":93.8306131023,"30":92.3920617313,"31":91.8895578574,"32":91.6530778867,"33":91.2293990554,"34":92.0077912699,"35":90.7958665829,"36":86.8152382449,"37":86.8940638779,"38":82.9626909143,"39":80.3811930703,"40":82.322243543,"41":84.4012436598,"42":87.6428911954,"43":88.1158354689,"44":85.9777274338,"45":81.2187047244,"46":82.5291620225,"47":82.3419523757,"48":75.9276080829,"49":79.5042731085,"50":72.498756299,"51":68.9615024323,"52":63.739390475,"53":64.3699836078,"54":65.8282350924,"55":61.6308354778,"56":66.1041140752,"57":64.5867506505,"58":67.7495823672,"59":69.6709223618,"60":72.3903669179,"61":73.3461199881,"62":70.3803474485,"63":70.4099024972,"64":71.4838896992,"65":72.9421412949,"66":74.1442081571,"67":73.6811186809,"68":77.405571302,"69":77.5041029797,"70":80.2900009155,"71":79.6200027466,"72":81.5800018311,"73":82.5,"74":82.6299972534,"75":80.0199966431,"76":80.7300033569,"77":81.9599990845,"78":82.3499984741,"79":84.0149993896,"80":84.0149993896},"Close":{"0":87.0578842163,"1":86.2315368652,"2":86.9120559692,"3":86.4162521362,"4":87.028717041,"5":87.6995162964,"6":86.5815124512,"7":86.0565490723,"8":86.9039077759,"9":87.9483413696,"10":87.9483413696,"11":86.7068481445,"12":86.6969985962,"13":85.9284591675,"14":84.0169677734,"15":82.3123931885,"16":82.7853317261,"17":82.5390090942,"18":81.9773864746,"19":80.5782546997,"20":79.8294219971,"21":81.0906143188,"22":83.1203384399,"23":85.3569793701,"24":85.8989028931,"25":90.9338150024,"26":93.3576583862,"27":94.5892944336,"28":96.3529891968,"29":93.9488449097,"30":92.6679534912,"31":92.234413147,"32":92.7566223145,"33":92.8453063965,"34":93.5645751953,"35":91.7713165283,"36":87.8695144653,"37":87.1108322144,"38":84.1647644043,"39":84.4505004883,"40":87.3867111206,"41":86.2831726074,"42":90.4017486572,"43":89.2784957886,"44":87.5148010254,"45":84.0169677734,"46":86.2437591553,"47":83.6031417847,"48":77.4548339844,"49":84.1155014038,"50":73.1786117554,"51":71.946975708,"52":69.9862213135,"53":70.0157775879,"54":67.8087005615,"55":63.5521812439,"56":66.4982376099,"57":66.912071228,"58":72.7450790405,"59":71.6021194458,"60":74.1343536377,"61":75.0704040527,"62":72.3411026001,"63":74.025970459,"64":72.2918395996,"65":74.6171646118,"66":74.2821502686,"67":77.4055709839,"68":78.578086853,"69":79.1200027466,"70":82.1299972534,"71":81.8199996948,"72":81.8600006104,"73":83.4499969482,"74":83.9899978638,"75":80.3600006104,"76":81.4700012207,"77":82.0400009155,"78":83.5899963379,"79":84.2699966431,"80":84.2699966431},"Volume":{"0":5639200,"1":5988500,"2":6786600,"3":7242500,"4":7696800,"5":7518000,"6":8581400,"7":9292200,"8":8876900,"9":8490100,"10":7073200,"11":10122300,"12":13552000,"13":6438900,"14":12266800,"15":13215400,"16":13832000,"17":8614400,"18":5703200,"19":10870000,"20":13870100,"21":10146400,"22":8251500,"23":10020600,"24":7769700,"25":19090300,"26":13998300,"27":10682800,"28":10591000,"29":10613000,"30":11175800,"31":9406300,"32":6349100,"33":5446200,"34":6676000,"35":10705100,"36":11366400,"37":9786900,"38":14184100,"39":18460300,"40":12171100,"41":12660900,"42":16590400,"43":9688400,"44":12664600,"45":15806200,"46":12965800,"47":10382200,"48":19935700,"49":21867700,"50":20916000,"51":23205000,"52":23712800,"53":19739900,"54":18844500,"55":19219000,"56":18376300,"57":20017300,"58":15979400,"59":12293300,"60":10671600,"61":20474400,"62":12948000,"63":8077800,"64":8062700,"65":10266500,"66":11591700,"67":12218500,"68":9425900,"69":9293500,"70":11072700,"71":8977300,"72":10326900,"73":10734800,"74":9126300,"75":9627500,"76":7033300,"77":7869600,"78":6770700,"79":2419275,"80":2419275}}