{"Open":{"0":172.5099945068,"1":166.8300018311,"2":166.5299987793,"3":178.8300018311,"4":178.3800048828,"5":180.1900024414,"6":190.6000061035,"7":166.5,"8":170.1799926758,"9":173.5800018311,"10":178.8000030518,"11":180.7700042725,"12":182.5800018311,"13":189.3800048828,"14":184.2400054932,"15":185.1399993896,"16":179.1100006104,"17":182.2599945068,"18":186.0,"19":187.6999969482,"20":186.3399963379,"21":186.4499969482,"22":187.8099975586,"23":192.7400054932,"24":175.4100036621,"25":193.9199981689,"26":187.1900024414,"27":175.5,"28":169.0899963379,"29":167.8000030518,"30":165.0,"31":167.2200012207,"32":170.1399993896,"33":168.4499969482,"34":167.3899993896,"35":163.8800048828,"36":167.0,"37":159.5800018311,"38":150.1000061035,"39":150.0,"40":151.0899963379,"41":154.5599975586,"42":151.8099975586,"43":152.5800018311,"44":152.0399932861,"45":148.5,"46":160.0500030518,"47":161.6799926758,"48":143.0700073242,"49":141.9799957275,"50":132.1300048828,"51":145.1999969482,"52":136.0200042725,"53":142.4100036621,"54":142.1300048828,"55":132.3899993896,"56":136.3899993896,"57":144.0099945068,"58":147.3999938965,"59":146.3500061035,"60":146.0299987793,"61":148.5099945068,"62":140.9499969482,"63":143.1100006104,"64":142.3800048828,"65":144.1999969482,"66":153.0,"67":153.2599945068,"68":156.25,"69":159.8099975586,"70":158.2599945068,"71":159.0700073242,"72":160.1900024414,"73":162.8200073242,"74":166.0,"75":164.3999938965,"76":167.2599945068,"77":168.7899932861,"78":171.8899993896,"79":166.2799987793,"80":166.2799987793},"High":{"0":173.8600006104,"1":169.3200073242,"2":179.4199981689,"3":182.4400024414,"4":180.7299957275,"5":183.8000030518,"6":195.4900054932,"7":169.9799957275,"8":174.7700042725,"9":178.3300018311,"10":184.1600036621,"11":184.9499969482,"12":192.75,"13":191.7899932861,"14":185.0,"15":187.5,"16":183.7200012207,"17":187.1199951172,"18":192.6300048828,"19":189.3999938965,"20":188.8300018311,"21":190.0899963379,"22":192.7200012207,"23":194.3300018311,"24":199.2599945068,"25":194.0,"26":187.7400054932,"27":179.25,"28":172.3500061035,"29":167.8600006104,"30":168.0899963379,"31":170.9100036621,"32":171.2100067139,"33":169.1799926758,"34":168.0200042725,"35":166.2700042725,"36":167.0,"37":161.2700042725,"38":159.1799926758,"39":153.3899993896,"40":155.4900054932,"41":158.75,"42":154.6000061035,"43":154.7799987793,"44":158.1699981689,"45":159.0500030518,"46":165.5,"47":161.6799926758,"48":149.4299926758,"49":142.9900054932,"50":148.4499969482,"51":148.4199981689,"52":146.9100036621,"53":145.9499969482,"54":143.8699951172,"55":134.7400054932,"56":146.6699981689,"57":152.0,"58":155.3099975586,"59":146.5200042725,"60":149.8899993896,"61":151.2400054932,"62":147.3699951172,"63":147.4600067139,"64":145.6999969482,"65":150.8699951172,"66":162.2299957275,"67":157.4799957275,"68":160.6900024414,"69":159.8099975586,"70":164.6199951172,"71":162.8200073242,"72":162.0599975586,"73":166.5200042725,"74":170.1799926758,"75":167.7799987793,"76":168.2799987793,"77":171.25,"78":172.4700012207,"79":168.5099945068,"80":168.5099945068},"Low":{"0":167.1399993896,"1":165.2400054932,"2":166.0200042725,"3":177.1900024414,"4":174.2899932861,"5":179.25,"6":185.3300018311,"7":155.7700042725,"8":169.0,"9":171.6499938965,"10":178.3000030518,"11":179.3899993896,"12":180.7400054932,"13":183.9299926758,"14":181.3300018311,"15":181.5599975586,"16":178.0,"17":181.6100006104,"18":185.3399963379,"19":183.6600036621,"20":183.4400024414,"21":184.8500061035,"22":186.25,"23":188.6199951172,"24":171.1499938965,"25":184.0,"26":172.5,"27":172.6999969482,"28":166.25,"29":162.5500030518,"30":163.1999969482,"31":166.5099945068,"32":167.6600036621,"33":165.1699981689,"34":164.8699951172,"35":160.7299957275,"36":157.8899993896,"37":154.0099945068,"38":149.0700073242,"39":147.2799987793,"40":148.0299987793,"41":148.0099945068,"42":148.6999969482,"43":150.0,"44":150.8899993896,"45":147.0700073242,"46":155.3800048828,"47":149.1699981689,"48":135.7700042725,"49":136.4299926758,"50":132.1300048828,"51":134.4900054932,"52":132.5,"53":135.4600067139,"54":130.0099945068,"55":119.0100021362,"56":134.4400024414,"57":140.0200042725,"58":147.0,"59":141.6199951172,"60":143.6900024414,"61":142.6799926758,"62":140.1399993896,"63":140.3899993896,"64":140.8200073242,"65":143.6600036621,"66":151.6000061035,"67":151.4700012207,"68":154.6000061035,"69":152.2100067139,"70":157.1600036621,"71":156.6699981689,"72":158.0800018311,"73":161.5,"74":163.9799957275,"75":161.9900054932,"76":165.2200012207,"77":167.0299987793,"78":167.5800018311,"79":159.0099945068,"80":159.0099945068},"Close":{"0":168.8099975586,"1":166.8200073242,"2":179.0399932861,"3":180.3500061035,"4":178.6900024414,"5":183.6000061035,"6":189.0599975586,"7":168.1000061035,"8":172.7299957275,"9":177.9199981689,"10":181.4400024414,"11":181.2799987793,"12":189.9100036621,"13":184.4199981689,"14":184.4600067139,"15":182.9799957275,"16":181.4499969482,"17":187.0099945068,"18":188.8500061035,"19":186.8500061035,"20":186.2899932861,"21":185.9499969482,"22":190.8999938965,"23":190.7299957275,"24":196.0099945068,"25":186.9100036621,"26":174.0800018311,"27":175.8200073242,"28":166.9400024414,"29":164.8000030518,"30":167.2200012207,"31":169.0,"32":167.8999938965,"33":168.0800018311,"34":166.7400054932,"35":165.2899932861,"36":158.8000030518,"37":154.0899963379,"38":153.9700012207,"39":150.2599945068,"40":155.1000061035,"41":149.1799926758,"42":154.2299957275,"43":154.5099945068,"44":157.0800018311,"45":156.3699951172,"46":164.7299957275,"47":151.1300048828,"48":136.9700012207,"49":142.8200073242,"50":142.4400024414,"51":145.25,"52":146.5500030518,"53":140.5099945068,"54":130.5099945068,"55":132.3399963379,"56":143.6699981689,"57":146.8899993896,"58":149.1699981689,"59":145.2400054932,"60":148.9900054932,"61":145.1600036621,"62":144.4799957275,"63":143.2799987793,"64":141.3999938965,"65":150.2599945068,"66":152.7799987793,"67":156.2700042725,"68":160.0800018311,"69":156.3899993896,"70":161.3500061035,"71":159.5399932861,"72":160.1999969482,"73":166.0200042725,"74":166.1999969482,"75":164.5,"76":166.7299957275,"77":170.7599945068,"78":168.5200042725,"79":164.1000061035,"80":164.1000061035},"Volume":{"0":742600,"1":746100,"2":1505700,"3":990800,"4":1122400,"5":975800,"6":1488200,"7":3980200,"8":1060200,"9":1361400,"10":896400,"11":1023400,"12":1071400,"13":818700,"14":625700,"15":557500,"16":567400,"17":592500,"18":712000,"19":502800,"20":430300,"21":508900,"22":526400,"23":870600,"24":1625300,"25":1031900,"26":1425600,"27":847200,"28":1728800,"29":1281300,"30":625100,"31":626600,"32":618000,"33":697100,"34":458700,"35":746200,"36":680900,"37":796800,"38":850800,"39":1047400,"40":743600,"41":733100,"42":559400,"43":598200,"44":737300,"45":1039600,"46":922700,"47":1038100,"48":1060800,"49":1050300,"50":1229500,"51":1145500,"52":969400,"53":950600,"54":848800,"55":1296500,"56":742800,"57":469500,"58":699800,"59":500900,"60":481300,"61":633100,"62":765800,"63":481100,"64":440800,"65":574800,"66":938200,"67":581000,"68":501100,"69":445800,"70":561500,"71":320100,"72":245900,"73":497100,"74":342900,"75":391100,"76":328500,"77":443900,"78":600500,"79":516579,"80":516579}}