{"Open":{"0":209.1044249383,"1":206.764073669,"2":206.5360152395,"3":201.5081987545,"4":202.3015603573,"5":203.7890573199,"6":205.2071429607,"7":205.7624943868,"8":207.8053426844,"9":207.0656914961,"10":207.2050670774,"11":209.056709232,"12":206.5679431254,"13":209.2558050875,"14":208.4593934049,"15":210.0522103405,"16":204.2583511718,"17":206.9362743919,"18":209.7336470645,"19":206.5679337972,"20":207.5634537254,"21":204.4176357242,"22":209.0567134723,"23":212.9292356642,"24":212.0432354674,"25":212.3816969629,"26":209.2458607752,"27":212.4215235269,"28":211.2468289692,"29":208.9272884727,"30":212.2921134361,"31":211.5454851265,"32":214.0342533387,"33":214.9102954599,"34":211.6350698164,"35":203.5515536238,"36":203.8601558752,"37":197.7776010913,"38":191.3366604498,"39":179.4502890898,"40":181.1824734597,"41":188.9175785362,"42":184.9654204139,"43":184.2585940419,"44":176.6529188813,"45":164.6570320043,"46":170.3115301773,"47":168.559443059,"48":152.312738653,"49":159.8985121233,"50":147.6238879808,"51":153.3082601314,"52":150.8891808767,"53":150.6801126504,"54":156.8223979795,"55":147.3451583046,"56":151.576068006,"57":155.7372888024,"58":152.710940106,"59":164.2588489357,"60":163.3827964629,"61":166.6779243183,"62":157.8577247597,"63":153.3580250139,"64":154.9010678632,"65":158.2658733715,"66":170.3115408408,"67":165.831742232,"68":172.4518682948,"69":175.3886153539,"70":176.2049380387,"71":174.3000030518,"72":171.2599945068,"73":172.5200042725,"74":172.5899963379,"75":170.8200073242,"76":170.0399932861,"77":173.3600006104,"78":176.3999938965,"79":176.2299957275,"80":176.2299957275},"High":{"0":210.1555971819,"1":208.8763445875,"2":207.051674992,"3":204.5427194508,"4":203.7394850884,"5":205.5542362652,"6":206.5756582523,"7":208.0929197818,"8":209.2432673245,"9":207.5037175047,"10":208.1607615913,"11":209.7037834464,"12":209.2159984757,"13":210.9083522227,"14":209.8630634941,"15":210.6395564773,"16":206.9064064478,"17":210.0124061217,"18":210.2612803523,"19":207.9915031099,"20":208.6883828199,"21":207.4838025868,"22":212.8296827127,"23":213.4966825959,"24":213.4170415722,"25":212.4314754065,"26":212.0133722209,"27":213.0188192735,"28":211.913817615,"29":212.5808015235,"30":212.5808041165,"31":213.0984754339,"32":215.4180090667,"33":215.3483214583,"34":212.5907643054,"35":206.9362752739,"36":204.5570085358,"37":200.5451125157,"38":193.4770120536,"39":182.3770854068,"40":188.9673540612,"41":191.038000484,"42":188.8578609914,"43":186.6179586125,"44":179.5000728093,"45":170.1124272743,"46":173.9550935247,"47":170.4011239766,"48":158.0369102037,"49":165.961168223,"50":165.7620465957,"51":159.9383482737,"52":159.0822088765,"53":177.0013502977,"54":158.7536862249,"55":147.3451583046,"56":156.921957191,"57":158.9726901109,"58":170.8292001103,"59":168.5295723244,"60":169.604722543,"61":169.1169314681,"62":160.097617957,"63":159.7790491862,"64":158.007048303,"65":166.0009755563,"66":170.7197028392,"67":171.9142973714,"68":179.0620416393,"69":176.2148889261,"70":178.0864477864,"71":174.3099975586,"72":172.0500030518,"73":175.1600036621,"74":176.8999938965,"75":172.8000030518,"76":173.3399963379,"77":175.3200073242,"78":176.3999938965,"79":179.2599945068,"80":179.2599945068},"Low":{"0":207.0714897774,"1":205.2765623476,"2":205.0881640717,"3":201.4982874597,"4":201.8354722185,"5":203.4518917083,"6":205.0088111393,"7":205.7624943868,"8":205.3063193307,"9":205.8013919149,"10":206.9661396514,"11":207.4141268784,"12":206.0701890456,"13":208.4096322944,"14":207.9317753187,"15":207.1154644662,"16":203.9298468558,"17":206.3190641995,"18":206.8566291555,"19":204.2782620954,"20":203.0836669544,"21":204.3280436382,"22":208.8078364325,"23":209.4648715869,"24":211.356332415,"25":210.1418037109,"26":209.2458607752,"27":210.8087900733,"28":210.5897899366,"29":208.3996703737,"30":210.4006540232,"31":210.2513214736,"32":213.4170431435,"33":210.6594715806,"34":209.5445118565,"35":202.5361310526,"36":194.9802250813,"37":193.9150246328,"38":185.5328462018,"39":174.5125772978,"40":177.2203554912,"41":179.8086702036,"42":183.4721581638,"43":180.1073270098,"44":173.1387763131,"45":159.3808512797,"46":165.29416077,"47":161.9193904961,"48":146.4193325489,"49":152.2430521184,"50":142.8653605259,"51":151.7950834405,"52":141.3621603821,"53":150.6801126504,"54":146.7578099545,"55":136.5339390052,"56":148.818521321,"57":147.4447045487,"58":149.3262185614,"59":159.8885686535,"60":163.0443273298,"61":161.4316072401,"62":151.8946258458,"63":152.8602709666,"64":147.6139412128,"65":156.3345852285,"66":163.193648257,"67":164.3285304594,"68":171.7351012294,"69":168.7983563828,"70":175.2293443299,"71":168.8899993896,"72":167.5200042725,"73":172.0500030518,"74":171.7599945068,"75":165.7100067139,"76":169.2100067139,"77":172.1399993896,"78":172.5700073242,"79":176.2299957275,"80":176.2299957275},"Close":{"0":208.4003295898,"1":208.0532531738,"2":206.6946716309,"3":202.2321166992,"4":202.6288146973,"5":204.4336395264,"6":205.9310760498,"7":207.8450012207,"8":206.0004882812,"9":206.3290100098,"10":208.0412902832,"11":208.2602996826,"12":208.2105255127,"13":208.4693603516,"14":209.7336425781,"15":207.6331329346,"16":205.6222076416,"17":209.2956390381,"18":207.0258789062,"19":207.4340209961,"20":204.2882385254,"21":206.8665924072,"22":211.5753479004,"23":211.2667388916,"24":213.1980285645,"25":210.6296081543,"26":211.5952606201,"27":211.1870880127,"28":211.0377807617,"29":211.4459228516,"30":211.4160614014,"31":212.7998199463,"32":214.9501190186,"33":212.9391784668,"34":210.9382171631,"35":203.4420471191,"36":196.2146606445,"37":194.7910766602,"38":185.6025390625,"39":179.7788085938,"40":188.6985626221,"41":181.4014892578,"42":188.0116729736,"43":181.7399597168,"44":177.9470825195,"45":163.372833252,"46":173.775894165,"47":164.368347168,"48":151.8448486328,"49":165.7620544434,"50":151.8547973633,"51":157.0016021729,"52":150.4710540771,"53":157.7880401611,"54":149.266494751,"55":143.0445709229,"56":156.1454620361,"57":151.1380462646,"58":170.5703582764,"59":162.1483764648,"60":169.0572052002,"61":162.5266571045,"62":153.9851837158,"63":155.5680541992,"64":151.4665527344,"65":165.3041229248,"66":163.3827972412,"67":170.9586029053,"68":177.120803833,"69":171.7948455811,"70":177.3000030518,"71":169.4499969482,"72":167.9499969482,"73":175.0899963379,"74":174.7400054932,"75":166.2400054932,"76":172.3099975586,"77":172.8999938965,"78":175.4600067139,"79":178.9299926758,"80":178.9299926758},"Volume":{"0":2431100,"1":1802100,"2":2841400,"3":3097400,"4":2271300,"5":2910600,"6":1573100,"7":2202800,"8":2499100,"9":1986000,"10":2691600,"11":2584500,"12":2687200,"13":1873600,"14":2368400,"15":2348900,"16":1381300,"17":1810200,"18":1491600,"19":1579600,"20":1793600,"21":2345700,"22":2242800,"23":2102500,"24":1611500,"25":1447700,"26":1421600,"27":1321000,"28":1801300,"29":1721200,"30":2096600,"31":1699400,"32":1806000,"33":1481700,"34":2088800,"35":2600400,"36":2883600,"37":2671100,"38":3040100,"39":5785200,"40":4317900,"41":3514000,"42":3875400,"43":3548200,"44":3284400,"45":5112200,"46":4349500,"47":5188300,"48":6357900,"49":5742800,"50":5324900,"51":6081100,"52":5860200,"53":6338300,"54":6449700,"55":6173700,"56":4685100,"57":4795500,"58":5194500,"59":3802500,"60":2731300,"61":2963000,"62":2973100,"63":3030000,"64":3766600,"65":3090000,"66":3002500,"67":2466200,"68":3743700,"69":1918500,"70":2875000,"71":2504700,"72":3051800,"73":4759100,"74":2511700,"75":2711400,"76":1921200,"77":3027900,"78":2121100,"79":753077,"80":753077}}