{"Open":{"0":46.2064885816,"1":45.5317955424,"2":45.4325790038,"3":45.2142934438,"4":44.7578845543,"5":43.9839732293,"6":44.0236610218,"7":43.6962377824,"8":44.1625653884,"9":44.0038141286,"10":44.3014751238,"11":45.0456240287,"12":44.7479626661,"13":44.8868700664,"14":44.3907761651,"15":44.6983541268,"16":43.4184202961,"17":43.358891156,"18":43.7160813647,"19":45.2639019803,"20":45.1249951017,"21":44.6189786279,"22":45.1448401993,"23":45.4226547372,"24":45.8294536459,"25":45.3730433446,"26":45.2440593749,"27":45.5417181576,"28":45.9500007629,"29":45.4199981689,"30":45.0800018311,"31":44.4799995422,"32":44.5,"33":43.75,"34":44.0900001526,"35":42.7599983215,"36":42.8899993896,"37":40.6599998474,"38":39.25,"39":36.6300010681,"40":38.1899986267,"41":38.5699996948,"42":38.7700004578,"43":38.3800010681,"44":36.9500007629,"45":35.4900016785,"46":36.4599990845,"47":35.7099990845,"48":32.9700012207,"49":33.0099983215,"50":31.1000003815,"51":33.5299987793,"52":33.1300010681,"53":32.9199981689,"54":33.8899993896,"55":30.2199993134,"56":30.8500003815,"57":32.3800010681,"58":33.1199989319,"59":33.5,"60":33.7799987793,"61":35.8600006104,"62":33.7000007629,"63":33.7200012207,"64":34.0499992371,"65":35.8400001526,"66":36.8100013733,"67":36.2299995422,"68":36.7900009155,"69":37.2599983215,"70":36.8600006104,"71":36.2400016785,"72":35.6300010681,"73":36.7000007629,"74":36.5699996948,"75":35.7599983215,"76":35.5200004578,"77":35.5900001526,"78":36.0800018311,"79":35.8699989319,"80":35.8699989319},"High":{"0":46.2759418803,"1":45.8294530736,"2":45.4921082409,"3":45.3333556987,"4":44.8769468081,"5":43.9839732293,"6":44.1129586622,"7":44.1328019108,"8":44.2915517036,"9":44.4899909837,"10":45.1051500502,"11":45.194450907,"12":45.0356999295,"13":44.9563233619,"14":44.6884337083,"15":44.7082781897,"16":43.5573306755,"17":43.7656906628,"18":43.7557662594,"19":45.6409368663,"20":45.2639016944,"21":44.9166361592,"22":45.3333557519,"23":45.7798452979,"24":45.9683640282,"25":45.6409362507,"26":45.5119522949,"27":46.1469534783,"28":46.1699981689,"29":45.6300010681,"30":45.1599998474,"31":44.6500015259,"32":44.5299987793,"33":44.3300018311,"34":44.1500015259,"35":43.0099983215,"36":42.9399986267,"37":41.1199989319,"38":39.3100013733,"39":37.6500015259,"40":38.8400001526,"41":39.5999984741,"42":39.3899993896,"43":38.8499984741,"44":38.1100006104,"45":37.5400009155,"46":37.1500015259,"47":36.3300018311,"48":33.7599983215,"49":34.6899986267,"50":34.5900001526,"51":35.2799987793,"52":33.3300018311,"53":35.0,"54":33.8899993896,"55":31.0,"56":32.4900016785,"57":34.0299987793,"58":34.7900009155,"59":34.4300003052,"60":36.0,"61":36.4799995422,"62":34.9700012207,"63":35.2000007629,"64":34.7799987793,"65":36.0200004578,"66":37.5800018311,"67":36.8400001526,"68":37.8400001526,"69":37.4000015259,"70":37.5200004578,"71":36.5,"72":35.9000015259,"73":37.3499984741,"74":37.4900016785,"75":35.7799987793,"76":35.7099990845,"77":36.2000007629,"78":36.1599998474,"79":36.4266014099,"80":36.4266014099},"Low":{"0":45.5218758722,"1":45.3631243292,"2":44.9662464603,"3":44.7479609168,"4":44.0335831845,"5":42.6941176672,"6":43.4581105608,"7":43.6367047619,"8":43.7359253335,"9":43.6664679272,"10":44.2419421057,"11":44.7578867651,"12":44.5197584249,"13":44.5395998038,"14":44.1625681376,"15":43.636706489,"16":43.0314651301,"17":43.1902161588,"18":43.3192021385,"19":44.4304586339,"20":44.2022541246,"21":44.291552694,"22":44.9166359668,"23":45.3333570971,"24":45.5814050694,"25":45.1944480739,"26":45.0059348582,"27":45.3730431648,"28":45.5900001526,"29":45.0200004578,"30":44.6199989319,"31":44.1599998474,"32":43.8800010681,"33":43.6800003052,"34":43.5800018311,"35":42.5,"36":40.3899993896,"37":39.8600006104,"38":37.5900001526,"39":35.7799987793,"40":37.5699996948,"41":37.8400001526,"42":38.3300018311,"43":38.0099983215,"44":36.9000015259,"45":34.9799995422,"46":34.6599998474,"47":34.5699996948,"48":31.4599990845,"49":31.3299999237,"50":31.0100002289,"51":33.0999984741,"52":31.0599994659,"53":31.6000003815,"54":30.4300003052,"55":28.9200000763,"56":30.5,"57":31.8799991608,"58":32.8300018311,"59":33.1500015259,"60":33.2799987793,"61":34.7299995422,"62":33.5200004578,"63":33.5400009155,"64":33.8499984741,"65":35.2599983215,"66":35.8600006104,"67":35.7700004578,"68":36.6599998474,"69":35.6500015259,"70":36.4399986267,"71":35.2299995422,"72":34.6800003052,"73":36.3100013733,"74":36.3100013733,"75":34.8600006104,"76":34.7599983215,"77":35.4700012207,"78":35.3600006104,"79":35.8100013733,"80":35.8100013733},"Close":{"0":45.7500801086,"1":45.6607818604,"2":45.3035926819,"3":44.7578849792,"4":44.2617874146,"5":43.8053779602,"6":43.6069412231,"7":44.0732688904,"8":44.1526451111,"9":44.0435028076,"10":44.9860877991,"11":44.8967933655,"12":44.7678070068,"13":44.5792884827,"14":44.6189804077,"15":43.954208374,"16":43.1902160645,"17":43.5771713257,"18":43.3390464783,"19":45.4424972534,"20":44.4106140137,"21":44.6090545654,"22":45.0158538818,"23":45.7103919983,"24":45.62109375,"25":45.3531990051,"26":45.3234367371,"27":45.7599983215,"28":45.6100006104,"29":45.2700004578,"30":44.7700004578,"31":44.4500007629,"32":43.9700012207,"33":44.2299995422,"34":43.9000015259,"35":42.8199996948,"36":40.4300003052,"37":39.8699989319,"38":37.6199989319,"39":37.6500015259,"40":38.8400001526,"41":38.0600013733,"42":39.3699989319,"43":38.3300018311,"44":37.6399993896,"45":35.2999992371,"46":37.1199989319,"47":35.0699996948,"48":31.5400009155,"49":34.6399993896,"50":32.6800003052,"51":35.2599983215,"52":33.0200004578,"53":33.4599990845,"54":30.6100006104,"55":29.3099994659,"56":32.3199996948,"57":32.7000007629,"58":34.4599990845,"59":33.5,"60":35.8300018311,"61":35.1800003052,"62":33.8699989319,"63":34.3300018311,"64":34.6500015259,"65":35.7799987793,"66":35.9799995422,"67":36.4799995422,"68":37.5800018311,"69":36.0699996948,"70":37.2400016785,"71":35.4900016785,"72":35.6599998474,"73":37.1899986267,"74":36.3400001526,"75":35.0,"76":35.4000015259,"77":35.7400016785,"78":35.9900016785,"79":36.2900009155,"80":36.2900009155},"Volume":{"0":3081000,"1":2259500,"2":2831700,"3":2265200,"4":3346400,"5":4080200,"6":2311400,"7":3167800,"8":4798500,"9":2586700,"10":2585000,"11":2741700,"12":2663400,"13":2101400,"14":1459900,"15":2169300,"16":2718500,"17":2219100,"18":2799500,"19":5958800,"20":8398100,"21":3939400,"22":2567400,"23":3038600,"24":2387300,"25":2289400,"26":1695300,"27":2200100,"28":2281000,"29":2317400,"30":2513200,"31":2512100,"32":2257000,"33":1951000,"34":2645800,"35":3011000,"36":3364800,"37":5251700,"38":4476100,"39":8056800,"40":4829300,"41":4886600,"42":2971300,"43":2848400,"44":4051200,"45":6747000,"46":7447300,"47":4993300,"48":7272700,"49":6236600,"50":5685000,"51":4465100,"52":4471500,"53":3483900,"54":5009900,"55":4870400,"56":5301800,"57":3921500,"58":3556900,"59":3277700,"60":3215300,"61":3882200,"62":3496900,"63":3022600,"64":2582000,"65":5224600,"66":3180800,"67":2560500,"68":4278700,"69":3178500,"70":3445500,"71":2691000,"72":2736900,"73":3870200,"74":2588400,"75":2906600,"76":3132800,"77":2417400,"78":2244700,"79":674387,"80":674387}}