{"Open":{"0":170.9027587194,"1":167.0267268501,"2":168.0404549374,"3":168.249154713,"4":167.7522384588,"5":169.3324651237,"6":170.9425099759,"7":170.4654611153,"8":171.0617582855,"9":171.0120874457,"10":172.7910764768,"11":174.9477303871,"12":173.8743692111,"13":177.223663743,"14":176.677035138,"15":177.7305184548,"16":174.1128938748,"17":174.9477332683,"18":170.793436008,"19":167.9211994825,"20":173.4271376127,"21":172.8109462729,"22":175.5837982849,"23":177.273341858,"24":178.6448591863,"25":178.6746675058,"26":177.561569942,"27":179.1417896407,"28":177.5913705954,"29":176.3788717502,"30":179.0523405739,"31":180.2449616765,"32":179.3902465399,"33":179.559193354,"34":178.6945560692,"35":174.6992701328,"36":173.5762039949,"37":167.9609555545,"38":163.0513130104,"39":152.4668105207,"40":154.5936408388,"41":160.6362651305,"42":157.4459915901,"43":158.4597260131,"44":152.4767421894,"45":148.1833088234,"46":155.9850402063,"47":148.7299070947,"48":137.5500030518,"49":136.9900054932,"50":128.0599975586,"51":124.4499969482,"52":120.8600006104,"53":117.8000030518,"54":118.9199981689,"55":108.5299987793,"56":114.6600036621,"57":120.7600021362,"58":123.0599975586,"59":130.3600006104,"60":132.3999938965,"61":134.9799957275,"62":129.9799957275,"63":127.7200012207,"64":130.6999969482,"65":135.0,"66":145.5399932861,"67":138.0,"68":140.2299957275,"69":140.2299957275,"70":140.7200012207,"71":140.1399993896,"72":138.5200042725,"73":141.5099945068,"74":138.5299987793,"75":137.2100067139,"76":136.75,"77":138.8500061035,"78":136.5299987793,"79":139.8099975586,"80":139.8099975586},"High":{"0":170.942506118,"1":169.4020319854,"2":169.2927026773,"3":168.4181228543,"4":169.4616647661,"5":170.2865543062,"6":170.9425099759,"7":171.4096172709,"8":171.2903551067,"9":173.4172069951,"10":173.8644382526,"11":175.8223248201,"12":176.5080855776,"13":178.7840032139,"14":177.3627952924,"15":177.8298945354,"16":175.5440428489,"17":177.8597269635,"18":173.2084885761,"19":174.0035673807,"20":174.361360723,"21":174.0930083513,"22":176.9751999244,"23":177.9094064075,"24":179.3604336881,"25":178.7939248638,"26":178.7144416937,"27":179.1417896407,"28":179.7380940025,"29":179.8772341656,"30":180.1654497162,"31":181.1990660698,"32":180.6226282082,"33":180.6325550608,"34":179.3206723889,"35":176.0906566023,"36":174.4110509995,"37":169.7498918419,"38":164.9495734615,"39":158.4696688084,"40":162.0872762688,"41":163.4289861551,"42":163.6078693748,"43":162.1469075265,"44":159.125613195,"45":154.2656769611,"46":156.153993196,"47":150.9859547948,"48":137.8699951172,"49":144.5299987793,"50":131.7200012207,"51":130.5299987793,"52":122.5899963379,"53":123.1699981689,"54":119.4700012207,"55":112.0599975586,"56":122.0400009155,"57":130.0,"58":138.1399993896,"59":136.0,"60":138.5399932861,"61":139.3999938965,"62":133.4100036621,"63":132.6100006104,"64":132.5299987793,"65":140.4499969482,"66":147.1699981689,"67":139.6000061035,"68":143.8099975586,"69":140.9199981689,"70":143.9900054932,"71":140.6600036621,"72":138.9499969482,"73":142.1199951172,"74":141.6499938965,"75":137.6399993896,"76":139.75,"77":141.1499938965,"78":139.7299957275,"79":140.7100067139,"80":140.7100067139},"Low":{"0":168.1597181017,"1":167.0267268501,"2":167.7919920011,"3":166.9173970184,"4":167.1360551963,"5":169.0740539644,"6":169.5908709183,"7":170.0480451885,"8":169.451723304,"9":170.7536762707,"10":171.8767346305,"11":174.0234554962,"12":173.8743692111,"13":176.1006063341,"14":175.9216980798,"15":175.096802097,"16":173.4172006693,"17":174.8185276799,"18":169.8890272404,"19":167.3050010812,"20":169.7896364163,"21":171.9363518845,"22":173.7253002441,"23":175.7229354663,"24":177.7007030192,"25":177.392605413,"26":177.2137157388,"27":176.6969075033,"28":175.812367481,"29":175.9813371151,"30":178.2970035144,"31":178.6349266256,"32":179.0821549141,"33":177.4025368823,"34":176.2596222004,"35":172.8308238753,"36":165.8738528471,"37":165.2079818001,"38":156.4919006668,"39":149.6045124418,"40":153.2916974887,"41":153.0531713344,"42":155.8458896744,"43":157.9528519133,"44":152.0692593095,"45":145.38063948,"46":146.3049331795,"47":144.7942626895,"48":125.8600006104,"49":129.2700042725,"50":122.0500030518,"51":118.4300003052,"52":103.1100006104,"53":110.0,"54":107.0999984741,"55":104.8899993896,"56":114.3000030518,"57":116.4899978638,"58":122.5999984741,"59":128.9199981689,"60":131.7700042725,"61":134.2200012207,"62":128.0899963379,"63":127.4300003052,"64":126.6900024414,"65":134.3500061035,"66":136.75,"67":136.3500061035,"68":139.9100036621,"69":136.0200042725,"70":140.4700012207,"71":137.1799926758,"72":134.4199981689,"73":138.6999969482,"74":138.0,"75":133.1999969482,"76":135.0399932861,"77":135.4499969482,"78":135.3800048828,"79":139.4700012207,"80":139.4700012207},"Close":{"0":169.2728424072,"1":168.9150543213,"2":169.1436309814,"3":167.0962982178,"4":168.666595459,"5":170.1573638916,"6":170.0381011963,"7":171.3002929688,"8":170.177230835,"9":171.7475280762,"10":173.8048095703,"11":175.7825622559,"12":175.11668396,"13":177.2335968018,"14":176.7366638184,"15":176.1204833984,"16":174.6595153809,"17":177.2037811279,"18":169.9884033203,"19":173.9339904785,"20":170.3362579346,"21":172.8705749512,"22":174.8384094238,"23":177.5218048096,"24":179.1517181396,"25":177.9988555908,"26":178.2572631836,"27":176.8758087158,"28":176.9354248047,"29":179.0026397705,"30":180.135635376,"31":178.8237457275,"32":180.135635376,"33":179.6585845947,"34":177.4820556641,"35":173.4668884277,"36":166.152130127,"37":165.3073730469,"38":156.5614624023,"39":153.7886352539,"40":161.997833252,"41":154.2855529785,"42":163.3792877197,"43":159.6821594238,"44":158.1715087891,"45":149.9921112061,"46":153.4705963135,"47":147.0999908447,"48":130.2799987793,"49":144.5,"50":122.4599990845,"51":129.3899993896,"52":117.5999984741,"53":117.3700027466,"54":112.0599975586,"55":109.0699996948,"56":120.9599990845,"57":122.5899963379,"58":137.0599975586,"59":131.3800048828,"60":137.8200073242,"61":136.6799926758,"62":129.7200012207,"63":131.5500030518,"64":128.5700073242,"65":139.6499938965,"66":136.9600067139,"67":138.5299987793,"68":142.5200042725,"69":139.5299987793,"70":143.8699951172,"71":137.6399993896,"72":136.9199981689,"73":141.0800018311,"74":139.8200073242,"75":133.6100006104,"76":138.6999969482,"77":135.9199981689,"78":139.2299957275,"79":140.3186035156,"80":140.3186035156},"Volume":{"0":1364600,"1":1000100,"2":1205900,"3":1878900,"4":1675500,"5":1189600,"6":968700,"7":926700,"8":1688100,"9":2114600,"10":2281200,"11":2818200,"12":2016400,"13":2060100,"14":1520300,"15":1676700,"16":1622500,"17":1642000,"18":3842800,"19":2731700,"20":3316700,"21":2162800,"22":3423400,"23":2675200,"24":1600800,"25":2311500,"26":2153800,"27":1584200,"28":2622500,"29":1913900,"30":1566500,"31":1512200,"32":1651500,"33":1501600,"34":3538400,"35":2084100,"36":2606400,"37":2319700,"38":2843300,"39":4585800,"40":3194400,"41":3095200,"42":2847600,"43":3359700,"44":3137400,"45":4551300,"46":4152200,"47":2751000,"48":5497200,"49":3604900,"50":4415900,"51":4274800,"52":5108600,"53":4022100,"54":6257600,"55":4794500,"56":4884100,"57":3941600,"58":4041000,"59":2997800,"60":2522300,"61":3513000,"62":2905400,"63":3808200,"64":1567500,"65":3664100,"66":2870600,"67":2726600,"68":2683400,"69":1728700,"70":2404400,"71":2146300,"72":1949100,"73":3179500,"74":2521400,"75":2178100,"76":1558400,"77":2345000,"78":2000300,"79":389398,"80":389398}}