{"Open":{"0":76.4732693021,"1":75.3799349278,"2":75.6184818863,"3":75.4196953665,"4":76.3440513425,"5":75.777513772,"6":76.3341214845,"7":76.5527802623,"8":77.1193230093,"9":77.3280490203,"10":78.2225838468,"11":78.7593117344,"12":79.2662172779,"13":79.6538553528,"14":79.4550723158,"15":79.7631859978,"16":79.8427053494,"17":79.7134888842,"18":80.240276926,"19":80.4788242092,"20":81.3137194169,"21":81.7311785847,"22":82.1486271127,"23":81.6119019666,"24":82.2182067525,"25":82.9437734021,"26":83.24195768,"27":83.6494709521,"28":83.450683703,"29":84.0569781068,"30":85.4783030799,"31":86.63127137,"32":86.1144234855,"33":85.031039905,"34":85.1403698562,"35":84.4843740879,"36":84.3849834877,"37":84.2160159881,"38":84.6334648904,"39":79.594217495,"40":78.8090126105,"41":83.659408169,"42":83.2320152974,"43":85.0807327423,"44":83.3015859731,"45":81.5025707601,"46":81.9899978638,"47":80.9599990845,"48":75.5,"49":75.6600036621,"50":70.0199966431,"51":67.7099990845,"52":71.9400024414,"53":76.75,"54":71.5,"55":63.0800018311,"56":63.4000015259,"57":64.1299972534,"58":67.1399993896,"59":70.8700027466,"60":76.0199966431,"61":76.75,"62":69.9100036621,"63":66.8499984741,"64":70.2099990845,"65":71.2099990845,"66":75.6399993896,"67":72.1200027466,"68":76.5299987793,"69":77.9400024414,"70":76.0299987793,"71":76.0199966431,"72":76.1200027466,"73":78.75,"74":78.4899978638,"75":71.7900009155,"76":75.3000030518,"77":76.4300003052,"78":73.9300003052,"79":74.1299972534,"80":74.1299972534},"High":{"0":76.6322947675,"1":76.0856345913,"2":75.9265989237,"3":75.976303461,"4":76.3440513425,"5":76.2148470879,"6":76.8310884015,"7":77.2882967565,"8":77.3976308543,"9":77.8548326962,"10":78.8189501691,"11":79.4153116785,"12":79.5743343166,"13":79.9520385306,"14":79.872522702,"15":80.3396694112,"16":80.3496061362,"17":80.1806389903,"18":80.5782107693,"19":81.442941247,"20":81.9100857463,"21":82.2082625556,"22":82.5163777522,"23":82.2380775079,"24":82.8443823288,"25":83.2518980397,"26":83.5202579372,"27":83.9675294598,"28":84.2259508794,"29":85.3292121112,"30":86.3430281782,"31":86.8002382916,"32":86.1839985479,"33":85.398790559,"34":85.8957540569,"35":85.1006157817,"36":84.8024338753,"37":85.9454587133,"38":85.2894572576,"39":79.7930012142,"40":83.9476485822,"41":85.4783088873,"42":87.1282416038,"43":86.5915163822,"44":85.1701862946,"45":82.864262782,"46":83.5899963379,"47":81.8600006104,"48":76.8199996948,"49":76.5100021362,"50":72.3300018311,"51":79.1800003052,"52":77.3799972534,"53":78.1600036621,"54":71.6399993896,"55":64.9400024414,"56":65.4899978638,"57":69.1200027466,"58":73.6900024414,"59":77.0199966431,"60":78.7699966431,"61":76.75,"62":70.5899963379,"63":72.3099975586,"64":71.6500015259,"65":75.0400009155,"66":75.6399993896,"67":76.9100036621,"68":81.25,"69":78.8899993896,"70":77.7300033569,"71":76.25,"72":77.7300033569,"73":78.8399963379,"74":78.6299972534,"75":74.3499984741,"76":77.25,"77":77.0500030518,"78":74.25,"79":74.4250030518,"80":74.4250030518},"Low":{"0":75.3004271101,"1":75.3799349278,"2":75.4495149679,"3":75.0817615083,"4":75.7278172511,"5":75.6085468393,"6":76.2347220346,"7":76.5527802623,"8":76.6422390126,"9":77.1093823814,"10":78.2225838468,"11":78.6798027941,"12":78.8785837185,"13":79.3954304375,"14":79.2065888598,"15":79.5445193525,"16":79.2662219155,"17":79.4848883534,"18":79.9520352215,"19":80.2800328914,"20":81.1149356959,"21":81.5820870001,"22":81.6119019702,"23":81.4429350466,"24":82.069115163,"25":82.764865013,"26":82.7449907685,"27":83.3612292445,"28":83.291658233,"29":83.8581943873,"30":85.2795193618,"31":85.9752714393,"32":85.249698353,"33":84.5837651436,"34":84.7129780344,"35":84.027165444,"36":82.81456622,"37":83.530199225,"38":81.0751800537,"39":76.721749529,"40":78.669862484,"41":82.4567491516,"42":83.2320152974,"43":84.593707298,"44":80.8068176962,"45":79.5345785198,"46":79.1600036621,"47":79.5899963379,"48":71.0400009155,"49":71.1999969482,"50":64.9300003052,"51":66.8600006104,"52":70.1800003052,"53":70.9499969482,"54":62.0099983215,"55":58.7400016785,"56":60.2999992371,"57":61.5900001526,"58":66.6399993896,"59":70.4400024414,"60":74.6600036621,"61":72.4800033569,"62":65.9000015259,"63":66.7600021362,"64":68.3700027466,"65":70.7600021362,"66":71.2099990845,"67":71.5999984741,"68":76.5299987793,"69":74.5899963379,"70":75.8600006104,"71":74.1699981689,"72":74.9000015259,"73":76.0899963379,"74":73.1200027466,"75":71.5699996948,"76":74.0899963379,"77":73.7300033569,"78":72.6800003052,"79":73.3700027466,"80":73.3700027466},"Close":{"0":75.5886688232,"1":75.6184844971,"2":75.6880569458,"3":75.9663619995,"4":75.8371505737,"5":76.1253890991,"6":76.5428466797,"7":77.1590805054,"8":77.1392059326,"9":77.7256164551,"10":78.7294921875,"11":79.2662200928,"12":79.5445175171,"13":79.4252548218,"14":79.8128890991,"15":79.9023361206,"16":79.6240386963,"17":79.8327636719,"18":80.5285110474,"19":81.4031829834,"20":81.5522689819,"21":82.1287460327,"22":81.7709274292,"23":82.1784439087,"24":82.665473938,"25":83.0928649902,"26":83.4705657959,"27":83.7587966919,"28":84.0569839478,"29":85.2298202515,"30":86.2635116577,"31":86.2237548828,"32":85.3590316772,"33":85.14037323,"34":84.822303772,"35":84.3054656982,"36":83.0531082153,"37":84.6930999756,"38":81.0751800537,"39":78.5207672119,"40":83.9078903198,"41":82.6555404663,"42":86.5418167114,"43":85.5280075073,"44":84.832244873,"45":81.1049957275,"46":82.5899963379,"47":80.8700027466,"48":72.4000015259,"49":76.1500015259,"50":65.9499969482,"51":77.6900024414,"52":76.1500015259,"53":71.8799972534,"54":62.9300003052,"55":61.3699989319,"56":65.2900009155,"57":67.5400009155,"58":72.7900009155,"59":74.2399978638,"60":78.1699981689,"61":72.8300018311,"62":67.7300033569,"63":71.6699981689,"64":68.75,"65":74.2900009155,"66":71.5299987793,"67":76.0100021362,"68":79.0,"69":75.8199996948,"70":77.1699981689,"71":75.5,"72":77.2600021362,"73":77.8300018311,"74":73.2399978638,"75":74.0199966431,"76":76.7799987793,"77":74.1900024414,"78":73.6399993896,"79":73.9499969482,"80":73.9499969482},"Volume":{"0":1460900,"1":1239900,"2":1381600,"3":1227200,"4":1034700,"5":1460700,"6":1073900,"7":1280800,"8":1439700,"9":1732400,"10":2065900,"11":1552800,"12":1732700,"13":2366300,"14":1269800,"15":1185800,"16":1774800,"17":1350700,"18":1493400,"19":1086100,"20":2038400,"21":1105700,"22":1595500,"23":1071200,"24":1388300,"25":1597900,"26":1220500,"27":1498100,"28":1155400,"29":1069600,"30":1754300,"31":2305800,"32":1598600,"33":1999000,"34":2212900,"35":1700500,"36":2612800,"37":2840800,"38":2564000,"39":4615000,"40":2835700,"41":2231900,"42":1952700,"43":2061800,"44":3040900,"45":4268200,"46":2920800,"47":2733800,"48":2952100,"49":2490900,"50":3280500,"51":3871900,"52":2533300,"53":3094900,"54":3145800,"55":3118300,"56":2620500,"57":2397400,"58":2056100,"59":1829800,"60":2469800,"61":2555900,"62":1976800,"63":2065000,"64":2175500,"65":1320800,"66":2606500,"67":1365600,"68":1660000,"69":992700,"70":1153600,"71":1436300,"72":1601400,"73":1577800,"74":1851000,"75":2648600,"76":1507900,"77":1531200,"78":1460300,"79":246101,"80":246101}}