{"Open":{"0":93.8530562762,"1":92.6414091992,"2":92.7109309298,"3":92.6414100684,"4":92.7705230713,"5":92.6314724972,"6":93.5551118662,"7":93.7438076317,"8":93.9027164139,"9":95.0448423692,"10":96.0280710322,"11":96.7530665157,"12":98.1335493044,"13":99.3154067993,"14":99.345195612,"15":100.2787689121,"16":101.4308238494,"17":101.1328814068,"18":101.6393794202,"19":102.0267205102,"20":103.2880204013,"21":103.7548040135,"22":103.1092495087,"23":102.0267153638,"24":101.2818547884,"25":102.0400009155,"26":101.6699981689,"27":102.0,"28":101.7799987793,"29":102.1999969482,"30":103.1500015259,"31":104.0800018311,"32":104.1500015259,"33":102.9499969482,"34":102.0500030518,"35":101.6299972534,"36":100.2300033569,"37":98.4000015259,"38":97.3099975586,"39":90.0299987793,"40":89.5500030518,"41":95.0,"42":96.3700027466,"43":98.3700027466,"44":95.9000015259,"45":92.8099975586,"46":98.3199996948,"47":92.9100036621,"48":83.0,"49":86.4300003052,"50":78.5699996948,"51":83.6399993896,"52":85.0199966431,"53":88.0,"54":80.9499969482,"55":71.0199966431,"56":71.6600036621,"57":71.3799972534,"58":73.4800033569,"59":79.7900009155,"60":84.8700027466,"61":82.6800003052,"62":77.4499969482,"63":73.6299972534,"64":75.8300018311,"65":74.8700027466,"66":80.6800003052,"67":79.2600021362,"68":83.9899978638,"69":85.6399993896,"70":85.5299987793,"71":85.0800018311,"72":84.3000030518,"73":85.4499969482,"74":87.3199996948,"75":81.7699966431,"76":83.5500030518,"77":84.8199996948,"78":82.7699966431,"79":83.7799987793,"80":83.7799987793},"High":{"0":93.9126430936,"1":93.3962084039,"2":93.3465489285,"3":93.1876478356,"4":93.3763400683,"5":93.495519226,"6":94.0119694136,"7":94.4489460788,"8":94.3297729492,"9":96.0082030386,"10":96.8623168276,"11":97.9845830032,"12":99.1664304261,"13":99.7126699419,"14":100.338349634,"15":101.6592524804,"16":102.0465821092,"17":101.8479535541,"18":102.4339056721,"19":103.4171301406,"20":103.7150769426,"21":103.9832252,"22":104.2513781411,"23":102.3941775003,"24":102.0167866742,"25":102.1900024414,"26":101.9800033569,"27":102.4199981689,"28":102.3499984741,"29":103.1800003052,"30":103.8799972534,"31":104.6299972534,"32":104.3899993896,"33":103.9899978638,"34":103.1399993896,"35":102.3000030518,"36":100.6200027466,"37":99.0199966431,"38":97.5100021362,"39":90.0299987793,"40":95.3099975586,"41":97.8000030518,"42":100.6500015259,"43":100.1800003052,"44":97.7200012207,"45":99.3899993896,"46":98.3300018311,"47":92.9599990845,"48":85.9700012207,"49":87.1500015259,"50":86.1800003052,"51":95.7699966431,"52":92.8600006104,"53":88.0599975586,"54":81.0999984741,"55":71.8399963379,"56":73.7799987793,"57":76.3099975586,"58":82.8799972534,"59":86.5899963379,"60":86.4499969482,"61":83.4899978638,"62":78.9100036621,"63":77.5800018311,"64":76.7200012207,"65":79.7799987793,"66":81.1600036621,"67":83.8700027466,"68":88.2900009155,"69":86.5999984741,"70":86.3799972534,"71":85.5,"72":84.6999969482,"73":86.9700012207,"74":87.3199996948,"75":82.8399963379,"76":85.6699981689,"77":85.1900024414,"78":83.6200027466,"79":84.3601989746,"80":84.3601989746},"Low":{"0":92.3434654775,"1":92.4626411659,"2":92.6314767857,"3":92.303741323,"4":92.5420943068,"5":92.6215464125,"6":93.3763438276,"7":93.7438076317,"8":93.4061393997,"9":94.8660743319,"10":95.978410297,"11":96.3955304486,"12":97.8356076355,"13":99.1167790166,"14":99.3253358655,"15":100.1000008742,"16":100.8945197349,"17":101.0137001899,"18":101.1626697307,"19":101.7089115123,"20":102.9006909309,"21":103.1489794415,"22":102.1458889021,"23":101.2719161903,"24":101.2818547884,"25":101.2399978638,"26":101.2099990845,"27":101.7600021362,"28":101.3499984741,"29":101.6600036621,"30":102.9199981689,"31":103.8399963379,"32":103.4400024414,"33":102.0400009155,"34":101.6100006104,"35":100.0299987793,"36":97.9400024414,"37":97.3899993896,"38":91.7900009155,"39":86.4199981689,"40":89.3399963379,"41":94.0500030518,"42":96.3700027466,"43":97.7200012207,"44":93.8499984741,"45":92.5199966431,"46":91.2300033569,"47":88.0400009155,"48":73.5299987793,"49":81.7099990845,"50":77.7600021362,"51":83.4899978638,"52":81.0100021362,"53":79.5699996948,"54":70.2600021362,"55":65.1399993896,"56":68.0899963379,"57":69.3499984741,"58":73.25,"59":79.1299972534,"60":79.8300018311,"61":79.2399978638,"62":73.8199996948,"63":72.3899993896,"64":71.1999969482,"65":74.5899963379,"66":77.9400024414,"67":79.0,"68":83.9899978638,"69":82.5599975586,"70":84.6500015259,"71":83.2900009155,"72":82.7799987793,"73":84.5800018311,"74":82.8300018311,"75":80.9100036621,"76":83.0699996948,"77":82.8600006104,"78":82.5899963379,"79":83.5699996948,"80":83.5699996948},"Close":{"0":92.8201751709,"1":92.7208633423,"2":93.0287399292,"3":93.0486068726,"4":92.7705230713,"5":93.2372970581,"6":93.694152832,"7":93.9821624756,"8":94.3297729492,"9":95.9386825562,"10":96.6438217163,"11":97.8852615356,"12":98.6599197388,"13":99.3154067993,"14":100.2787628174,"15":101.4606246948,"16":101.0832214355,"17":101.4904174805,"18":102.1061630249,"19":103.387336731,"20":103.5065155029,"21":103.5065155029,"22":102.1657562256,"23":101.4208908081,"24":101.5500030518,"25":101.3399963379,"26":101.9199981689,"27":102.2200012207,"28":101.7900009155,"29":102.8499984741,"30":103.7600021362,"31":104.3300018311,"32":103.5,"33":102.3799972534,"34":101.7099990845,"35":100.0400009155,"36":98.1699981689,"37":97.4300003052,"38":91.8600006104,"39":89.2600021362,"40":95.0899963379,"41":95.4499969482,"42":99.8199996948,"43":98.7900009155,"44":97.6999969482,"45":94.9599990845,"46":94.7200012207,"47":89.7200012207,"48":82.5400009155,"49":86.4700012207,"50":81.6600036621,"51":91.1999969482,"52":88.2799987793,"53":80.8099975586,"54":71.4499969482,"55":70.0,"56":72.0500030518,"57":73.2900009155,"58":81.8000030518,"59":83.4000015259,"60":83.7099990845,"61":79.9800033569,"62":74.5699996948,"63":76.7900009155,"64":72.5,"65":78.5899963379,"66":78.75,"67":83.3000030518,"68":86.3099975586,"69":83.5,"70":86.25,"71":83.6100006104,"72":84.0500030518,"73":86.3799972534,"74":82.9100036621,"75":82.4700012207,"76":85.0,"77":83.0199966431,"78":83.2300033569,"79":84.2300033569,"80":84.2300033569},"Volume":{"0":1779700,"1":1939400,"2":1253200,"3":2608100,"4":2245400,"5":2141900,"6":1452800,"7":2383800,"8":2717500,"9":4114400,"10":2175900,"11":4554800,"12":4731400,"13":2985100,"14":2402200,"15":3189000,"16":2294900,"17":1572400,"18":1643600,"19":1952900,"20":2457800,"21":3671500,"22":3203200,"23":4064600,"24":2752700,"25":2260700,"26":1541000,"27":1498000,"28":1503500,"29":2555100,"30":1377000,"31":2121900,"32":1910000,"33":3344500,"34":3361300,"35":3279600,"36":3356500,"37":3258500,"38":5865600,"39":6763800,"40":4936200,"41":6823000,"42":4027200,"43":5285700,"44":5815300,"45":6660600,"46":5729000,"47":4213600,"48":7534000,"49":5127500,"50":5564600,"51":6641800,"52":5517900,"53":4741700,"54":5611000,"55":5499800,"56":4937500,"57":5448600,"58":3903500,"59":3255200,"60":5390500,"61":6247300,"62":3570100,"63":4959900,"64":3963900,"65":3610300,"66":4037600,"67":2912800,"68":4003700,"69":2076600,"70":2187800,"71":2558800,"72":1802900,"73":2323500,"74":2331300,"75":3013900,"76":2512400,"77":2426400,"78":2828700,"79":584365,"80":584365}}