{"Open":{"0":19.8291680266,"1":19.7497315136,"2":19.6107201798,"3":19.8788162017,"4":19.9979690774,"5":19.9284620379,"6":20.0873339351,"7":19.9979678281,"8":20.1568407759,"9":20.2064890001,"10":20.3057836171,"11":20.3653603086,"12":20.2263483631,"13":20.3057844698,"14":20.236275727,"15":20.4050778392,"16":20.1667701888,"17":20.0178278907,"18":20.0178271906,"19":20.0799999237,"20":20.0599994659,"21":19.9699993134,"22":20.3899993896,"23":20.6800003052,"24":20.8299999237,"25":20.5499992371,"26":20.5,"27":20.6100006104,"28":20.75,"29":20.9099998474,"30":20.8500003815,"31":20.9400005341,"32":21.1399993896,"33":20.8700008392,"34":20.7999992371,"35":20.3299999237,"36":20.3099994659,"37":19.4899997711,"38":18.5599994659,"39":16.0,"40":16.7700004578,"41":18.0100002289,"42":17.6800003052,"43":17.5300006866,"44":16.1299991608,"45":15.6499996185,"46":15.1000003815,"47":14.7600002289,"48":13.0600004196,"49":12.9899997711,"50":11.5500001907,"51":11.3000001907,"52":11.1499996185,"53":9.5,"54":11.2100000381,"55":11.9799995422,"56":12.6499996185,"57":12.75,"58":12.9300003052,"59":12.8500003815,"60":13.75,"61":13.5,"62":13.0,"63":12.6599998474,"64":12.75,"65":12.8999996185,"66":14.3299999237,"67":13.2100000381,"68":14.4499998093,"69":14.6300001144,"70":14.4099998474,"71":13.3100004196,"72":12.6999998093,"73":12.5900001526,"74":12.8699998856,"75":12.3999996185,"76":12.7899999619,"77":12.8199996948,"78":12.7399997711,"79":13.0,"80":13.0},"High":{"0":19.9582523086,"1":19.8986752015,"2":19.8986759674,"3":19.9781113645,"4":20.1071939468,"5":20.2759941466,"6":20.1866290958,"7":20.2759938903,"8":20.2660656464,"9":20.4348665497,"10":20.434866,"11":20.4547257652,"12":20.4150070893,"13":20.5639492465,"14":20.4348660485,"15":20.4150075451,"16":20.2362762349,"17":20.1866290958,"18":20.2462047266,"19":20.2000007629,"20":20.1800003052,"21":20.3799991608,"22":20.6900005341,"23":20.9099998474,"24":20.8700008392,"25":20.6100006104,"26":20.5599994659,"27":20.8899993896,"28":21.0100002289,"29":20.9599990845,"30":20.9699993134,"31":21.2299995422,"32":21.1499996185,"33":20.9400005341,"34":20.8999996185,"35":20.4899997711,"36":20.3199996948,"37":19.5300006866,"38":19.0599994659,"39":17.3899993896,"40":18.2399997711,"41":18.4300003052,"42":17.9099998474,"43":17.5400009155,"44":16.9300003052,"45":15.8000001907,"46":15.279999733,"47":14.9600000381,"48":13.1400003433,"49":13.2299995422,"50":12.6999998093,"51":11.720000267,"52":11.1499996185,"53":11.2700004578,"54":12.1300001144,"55":12.9899997711,"56":13.4200000763,"57":13.5900001526,"58":13.6800003052,"59":13.8299999237,"60":13.9600000381,"61":13.9300003052,"62":13.2700004578,"63":13.5699996948,"64":13.0799999237,"65":13.779999733,"66":14.6099996567,"67":14.2700004578,"68":14.9899997711,"69":14.6300001144,"70":14.4899997711,"71":13.6499996185,"72":12.8800001144,"73":13.1899995804,"74":13.1000003815,"75":12.5799999237,"76":12.8599996567,"77":13.1400003433,"78":13.0200004578,"79":13.3050003052,"80":13.3050003052},"Low":{"0":19.7398025679,"1":19.6007897195,"2":19.6007904739,"3":19.7398022163,"4":19.7497321151,"5":19.9284620379,"6":19.9979684798,"7":19.9979678281,"8":20.0575475051,"9":20.1171235427,"10":20.2064884566,"11":20.0972639388,"12":20.1071937888,"13":20.2362765288,"14":20.1667696827,"15":20.1767002851,"16":19.8788162988,"17":19.9383921409,"18":19.9086023283,"19":19.9400005341,"20":19.7900009155,"21":19.8999996185,"22":20.3500003815,"23":20.6200008392,"24":20.5599994659,"25":20.4200000763,"26":20.3799991608,"27":20.6000003815,"28":20.6900005341,"29":20.7399997711,"30":20.8199996948,"31":20.8400001526,"32":20.9099998474,"33":20.6599998474,"34":20.7000007629,"35":20.1299991608,"36":19.3600006104,"37":18.6800003052,"38":18.25,"39":15.75,"40":16.4799995422,"41":17.4099998474,"42":17.2999992371,"43":16.5799999237,"44":15.8900003433,"45":14.4899997711,"46":14.2899999619,"47":14.0399999619,"48":11.6999998093,"49":11.9799995422,"50":10.9899997711,"51":9.8400001526,"52":8.1099996567,"53":9.0,"54":10.8400001526,"55":11.529999733,"56":12.1499996185,"57":11.8100004196,"58":12.6999998093,"59":12.6800003052,"60":13.279999733,"61":13.1800003052,"62":12.3400001526,"63":12.4799995422,"64":12.1300001144,"65":12.8000001907,"66":13.1999998093,"67":13.1599998474,"68":14.3999996185,"69":13.9200000763,"70":13.7600002289,"71":12.6599998474,"72":12.0100002289,"73":12.4799995422,"74":12.5600004196,"75":12.25,"76":12.3500003815,"77":12.6499996185,"78":12.529999733,"79":12.8900003433,"80":12.8900003433},"Close":{"0":19.8887462616,"1":19.6603660583,"2":19.8887462616,"3":19.9582519531,"4":19.9185333252,"5":20.1171226501,"6":20.0376873016,"7":20.1667690277,"8":20.2561359406,"9":20.3157119751,"10":20.4249362946,"11":20.355430603,"12":20.3256416321,"13":20.2561359406,"14":20.4150066376,"15":20.2362766266,"16":19.9383926392,"17":20.0376873016,"18":20.1766986847,"19":20.1800003052,"20":19.8600006104,"21":20.3099994659,"22":20.6100006104,"23":20.7600002289,"24":20.5799999237,"25":20.5,"26":20.5200004578,"27":20.7900009155,"28":20.9599990845,"29":20.8299999237,"30":20.9300003052,"31":21.0300006866,"32":20.9099998474,"33":20.7999992371,"34":20.75,"35":20.25,"36":19.3799991608,"37":18.6900005341,"38":18.2900009155,"39":16.7299995422,"40":18.2199993134,"41":17.4300003052,"42":17.8299999237,"43":16.7299995422,"44":16.8199996948,"45":14.5799999237,"46":15.2100000381,"47":14.1599998474,"48":12.1800003052,"49":13.0,"50":10.9899997711,"51":11.5600004196,"52":9.5600004196,"53":10.9899997711,"54":11.8699998856,"55":11.8699998856,"56":12.6599998474,"57":12.8199996948,"58":13.5,"59":13.4499998093,"60":13.6599998474,"61":13.6000003815,"62":12.8000001907,"63":13.0399999619,"64":12.2399997711,"65":13.6199998856,"66":13.2299995422,"67":14.1300001144,"68":14.720000267,"69":14.1899995804,"70":14.0100002289,"71":12.6899995804,"72":12.1599998474,"73":13.1199998856,"74":12.6999998093,"75":12.4600000381,"76":12.6800003052,"77":12.6899995804,"78":12.8599996567,"79":13.2700004578,"80":13.2700004578},"Volume":{"0":3069900,"1":5349500,"2":4348400,"3":3240600,"4":4476400,"5":4163200,"6":2555000,"7":3143700,"8":3893400,"9":3099200,"10":2819500,"11":5006100,"12":6399900,"13":3833100,"14":3144900,"15":2052400,"16":3593900,"17":3129500,"18":3345300,"19":2355500,"20":3644200,"21":3843300,"22":4225300,"23":3629100,"24":3116000,"25":2206300,"26":2505700,"27":3166000,"28":3134300,"29":3407700,"30":3469300,"31":2535800,"32":2224400,"33":2819000,"34":3949000,"35":3922000,"36":5871000,"37":4952800,"38":8442900,"39":12558200,"40":8987900,"41":11037900,"42":5851300,"43":6056400,"44":9374100,"45":6968000,"46":7209200,"47":7915400,"48":7510200,"49":7406400,"50":6959300,"51":7799000,"52":9184300,"53":8728900,"54":12070600,"55":10708200,"56":7597200,"57":7160900,"58":7775900,"59":5612400,"60":7614500,"61":6793600,"62":7036000,"63":6683700,"64":6542600,"65":5157900,"66":6269800,"67":4545500,"68":7452900,"69":3747500,"70":5190000,"71":10034200,"72":10028000,"73":7584500,"74":4971500,"75":5763800,"76":4492000,"77":4019300,"78":5041000,"79":1036929,"80":1036929}}