{"Open":{"0":50.9962621258,"1":50.5913727743,"2":50.4926197954,"3":50.7098759541,"4":50.472868769,"5":51.4208993864,"6":51.6480319024,"7":51.4406508023,"8":51.9146667205,"9":51.3616462431,"10":51.4702769897,"11":51.8751644843,"12":51.8949176222,"13":51.2135205604,"14":51.0752660139,"15":51.0258850674,"16":49.4754564071,"17":49.7717196394,"18":49.9593494679,"19":49.3767059709,"20":50.1173543533,"21":49.8902222898,"22":51.1443925635,"23":50.7395043751,"24":52.21092851,"25":52.3195555617,"26":52.7935720313,"27":53.6626046161,"28":54.2156254685,"29":55.0747778611,"30":49.2384504146,"31":47.5102656172,"32":48.78418607,"33":48.7940615085,"34":48.9323140348,"35":46.907870722,"36":45.2784371024,"37":44.922926864,"38":43.7872615241,"39":41.7529405984,"40":41.5850609319,"41":42.1479578625,"42":41.3875532483,"43":40.4889002167,"44":38.6718346391,"45":34.1785578973,"46":34.1489305364,"47":33.2601477183,"48":29.2902612081,"49":27.5499992371,"50":23.8799991608,"51":23.9799995422,"52":20.6200008392,"53":18.4899997711,"54":20.8099994659,"55":18.9599990845,"56":21.0300006866,"57":23.2000007629,"58":25.8099994659,"59":26.0,"60":25.0,"61":25.4799995422,"62":22.7000007629,"63":21.1100006104,"64":21.25,"65":21.9500007629,"66":23.4599990845,"67":23.7600002289,"68":24.9500007629,"69":26.6399993896,"70":26.2999992371,"71":24.2000007629,"72":23.8500003815,"73":24.2299995422,"74":24.0100002289,"75":22.5,"76":23.0799999237,"77":22.6299991608,"78":23.1399993896,"79":23.4699993134,"80":23.4699993134},"High":{"0":51.2233945248,"1":50.8283826219,"2":50.9962605309,"3":50.7888804926,"4":51.5986570473,"5":51.6381580901,"6":51.983793642,"7":51.9640426636,"8":52.4380585818,"9":51.6776606169,"10":51.9245455454,"11":52.4183112469,"12":52.0430492481,"13":51.7862883966,"14":51.30239841,"15":51.0258850674,"16":49.7124662463,"17":50.2951115016,"18":50.2161066722,"19":50.7098755253,"20":50.5123694905,"21":50.7395022033,"22":51.4307783601,"23":51.9936731654,"24":52.9318279744,"25":53.0898309453,"26":53.4749729706,"27":54.1563716796,"28":54.4131292816,"29":55.7166727735,"30":50.0284769345,"31":48.3990440369,"32":49.1594463158,"33":49.317453395,"34":49.1594464263,"35":47.0955008487,"36":45.7623304702,"37":45.5549480712,"38":44.6266639903,"39":42.4145904052,"40":42.3553363129,"41":43.3329995971,"42":42.118330127,"43":41.1900485603,"44":39.0569723297,"45":34.5636956172,"46":36.7165176557,"47":33.8724177858,"48":29.4087661287,"49":28.5799999237,"50":25.3199996948,"51":24.0300006866,"52":21.2900009155,"53":21.3799991608,"54":21.25,"55":20.0799999237,"56":23.2999992371,"57":27.75,"58":27.7000007629,"59":26.7600002289,"60":25.9899997711,"61":25.7900009155,"62":22.8700008392,"63":22.8299999237,"64":21.6900005341,"65":22.1900005341,"66":24.9599990845,"67":24.5799999237,"68":27.6499996185,"69":27.0,"70":27.1000003815,"71":24.4500007629,"72":24.1200008392,"73":24.8099994659,"74":24.2800006866,"75":23.3099994659,"76":23.5400009155,"77":23.4200000763,"78":23.7000007629,"79":24.1590003967,"80":24.1590003967},"Low":{"0":50.6012507322,"1":50.3049869739,"2":50.4037415754,"3":50.087732166,"4":50.472868769,"5":51.0160105632,"6":51.2332693948,"7":51.1740161465,"8":51.5295290288,"9":50.759253614,"10":51.4702769897,"11":51.8751644843,"12":50.9370120807,"13":50.9962618464,"14":50.6111237709,"15":49.8704719802,"16":49.2680751523,"17":49.6630902868,"18":49.7025922635,"19":49.2878277495,"20":49.3174503956,"21":49.8013440717,"22":49.9494771921,"23":50.6308750187,"24":51.9837961117,"25":52.2701796107,"26":52.6948201282,"27":53.5045993065,"28":53.603351593,"29":50.265487792,"30":47.688022192,"31":47.2436309611,"32":48.4879228261,"33":48.586680244,"34":47.9842822003,"35":45.0216807026,"36":44.6266647453,"37":44.1723988552,"38":42.8491033889,"39":40.7950350818,"40":40.9135374526,"41":40.656779185,"42":40.8542839397,"43":39.6791225138,"44":36.9535236727,"45":30.0309136698,"46":32.7565038573,"47":31.5023363988,"48":25.1821195094,"49":25.0900001526,"50":22.3999996185,"51":20.5200004578,"52":16.0699996948,"53":17.5200004578,"54":19.1399993896,"55":18.0799999237,"56":20.7399997711,"57":22.0300006866,"58":25.5,"59":25.0100002289,"60":24.0699996948,"61":23.8799991608,"62":21.0100002289,"63":21.0799999237,"64":19.8999996185,"65":20.8199996948,"66":22.8999996185,"67":23.25,"68":24.8899993896,"69":24.4300003052,"70":25.2299995422,"71":23.2700004578,"72":22.9400005341,"73":23.8299999237,"74":23.0400009155,"75":22.1399993896,"76":22.1399993896,"77":22.3899993896,"78":22.4699993134,"79":23.4699993134,"80":23.4699993134},"Close":{"0":51.1147651672,"1":50.7197532654,"2":50.7592544556,"3":50.472869873,"4":51.0653877258,"5":51.6282806396,"6":51.3813972473,"7":51.9640426636,"8":51.6875343323,"9":51.134513855,"10":51.7072868347,"11":52.2405548096,"12":51.0258865356,"13":51.6085319519,"14":50.9666366577,"15":50.4234924316,"16":49.5050849915,"17":49.7815933228,"18":49.7223396301,"19":50.6604995728,"20":49.6334609985,"21":50.5222434998,"22":50.0186042786,"23":51.8257904053,"24":52.7441978455,"25":52.7935714722,"26":53.46509552,"27":53.7909851074,"28":53.603351593,"29":50.2951126099,"30":47.8756523132,"31":48.3990440369,"32":48.7940597534,"33":49.1791992188,"34":47.9941558838,"35":45.1303100586,"36":44.6760444641,"37":44.4390335083,"38":42.8688545227,"39":41.634437561,"40":42.3158340454,"41":40.9727935791,"42":42.0097007751,"43":40.1432647705,"44":37.3682899475,"45":32.4009971619,"46":34.6328201294,"47":32.0257301331,"48":25.3500003815,"49":28.5,"50":23.25,"51":22.25,"52":18.7800006866,"53":20.6000003815,"54":19.2299995422,"55":19.2999992371,"56":22.9300003052,"57":25.7199993134,"58":27.5100002289,"59":25.5100002289,"60":25.7099990845,"61":24.25,"62":21.6100006104,"63":21.25,"64":20.4599990845,"65":21.5200004578,"66":23.2600002289,"67":24.1299991608,"68":26.5400009155,"69":25.6299991608,"70":25.7800006866,"71":24.0799999237,"72":23.1800003052,"73":24.5,"74":23.75,"75":22.25,"76":22.2600002289,"77":22.6599998474,"78":23.3500003815,"79":24.0900001526,"80":24.0900001526},"Volume":{"0":3104600,"1":2358800,"2":2699700,"3":4580100,"4":4832100,"5":3219800,"6":5483000,"7":6039500,"8":5277000,"9":4095000,"10":3822200,"11":5818600,"12":4215100,"13":4341500,"14":3307100,"15":3227100,"16":3634700,"17":4131900,"18":2964400,"19":2979300,"20":5736100,"21":2916600,"22":3441100,"23":4408400,"24":5286400,"25":3766300,"26":2756800,"27":4656800,"28":3984100,"29":13179800,"30":11891200,"31":9403400,"32":5755700,"33":5507100,"34":4913600,"35":9774200,"36":8706000,"37":7269800,"38":7159300,"39":10908300,"40":10262100,"41":11832200,"42":8324100,"43":9251400,"44":14681300,"45":19741400,"46":10322100,"47":10814400,"48":13594500,"49":11920600,"50":15835900,"51":15057900,"52":13531000,"53":11718600,"54":12948400,"55":9604500,"56":11436800,"57":14365100,"58":11282600,"59":9473500,"60":8377600,"61":9554500,"62":10498700,"63":9317500,"64":9573000,"65":15414300,"66":12731300,"67":8539500,"68":11974600,"69":7367800,"70":8139700,"71":9225200,"72":8829400,"73":11039800,"74":6502900,"75":7213100,"76":8232200,"77":7604000,"78":9295600,"79":2529658,"80":2529658}}