{"Open":{"0":51.2981887081,"1":50.027894703,"2":50.9111473819,"3":51.0699332017,"4":50.6828900761,"5":50.8218281973,"6":50.8218268941,"7":51.2485681067,"8":51.3279639669,"9":51.1592497338,"10":51.8440244484,"11":52.2012903627,"12":52.4593212174,"13":53.0944728132,"14":52.7272765829,"15":53.4914415088,"16":53.4021224213,"17":52.8463663754,"18":53.0845477797,"19":52.5585642888,"20":52.6379595657,"21":52.4593245173,"22":52.5089416099,"23":52.7868191809,"24":53.1242428741,"25":53.183787712,"26":53.3128057248,"27":53.5212112863,"28":53.610531205,"29":53.6699981689,"30":54.3600006104,"31":54.9700012207,"32":54.9000015259,"33":54.3199996948,"34":55.0900001526,"35":54.9799995422,"36":54.9399986267,"37":53.7000007629,"38":52.3800010681,"39":48.3600006104,"40":47.9500007629,"41":49.4799995422,"42":50.2700004578,"43":50.3899993896,"44":49.0800018311,"45":47.2900009155,"46":48.2099990845,"47":47.7700004578,"48":42.9700012207,"49":45.4700012207,"50":41.6300010681,"51":36.5299987793,"52":31.3799991608,"53":30.8099994659,"54":31.5699996948,"55":28.2399997711,"56":26.5699996948,"57":26.3199996948,"58":30.6499996185,"59":31.8999996185,"60":35.0,"61":34.4500007629,"62":33.2900009155,"63":32.3699989319,"64":31.1599998474,"65":32.2400016785,"66":37.2000007629,"67":34.8499984741,"68":37.4099998474,"69":39.9599990845,"70":39.3800010681,"71":38.0200004578,"72":37.4799995422,"73":37.3600006104,"74":38.25,"75":35.3400001526,"76":36.4799995422,"77":37.0,"78":35.4599990845,"79":35.6100006104,"80":35.6100006104},"High":{"0":51.38750666,"1":51.2187995233,"2":51.4569776476,"3":51.3180382062,"4":51.159251231,"5":51.1195534455,"6":51.189025017,"7":51.6455376203,"8":51.3279639669,"9":51.9134910464,"10":52.2409901921,"11":52.4990193907,"12":52.9158335037,"13":53.2135621594,"14":53.4318938866,"15":53.7196976631,"16":53.729619058,"17":53.3028786787,"18":53.2234859748,"19":53.025002918,"20":53.2036386828,"21":52.6677318195,"22":53.1440897988,"23":53.2929555081,"24":53.2731073926,"25":53.3128033715,"26":53.5311355591,"27":53.8189365313,"28":54.0471946613,"29":54.2999992371,"30":54.8100013733,"31":54.9900016785,"32":54.9500007629,"33":55.1800003052,"34":55.6800003052,"35":55.5800018311,"36":54.9399986267,"37":54.0099983215,"38":52.4700012207,"39":48.3800010681,"40":49.5200004578,"41":51.0099983215,"42":51.3899993896,"43":50.7599983215,"44":50.0999984741,"45":48.1500015259,"46":49.2099990845,"47":47.8300018311,"48":45.2999992371,"49":46.1599998474,"50":41.8600006104,"51":37.9700012207,"52":37.2299995422,"53":34.2799987793,"54":31.8400001526,"55":28.2399997711,"56":27.0699996948,"57":31.6000003815,"58":33.3699989319,"59":35.6399993896,"60":35.3300018311,"61":35.3300018311,"62":33.3199996948,"63":33.6599998474,"64":31.8600006104,"65":35.9300003052,"66":37.5200004578,"67":36.8699989319,"68":41.1599998474,"69":40.2799987793,"70":39.9099998474,"71":38.7099990845,"72":37.9000015259,"73":39.4599990845,"74":38.5499992371,"75":36.5600013733,"76":37.3300018311,"77":37.0099983215,"78":35.7299995422,"79":35.9099998474,"80":35.9099998474},"Low":{"0":49.9683457497,"1":49.9088053567,"2":50.5737244162,"3":50.5042540945,"4":50.6134209776,"5":50.5439518038,"6":50.5637993619,"7":51.0600096699,"8":50.5737226417,"9":51.1493271997,"10":51.5562217288,"11":52.0325807803,"12":52.3303055589,"13":52.4890959754,"14":52.39977616,"15":53.2731078893,"16":53.0944708535,"17":52.7570484216,"18":52.6081828454,"19":52.3600795241,"20":52.0325827386,"21":52.0623549825,"22":52.3600770968,"23":52.5684893521,"24":52.9257618972,"25":52.7768956653,"26":53.0150766843,"27":53.461664723,"28":53.3028796286,"29":53.4599990845,"30":54.1899986267,"31":54.3699989319,"32":54.2700004578,"33":54.0499992371,"34":55.0900001526,"35":54.6800003052,"36":53.4900016785,"37":52.8499984741,"38":49.4300003052,"39":46.3100013733,"40":47.6100006104,"41":49.1199989319,"42":50.0099983215,"43":49.6800003052,"44":48.1899986267,"45":46.3499984741,"46":46.5999984741,"47":45.7000007629,"48":40.9000015259,"49":41.9199981689,"50":35.4399986267,"51":34.75,"52":30.0,"53":29.0499992371,"54":27.8299999237,"55":24.7800006866,"56":24.5300006866,"57":26.1399993896,"58":30.4200000763,"59":31.5599994659,"60":32.8199996948,"61":33.6699981689,"62":30.4300003052,"63":30.3999996185,"64":29.9599990845,"65":31.9699993134,"66":34.3199996948,"67":33.9900016785,"68":37.1199989319,"69":38.25,"70":38.2200012207,"71":36.4599990845,"72":35.9799995422,"73":37.2400016785,"74":36.7200012207,"75":35.3300018311,"76":36.0,"77":34.7000007629,"78":34.4099998474,"79":35.4599990845,"80":35.4599990845},"Close":{"0":50.1966056824,"1":50.9905433655,"2":51.3081169128,"3":50.6431922913,"4":50.8714485168,"5":50.6431922913,"6":51.1294784546,"7":51.5065994263,"8":50.9607658386,"9":51.7447776794,"10":52.2310676575,"11":52.3501548767,"12":52.8959846497,"13":52.5982627869,"14":53.4021224976,"15":53.6105308533,"16":53.173866272,"17":52.8562889099,"18":52.6478805542,"19":52.7669715881,"20":52.310459137,"21":52.3700065613,"22":52.8165931702,"23":52.9456062317,"24":53.0845489502,"25":52.9654541016,"26":53.5311355591,"27":53.7196960449,"28":53.6800003052,"29":54.1300010681,"30":54.7999992371,"31":54.8699989319,"32":54.2700004578,"33":55.1599998474,"34":55.4900016785,"35":54.8100013733,"36":53.5900001526,"37":52.8600006104,"38":49.5299987793,"39":47.8400001526,"40":49.4900016785,"41":49.5299987793,"42":51.2900009155,"43":50.4099998474,"44":49.8100013733,"45":47.1899986267,"46":49.1599998474,"47":46.0099983215,"48":43.25,"49":46.0499992371,"50":35.5099983215,"51":37.3499984741,"52":31.2000007629,"53":31.1900005341,"54":28.3099994659,"55":25.2900009155,"56":26.3299999237,"57":30.5100002289,"58":33.0099983215,"59":34.9799995422,"60":34.7799987793,"61":35.1500015259,"62":32.3199996948,"63":31.2199993134,"64":30.6399993896,"65":35.5200004578,"66":34.4599990845,"67":36.5400009155,"68":39.9700012207,"69":38.3499984741,"70":39.4900016785,"71":37.4799995422,"72":36.1500015259,"73":39.1500015259,"74":36.7200012207,"75":35.75,"76":36.9399986267,"77":35.1399993896,"78":35.0900001526,"79":35.8263015747,"80":35.8263015747},"Volume":{"0":880500,"1":1101600,"2":2153200,"3":1583500,"4":1267100,"5":931300,"6":754500,"7":1173700,"8":1004500,"9":1003400,"10":548700,"11":726000,"12":982800,"13":1034600,"14":792100,"15":877300,"16":1390700,"17":1017500,"18":678400,"19":1844500,"20":1464600,"21":1216700,"22":861500,"23":639800,"24":896400,"25":423300,"26":378100,"27":531300,"28":558000,"29":857800,"30":922500,"31":898200,"32":1128600,"33":606200,"34":966800,"35":1236100,"36":2564300,"37":1208000,"38":2362600,"39":2704400,"40":2417900,"41":2484400,"42":1071200,"43":1042300,"44":2637000,"45":1897400,"46":2309400,"47":2005500,"48":2913300,"49":2070700,"50":2384100,"51":2025500,"52":2299400,"53":1553900,"54":1908500,"55":1832000,"56":2213200,"57":1820600,"58":1914900,"59":1962800,"60":1658400,"61":3086600,"62":2222200,"63":2135200,"64":1678700,"65":3599800,"66":2879400,"67":2206200,"68":1917900,"69":1264800,"70":1379500,"71":1278700,"72":1778200,"73":1729700,"74":1811800,"75":1184500,"76":1258000,"77":2648300,"78":1358500,"79":227432,"80":227432}}