{"Open":{"0":67.7656996153,"1":66.4233145977,"2":65.7173077198,"3":66.1846629044,"4":65.6576491621,"5":66.6420636795,"6":66.2244355876,"7":65.4687208436,"8":66.3835396478,"9":65.6377692057,"10":66.6221847976,"11":66.4630767488,"12":65.6675942396,"13":65.0709828473,"14":64.6334631284,"15":66.9006049754,"16":64.514137221,"17":65.4985587209,"18":65.3792312686,"19":65.4985540604,"20":65.2400214433,"21":64.7627275571,"22":65.2201312412,"23":66.3338175618,"24":66.4630787509,"25":63.5396640454,"26":63.1816926821,"27":64.1064463192,"28":64.7328965386,"29":64.8024981793,"30":66.3199996948,"31":65.9400024414,"32":65.6100006104,"33":64.9000015259,"34":64.9100036621,"35":63.4799995422,"36":63.1699981689,"37":59.3699989319,"38":54.7900009155,"39":51.0900001526,"40":50.8499984741,"41":50.4700012207,"42":48.1899986267,"43":47.6599998474,"44":41.5,"45":43.1599998474,"46":45.3100013733,"47":45.0999984741,"48":40.1100006104,"49":38.0999984741,"50":32.0200004578,"51":33.0600013733,"52":29.5300006866,"53":24.7000007629,"54":25.7099990845,"55":24.0,"56":29.4400005341,"57":33.5600013733,"58":31.9099998474,"59":31.7299995422,"60":29.1299991608,"61":28.9599990845,"62":26.9200000763,"63":26.1399993896,"64":25.1599998474,"65":26.0400009155,"66":29.3400001526,"67":30.2000007629,"68":31.2399997711,"69":32.6300010681,"70":30.5799999237,"71":32.2400016785,"72":29.2399997711,"73":29.6900005341,"74":28.9400005341,"75":27.7999992371,"76":29.0,"77":28.0100002289,"78":28.5599994659,"79":28.3400001526,"80":28.3400001526},"High":{"0":68.4020900103,"1":66.7315640651,"2":66.512799468,"3":66.4431988776,"4":67.208849742,"5":66.6420636795,"6":66.3238701621,"7":65.8167532427,"8":67.0696435497,"9":66.6818436637,"10":67.0497603169,"11":66.7315584314,"12":66.0454486475,"13":65.906242402,"14":66.9204963968,"15":66.9801556739,"16":65.2499698035,"17":66.2642133169,"18":67.0994790187,"19":65.6974232024,"20":65.2499671769,"21":65.2897452463,"22":66.0255687715,"23":66.4233139915,"24":66.4630787509,"25":63.8479135017,"26":64.1163943585,"27":64.9118761939,"28":65.776978574,"29":66.3934741056,"30":66.9599990845,"31":66.3099975586,"32":65.8099975586,"33":65.9700012207,"34":65.5299987793,"35":63.8300018311,"36":63.2099990845,"37":59.6599998474,"38":56.6800003052,"39":52.0099983215,"40":51.2999992371,"41":50.4700012207,"42":49.7099990845,"43":47.6599998474,"44":48.4000015259,"45":45.1899986267,"46":47.6899986267,"47":46.0400009155,"48":43.4000015259,"49":38.0999984741,"50":34.4000015259,"51":36.2000007629,"52":30.0400009155,"53":25.9899997711,"54":27.9699993134,"55":24.9799995422,"56":31.2600002289,"57":34.25,"58":33.3699989319,"59":31.8999996185,"60":29.9500007629,"61":30.7099990845,"62":27.5499992371,"63":27.0200004578,"64":25.6499996185,"65":27.2700004578,"66":31.7700004578,"67":30.3199996948,"68":33.5999984741,"69":32.8600006104,"70":31.9200000763,"71":32.4199981689,"72":29.4500007629,"73":30.2800006866,"74":29.9599990845,"75":29.1900005341,"76":29.2299995422,"77":28.9799995422,"78":28.8199996948,"79":29.25,"80":29.25},"Low":{"0":67.2386895306,"1":65.647706683,"2":65.6477027608,"3":65.6874824257,"4":65.6477034289,"5":65.8266880511,"6":65.4488352858,"7":65.2698516895,"8":65.647707077,"9":65.5880481231,"10":65.4786681681,"11":65.6675926065,"12":63.8180823729,"13":64.9317729216,"14":64.0766234122,"15":65.2201325053,"16":63.8379714557,"17":64.7627261534,"18":65.2101917309,"19":64.6632869742,"20":63.8081392717,"21":63.9374137137,"22":65.0610374337,"23":65.5681629741,"24":63.4799998514,"25":62.9231575464,"26":63.0822543159,"27":64.0666709741,"28":64.4445309518,"29":64.772668566,"30":65.4599990845,"31":65.4000015259,"32":64.7600021362,"33":64.9000015259,"34":63.9500007629,"35":62.2000007629,"36":58.6599998474,"37":57.2000007629,"38":52.9099998474,"39":49.4500007629,"40":48.3800010681,"41":46.2999992371,"42":46.5699996948,"43":43.3600006104,"44":41.4000015259,"45":42.1399993896,"46":43.3699989319,"47":43.3699989319,"48":35.0099983215,"49":33.0,"50":28.9200000763,"51":31.2800006866,"52":20.0200004578,"53":22.0100002289,"54":23.3400001526,"55":22.1499996185,"56":27.3799991608,"57":28.3600006104,"58":30.0200004578,"59":29.7800006866,"60":26.5499992371,"61":28.1299991608,"62":25.25,"63":24.2800006866,"64":23.5799999237,"65":24.9200000763,"66":28.5400009155,"67":28.9500007629,"68":30.3899993896,"69":28.6100006104,"70":30.4200000763,"71":29.0,"72":27.5100002289,"73":29.3099994659,"74":28.1299991608,"75":27.6100006104,"76":27.0200004578,"77":27.75,"78":27.2099990845,"79":27.8299999237,"80":27.8299999237},"Close":{"0":67.7855834961,"1":66.5426330566,"2":66.2244338989,"3":65.8068084717,"4":66.125,"5":65.9957351685,"6":65.5184402466,"7":65.4985580444,"8":65.8068084717,"9":66.2144927979,"10":66.1647796631,"11":66.2443237305,"12":64.6235122681,"13":65.2201309204,"14":66.8011703491,"15":66.3437652588,"16":64.9715423584,"17":65.1704177856,"18":66.512802124,"19":65.6377639771,"20":64.225769043,"21":64.2854385376,"22":65.3991165161,"23":65.9559631348,"24":63.6589813232,"25":63.5993232727,"26":64.0666732788,"27":64.1859970093,"28":65.1704177856,"29":66.125,"30":66.1100006104,"31":65.4899978638,"32":65.1699981689,"33":65.3600006104,"34":65.4300003052,"35":63.0099983215,"36":58.8100013733,"37":57.3699989319,"38":52.9599990845,"39":50.4599990845,"40":50.0299987793,"41":47.3699989319,"42":49.6899986267,"43":43.4599990845,"44":45.2099990845,"45":43.1899986267,"46":46.7799987793,"47":45.7000007629,"48":35.0800018311,"49":37.9500007629,"50":32.5299987793,"51":32.5299987793,"52":25.1299991608,"53":24.1800003052,"54":23.5599994659,"55":24.0300006866,"56":28.9099998474,"57":29.8400001526,"58":32.4900016785,"59":29.8700008392,"60":28.3299999237,"61":28.4699993134,"62":26.3500003815,"63":24.6599998474,"64":24.6900005341,"65":26.6700000763,"66":29.0300006866,"67":29.1399993896,"68":31.6100006104,"69":29.5100002289,"70":31.0499992371,"71":30.0799999237,"72":28.2600002289,"73":29.9300003052,"74":29.2299995422,"75":28.2900009155,"76":27.5300006866,"77":28.2000007629,"78":28.0100002289,"79":29.0900001526,"80":29.0900001526},"Volume":{"0":1396600,"1":1404600,"2":1342700,"3":1041500,"4":1438500,"5":1140400,"6":1007600,"7":629500,"8":994700,"9":782300,"10":966200,"11":943900,"12":1636300,"13":1398000,"14":1409800,"15":1127200,"16":1778300,"17":2214700,"18":2466200,"19":2127200,"20":1581600,"21":1696900,"22":1513900,"23":1332200,"24":1531100,"25":1338900,"26":812900,"27":788300,"28":932600,"29":1538600,"30":1006300,"31":1265900,"32":863800,"33":786900,"34":926500,"35":1285400,"36":1685800,"37":1813900,"38":2704600,"39":3535300,"40":3075000,"41":3415200,"42":3480600,"43":3859200,"44":5041700,"45":3413800,"46":3140000,"47":3184800,"48":4731500,"49":3947800,"50":4456900,"51":3707600,"52":5067400,"53":2901100,"54":4062500,"55":3694600,"56":4750600,"57":7739400,"58":4914800,"59":3546900,"60":2841700,"61":2667000,"62":3350000,"63":3065200,"64":2707500,"65":3724700,"66":3766500,"67":2940100,"68":4210900,"69":3181800,"70":2789900,"71":4253000,"72":3274700,"73":2491800,"74":1812500,"75":1884200,"76":2600500,"77":2399900,"78":3054900,"79":864746,"80":864746}}