{"Open":{"0":109.3600006104,"1":106.3600006104,"2":105.6500015259,"3":104.9499969482,"4":106.9400024414,"5":109.2099990845,"6":111.2200012207,"7":109.7099990845,"8":113.5,"9":112.5199966431,"10":113.5100021362,"11":113.1500015259,"12":113.8600006104,"13":113.2699966431,"14":111.0599975586,"15":109.0500030518,"16":104.0800018311,"17":106.9199981689,"18":107.1299972534,"19":106.0,"20":101.3600006104,"21":100.0899963379,"22":103.0,"23":104.5,"24":104.6299972534,"25":102.9700012207,"26":100.1399993896,"27":101.1399993896,"28":102.4899978638,"29":105.3000030518,"30":104.4599990845,"31":102.8499984741,"32":102.3799972534,"33":102.9599990845,"34":102.1500015259,"35":100.7699966431,"36":100.4599990845,"37":96.9899978638,"38":93.0,"39":90.0,"40":90.4800033569,"41":93.7799987793,"42":94.7699966431,"43":93.5,"44":91.0199966431,"45":86.5,"46":88.8899993896,"47":86.4100036621,"48":78.2399978638,"49":80.7799987793,"50":73.6900024414,"51":76.9000015259,"52":78.6500015259,"53":82.5100021362,"54":84.6299972534,"55":81.8899993896,"56":82.9800033569,"57":85.0899963379,"58":83.7300033569,"59":85.0199966431,"60":85.4300003052,"61":86.9599990845,"62":87.5,"63":88.75,"64":91.1500015259,"65":91.5699996948,"66":96.7699966431,"67":95.5,"68":97.9100036621,"69":96.3799972534,"70":97.3399963379,"71":98.4000015259,"72":97.5199966431,"73":101.5400009155,"74":103.6200027466,"75":105.9899978638,"76":105.4300003052,"77":104.0,"78":104.2799987793,"79":110.0,"80":110.0},"High":{"0":109.8000030518,"1":107.3799972534,"2":107.7699966431,"3":108.5899963379,"4":109.1900024414,"5":111.1999969482,"6":111.2200012207,"7":114.1399993896,"8":113.5,"9":114.3600006104,"10":113.8099975586,"11":114.3499984741,"12":114.5,"13":113.5400009155,"14":111.2799987793,"15":109.1500015259,"16":106.2300033569,"17":107.1500015259,"18":108.9100036621,"19":106.9400024414,"20":102.7399978638,"21":101.8099975586,"22":104.3099975586,"23":105.9499969482,"24":104.9400024414,"25":103.7699966431,"26":102.9100036621,"27":102.6600036621,"28":105.2300033569,"29":106.5,"30":104.5199966431,"31":103.3499984741,"32":103.6100006104,"33":103.2900009155,"34":103.2099990845,"35":102.1500015259,"36":100.8499984741,"37":97.9700012207,"38":95.0400009155,"39":94.0800018311,"40":96.4800033569,"41":97.1600036621,"42":97.2799987793,"43":95.8899993896,"44":92.3899993896,"45":90.3899993896,"46":89.3600006104,"47":88.4100036621,"48":81.9899978638,"49":82.4000015259,"50":81.5599975586,"51":82.6500015259,"52":84.9199981689,"53":87.9199981689,"54":85.8399963379,"55":83.4300003052,"56":87.0,"57":86.7600021362,"58":86.3899993896,"59":86.6200027466,"60":87.5599975586,"61":91.5299987793,"62":92.3600006104,"63":90.6900024414,"64":92.1100006104,"65":96.0500030518,"66":98.9499969482,"67":99.1100006104,"68":99.2799987793,"69":97.1200027466,"70":100.1100006104,"71":98.4000015259,"72":99.9800033569,"73":103.8700027466,"74":109.1299972534,"75":106.2099990845,"76":105.8700027466,"77":106.2399978638,"78":108.5500030518,"79":111.6600036621,"80":111.6600036621},"Low":{"0":107.1600036621,"1":105.1800003052,"2":104.5599975586,"3":104.5800018311,"4":105.7300033569,"5":108.8300018311,"6":108.7699966431,"7":107.6200027466,"8":110.5999984741,"9":112.1999969482,"10":111.3799972534,"11":112.4700012207,"12":112.6800003052,"13":110.1200027466,"14":108.0199966431,"15":104.6399993896,"16":103.2399978638,"17":105.7699966431,"18":106.8499984741,"19":99.9800033569,"20":98.75,"21":99.3199996948,"22":101.5,"23":103.0299987793,"24":102.0800018311,"25":100.3700027466,"26":99.8199996948,"27":100.8300018311,"28":101.5699996948,"29":103.1800003052,"30":102.2300033569,"31":101.5,"32":101.9499969482,"33":100.9499969482,"34":101.5199966431,"35":97.75,"36":94.7699966431,"37":94.4300003052,"38":90.9100036621,"39":89.6999969482,"40":90.4800033569,"41":91.7900009155,"42":94.1200027466,"43":93.0400009155,"44":89.3099975586,"45":85.0699996948,"46":84.5100021362,"47":82.1800003052,"48":73.9800033569,"49":77.5199966431,"50":72.6699981689,"51":75.5699996948,"52":77.8099975586,"53":81.2900009155,"54":79.5500030518,"55":77.2300033569,"56":81.0999984741,"57":83.2699966431,"58":83.6900024414,"59":83.3000030518,"60":83.5400009155,"61":85.6299972534,"62":87.0999984741,"63":87.5599975586,"64":88.9199981689,"65":90.5500030518,"66":94.0,"67":95.3499984741,"68":94.2300033569,"69":95.0,"70":97.3399963379,"71":95.8600006104,"72":97.0999984741,"73":99.9400024414,"74":102.9899978638,"75":103.1399993896,"76":101.8499984741,"77":103.6900024414,"78":104.2699966431,"79":109.6750030518,"80":109.6750030518},"Close":{"0":107.8399963379,"1":106.4100036621,"2":106.5800018311,"3":106.8499984741,"4":108.5800018311,"5":110.7399978638,"6":109.4800033569,"7":113.9199981689,"8":112.7900009155,"9":112.5299987793,"10":112.5100021362,"11":113.2699966431,"12":113.0100021362,"13":111.4000015259,"14":108.5500030518,"15":105.2699966431,"16":105.3000030518,"17":106.9700012207,"18":106.9400024414,"19":100.3000030518,"20":99.3899993896,"21":100.8499984741,"22":102.9400024414,"23":103.6500015259,"24":104.0400009155,"25":100.5599975586,"26":101.0100021362,"27":102.4599990845,"28":105.1900024414,"29":103.4199981689,"30":102.5599975586,"31":102.1600036621,"32":103.2099990845,"33":102.5400009155,"34":103.1399993896,"35":99.0199966431,"36":96.1399993896,"37":94.7799987793,"38":92.0899963379,"39":94.0299987793,"40":96.1600036621,"41":93.7200012207,"42":97.2200012207,"43":94.1800003052,"44":91.9800033569,"45":86.4199981689,"46":88.8399963379,"47":83.7699966431,"48":76.7099990845,"49":80.4400024414,"50":75.5599975586,"51":82.3600006104,"52":82.5,"53":83.5,"54":80.3499984741,"55":81.1299972534,"56":85.9300003052,"57":84.4700012207,"58":86.1399993896,"59":84.0100021362,"60":87.2600021362,"61":89.7900009155,"62":89.9300003052,"63":90.3499984741,"64":89.7699966431,"65":95.9100036621,"66":94.7200012207,"67":98.5599975586,"68":96.2300033569,"69":96.5400009155,"70":99.4000015259,"71":96.9400024414,"72":98.5999984741,"73":103.4800033569,"74":106.7200012207,"75":103.3899993896,"76":103.9100036621,"77":104.1399993896,"78":108.1200027466,"79":110.5599975586,"80":110.5599975586},"Volume":{"0":1466000,"1":1316000,"2":1661300,"3":2991600,"4":1736500,"5":1788200,"6":1080100,"7":2400600,"8":2290000,"9":2015600,"10":1375500,"11":1938400,"12":1335600,"13":1420700,"14":1760100,"15":2071600,"16":1594700,"17":1435200,"18":1794500,"19":3943600,"20":3648800,"21":1484400,"22":1898300,"23":2533300,"24":1583300,"25":2251000,"26":2078100,"27":1409100,"28":3422000,"29":1943700,"30":1577900,"31":2522000,"32":3179600,"33":1652200,"34":1728500,"35":3052700,"36":3976000,"37":2586300,"38":2861000,"39":3320400,"40":3571000,"41":2455400,"42":2554000,"43":1831100,"44":2859800,"45":3089700,"46":3233100,"47":3239400,"48":4875200,"49":4517200,"50":4031900,"51":4390000,"52":3875700,"53":3321600,"54":2875000,"55":3492100,"56":2920200,"57":2355800,"58":2851000,"59":2538300,"60":3507400,"61":3039600,"62":2755700,"63":2325700,"64":1693900,"65":2826300,"66":3294200,"67":2464700,"68":3281300,"69":1712500,"70":2041800,"71":1711900,"72":3290000,"73":3952900,"74":3703300,"75":1698400,"76":1382800,"77":1295400,"78":1888800,"79":983220,"80":983220}}