{"Open":{"0":61.8052356658,"1":60.4993522957,"2":59.6619908898,"3":60.0806720746,"4":61.506180508,"5":62.0046104438,"6":62.3335689599,"7":61.2868681093,"8":61.8949550763,"9":62.104295021,"10":62.3933851435,"11":63.5896145727,"12":62.5429145832,"13":63.4998987566,"14":63.9285444911,"15":64.5964441019,"16":59.7616762505,"17":59.5722698286,"18":59.8812985543,"19":61.3466823692,"20":59.6320839722,"21":58.4956680908,"22":61.217089005,"23":63.7790175377,"24":63.818887746,"25":62.6425989754,"26":60.8881272083,"27":63.4002073906,"28":64.726029742,"29":66.5403158617,"30":67.248083776,"31":64.2300033569,"32":66.5,"33":67.0,"34":65.9100036621,"35":61.1300010681,"36":61.9199981689,"37":59.5800018311,"38":57.2000007629,"39":54.1899986267,"40":58.7000007629,"41":59.9700012207,"42":59.4399986267,"43":58.5600013733,"44":57.0,"45":52.8100013733,"46":54.4000015259,"47":54.2799987793,"48":48.7799987793,"49":48.6699981689,"50":44.0499992371,"51":41.7599983215,"52":40.5699996948,"53":38.6800003052,"54":41.4900016785,"55":38.6399993896,"56":44.2400016785,"57":44.9300003052,"58":46.2299995422,"59":47.7000007629,"60":45.4000015259,"61":47.1699981689,"62":43.8300018311,"63":42.5,"64":43.4599990845,"65":44.8400001526,"66":48.0,"67":48.6300010681,"68":52.0,"69":49.2999992371,"70":51.4099998474,"71":51.3100013733,"72":51.8699989319,"73":53.6399993896,"74":52.0999984741,"75":49.9000015259,"76":50.0999984741,"77":51.75,"78":51.2200012207,"79":52.5,"80":52.5},"High":{"0":62.4531953027,"1":61.5360862419,"2":60.2700752972,"3":61.9049214504,"4":62.0046098414,"5":62.652566302,"6":62.5130038176,"7":61.7553928822,"8":63.3503678243,"9":62.1740748244,"10":63.0313740924,"11":63.6095522022,"12":63.6892997713,"13":64.3970692882,"14":64.0581409871,"15":64.7260329895,"16":60.2601055707,"17":60.1604165701,"18":60.4694453075,"19":61.8351409792,"20":59.6619885148,"21":60.0607359261,"22":63.4500540345,"23":64.2375754181,"24":63.9584549547,"25":62.7821585808,"26":62.7622187028,"27":64.4967503632,"28":65.4736736982,"29":69.2218681032,"30":67.6867040168,"31":66.0,"32":67.7399978638,"33":67.3499984741,"34":66.1299972534,"35":61.8499984741,"36":62.2799987793,"37":60.7599983215,"38":58.5,"39":58.1800003052,"40":60.1899986267,"41":61.3800010681,"42":60.6500015259,"43":60.4399986267,"44":58.4799995422,"45":55.3300018311,"46":56.1699981689,"47":54.9900016785,"48":50.3600006104,"49":51.2299995422,"50":46.7000007629,"51":46.0699996948,"52":41.7599983215,"53":42.0699996948,"54":43.2599983215,"55":41.5400009155,"56":46.2400016785,"57":48.2200012207,"58":49.3899993896,"59":48.1300010681,"60":47.5099983215,"61":47.2799987793,"62":46.1800003052,"63":44.4599990845,"64":43.6199989319,"65":46.4500007629,"66":48.9700012207,"67":51.6199989319,"68":52.7400016785,"69":49.9700012207,"70":52.8400001526,"71":51.3100013733,"72":52.5699996948,"73":53.9000015259,"74":52.4900016785,"75":50.0499992371,"76":52.4300003052,"77":52.2200012207,"78":51.8800010681,"79":52.7200012207,"80":52.7200012207},"Low":{"0":61.5061788344,"1":60.3697634044,"2":59.1137193725,"3":59.9510793836,"4":61.0575933473,"5":61.0177186808,"6":61.0077489585,"7":61.1473085096,"8":61.8849881628,"9":61.1572785142,"10":62.2737631662,"11":62.3335705368,"12":62.4531971509,"13":63.4201482368,"14":62.9316896125,"15":61.4164625481,"16":58.6352249222,"17":58.7349084304,"18":59.3031225171,"19":59.2333392885,"20":57.3492767575,"21":58.4757304608,"22":61.007749603,"23":62.6725038006,"24":62.8519374365,"25":61.4364008973,"26":60.8881272083,"27":63.1410258198,"28":64.4170060071,"29":65.7428258878,"30":66.3409463572,"31":63.8499984741,"32":66.2699966431,"33":65.2200012207,"34":63.6300010681,"35":60.4000015259,"36":58.4799995422,"37":59.3100013733,"38":56.4000015259,"39":54.0800018311,"40":57.0,"41":57.5600013733,"42":58.2700004578,"43":58.2599983215,"44":56.25,"45":52.0,"46":52.5699996948,"47":51.4099998474,"48":45.0999984741,"49":45.3499984741,"50":40.4099998474,"51":39.7700004578,"52":36.6399993896,"53":36.8600006104,"54":37.7999992371,"55":37.9199981689,"56":43.0299987793,"57":43.7700004578,"58":45.3400001526,"59":44.8400001526,"60":45.3300018311,"61":45.1500015259,"62":42.8300018311,"63":42.1300010681,"64":41.5800018311,"65":44.6399993896,"66":46.2999992371,"67":48.5200004578,"68":48.6800003052,"69":48.3699989319,"70":51.0800018311,"71":49.75,"72":50.7999992371,"73":52.2700004578,"74":50.6100006104,"75":48.2099990845,"76":49.8100013733,"77":50.5900001526,"78":49.9399986267,"79":51.4599990845,"80":51.4599990845},"Close":{"0":62.0046081543,"1":61.0177192688,"2":59.7018661499,"3":61.4264297485,"4":61.3865585327,"5":61.7753334045,"6":61.2769012451,"7":61.6158332825,"8":62.1541366577,"9":61.735458374,"10":63.0114364624,"11":62.6525650024,"12":63.0014686584,"13":63.6893005371,"14":63.6893005371,"15":61.8052368164,"16":58.8645019531,"17":60.000919342,"18":59.6320838928,"19":60.0607337952,"20":57.8078346252,"21":59.5324020386,"22":62.8120613098,"23":63.5995826721,"24":62.9914970398,"25":61.5161476135,"26":62.7223434448,"27":64.2475357056,"28":65.1646499634,"29":67.1583709717,"30":66.6399993896,"31":65.1600036621,"32":67.4100036621,"33":66.4000015259,"34":64.2699966431,"35":61.0800018311,"36":58.8600006104,"37":59.8100013733,"38":57.0,"39":58.1199989319,"40":60.1599998474,"41":58.0400009155,"42":60.5200004578,"43":59.1300010681,"44":57.7900009155,"45":52.0699996948,"46":56.1699981689,"47":52.4900016785,"48":45.1100006104,"49":50.8899993896,"50":40.5299987793,"51":44.8600006104,"52":39.1800003052,"53":40.1899986267,"54":37.9900016785,"55":40.1699981689,"56":45.1399993896,"57":44.7299995422,"58":49.2000007629,"59":45.0499992371,"60":47.2999992371,"61":45.8199996948,"62":43.2999992371,"63":43.2400016785,"64":42.2799987793,"65":46.1500015259,"66":47.5600013733,"67":51.4599990845,"68":49.5900001526,"69":49.8800010681,"70":52.4700012207,"71":50.3699989319,"72":52.2299995422,"73":53.2000007629,"74":50.6300010681,"75":48.3300018311,"76":52.1100006104,"77":50.9000015259,"78":51.7400016785,"79":51.9199981689,"80":51.9199981689},"Volume":{"0":6647900,"1":5415200,"2":8586000,"3":7970400,"4":4364400,"5":5713500,"6":4456100,"7":4111100,"8":7998000,"9":6314100,"10":5733800,"11":6327800,"12":5777400,"13":5598700,"14":6540700,"15":8007500,"16":9350600,"17":6228100,"18":6515300,"19":9656100,"20":10132200,"21":7850000,"22":12322100,"23":8252100,"24":4870600,"25":6093200,"26":5121100,"27":6203800,"28":11592200,"29":21742700,"30":8104000,"31":10208500,"32":8502600,"33":7535900,"34":9658100,"35":11223700,"36":9942500,"37":10851500,"38":15746200,"39":14945300,"40":10795200,"41":14036600,"42":7925800,"43":9842500,"44":8958500,"45":10305900,"46":10107400,"47":12974200,"48":18043700,"49":15539300,"50":13763000,"51":16361200,"52":18870000,"53":13066600,"54":13967100,"55":15138400,"56":16338500,"57":11550700,"58":11864900,"59":10624200,"60":7839200,"61":11068000,"62":10665900,"63":8764600,"64":9488600,"65":12046500,"66":11962600,"67":14429000,"68":11659100,"69":5750000,"70":8025500,"71":7206700,"72":8878100,"73":9367600,"74":7041200,"75":9359600,"76":7790200,"77":9048300,"78":7663900,"79":2089647,"80":2089647}}