{"Open":{"0":46.8600006104,"1":48.0299987793,"2":48.0200004578,"3":49.3499984741,"4":47.8499984741,"5":48.9399986267,"6":49.2599983215,"7":48.6599998474,"8":48.6399993896,"9":48.2299995422,"10":49.1699981689,"11":50.2000007629,"12":50.9599990845,"13":51.6300010681,"14":51.3400001526,"15":52.2799987793,"16":48.4500007629,"17":50.0299987793,"18":47.8400001526,"19":46.4900016785,"20":48.4000015259,"21":46.4000015259,"22":49.2099990845,"23":50.2900009155,"24":48.7999992371,"25":48.9099998474,"26":49.4700012207,"27":53.2200012207,"28":54.5299987793,"29":53.4300003052,"30":55.1899986267,"31":54.9399986267,"32":57.9900016785,"33":58.4399986267,"34":56.7099990845,"35":48.1800003052,"36":51.1399993896,"37":47.7000007629,"38":45.3800010681,"39":41.3600006104,"40":47.4199981689,"41":49.0299987793,"42":48.25,"43":48.6800003052,"44":49.4399986267,"45":43.0299987793,"46":45.4099998474,"47":44.1899986267,"48":42.0,"49":42.2000007629,"50":39.0800018311,"51":40.1899986267,"52":39.5400009155,"53":39.5600013733,"54":41.5099983215,"55":40.6199989319,"56":44.0400009155,"57":46.7900009155,"58":45.7799987793,"59":46.3199996948,"60":47.2400016785,"61":47.9300003052,"62":44.1800003052,"63":43.4000015259,"64":44.2999992371,"65":44.2999992371,"66":48.9599990845,"67":48.0699996948,"68":49.6500015259,"69":48.4700012207,"70":52.2400016785,"71":53.7299995422,"72":55.9599990845,"73":57.3499984741,"74":55.9799995422,"75":56.9000015259,"76":54.9099998474,"77":56.6500015259,"78":55.0999984741,"79":57.4399986267,"80":57.4399986267},"High":{"0":49.25,"1":49.3899993896,"2":48.8600006104,"3":49.3899993896,"4":48.2999992371,"5":49.9599990845,"6":49.2900009155,"7":48.8600006104,"8":49.0400009155,"9":49.0800018311,"10":50.3100013733,"11":51.0499992371,"12":51.8100013733,"13":51.8800010681,"14":51.75,"15":52.8100013733,"16":49.7900009155,"17":50.8499984741,"18":48.0699996948,"19":48.8100013733,"20":48.5800018311,"21":48.0999984741,"22":49.75,"23":50.4199981689,"24":49.3899993896,"25":50.6699981689,"26":52.2999992371,"27":54.4799995422,"28":54.8499984741,"29":55.0299987793,"30":55.4000015259,"31":58.1300010681,"32":59.2700004578,"33":59.0200004578,"34":56.7999992371,"35":50.2799987793,"36":51.2400016785,"37":49.2900009155,"38":46.2400016785,"39":46.1500015259,"40":47.6800003052,"41":50.2000007629,"42":50.1399993896,"43":49.7200012207,"44":49.5400009155,"45":46.3400001526,"46":45.4399986267,"47":45.9700012207,"48":42.5,"49":43.9099998474,"50":43.3699989319,"51":42.8800010681,"52":41.9500007629,"53":41.7000007629,"54":42.4799995422,"55":42.3199996948,"56":46.8100013733,"57":47.8800010681,"58":47.5,"59":47.9799995422,"60":48.4599990845,"61":48.5299987793,"62":46.8499984741,"63":45.2799987793,"64":44.8400001526,"65":47.5800018311,"66":49.6500015259,"67":49.0,"68":50.25,"69":51.0699996948,"70":55.1399993896,"71":55.5699996948,"72":58.0800018311,"73":57.7599983215,"74":58.6300010681,"75":57.7299995422,"76":56.1500015259,"77":57.2900009155,"78":56.7799987793,"79":58.0,"80":58.0},"Low":{"0":46.6300010681,"1":47.5400009155,"2":47.8600006104,"3":48.0400009155,"4":47.1399993896,"5":48.3899993896,"6":48.0,"7":48.2400016785,"8":47.9099998474,"9":48.1199989319,"10":48.9900016785,"11":49.9000015259,"12":50.7000007629,"13":51.2000007629,"14":50.7400016785,"15":49.4700012207,"16":47.9000015259,"17":49.4799995422,"18":46.0999984741,"19":46.1300010681,"20":46.7900009155,"21":46.2299995422,"22":48.6100006104,"23":49.3100013733,"24":47.6300010681,"25":48.6399993896,"26":49.3499984741,"27":52.9099998474,"28":53.5299987793,"29":53.3400001526,"30":54.5600013733,"31":54.8400001526,"32":57.5099983215,"33":56.1500015259,"34":52.8899993896,"35":47.4900016785,"36":47.1199989319,"37":47.0699996948,"38":42.2099990845,"39":41.0400009155,"40":44.6599998474,"41":45.6699981689,"42":47.2099990845,"43":47.5099983215,"44":46.7400016785,"45":42.5099983215,"46":43.0999984741,"47":43.7999992371,"48":39.0,"49":39.5999984741,"50":38.5099983215,"51":38.2999992371,"52":36.75,"53":37.6899986267,"54":39.5800018311,"55":38.9500007629,"56":43.9900016785,"57":44.4300003052,"58":45.4000015259,"59":45.9000015259,"60":46.6599998474,"61":45.1599998474,"62":43.1599998474,"63":43.0999984741,"64":41.7000007629,"65":44.0600013733,"66":46.6800003052,"67":47.6100006104,"68":47.7200012207,"69":48.2299995422,"70":52.1100006104,"71":53.4099998474,"72":55.6300010681,"73":55.5499992371,"74":55.8499984741,"75":51.4099998474,"76":54.3400001526,"77":55.6399993896,"78":54.4199981689,"79":56.3599014282,"80":56.3599014282},"Close":{"0":49.0999984741,"1":48.5999984741,"2":48.3899993896,"3":48.25,"4":47.8300018311,"5":48.9700012207,"6":48.1699981689,"7":48.75,"8":48.2099990845,"9":48.5499992371,"10":49.7700004578,"11":50.9300003052,"12":51.0499992371,"13":51.4300003052,"14":51.7099990845,"15":50.3499984741,"16":49.2599983215,"17":50.5299987793,"18":47.5099983215,"19":48.7799987793,"20":47.0,"21":48.0200004578,"22":49.4500007629,"23":49.8400001526,"24":49.3199996948,"25":49.7299995422,"26":52.2599983215,"27":53.7999992371,"28":53.8899993896,"29":54.5299987793,"30":55.3100013733,"31":56.8899993896,"32":58.9000015259,"33":57.2700004578,"34":53.2799987793,"35":49.1199989319,"36":47.5699996948,"37":47.4900016785,"38":44.0099983215,"39":45.4799995422,"40":47.4599990845,"41":46.75,"42":50.1100006104,"43":48.1100006104,"44":48.5900001526,"45":43.2700004578,"46":45.3800010681,"47":45.7000007629,"48":39.0099983215,"49":43.9000015259,"50":38.7099990845,"51":41.8800010681,"52":39.1199989319,"53":39.8199996948,"54":39.6100006104,"55":41.6399993896,"56":46.2200012207,"57":44.6300010681,"58":47.5,"59":46.5800018311,"60":47.8600006104,"61":45.4799995422,"62":43.6599998474,"63":44.4900016785,"64":42.5900001526,"65":47.5200004578,"66":47.5600013733,"67":48.7900009155,"68":48.3800010681,"69":50.9399986267,"70":54.9300003052,"71":54.9900016785,"72":56.9500007629,"73":56.5999984741,"74":56.9700012207,"75":52.9199981689,"76":55.9199981689,"77":55.9000015259,"78":56.1800003052,"79":57.029800415,"80":57.029800415},"Volume":{"0":80331100,"1":73127400,"2":47934900,"3":58061400,"4":53767000,"5":76512800,"6":44133700,"7":34266800,"8":38563200,"9":40199900,"10":58898900,"11":57722500,"12":49095000,"13":40772200,"14":40135400,"15":80004900,"16":48878600,"17":62343800,"18":112349900,"19":70460200,"20":60322400,"21":47077000,"22":46302100,"23":42737100,"24":48670600,"25":53107600,"26":60971700,"27":74719100,"28":45994900,"29":51640000,"30":52365400,"31":70133200,"32":58597300,"33":74203400,"34":88271100,"35":86624100,"36":88699400,"37":86378400,"38":106416200,"39":100667700,"40":102324700,"41":141972300,"42":93311800,"43":98302700,"44":124590900,"45":80859800,"46":76228200,"47":101601100,"48":107461500,"49":86689700,"50":84545900,"51":92741900,"52":106949300,"53":88939000,"54":106859500,"55":101704700,"56":106794200,"57":93760400,"58":73680200,"59":74599200,"60":68486600,"61":83483700,"62":92083100,"63":79024100,"64":79335000,"65":82294000,"66":102098700,"67":64930800,"68":80357400,"69":64290100,"70":85306800,"71":83814000,"72":103106500,"73":76908800,"74":72367300,"75":123906400,"76":63164100,"77":69662700,"78":72761000,"79":36374165,"80":36374165}}