{"Open":{"0":1875.0,"1":1864.5,"2":1860.0,"3":1904.5,"4":1898.0400390625,"5":1909.8900146484,"6":1905.3699951172,"7":1891.3100585938,"8":1885.8800048828,"9":1872.25,"10":1882.9899902344,"11":1885.8900146484,"12":1865.0,"13":1896.0899658203,"14":1885.1099853516,"15":1891.3699951172,"16":1820.0,"17":1840.5,"18":1864.0,"19":1858.0,"20":2051.4699707031,"21":2010.5999755859,"22":2029.8800048828,"23":2071.0200195312,"24":2041.0200195312,"25":2041.9899902344,"26":2085.0100097656,"27":2150.8999023438,"28":2163.1999511719,"29":2144.9899902344,"30":2155.6799316406,"31":2125.0200195312,"32":2167.8000488281,"33":2173.0700683594,"34":2142.1499023438,"35":2003.1800537109,"36":2026.4200439453,"37":1970.2800292969,"38":1934.3800048828,"39":1814.6300048828,"40":1906.4899902344,"41":1975.3699951172,"42":1946.5699462891,"43":1933.0,"44":1875.0,"45":1773.8599853516,"46":1870.8800048828,"47":1857.8499755859,"48":1721.9799804688,"49":1755.0,"50":1641.5100097656,"51":1775.4699707031,"52":1750.0,"53":1860.0,"54":1926.3100585938,"55":1827.75,"56":1951.5,"57":1920.6899414062,"58":1902.0,"59":1930.8599853516,"60":1922.8299560547,"61":1964.3499755859,"62":1932.9699707031,"63":1901.6400146484,"64":1911.1500244141,"65":1936.0,"66":2017.1099853516,"67":2021.0,"68":2044.3000488281,"69":2040.0,"70":2200.4699707031,"71":2257.6799316406,"72":2346.0,"73":2372.330078125,"74":2389.9499511719,"75":2416.6101074219,"76":2369.0,"77":2399.9799804688,"78":2417.0,"79":2443.1999511719,"80":2443.1999511719},"High":{"0":1898.0100097656,"1":1886.1999511719,"2":1903.6899414062,"3":1913.8900146484,"4":1911.0,"5":1917.8199462891,"6":1906.9399414062,"7":1898.0,"8":1887.1099853516,"9":1878.8599853516,"10":1885.5899658203,"11":1886.6400146484,"12":1894.2700195312,"13":1902.5,"14":1889.9799804688,"15":1894.9899902344,"16":1841.0,"17":1858.1099853516,"18":1874.75,"19":1872.8699951172,"20":2055.7199707031,"21":2048.5,"22":2059.8000488281,"23":2071.0200195312,"24":2056.3000488281,"25":2098.5300292969,"26":2135.6000976562,"27":2185.9499511719,"28":2180.25,"29":2170.2800292969,"30":2159.0400390625,"31":2166.0700683594,"32":2185.1000976562,"33":2176.7900390625,"34":2144.5500488281,"35":2039.3000488281,"36":2034.5999755859,"37":2014.6700439453,"38":1975.0,"39":1889.7600097656,"40":1954.5100097656,"41":1996.3299560547,"42":1978.0,"43":1960.7199707031,"44":1910.8699951172,"45":1862.7700195312,"46":1894.2700195312,"47":1871.3199462891,"48":1765.0,"49":1786.3100585938,"50":1759.4499511719,"51":1857.7800292969,"52":1841.6600341797,"53":1945.0,"54":1957.0,"55":1919.4000244141,"56":1955.0,"57":1950.2600097656,"58":1956.4899902344,"59":1939.7900390625,"60":1973.6300048828,"61":1993.0200195312,"62":1944.9599609375,"63":1927.5300292969,"64":1926.3299560547,"65":1998.5200195312,"66":2035.7199707031,"67":2044.0,"68":2053.0,"69":2180.0,"70":2292.0,"71":2333.3701171875,"72":2461.0,"73":2400.0,"74":2444.9799804688,"75":2428.3100585938,"76":2394.0,"77":2424.2199707031,"78":2420.4299316406,"79":2444.8798828125,"80":2444.8798828125},"Low":{"0":1864.1500244141,"1":1864.5,"2":1860.0,"3":1892.0400390625,"4":1886.4399414062,"5":1895.8000488281,"6":1880.0,"7":1880.8000488281,"8":1858.5500488281,"9":1855.0899658203,"10":1866.0200195312,"11":1857.25,"12":1860.0,"13":1883.3399658203,"14":1872.7600097656,"15":1847.4399414062,"16":1815.3399658203,"17":1830.0200195312,"18":1855.0200195312,"19":1850.6099853516,"20":2002.2700195312,"21":2000.25,"22":2015.3699951172,"23":2032.0,"24":2024.8000488281,"25":2038.0999755859,"26":2084.9599609375,"27":2136.0,"28":2155.2900390625,"29":2142.0,"30":2125.8898925781,"31":2124.1101074219,"32":2161.1201171875,"33":2127.4499511719,"34":2088.0,"35":1987.9699707031,"36":1958.4200439453,"37":1960.4499511719,"38":1882.7600097656,"39":1811.1300048828,"40":1870.0,"41":1888.0899658203,"42":1922.0,"43":1910.0,"44":1869.5,"45":1761.2900390625,"46":1818.1700439453,"47":1801.5,"48":1675.0,"49":1680.6199951172,"50":1626.0300292969,"51":1689.2399902344,"52":1745.0,"53":1832.6500244141,"54":1820.7299804688,"55":1812.0,"56":1900.3399658203,"57":1885.7800292969,"58":1889.2900390625,"59":1899.9200439453,"60":1912.3399658203,"61":1944.0100097656,"62":1893.0,"63":1890.0,"64":1889.1500244141,"65":1930.0200195312,"66":1997.6199951172,"67":2011.1500244141,"68":2017.6600341797,"69":2038.0,"70":2186.2099609375,"71":2245.0,"72":2335.0,"73":2316.0200195312,"74":2386.0500488281,"75":2279.6599121094,"76":2351.0,"77":2382.080078125,"78":2382.0,"79":2397.0600585938,"80":2397.0600585938},"Close":{"0":1898.0100097656,"1":1874.9699707031,"2":1902.8800048828,"3":1906.8599853516,"4":1891.9699707031,"5":1901.0500488281,"6":1883.1600341797,"7":1891.3000488281,"8":1869.4399414062,"9":1862.0200195312,"10":1877.9399414062,"11":1864.7199707031,"12":1892.0,"13":1887.4599609375,"14":1884.5799560547,"15":1861.6400146484,"16":1828.3399658203,"17":1853.25,"18":1858.0,"19":1870.6800537109,"20":2008.7199707031,"21":2004.1999511719,"22":2049.669921875,"23":2039.8699951172,"24":2050.2299804688,"25":2079.2800292969,"26":2133.9099121094,"27":2150.8000488281,"28":2160.0,"29":2149.8701171875,"30":2134.8701171875,"31":2155.669921875,"32":2170.2199707031,"33":2153.1000976562,"34":2095.9699707031,"35":2009.2900390625,"36":1972.7399902344,"37":1979.5899658203,"38":1884.3000488281,"39":1883.75,"40":1953.9499511719,"41":1908.9899902344,"42":1975.8299560547,"43":1924.0300292969,"44":1901.0899658203,"45":1800.6099853516,"46":1891.8199462891,"47":1820.8599853516,"48":1676.6099853516,"49":1785.0,"50":1689.1500244141,"51":1807.8399658203,"52":1830.0,"53":1880.9300537109,"54":1846.0899658203,"55":1902.8299560547,"56":1940.0999755859,"57":1885.8399658203,"58":1955.4899902344,"59":1900.0999755859,"60":1963.9499511719,"61":1949.7199707031,"62":1907.6999511719,"63":1918.8299560547,"64":1906.5899658203,"65":1997.5899658203,"66":2011.5999755859,"67":2043.0,"68":2042.7600097656,"69":2168.8701171875,"70":2283.3200683594,"71":2307.6799316406,"72":2408.1899414062,"73":2375.0,"74":2393.6101074219,"75":2328.1201171875,"76":2363.4899902344,"77":2399.4499511719,"78":2410.2199707031,"79":2399.404296875,"80":2399.404296875},"Volume":{"0":4029000,"1":3764400,"2":4061800,"3":4044900,"4":3508000,"5":3167300,"6":2853700,"7":2780800,"8":3440900,"9":2896600,"10":2659500,"11":3997300,"12":3707800,"13":3216300,"14":2484600,"15":3766200,"16":3528500,"17":2808000,"18":2088000,"19":6327400,"20":15567300,"21":5899100,"22":5289300,"23":4376200,"24":3183000,"25":5095300,"26":5056200,"27":5746000,"28":3334300,"29":3031800,"30":2606200,"31":2945600,"32":2561200,"33":3131300,"34":4646300,"35":6547000,"36":6219100,"37":5224600,"38":8144000,"39":9493800,"40":6761700,"41":7534500,"42":4772900,"43":4748200,"44":5273600,"45":7813200,"46":7133300,"47":5624800,"48":11346200,"49":8809700,"50":8917300,"51":10917100,"52":9645200,"53":10399900,"54":9817900,"55":7808500,"56":7147100,"57":6479100,"58":6221300,"59":5387900,"60":6126100,"61":5123600,"62":4121900,"63":4336000,"64":3609900,"65":5773200,"66":5114000,"67":3977300,"68":4655600,"69":6716700,"70":8087200,"71":6866600,"72":12038200,"73":7930000,"74":5770700,"75":7476700,"76":4218300,"77":5066600,"78":3824900,"79":2488636,"80":2488636}}