{"Open":{"0":257.0100097656,"1":254.9600067139,"2":255.4600067139,"3":255.1100006104,"4":256.4100036621,"5":259.9800109863,"6":262.5700073242,"7":262.7399902344,"8":264.5700073242,"9":263.0199890137,"10":266.049987793,"11":269.200012207,"12":269.8999938965,"13":274.9700012207,"14":274.3699951172,"15":278.3099975586,"16":270.4800109863,"17":273.3500061035,"18":279.6700134277,"19":276.0199890137,"20":279.6700134277,"21":279.6600036621,"22":285.0,"23":292.3900146484,"24":284.7300109863,"25":285.4400024414,"26":283.2200012207,"27":287.5,"28":289.549987793,"29":291.75,"30":292.9400024414,"31":292.6000061035,"32":292.9400024414,"33":295.8900146484,"34":293.0100097656,"35":279.049987793,"36":278.8999938965,"37":268.1700134277,"38":241.8600006104,"39":234.0200042725,"40":242.0800018311,"41":256.9800109863,"42":254.2200012207,"43":251.0299987793,"44":239.5899963379,"45":222.5299987793,"46":231.1600036621,"47":222.1900024414,"48":201.5099945068,"49":215.0,"50":226.6300048828,"51":211.8899993896,"52":215.3999938965,"53":220.5099945068,"54":229.1699981689,"55":212.9700012207,"56":218.75,"57":214.8099975586,"58":214.4100036621,"59":226.5299987793,"60":226.3099975586,"61":234.5099945068,"62":223.1399993896,"63":209.5,"64":215.3399963379,"65":229.2100067139,"66":247.25,"67":241.4299926758,"68":243.1699981689,"69":234.8800048828,"70":247.3800048828,"71":251.0500030518,"72":255.9400024414,"73":261.5,"74":262.4400024414,"75":263.450012207,"76":260.3999938965,"77":261.7600097656,"78":264.3200073242,"79":264.1799926758,"80":264.1799926758},"High":{"0":259.6600036621,"1":258.1099853516,"2":255.8699951172,"3":258.3399963379,"4":258.8900146484,"5":261.799987793,"6":263.0599975586,"7":264.5199890137,"8":264.5700073242,"9":265.4299926758,"10":266.9100036621,"11":270.6000061035,"12":275.8800048828,"13":277.299987793,"14":278.7099914551,"15":280.2200012207,"16":273.4599914551,"17":279.1600036621,"18":280.9700012207,"19":280.3399963379,"20":279.7900085449,"21":282.7399902344,"22":289.7600097656,"23":293.4299926758,"24":287.7699890137,"25":287.5599975586,"26":287.7300109863,"27":289.1600036621,"28":292.8900146484,"29":293.4400024414,"30":292.9400024414,"31":292.6000061035,"32":299.0599975586,"33":296.75,"34":293.8999938965,"35":280.9100036621,"36":281.6300048828,"37":274.6499938965,"38":261.0899963379,"39":246.1699981689,"40":259.0799865723,"41":261.8699951172,"42":259.5,"43":254.8600006104,"44":241.7700042725,"45":231.5099945068,"46":232.7100067139,"47":225.1799926758,"48":219.2100067139,"49":235.5,"50":226.6300048828,"51":237.3999938965,"52":226.4299926758,"53":229.0200042725,"54":229.2700042725,"55":223.8699951172,"56":223.8300018311,"57":221.8399963379,"58":232.3899993896,"59":233.6300048828,"60":237.3600006104,"61":237.5700073242,"62":226.9299926758,"63":218.0,"64":219.6499938965,"65":244.1999969482,"66":252.0,"67":246.7400054932,"68":244.2299957275,"69":243.5899963379,"70":256.7200012207,"71":256.6099853516,"72":259.2099914551,"73":264.7900085449,"74":268.4400024414,"75":263.8800048828,"76":264.8599853516,"77":264.9899902344,"78":264.9299926758,"79":265.3299865723,"80":265.3299865723},"Low":{"0":256.25,"1":253.75,"2":252.6199951172,"3":253.5,"4":255.9100036621,"5":258.5199890137,"6":260.1400146484,"7":261.9400024414,"8":261.5700073242,"9":263.0199890137,"10":264.6900024414,"11":266.450012207,"12":268.6799926758,"13":274.3299865723,"14":273.5799865723,"15":275.3399963379,"16":268.1600036621,"17":271.0,"18":276.0299987793,"19":275.2799987793,"20":272.8399963379,"21":276.7699890137,"22":282.6600036621,"23":280.6300048828,"24":283.6300048828,"25":282.9800109863,"26":281.299987793,"27":284.799987793,"28":288.4299926758,"29":291.0599975586,"30":290.4200134277,"31":287.6300048828,"32":290.3099975586,"33":288.0599975586,"34":284.549987793,"35":274.4400024414,"36":265.7699890137,"37":266.3599853516,"38":234.9600067139,"39":234.0200042725,"40":241.5099945068,"41":246.6600036621,"42":249.5299987793,"43":246.6199951172,"44":230.5,"45":216.6999969482,"46":219.6000061035,"47":214.6100006104,"48":200.0700073242,"49":214.6900024414,"50":205.6100006104,"51":203.7100067139,"52":210.3999938965,"53":211.1199951172,"54":209.3200073242,"55":204.2799987793,"56":210.4799957275,"57":208.3699951172,"58":212.5099945068,"59":221.5700073242,"60":222.0,"61":229.1100006104,"62":209.7200012207,"63":207.7899932861,"64":211.8999938965,"65":227.7599945068,"66":234.4900054932,"67":238.0500030518,"68":234.5899963379,"69":234.2100067139,"70":247.3800048828,"71":249.3800048828,"72":253.3699951172,"73":256.3200073242,"74":258.6099853516,"75":252.7200012207,"76":256.3999938965,"77":257.8699951172,"78":256.8900146484,"79":260.7200012207,"80":260.7200012207},"Close":{"0":259.5899963379,"1":256.9700012207,"2":254.5899963379,"3":256.6700134277,"4":257.7300109863,"5":261.4299926758,"6":260.799987793,"7":264.049987793,"8":262.8699951172,"9":264.2799987793,"10":266.8099975586,"11":270.2799987793,"12":273.8200073242,"13":274.7300109863,"14":277.7099914551,"15":277.3399963379,"16":270.700012207,"17":278.3599853516,"18":277.7200012207,"19":280.1400146484,"20":274.3299865723,"21":281.3299865723,"22":289.2200012207,"23":283.950012207,"24":285.8800048828,"25":284.8299865723,"26":286.5199890137,"27":288.2900085449,"28":292.4599914551,"29":291.6799926758,"30":291.9800109863,"31":290.8999938965,"32":296.1400146484,"33":294.0199890137,"34":287.1099853516,"35":276.7399902344,"36":266.4400024414,"37":270.1900024414,"38":244.1499938965,"39":242.1900024414,"40":258.8099975586,"41":249.0700073242,"42":259.5,"43":248.0599975586,"44":237.7799987793,"45":222.4100036621,"46":229.1199951172,"47":217.7299957275,"48":204.4600067139,"49":235.4199981689,"50":206.3500061035,"51":234.2899932861,"52":221.6699981689,"53":221.0899963379,"54":213.1100006104,"55":208.3500061035,"56":217.4299926758,"57":212.3099975586,"58":230.3699951172,"59":223.0200042725,"60":235.1300048828,"61":232.4700012207,"62":211.25,"63":216.1999969482,"64":218.3000030518,"65":242.4600067139,"66":239.6499938965,"67":244.3699951172,"68":237.9199981689,"69":242.9299926758,"70":254.8000030518,"71":253.9799957275,"72":257.8200073242,"73":263.8999938965,"74":266.7200012207,"75":253.2799987793,"76":263.2699890137,"77":258.950012207,"78":259.450012207,"79":263.9100036621,"80":263.9100036621},"Volume":{"0":657900,"1":468400,"2":612600,"3":357100,"4":445900,"5":513200,"6":266200,"7":437000,"8":506100,"9":426900,"10":713100,"11":531700,"12":645800,"13":530300,"14":493900,"15":460000,"16":425100,"17":383800,"18":341200,"19":298300,"20":482400,"21":640300,"22":462300,"23":672300,"24":392400,"25":417000,"26":471400,"27":435300,"28":449200,"29":600300,"30":911900,"31":700600,"32":524700,"33":525400,"34":584200,"35":953900,"36":681500,"37":659300,"38":1534800,"39":1674500,"40":1386600,"41":811200,"42":733200,"43":821900,"44":1034100,"45":1058600,"46":1003300,"47":726200,"48":1312300,"49":1393700,"50":1232900,"51":1238000,"52":1103700,"53":910700,"54":1309600,"55":892200,"56":1315100,"57":1030000,"58":728600,"59":752100,"60":645300,"61":945700,"62":920000,"63":673600,"64":576400,"65":661000,"66":698900,"67":425700,"68":821200,"69":367400,"70":556300,"71":498900,"72":556000,"73":846100,"74":429600,"75":567400,"76":508900,"77":317000,"78":472100,"79":140163,"80":140163}}