{"Open":{"0":301.5477385256,"1":292.591058421,"2":294.6533830732,"3":298.0906161325,"4":299.7743435176,"5":306.6885824958,"6":306.798208581,"7":305.7421260103,"8":294.9423236017,"9":296.1578133462,"10":301.7968077046,"11":303.9388391421,"12":302.8130210866,"13":305.542872679,"14":302.3347842875,"15":303.7096694362,"16":292.5412737212,"17":283.9432489951,"18":278.4636323533,"19":268.2616131894,"20":264.6948669439,"21":265.1232873717,"22":268.8992492487,"23":274.3389700955,"24":287.7092384537,"25":278.6629264402,"26":274.8570679734,"27":276.012777824,"28":285.208532603,"29":293.637176885,"30":298.1802794036,"31":296.347091838,"32":300.8901999379,"33":300.2625131949,"34":290.9471928928,"35":282.4388495356,"36":278.1747158716,"37":268.8394673498,"38":262.0846007776,"39":249.0132663627,"40":258.6374478107,"41":269.1283991745,"42":285.487494112,"43":286.5834187648,"44":277.1485356132,"45":263.0211220723,"46":277.2979729664,"47":277.5669992333,"48":261.0584219186,"49":267.5,"50":226.5,"51":229.7599945068,"52":224.4499969482,"53":206.2200012207,"54":204.2899932861,"55":188.5399932861,"56":183.9799957275,"57":190.0899963379,"58":221.2799987793,"59":217.6100006104,"60":224.6600036621,"61":235.2799987793,"62":217.0099945068,"63":210.5299987793,"64":208.8899993896,"65":215.5099945068,"66":235.6999969482,"67":227.1499938965,"68":240.9400024414,"69":240.7799987793,"70":245.7599945068,"71":249.1499938965,"72":254.5099945068,"73":279.0100097656,"74":262.4800109863,"75":255.0,"76":255.0899963379,"77":264.7099914551,"78":265.4800109863,"79":267.5599975586,"80":267.5599975586},"High":{"0":301.6971762574,"1":298.4193733225,"2":299.4455455524,"3":299.1665982501,"4":307.6151574525,"5":307.8542576259,"6":307.9539111291,"7":305.8616761981,"8":296.9448500599,"9":303.6698342434,"10":304.1081822033,"11":304.5166751839,"12":307.0871226775,"13":305.542872679,"14":304.2277331474,"15":304.4469158349,"16":292.7205990142,"17":292.5312820474,"18":281.2831255211,"19":269.437230538,"20":267.5641929386,"21":269.6464622106,"22":276.3415529373,"23":292.092902099,"24":287.7092384537,"25":280.7949758304,"26":276.9990898963,"27":278.9020188951,"28":295.6297700093,"29":298.4093940765,"30":299.7444349367,"31":303.21152847,"32":303.3908725426,"33":300.5613886584,"34":295.6895532161,"35":282.4488221864,"36":278.4437342043,"37":273.0139338478,"38":267.0859762385,"39":259.5839116481,"40":271.1807623107,"41":279.679129231,"42":296.4168198573,"43":287.201115007,"44":283.0764859097,"45":275.3352781934,"46":287.0417087044,"47":288.0878419111,"48":277.6566522183,"49":271.3599853516,"50":247.9799957275,"51":246.7100067139,"52":230.0,"53":212.6199951172,"54":217.9400024414,"55":189.5800018311,"56":201.0,"57":226.8399963379,"58":238.7899932861,"59":228.5,"60":233.8800048828,"61":235.8300018311,"62":221.5500030518,"63":219.5,"64":210.9299926758,"65":227.5200042725,"66":236.5700073242,"67":248.8300018311,"68":248.0599975586,"69":243.4900054932,"70":254.1900024414,"71":254.3500061035,"72":273.3900146484,"73":279.8999938965,"74":273.2099914551,"75":259.8999938965,"76":265.5,"77":266.2399902344,"78":267.2300109863,"79":270.2799987793,"80":270.2799987793},"Low":{"0":296.0980196084,"1":292.591058421,"2":293.6770058879,"3":293.5176085202,"4":297.4031634631,"5":304.6561685114,"6":305.2937976978,"7":295.2411987116,"8":293.7268460161,"9":296.1179531471,"10":300.9698682587,"11":298.9673208734,"12":302.0458871208,"13":301.0197281586,"14":300.1728475133,"15":294.3246152107,"16":277.9157120137,"17":283.0764797313,"18":271.1508522398,"19":260.719674903,"20":263.0310762318,"21":261.8156205669,"22":268.8992492487,"23":274.3389700955,"24":278.9916823656,"25":275.2555939102,"26":273.0039488668,"27":272.7648557788,"28":285.208532603,"29":293.4677938527,"30":294.3644635282,"31":294.6732980335,"32":298.1902263382,"33":292.6010246352,"34":289.0941041035,"35":275.5544671876,"36":263.5092945668,"37":261.7358995284,"38":256.5153315152,"39":248.4254576334,"40":249.4516329861,"41":254.9312362569,"42":284.281989163,"43":280.2071553549,"44":267.932833471,"45":259.8429477483,"46":271.9877493336,"47":274.1198369055,"48":252.5202063903,"49":251.0500030518,"50":216.2700042725,"51":224.9199981689,"52":186.6100006104,"53":193.4799957275,"54":185.6900024414,"55":171.0299987793,"56":181.1199951172,"57":187.0399932861,"58":215.0,"59":217.1600036621,"60":220.1600036621,"61":223.8999938965,"62":210.4100036621,"63":203.9900054932,"64":199.1699981689,"65":212.1799926758,"66":220.9400024414,"67":226.4100036621,"68":239.9299926758,"69":237.6499938965,"70":245.2400054932,"71":245.1100006104,"72":250.6199951172,"73":263.2099914551,"74":261.1900024414,"75":249.3000030518,"76":254.8000030518,"77":258.4400024414,"78":260.5700073242,"79":263.0100097656,"80":263.0100097656},"Close":{"0":299.7543945312,"1":295.7792053223,"2":299.3359680176,"3":298.4293518066,"4":306.3399047852,"5":305.2738647461,"6":306.5989379883,"7":295.6397094727,"8":295.7792053223,"9":300.4318847656,"10":303.9188842773,"11":304.2576599121,"12":304.8554077148,"13":302.3846435547,"14":303.2713012695,"15":296.1777038574,"16":282.7377624512,"17":289.2435302734,"18":271.8980712891,"19":264.9041137695,"20":264.2963562012,"21":265.4421081543,"22":272.3563842773,"23":286.2645874023,"24":281.2831420898,"25":275.454864502,"26":275.5245666504,"27":278.8721313477,"28":294.9024658203,"29":297.7618103027,"30":296.7157287598,"31":301.3285522461,"32":302.9325866699,"33":292.8500976562,"34":293.6172485352,"35":276.4710693359,"36":266.4085083008,"37":267.1557312012,"38":256.9038696289,"39":256.1367492676,"40":270.2641601562,"41":255.4293823242,"42":295.3209228516,"43":286.0952453613,"44":281.1436767578,"45":268.8195495605,"46":284.9893493652,"47":280.6455383301,"48":255.2599945068,"49":270.3399963379,"50":224.0399932861,"51":238.3200073242,"52":206.9600067139,"53":200.8699951172,"54":191.5899963379,"55":174.6799926758,"56":196.8399963379,"57":216.3699951172,"58":235.6699981689,"59":222.9600067139,"60":230.5800018311,"61":227.0399932861,"62":214.3000030518,"63":211.3899993896,"64":203.3000030518,"65":225.7200012207,"66":224.0500030518,"67":247.0200042725,"68":242.4600067139,"69":240.5299987793,"70":252.0099945068,"71":250.4700012207,"72":271.8399963379,"73":267.8200073242,"74":263.200012207,"75":249.3699951172,"76":262.9599914551,"77":261.549987793,"78":264.1199951172,"79":268.299987793,"80":268.299987793},"Volume":{"0":1200500,"1":986800,"2":1308700,"3":1313200,"4":2067800,"5":1439900,"6":1049900,"7":1756500,"8":1067700,"9":1401000,"10":704200,"11":1312600,"12":992400,"13":998000,"14":1089300,"15":1088700,"16":2399600,"17":1985900,"18":4450400,"19":2738500,"20":2206900,"21":1925500,"22":1413800,"23":2448900,"24":1759800,"25":1597500,"26":1149200,"27":1777100,"28":2763300,"29":1931300,"30":1433800,"31":1972500,"32":1338700,"33":1889500,"34":1111000,"35":2518700,"36":1954900,"37":1733200,"38":2328900,"39":2983800,"40":3317500,"41":3017700,"42":5162200,"43":2868600,"44":3414600,"45":2712800,"46":2611600,"47":3415900,"48":3100200,"49":3027000,"50":2815300,"51":3100800,"52":3649800,"53":3322000,"54":4780200,"55":3236700,"56":3130500,"57":3521300,"58":2705300,"59":2585300,"60":2095800,"61":2956400,"62":2225900,"63":2625600,"64":1777000,"65":2648600,"66":2450000,"67":2415200,"68":2191200,"69":1036600,"70":2145600,"71":2424600,"72":2717300,"73":1954700,"74":1597900,"75":1617900,"76":1174000,"77":1587400,"78":1390700,"79":456650,"80":456650}}