{"Open":{"0":208.7808863637,"1":206.5952765219,"2":206.8148336112,"3":205.058374289,"4":206.5553631334,"5":208.1920827245,"6":208.9605360587,"7":207.8926816163,"8":208.1821025086,"9":207.2739247286,"10":209.7489528442,"11":210.4774891366,"12":210.8766898674,"13":211.1162045173,"14":210.2978436757,"15":213.2818591812,"16":210.2279767464,"17":211.824781437,"18":216.5652749333,"19":214.6491147765,"20":223.7599945068,"21":222.2200012207,"22":227.0,"23":229.4600067139,"24":228.4100036621,"25":229.8699951172,"26":229.6399993896,"27":232.0,"28":230.6799926758,"29":230.9100036621,"30":234.8899993896,"31":233.3200073242,"32":236.6499938965,"33":236.8200073242,"34":234.2700042725,"35":226.9299926758,"36":227.3800048828,"37":223.6399993896,"38":219.8399963379,"39":207.0399932861,"40":208.7799987793,"41":220.9499969482,"42":218.6499938965,"43":220.5299987793,"44":209.4799957275,"45":198.3899993896,"46":184.8000030518,"47":181.4799957275,"48":175.4299926758,"49":181.25,"50":160.6799926758,"51":175.0299987793,"52":156.4100036621,"53":154.3500061035,"54":152.6000061035,"55":146.7100067139,"56":150.6699981689,"57":166.2899932861,"58":163.8800048828,"59":160.7899932861,"60":167.5800018311,"61":167.75,"62":167.5099945068,"63":152.3500061035,"64":155.0700073242,"65":160.5800018311,"66":178.1699981689,"67":177.2799987793,"68":190.5700073242,"69":188.6699981689,"70":189.1100006104,"71":190.4600067139,"72":183.8600006104,"73":191.7700042725,"74":188.3099975586,"75":178.8999938965,"76":181.6199951172,"77":181.3099975586,"78":176.3899993896,"79":175.9100036621,"80":175.9100036621},"High":{"0":209.4595319726,"1":208.4914792524,"2":208.1521606445,"3":208.0922774252,"4":208.6811008222,"5":209.1202123037,"6":209.4096314897,"7":209.0403869112,"8":208.8208197408,"9":209.8986607665,"10":210.5573276894,"11":211.5353783861,"12":211.8547222958,"13":212.4036287229,"14":212.8626870056,"15":214.4095849792,"16":212.7928353064,"17":217.2838241368,"18":218.0023925583,"19":219.409562916,"20":227.7100067139,"21":225.75,"22":228.6300048828,"23":229.6499938965,"24":230.0399932861,"25":230.6000061035,"26":231.2299957275,"27":233.6300048828,"28":232.0399932861,"29":234.5899963379,"30":235.8099975586,"31":235.4600067139,"32":238.1900024414,"33":237.3800048828,"34":234.75,"35":230.1499938965,"36":228.1699981689,"37":226.3000030518,"38":221.7200012207,"39":208.6799926758,"40":221.2299957275,"41":223.1300048828,"42":225.5599975586,"43":221.6600036621,"44":216.0099945068,"45":198.4499969482,"46":189.6699981689,"47":189.9499969482,"48":181.3699951172,"49":183.0899963379,"50":176.2599945068,"51":177.4100036621,"52":158.9400024414,"53":155.8399963379,"54":155.3999938965,"55":156.3500061035,"56":167.5500030518,"57":167.9900054932,"58":167.4400024414,"59":171.5299987793,"60":173.0099945068,"61":170.0,"62":167.5099945068,"63":159.5700073242,"64":158.3000030518,"65":174.5399932861,"66":179.6999969482,"67":190.9100036621,"68":193.6000061035,"69":189.9900054932,"70":194.3200073242,"71":192.4400024414,"72":186.9799957275,"73":193.9799957275,"74":188.3099975586,"75":182.6799926758,"76":182.4400024414,"77":181.3999938965,"78":177.9400024414,"79":176.7700042725,"80":176.7700042725},"Low":{"0":207.4735132499,"1":206.5952765219,"2":206.3557636975,"3":205.058374289,"4":206.0863035004,"5":207.6831099128,"6":207.1441749104,"7":207.1342096375,"8":206.325828173,"9":206.5553659291,"10":208.6910788381,"11":209.9385776416,"12":209.7489488083,"13":210.9764855955,"14":209.7489425029,"15":211.3656923165,"16":210.2279767464,"17":211.824781437,"18":215.8367416364,"19":214.1301522704,"20":219.7599945068,"21":221.4299926758,"22":226.4799957275,"23":226.5700073242,"24":227.9100036621,"25":228.8800048828,"26":229.1399993896,"27":231.1100006104,"28":230.0500030518,"29":230.7599945068,"30":233.75,"31":232.5399932861,"32":235.3500061035,"33":232.3099975586,"34":230.6900024414,"35":223.0700073242,"36":221.4700012207,"37":222.1900024414,"38":212.0500030518,"39":202.3399963379,"40":208.6000061035,"41":211.5599975586,"42":216.7100067139,"43":213.7700042725,"44":206.4700012207,"45":173.4299926758,"46":175.25,"47":177.6600036621,"48":169.5299987793,"49":168.0500030518,"50":154.5099945068,"51":160.8300018311,"52":145.0500030518,"53":148.0,"54":145.75,"55":143.9299926758,"56":150.25,"57":160.6100006104,"58":161.5,"59":158.2299957275,"60":162.1100006104,"61":164.0099945068,"62":152.0899963379,"63":152.0,"64":151.0399932861,"65":158.8099975586,"66":173.3800048828,"67":175.7599945068,"68":186.6799926758,"69":184.5200042725,"70":187.8500061035,"71":182.75,"72":181.9700012207,"73":188.6199951172,"74":183.0599975586,"75":177.9299926758,"76":176.8200073242,"77":174.0,"78":173.1799926758,"79":172.2700042725,"80":172.2700042725},"Close":{"0":208.3717041016,"1":207.5533599854,"2":208.1521606445,"3":206.3857116699,"4":207.2339935303,"5":208.6811065674,"6":207.6431732178,"7":208.6511688232,"8":207.2339935303,"9":208.6112365723,"10":209.7289886475,"11":211.4255981445,"12":210.8367614746,"13":211.4854736328,"14":212.6730804443,"15":212.9924316406,"16":211.5253753662,"17":216.1261444092,"18":216.1461181641,"19":219.1900024414,"20":220.25,"21":225.0299987793,"22":226.6399993896,"23":228.3000030518,"24":229.6000061035,"25":230.1300048828,"26":231.0700073242,"27":231.2200012207,"28":230.9199981689,"29":234.5800018311,"30":235.7299957275,"31":235.2700042725,"32":237.4299926758,"33":234.3300018311,"34":231.5099945068,"35":223.3000030518,"36":222.4400024414,"37":222.4900054932,"38":212.2200012207,"39":208.0,"40":221.0599975586,"41":214.8000030518,"42":225.4799957275,"43":216.7799987793,"44":214.8099975586,"45":178.9299926758,"46":183.1000061035,"47":184.9799957275,"48":173.4900054932,"49":177.4499969482,"50":170.5299987793,"51":164.4700012207,"52":155.9199981689,"53":151.0800018311,"54":149.5500030518,"55":145.4799957275,"56":166.0399932861,"57":163.1499938965,"58":165.6999969482,"59":165.4199981689,"60":171.0299987793,"61":165.0399932861,"62":153.6799926758,"63":157.2599945068,"64":154.1399993896,"65":173.1499938965,"66":175.9199981689,"67":187.9600067139,"68":192.0500030518,"69":186.3800048828,"70":194.0299987793,"71":183.9400024414,"72":186.2400054932,"73":190.8099975586,"74":185.6900024414,"75":178.1799926758,"76":181.5899963379,"77":174.7700042725,"78":175.5399932861,"79":172.7899932861,"80":172.7899932861},"Volume":{"0":830100,"1":501700,"2":740600,"3":495500,"4":691700,"5":528900,"6":448400,"7":547100,"8":606500,"9":534500,"10":548800,"11":943300,"12":1045300,"13":634900,"14":891600,"15":639600,"16":493700,"17":982200,"18":839800,"19":1213300,"20":1383500,"21":1193200,"22":1504100,"23":1025800,"24":873100,"25":918900,"26":688400,"27":822000,"28":589000,"29":790300,"30":585500,"31":760200,"32":1422500,"33":791200,"34":890700,"35":1250300,"36":1562000,"37":1093700,"38":1572200,"39":2363700,"40":2083000,"41":1252000,"42":1204800,"43":1283600,"44":1492700,"45":6143500,"46":4736400,"47":4879100,"48":4328600,"49":4007000,"50":3392700,"51":3626100,"52":2391100,"53":2627000,"54":3037800,"55":3027700,"56":2441600,"57":2845800,"58":2574300,"59":2180000,"60":1996800,"61":1704000,"62":1330300,"63":1524400,"64":1671100,"65":1537900,"66":2128700,"67":2284200,"68":1798600,"69":919000,"70":1234900,"71":1261800,"72":1239300,"73":1407300,"74":1128700,"75":1015800,"76":813800,"77":1617000,"78":1271700,"79":442234,"80":442234}}