{"Open":{"0":95.6966097319,"1":94.0108957039,"2":92.9436112196,"3":92.0957712833,"4":91.1980512755,"5":93.8712509528,"6":91.4972978719,"7":89.1931466358,"8":88.6146204313,"9":88.5049032869,"10":88.1657665637,"11":90.6693991307,"12":90.8090415881,"13":91.6070065645,"14":90.3103118897,"15":92.5745522533,"16":88.933813391,"17":89.3427679155,"18":90.1008404843,"19":84.7843638831,"20":86.519947781,"21":85.3529159296,"22":88.3099975586,"23":91.8199996948,"24":90.9700012207,"25":87.4700012207,"26":86.9499969482,"27":87.6500015259,"28":91.6900024414,"29":90.4000015259,"30":90.4100036621,"31":88.0599975586,"32":88.3199996948,"33":89.9700012207,"34":90.1500015259,"35":86.7300033569,"36":84.7699966431,"37":82.1100006104,"38":80.5199966431,"39":75.3199996948,"40":78.7099990845,"41":82.4100036621,"42":82.1500015259,"43":80.3499984741,"44":75.3600006104,"45":70.5999984741,"46":72.2900009155,"47":70.5899963379,"48":62.8699989319,"49":62.7999992371,"50":59.0099983215,"51":52.3899993896,"52":44.3800010681,"53":33.2299995422,"54":42.0499992371,"55":44.3600006104,"56":50.1800003052,"57":51.1699981689,"58":51.7999992371,"59":51.9500007629,"60":50.2700004578,"61":50.2400016785,"62":44.6199989319,"63":44.7200012207,"64":45.9199981689,"65":47.0099983215,"66":54.0900001526,"67":54.7299995422,"68":63.1399993896,"69":61.5600013733,"70":62.0499992371,"71":58.6399993896,"72":60.3800010681,"73":62.8600006104,"74":61.4399986267,"75":56.2900009155,"76":60.0299987793,"77":61.4300003052,"78":62.3899993896,"79":62.6899986267,"80":62.6899986267},"High":{"0":96.0955888733,"1":94.5894261193,"2":92.9436112196,"3":92.2653381866,"4":93.2328769069,"5":94.1106399609,"6":91.4972978719,"7":89.1931466358,"8":89.5023696144,"9":89.1033796187,"10":91.1880786681,"11":91.9561274688,"12":91.6768372252,"13":92.1755678317,"14":92.1655939036,"15":92.6044749301,"16":89.3726919789,"17":90.0709193135,"18":90.8190151087,"19":87.9163974225,"20":86.8491124327,"21":87.3378653391,"22":91.0199966431,"23":92.5,"24":90.9899978638,"25":87.4899978638,"26":87.3499984741,"27":91.0999984741,"28":92.3000030518,"29":91.0999984741,"30":90.5199966431,"31":89.4800033569,"32":90.8700027466,"33":92.0400009155,"34":90.4599990845,"35":87.1800003052,"36":84.8399963379,"37":83.4400024414,"38":81.7099990845,"39":79.3899993896,"40":82.1800003052,"41":84.8700027466,"42":83.1500015259,"43":81.6699981689,"44":77.9599990845,"45":71.5699996948,"46":73.3499984741,"47":71.6299972534,"48":64.7900009155,"49":66.5,"50":59.0099983215,"51":52.8600006104,"52":45.7000007629,"53":45.3600006104,"54":49.6100006104,"55":48.6399993896,"56":52.1199989319,"57":53.4300003052,"58":55.8899993896,"59":52.8100013733,"60":51.8199996948,"61":52.2099990845,"62":47.4700012207,"63":48.7900009155,"64":46.4599990845,"65":50.7099990845,"66":56.2299995422,"67":60.3899993896,"68":66.6500015259,"69":61.8499984741,"70":64.6399993896,"71":61.2299995422,"72":61.2900009155,"73":64.7600021362,"74":62.4199981689,"75":59.7200012207,"76":61.2299995422,"77":62.6500015259,"78":63.7400016785,"79":64.9599990845,"80":64.9599990845},"Low":{"0":94.7689687689,"1":93.362543177,"2":91.5072619319,"3":90.6195225239,"4":90.7292424023,"5":91.4573921286,"6":89.1632301495,"7":88.4051498908,"8":88.2854633835,"9":87.3677883636,"10":88.1657665637,"11":90.2504664468,"12":90.2404879252,"13":90.6594196727,"14":89.0235835504,"15":90.5197806053,"16":87.9662729692,"17":88.4749722949,"18":89.272944314,"19":84.2956090927,"20":84.3754005787,"21":85.0337280466,"22":88.2300033569,"23":90.2799987793,"24":87.6800003052,"25":86.6299972534,"26":86.0299987793,"27":87.1100006104,"28":90.8799972534,"29":89.7399978638,"30":88.0899963379,"31":87.5699996948,"32":87.7799987793,"33":89.9700012207,"34":88.9100036621,"35":83.7200012207,"36":79.9100036621,"37":80.8000030518,"38":77.3499984741,"39":73.8000030518,"40":77.6299972534,"41":79.8300018311,"42":80.2699966431,"43":77.9300003052,"44":74.3000030518,"45":68.1200027466,"46":69.6200027466,"47":66.9700012207,"48":58.9700012207,"49":60.1599998474,"50":51.0800018311,"51":45.6500015259,"52":29.2199993134,"53":29.3299999237,"54":41.7299995422,"55":42.1100006104,"56":47.5499992371,"57":47.5600013733,"58":50.0200004578,"59":49.4099998474,"60":48.0200004578,"61":48.4300003052,"62":44.1199989319,"63":44.25,"64":43.0400009155,"65":45.7000007629,"66":52.4399986267,"67":54.2900009155,"68":62.0099983215,"69":58.1899986267,"70":61.3899993896,"71":58.5099983215,"72":57.7999992371,"73":62.3899993896,"74":58.7200012207,"75":56.0400009155,"76":59.0299987793,"77":60.6599998474,"78":61.3199996948,"79":62.5,"80":62.5},"Close":{"0":96.0656661987,"1":93.8612747192,"2":92.1157150269,"3":90.9586639404,"4":92.8538360596,"5":91.4972915649,"6":89.2829284668,"7":88.6445465088,"8":88.7841949463,"9":87.6670303345,"10":90.9686355591,"11":91.2977981567,"12":90.7691421509,"13":90.918762207,"14":92.0957717896,"15":91.3077774048,"16":88.3752288818,"17":89.4125900269,"18":89.6519775391,"19":87.4575653076,"20":84.5748977661,"21":86.5,"22":90.5100021362,"23":90.5199966431,"24":88.2399978638,"25":87.1299972534,"26":87.3000030518,"27":90.7799987793,"28":91.5100021362,"29":90.5199966431,"30":88.3199996948,"31":88.0199966431,"32":90.7099990845,"33":91.0899963379,"34":90.0699996948,"35":83.9800033569,"36":81.1100006104,"37":81.0999984741,"38":77.9800033569,"39":78.1100006104,"40":82.1699981689,"41":80.5699996948,"42":83.0999984741,"43":78.5,"44":76.2900009155,"45":68.9100036621,"46":72.8399963379,"47":67.2300033569,"48":59.4000015259,"49":66.4700012207,"50":51.1199989319,"51":48.3100013733,"52":33.5499992371,"53":40.5800018311,"54":45.1699981689,"55":46.5,"56":49.5200004578,"57":50.7299995422,"58":55.2799987793,"59":51.2799987793,"60":49.9199981689,"61":49.2400016785,"62":45.9199981689,"63":45.5900001526,"64":43.2900009155,"65":49.9300003052,"66":53.5,"67":60.2000007629,"68":62.2299995422,"69":60.7400016785,"70":62.8199996948,"71":60.8699989319,"72":59.3600006104,"73":63.9199981689,"74":59.5299987793,"75":58.3499984741,"76":60.5,"77":60.7299995422,"78":62.7400016785,"79":64.8899993896,"80":64.8899993896},"Volume":{"0":1655300,"1":960600,"2":1574900,"3":2100900,"4":2295700,"5":1087900,"6":1323600,"7":2065500,"8":2264900,"9":1531100,"10":1916400,"11":1766700,"12":1467500,"13":942900,"14":1424100,"15":1546200,"16":1677200,"17":1453900,"18":1563600,"19":2534200,"20":1617800,"21":1647800,"22":1525200,"23":1108100,"24":1131400,"25":1250700,"26":933500,"27":1397400,"28":878800,"29":724300,"30":1010100,"31":979400,"32":1403600,"33":1395300,"34":1203900,"35":2084100,"36":2525200,"37":1691700,"38":3477200,"39":3533900,"40":2572200,"41":2685700,"42":1901000,"43":1699200,"44":2398700,"45":2767600,"46":2677300,"47":2660700,"48":3380300,"49":2733900,"50":3218300,"51":4193500,"52":5891300,"53":7382000,"54":5598800,"55":4476600,"56":2802800,"57":2224900,"58":2293400,"59":2569400,"60":2676200,"61":2607300,"62":2548400,"63":2460800,"64":2168300,"65":3110400,"66":3549300,"67":3670400,"68":3607000,"69":1275300,"70":1829800,"71":1730900,"72":1426800,"73":2965500,"74":2225900,"75":1741200,"76":1425300,"77":1096000,"78":1167700,"79":469890,"80":469890}}