{"Open":{"0":59.5185580022,"1":57.6508377158,"2":58.0879679249,"3":59.299992865,"4":59.6079691496,"5":59.8464030098,"6":59.3695359427,"7":58.7337171256,"8":59.1907158447,"9":59.6576414035,"10":59.6079693148,"11":60.2139819237,"12":60.6014342442,"13":61.2471883885,"14":59.9258787891,"15":59.8265323455,"16":57.8097941092,"17":58.4058757061,"18":60.0947679384,"19":59.5284897911,"20":59.8066633929,"21":58.2568530606,"22":58.4754161223,"23":59.7470530342,"24":58.8032596873,"25":60.9292814489,"26":61.0186870454,"27":61.5253582604,"28":61.0981661329,"29":61.8432668948,"30":62.2803903178,"31":62.9460139181,"32":63.5818319198,"33":63.6016988735,"34":63.4030089007,"35":60.8100627575,"36":61.3962084803,"37":59.3496675593,"38":57.4223434137,"39":55.9222090982,"40":57.9190762729,"41":60.164309688,"42":59.6079698693,"43":60.3828715569,"44":59.2602580929,"45":56.2301811679,"46":59.0615621341,"47":58.3661362943,"48":54.7399829358,"49":56.6275715769,"50":52.7629871811,"51":53.3093912174,"52":52.6537062573,"53":55.2565837877,"54":54.8890037227,"55":52.4649464582,"56":57.9588162652,"57":54.650572198,"58":52.7133130766,"59":56.18050863,"60":57.9588152585,"61":57.6607759306,"62":57.6210349705,"63":57.8892714202,"64":60.8597359185,"65":60.7305870649,"66":62.1214367778,"67":59.9656184768,"68":60.8796023919,"69":59.9258771343,"70":63.9799995422,"71":62.6300010681,"72":66.4499969482,"73":66.5,"74":66.6200027466,"75":66.2399978638,"76":66.6999969482,"77":66.9800033569,"78":66.0699996948,"79":67.3970031738,"80":67.3970031738},"High":{"0":59.6576426594,"1":58.5449587394,"2":59.4788182831,"3":60.0152897025,"4":60.492153419,"5":60.0351602154,"6":59.3695359427,"7":59.1907144301,"8":60.1841820082,"9":60.0550293784,"10":60.0550298426,"11":60.8796024026,"12":61.2372519644,"13":61.4955549208,"14":60.1543755524,"15":59.9556802154,"16":58.3065271859,"17":59.9755502481,"18":60.1742432582,"19":60.5020899515,"20":59.9060084927,"21":58.5151563758,"22":58.9920189568,"23":59.7470530342,"24":60.2437863537,"25":62.4294136839,"26":61.5452266641,"27":61.5253582604,"28":62.7075801796,"29":62.5287571635,"30":63.124838802,"31":63.7010502909,"32":64.0090226562,"33":64.1083687266,"34":63.5122907827,"35":62.7870620838,"36":61.6147722502,"37":60.1047001415,"38":59.8960758249,"39":57.7998594685,"40":60.2537240189,"41":61.4160753337,"42":62.1810473869,"43":61.892940564,"44":60.4822210177,"45":58.733716258,"46":60.7206487507,"47":60.0649625007,"48":57.1143701998,"49":58.6641764634,"50":56.697112177,"51":56.6275681706,"52":57.8396008033,"53":57.779988608,"54":55.2367153526,"55":57.2832555597,"56":60.8498026562,"57":55.3459992731,"58":57.4024705313,"59":58.2469199898,"60":59.3596023764,"61":59.7073137626,"62":59.2205160303,"63":60.6908455828,"64":61.316733237,"65":61.9922895355,"66":62.1413065555,"67":61.0981693014,"68":61.3962052271,"69":62.5883666871,"70":64.0,"71":66.0599975586,"72":68.3199996948,"73":67.0,"74":67.1500015259,"75":67.0400009155,"76":67.1200027466,"77":67.5800018311,"78":66.8799972534,"79":67.7200012207,"80":67.7200012207},"Low":{"0":58.1773801906,"1":57.2733233189,"2":58.0581613628,"3":58.8231295699,"4":59.4589477108,"5":58.475418651,"6":58.3462670125,"7":58.4356780416,"8":58.5250915444,"9":58.8926720151,"10":59.329800004,"11":60.0450907132,"12":60.4126770429,"13":59.8464012978,"14":59.6675792536,"15":58.5648298891,"16":57.4024731378,"17":58.2270514964,"18":59.5086227694,"19":59.5284897911,"20":57.9687487291,"21":57.7104474489,"22":56.9951499438,"23":58.0581598388,"24":58.6145024843,"25":59.9854878383,"26":60.3729363437,"27":60.1841804893,"28":61.0385568016,"29":61.5949003611,"30":61.9028759171,"31":62.8466650323,"32":63.3732049434,"33":62.5188244204,"34":62.6579092939,"35":60.6113687675,"36":58.922479842,"37":58.5747614101,"38":57.144174101,"39":55.5546239032,"40":57.5316250775,"41":57.760119703,"42":59.2006488935,"43":59.945747814,"44":57.9786858341,"45":55.0380248495,"46":57.5514931631,"47":58.0184246578,"48":52.4848181274,"49":52.7530520058,"50":52.1371024532,"51":50.1799714605,"52":51.7099126514,"53":53.369000459,"54":51.0442908579,"55":51.9880831818,"56":53.468348741,"57":52.1768435636,"58":52.7133130766,"59":55.3956694815,"60":57.1342365361,"61":57.4521489498,"62":56.6871781818,"63":57.630968106,"64":58.386007277,"65":59.7073143491,"66":57.7402512339,"67":59.5185579434,"68":59.1609064655,"69":59.6278380509,"70":62.7200012207,"71":62.25,"72":65.5500030518,"73":64.8899993896,"74":65.9599990845,"75":64.9700012207,"76":64.7300033569,"77":65.8199996948,"78":65.8000030518,"79":66.5100021362,"80":66.5100021362},"Close":{"0":58.2667922974,"1":58.286655426,"2":59.3496704102,"3":59.9457473755,"4":59.4887542725,"5":58.9522819519,"6":58.56483078,"7":58.852935791,"8":59.6576423645,"9":59.2503204346,"10":60.0351600647,"11":60.8398666382,"12":61.0186882019,"13":59.9258766174,"14":59.737121582,"15":59.0118904114,"16":57.9389457703,"17":59.6377716064,"18":60.005355835,"19":60.4921531677,"20":58.0979003906,"21":57.829662323,"22":58.8231277466,"23":58.4654808044,"24":59.866268158,"25":61.1279716492,"26":61.2273178101,"27":60.7901916504,"28":62.3896713257,"29":62.1810455322,"30":63.1049690247,"31":63.3235321045,"32":63.9494171143,"33":63.5818328857,"34":62.9658851624,"35":61.9028778076,"36":59.1211700439,"37":58.9820823669,"38":57.9488830566,"39":57.7501869202,"40":60.1941146851,"41":58.3661346436,"42":62.1413078308,"43":61.1180381775,"44":59.5781669617,"45":56.9752807617,"46":60.3133277893,"47":58.9423484802,"48":54.2035140991,"49":58.6542434692,"50":52.415271759,"51":55.793056488,"52":55.2267837524,"53":53.7763214111,"54":51.7099113464,"55":56.1010322571,"56":54.0743637085,"57":52.5245552063,"58":57.3428649902,"59":56.5878295898,"60":58.0879669189,"61":59.0913658142,"62":57.1243019104,"63":60.3828697205,"64":59.5881004333,"65":61.1975135803,"66":59.4788169861,"67":60.6709785461,"68":60.0649604797,"69":62.3400001526,"70":63.2799987793,"71":65.7099990845,"72":68.0500030518,"73":66.8799972534,"74":66.5,"75":65.7200012207,"76":66.9800033569,"77":65.8799972534,"78":66.6500015259,"79":67.4400024414,"80":67.4400024414},"Volume":{"0":5189400,"1":4466300,"2":4910800,"3":4920300,"4":5021500,"5":7766600,"6":4424300,"7":4529600,"8":7310500,"9":5703200,"10":7185600,"11":8752800,"12":6914100,"13":6110200,"14":5297200,"15":7688800,"16":6420000,"17":5644300,"18":4338900,"19":5287100,"20":8184200,"21":4825200,"22":6653700,"23":5985900,"24":9591500,"25":12936000,"26":5279300,"27":5350300,"28":5244200,"29":3642400,"30":4242400,"31":5317900,"32":4865900,"33":4219700,"34":3476700,"35":6102000,"36":10451800,"37":8272700,"38":9014200,"39":10456000,"40":9483100,"41":9825900,"42":7306400,"43":6978500,"44":9745200,"45":13169500,"46":15378100,"47":10530100,"48":11644200,"49":9943000,"50":10456800,"51":10799600,"52":14550100,"53":10151200,"54":12916100,"55":19601600,"56":14885500,"57":11194700,"58":9991800,"59":8513700,"60":9311300,"61":10128800,"62":7315500,"63":8032900,"64":7150300,"65":10077400,"66":14929000,"67":7420300,"68":8404800,"69":8054700,"70":7156400,"71":9411300,"72":11276000,"73":10942300,"74":5110200,"75":7782700,"76":6690100,"77":5900200,"78":7314300,"79":2329976,"80":2329976}}