{"Open":{"0":208.3720772621,"1":204.3325497077,"2":206.9859632815,"3":206.1246028981,"4":203.253358435,"5":203.4414772367,"6":204.7285733526,"7":206.164199345,"8":208.124555564,"9":209.5007635961,"10":210.0948022232,"11":213.124445269,"12":214.2729414224,"13":217.6689294771,"14":214.7085842201,"15":216.659043628,"16":216.2729045076,"17":216.4808213798,"18":217.8471363962,"19":213.8472187971,"20":215.7778669656,"21":215.1640226854,"22":214.7877930677,"23":216.4610263998,"24":215.4511452627,"25":217.5798096332,"26":218.7976093285,"27":219.3025548133,"28":220.6094628482,"29":221.7777521048,"30":223.936107367,"31":225.797462586,"32":226.2726981393,"33":223.2727550903,"34":224.6984814921,"35":224.3321588627,"36":224.4311464634,"37":219.7084866792,"38":216.6590445489,"39":202.1444763318,"40":199.7583746597,"41":207.5899023213,"42":209.6096728174,"43":212.6195184136,"44":206.4018187927,"45":198.5009831411,"46":199.4316519825,"47":201.2039074756,"48":180.441931934,"49":188.0160453244,"50":174.0955264629,"51":165.5907502192,"52":168.0758411246,"53":151.9672675277,"54":146.25450599,"55":130.3142199699,"56":124.9380983284,"57":124.3341459561,"58":139.2645525713,"59":144.5614679556,"60":160.2299957275,"61":150.4299926758,"62":139.6499938965,"63":135.0099945068,"64":133.6600036621,"65":139.7200012207,"66":153.3200073242,"67":149.0099945068,"68":162.8000030518,"69":165.6999969482,"70":165.9100036621,"71":161.2299957275,"72":161.7899932861,"73":164.8699951172,"74":166.2700042725,"75":160.0,"76":161.0,"77":159.4700012207,"78":158.0599975586,"79":160.5899963379,"80":160.5899963379},"High":{"0":208.8176098853,"1":207.4909047664,"2":207.7879250479,"3":206.510733204,"4":204.778088909,"5":204.8275972319,"6":206.7978352304,"7":208.9364242846,"8":208.124555564,"9":210.342321847,"10":212.807624657,"11":214.6986826942,"12":217.2332837074,"13":218.5104877764,"14":216.5402368539,"15":217.2233809435,"16":217.2431779009,"17":218.6887089786,"18":217.8471363962,"19":216.1838063893,"20":216.9560636509,"21":216.5204263783,"22":217.490705167,"23":217.5897161152,"24":217.0946804364,"25":217.936238766,"26":219.5500640869,"27":221.6886494418,"28":222.9856469742,"29":224.0747432175,"30":225.7479541253,"31":225.9558788857,"32":227.1241668722,"33":224.9360960032,"34":226.7875493021,"35":226.817252348,"36":225.1539151588,"37":221.00548806,"38":217.6689296161,"39":202.3028926358,"40":207.5899047852,"41":214.4214578088,"42":215.8669654679,"43":214.322455928,"44":208.0255481296,"45":201.5900253935,"46":206.9265590027,"47":201.2336086447,"48":194.699066192,"49":192.0060635313,"50":176.4816210095,"51":180.6102502349,"52":174.996500236,"53":154.0266341536,"54":149.4524576931,"55":130.3142199699,"56":128.0568418069,"57":147.7891242831,"58":150.4128396189,"59":163.293765825,"60":161.6399993896,"61":152.2400054932,"62":140.4499969482,"63":142.0899963379,"64":138.0599975586,"65":146.2799987793,"66":154.3800048828,"67":161.5700073242,"68":172.9100036621,"69":166.5099945068,"70":168.5599975586,"71":164.7299957275,"72":164.9299926758,"73":171.0899963379,"74":167.6999969482,"75":161.5800018311,"76":162.1300048828,"77":159.9799957275,"78":159.9799957275,"79":162.1549987793,"80":162.1549987793},"Low":{"0":204.0256301328,"1":204.2632369123,"2":206.1741061614,"3":202.7484290065,"4":202.5306048273,"5":202.8771399279,"6":204.2137279446,"7":206.164199345,"8":205.7681622304,"9":208.4413716065,"10":209.243333511,"11":212.5304068075,"12":214.1442262904,"13":213.669000841,"14":213.8670108246,"15":215.5006527209,"16":214.9857985164,"17":215.8768724346,"18":214.1541450199,"19":213.2234640464,"20":213.8967073889,"21":213.9561248321,"22":214.0452336366,"23":215.2927250552,"24":213.5402844627,"25":215.8867825829,"26":216.9362555855,"27":219.1738396759,"28":220.1144232297,"29":221.7777521048,"30":223.4311724111,"31":223.5796948207,"32":223.5004884111,"33":222.7876259507,"34":224.6390791546,"35":222.2727922044,"36":218.7876980283,"37":218.0550561696,"38":205.4513401636,"39":193.6298039443,"40":197.8277232343,"41":205.3226276195,"42":208.728502939,"43":208.6393956083,"44":200.8474736945,"45":195.2139129639,"46":194.0456336633,"47":193.0654547883,"48":177.3429792425,"49":177.3726932854,"50":161.8482513428,"51":160.4522366293,"52":145.6109565568,"53":143.8684115131,"54":127.3043900122,"55":116.9976577002,"56":121.7797432211,"57":122.4727922526,"58":136.9675614327,"59":144.2347399854,"60":144.1799926758,"61":142.7599945068,"62":130.7899932861,"63":131.9299926758,"64":130.2700042725,"65":139.25,"66":145.9400024414,"67":146.5800018311,"68":162.8000030518,"69":159.0200042725,"70":162.3500061035,"71":158.3300018311,"72":159.0099945068,"73":164.5,"74":160.3200073242,"75":157.6399993896,"76":158.9100036621,"77":154.6499938965,"78":155.5399932861,"79":159.1799926758,"80":159.1799926758},"Close":{"0":205.1840209961,"1":207.1542663574,"2":207.5008087158,"3":202.9860534668,"4":203.8276062012,"5":204.3028564453,"6":206.3820037842,"7":208.9265289307,"8":207.4314880371,"9":209.7977752686,"10":212.7581176758,"11":213.9264221191,"12":217.1243743896,"13":214.4907684326,"14":216.3224182129,"15":217.154083252,"16":216.6887359619,"17":217.0946807861,"18":214.4709625244,"19":215.8471679688,"20":214.5402679443,"21":214.5402679443,"22":216.5996398926,"23":215.4511413574,"24":216.9560699463,"25":216.9956665039,"26":219.5500640869,"27":220.6688690186,"28":222.1638793945,"29":223.3519744873,"30":225.2727203369,"31":225.8073730469,"32":223.5598907471,"33":224.896484375,"34":225.7578735352,"35":223.549987793,"36":219.2134399414,"37":219.0253295898,"38":205.6097564697,"39":198.5999908447,"40":207.5899047852,"41":206.6592254639,"42":215.560043335,"43":211.1938018799,"44":206.9859619141,"45":195.2139129639,"46":206.7681427002,"47":193.9070281982,"48":180.1746063232,"49":191.2437133789,"50":161.8482513428,"51":179.788482666,"52":152.3533935547,"53":145.1159210205,"54":130.3142242432,"55":119.8787918091,"56":126.1954956055,"57":139.3833465576,"58":149.5613708496,"59":158.6800079346,"60":152.1000061035,"61":147.1699981689,"62":138.0200042725,"63":135.3399963379,"64":132.2200012207,"65":145.0700073242,"66":147.3500061035,"67":160.7299957275,"68":167.3600006104,"69":161.4100036621,"70":167.0299987793,"71":161.0800018311,"72":161.25,"73":170.3699951172,"74":160.5099945068,"75":158.25,"76":159.8399963379,"77":157.4499969482,"78":158.3800048828,"79":161.6631011963,"80":161.6631011963},"Volume":{"0":817400,"1":672100,"2":602000,"3":850500,"4":872300,"5":738800,"6":736100,"7":490200,"8":550600,"9":796600,"10":545200,"11":1213300,"12":730100,"13":718900,"14":554300,"15":566900,"16":786500,"17":516200,"18":734400,"19":536500,"20":609600,"21":499900,"22":655700,"23":464500,"24":569000,"25":471500,"26":884700,"27":814700,"28":851500,"29":730500,"30":456900,"31":443500,"32":692400,"33":779200,"34":811800,"35":726700,"36":855900,"37":907500,"38":1120900,"39":1702900,"40":1275700,"41":1099200,"42":990200,"43":801400,"44":919000,"45":1306000,"46":1354400,"47":1101600,"48":1766900,"49":1343500,"50":1463000,"51":1992200,"52":1562900,"53":1292700,"54":1569000,"55":2070100,"56":2236300,"57":1937900,"58":1761900,"59":1374300,"60":2100300,"61":2165100,"62":2248000,"63":1555300,"64":1147600,"65":1175800,"66":998700,"67":1195500,"68":1751300,"69":758400,"70":1021400,"71":907500,"72":865900,"73":1232800,"74":1299800,"75":2160700,"76":1551800,"77":1567200,"78":1001600,"79":388794,"80":388794}}