{"Open":{"0":130.8943308276,"1":127.0131717183,"2":127.7694992593,"3":125.7393623367,"4":126.0876671126,"5":126.8041827251,"6":128.4760761336,"7":128.107851326,"8":130.3668803183,"9":130.8644668426,"10":131.9890149118,"11":133.5414713599,"12":132.476631118,"13":130.6355834361,"14":129.2124847674,"15":130.0882353888,"16":126.4956850114,"17":127.1425439984,"18":130.187767038,"19":134.6062961072,"20":134.367458356,"21":131.4118086855,"22":134.6560481645,"23":137.6913189239,"24":139.9602923253,"25":137.1738317625,"26":134.835193446,"27":136.4971266452,"28":137.3927705222,"29":138.6267842322,"30":137.3430024866,"31":137.0842649203,"32":135.5019562495,"33":135.4721024512,"34":135.292961727,"35":129.3617731877,"36":127.2520181894,"37":122.0572431218,"38":116.5340632817,"39":110.9710824006,"40":114.1755194736,"41":119.1900024414,"42":119.75,"43":117.1600036621,"44":115.4300003052,"45":114.0199966431,"46":118.8300018311,"47":116.7300033569,"48":104.4199981689,"49":109.4300003052,"50":93.5,"51":99.3399963379,"52":97.7399978638,"53":104.4499969482,"54":103.4100036621,"55":89.5999984741,"56":82.4700012207,"57":96.2699966431,"58":98.7200012207,"59":98.3499984741,"60":100.9700012207,"61":102.9599990845,"62":98.0199966431,"63":94.9899978638,"64":94.8000030518,"65":98.9599990845,"66":103.5,"67":105.5599975586,"68":110.9400024414,"69":114.1500015259,"70":111.0,"71":106.8199996948,"72":107.6600036621,"73":107.2399978638,"74":107.8499984741,"75":102.7600021362,"76":104.4599990845,"77":106.5,"78":108.0400009155,"79":108.9700012207,"80":108.9700012207},"High":{"0":131.6108523729,"1":128.6153989174,"2":128.1277600112,"3":127.5207123677,"4":128.0680550859,"5":128.2770256961,"6":128.7845754989,"7":130.3668848031,"8":130.9241714229,"9":131.8198338903,"10":133.3324813611,"11":134.2281390668,"12":132.7652380624,"13":131.5909353044,"14":130.6256201414,"15":130.4265885346,"16":128.1377045787,"17":129.4811850394,"18":136.5767379844,"19":135.7009859882,"20":134.367458356,"21":133.8400186561,"22":137.1738195312,"23":139.532384111,"24":140.4081144577,"25":137.7311229184,"26":136.0791522988,"27":137.7211779584,"28":140.3185642923,"29":138.8357608259,"30":138.0893777924,"31":137.4325794715,"32":136.7160613287,"33":136.7260075331,"34":135.4422459003,"35":129.3617731877,"36":127.2520181894,"37":123.659462718,"38":119.7982100818,"39":114.8124279086,"40":119.4698078984,"41":122.3300018311,"42":121.8399963379,"43":120.8799972534,"44":121.5500030518,"45":118.0299987793,"46":120.6699981689,"47":117.3899993896,"48":108.0800018311,"49":110.4300003052,"50":104.0500030518,"51":107.9599990845,"52":105.8499984741,"53":105.7200012207,"54":103.4100036621,"55":90.1100006104,"56":98.9499969482,"57":99.9499969482,"58":107.2399978638,"59":102.3000030518,"60":105.0899963379,"61":104.4499969482,"62":99.8399963379,"63":100.8300018311,"64":98.5899963379,"65":102.1500015259,"66":107.6200027466,"67":110.7099990845,"68":116.6699981689,"69":114.9800033569,"70":112.8700027466,"71":108.6299972534,"72":108.3499984741,"73":110.0,"74":107.8499984741,"75":103.7300033569,"76":106.2799987793,"77":108.9400024414,"78":109.1900024414,"79":111.6200027466,"80":111.6200027466},"Low":{"0":128.2571440185,"1":126.704672353,"2":126.1971334696,"3":125.1522173885,"4":125.600037365,"5":125.8587770718,"6":127.5804166504,"7":127.5903753883,"8":129.8095892138,"9":130.66543647,"10":131.8297845343,"11":132.4666891036,"12":129.7100679697,"13":129.5408936027,"14":127.9884335606,"15":128.217316513,"16":126.4558774181,"17":126.2170383414,"18":128.2571404384,"19":129.9588675852,"20":130.0285294424,"21":131.2227245211,"22":134.6560481645,"23":137.5818499368,"24":137.4723747177,"25":134.9944133467,"26":134.5167326908,"27":135.8403126976,"28":137.18379393,"29":136.4374195834,"30":136.5070657884,"31":134.6461086176,"32":135.0839878888,"33":134.9844651046,"34":132.8050440226,"35":126.1175264063,"36":120.6441093369,"37":119.2508722773,"38":114.5238291254,"39":110.1550457047,"40":112.1752315687,"41":116.8000030518,"42":117.1299972534,"43":116.7900009155,"44":115.4300003052,"45":112.6100006104,"46":114.0699996948,"47":110.4000015259,"48":100.1999969482,"49":99.3499984741,"50":93.5,"51":95.8499984741,"52":97.5899963379,"53":97.0899963379,"54":88.0100021362,"55":76.9599990845,"56":81.0800018311,"57":93.2799987793,"58":98.1299972534,"59":96.7600021362,"60":97.6299972534,"61":100.9400024414,"62":95.1800003052,"63":93.9899978638,"64":93.2900009155,"65":97.6699981689,"66":100.6999969482,"67":104.3700027466,"68":110.9400024414,"69":108.0299987793,"70":109.8899993896,"71":105.7099990845,"72":101.6600036621,"73":106.3600006104,"74":104.4100036621,"75":101.8199996948,"76":103.4800033569,"77":106.1699981689,"78":106.1299972534,"79":107.7600021362,"80":107.7600021362},"Close":{"0":128.6850585938,"1":127.8889160156,"2":126.2767486572,"3":125.9981079102,"4":126.3762664795,"5":128.1078491211,"6":127.8889160156,"7":130.3171234131,"8":130.894317627,"9":131.3222503662,"10":133.3026275635,"11":134.0689086914,"12":129.8892059326,"13":129.6006011963,"14":130.1877593994,"15":129.0532531738,"16":127.22215271,"17":128.5855407715,"18":135.5716094971,"19":135.4521942139,"20":130.6057281494,"21":133.3324737549,"22":136.1886138916,"23":139.4328613281,"24":138.21875,"25":135.5815734863,"26":135.9796295166,"27":136.9548950195,"28":139.1542205811,"29":137.4922943115,"30":137.4624328613,"31":135.3228149414,"32":136.1090087891,"33":136.1090087891,"34":133.3026275635,"35":126.8141403198,"36":120.9327011108,"37":119.2608184814,"38":114.5337753296,"39":113.9366760254,"40":119.4300003052,"41":117.9599990845,"42":121.7600021362,"43":119.1200027466,"44":120.8199996948,"45":115.4599990845,"46":120.3600006104,"47":110.9400024414,"48":104.2200012207,"49":106.0800018311,"50":97.0100021362,"51":106.7099990845,"52":105.4599990845,"53":103.0500030518,"54":90.8000030518,"55":78.75,"56":96.7600021362,"57":97.7600021362,"58":101.9899978638,"59":100.3099975586,"60":104.7699966431,"61":101.8700027466,"62":95.9300003052,"63":95.9000015259,"64":93.6100006104,"65":100.4199981689,"66":104.1600036621,"67":110.2099990845,"68":115.0299987793,"69":108.7799987793,"70":110.5299987793,"71":106.9800033569,"72":104.6800003052,"73":109.3600006104,"74":104.9000015259,"75":103.2600021362,"76":105.3700027466,"77":106.7300033569,"78":108.5400009155,"79":111.6200027466,"80":111.6200027466},"Volume":{"0":699300,"1":605900,"2":644600,"3":730800,"4":493100,"5":607100,"6":274600,"7":619500,"8":521500,"9":321500,"10":345200,"11":671400,"12":821600,"13":367700,"14":350500,"15":342600,"16":596300,"17":759200,"18":838700,"19":656200,"20":690700,"21":558700,"22":689500,"23":750800,"24":467900,"25":327200,"26":187000,"27":262600,"28":762400,"29":356100,"30":317500,"31":386300,"32":492600,"33":260300,"34":550000,"35":799800,"36":889900,"37":921700,"38":873300,"39":1002300,"40":951400,"41":811100,"42":636700,"43":1044200,"44":802400,"45":1039800,"46":923100,"47":1088200,"48":1149400,"49":784500,"50":839600,"51":850200,"52":732700,"53":639500,"54":906600,"55":925600,"56":994700,"57":1125200,"58":711600,"59":543300,"60":657300,"61":1230200,"62":809200,"63":794600,"64":827800,"65":661000,"66":691700,"67":544300,"68":688800,"69":580400,"70":376200,"71":425700,"72":539800,"73":405600,"74":370700,"75":506500,"76":429700,"77":494200,"78":400600,"79":86061,"80":86061}}