{"Open":{"0":122.5446810869,"1":119.9941559653,"2":120.5421184756,"3":119.9841946705,"4":119.1074530598,"5":120.043966177,"6":121.7476400144,"7":122.3155261792,"8":123.5409741727,"9":124.5372710182,"10":126.5298749199,"11":128.3530973709,"12":130.0069624852,"13":133.3046974316,"14":133.533839122,"15":134.7891826555,"16":135.496552247,"17":135.0282974682,"18":135.4965469753,"19":135.3172221894,"20":136.4031944732,"21":135.8253340902,"22":135.4467424829,"23":134.0618855046,"24":134.6199951172,"25":135.8800048828,"26":134.7100067139,"27":135.5299987793,"28":134.5200042725,"29":135.6999969482,"30":137.5200042725,"31":140.3399963379,"32":139.0700073242,"33":138.3200073242,"34":137.4100036621,"35":136.8500061035,"36":136.7100067139,"37":132.9499969482,"38":132.7700042725,"39":124.1100006104,"40":124.3300018311,"41":131.2200012207,"42":133.0700073242,"43":138.5200042725,"44":136.0099945068,"45":133.1499938965,"46":138.1499938965,"47":135.3500061035,"48":122.2099990845,"49":121.3600006104,"50":115.5,"51":121.3300018311,"52":129.6100006104,"53":129.0,"54":115.1200027466,"55":100.3799972534,"56":100.7099990845,"57":103.7699966431,"58":108.5299987793,"59":116.7699966431,"60":122.8600006104,"61":124.9199981689,"62":115.0,"63":111.5400009155,"64":118.3899993896,"65":116.1999969482,"66":124.0,"67":119.2600021362,"68":126.3799972534,"69":129.7899932861,"70":131.1000061035,"71":131.3899993896,"72":131.8699951172,"73":132.6799926758,"74":131.75,"75":125.1999969482,"76":127.9199981689,"77":127.25,"78":126.25,"79":126.0,"80":126.0},"High":{"0":122.7040924506,"1":121.667937222,"2":121.2993072447,"3":120.5221966202,"4":120.7413815026,"5":121.7675653815,"6":122.2856419679,"7":123.5708640345,"8":124.1088638306,"9":126.5597550833,"10":128.2534665973,"11":130.1065767088,"12":132.9061788026,"13":134.3109531047,"14":135.0282863391,"15":135.9050470256,"16":136.3234815593,"17":135.8851145514,"18":135.9050328611,"19":136.6123976241,"20":137.2201511175,"21":136.4430341034,"22":136.3035595761,"23":135.1677771324,"24":135.2899932861,"25":136.1300048828,"26":135.5500030518,"27":135.9900054932,"28":136.1100006104,"29":137.2299957275,"30":139.6499938965,"31":140.5700073242,"32":141.3699951172,"33":138.6699981689,"34":138.1399993896,"35":137.75,"36":136.8500061035,"37":134.9299926758,"38":134.3899993896,"39":125.8000030518,"40":130.9400024414,"41":134.75,"42":140.3300018311,"43":140.4900054932,"44":141.6999969482,"45":139.7799987793,"46":140.75,"47":136.6300048828,"48":127.4499969482,"49":128.3300018311,"50":132.3600006104,"51":140.2899932861,"52":133.2200012207,"53":130.2599945068,"54":115.1200027466,"55":100.3799972534,"56":105.2799987793,"57":114.2699966431,"58":121.8700027466,"59":125.0299987793,"60":127.2699966431,"61":126.5,"62":117.9899978638,"63":118.4499969482,"64":118.8000030518,"65":123.3000030518,"66":124.9499969482,"67":126.3300018311,"68":132.8699951172,"69":130.4799957275,"70":133.7200012207,"71":132.7700042725,"72":132.7400054932,"73":133.0,"74":132.4299926758,"75":127.5999984741,"76":129.8000030518,"77":129.1900024414,"78":126.8099975586,"79":126.4800033569,"80":126.4800033569},"Low":{"0":119.137342998,"1":119.9941559653,"2":120.0439693699,"3":119.4661229418,"4":118.7886379393,"5":119.7052284427,"6":121.6978296639,"7":122.3155261792,"8":123.0527901934,"9":124.4177125016,"10":126.3605060455,"11":128.3331671505,"12":129.7180274831,"13":132.7766606206,"14":133.314652314,"15":134.6995194622,"16":134.4305058991,"17":134.5700087971,"18":134.7792110987,"19":135.09803538,"20":134.9386348572,"21":135.6459925108,"22":134.320935811,"23":133.5936241269,"24":134.1699981689,"25":134.3899993896,"26":134.4499969482,"27":135.1000061035,"28":134.5,"29":135.5500030518,"30":137.0099945068,"31":139.2599945068,"32":138.2400054932,"33":136.5,"34":137.1199951172,"35":135.9499969482,"36":132.7700042725,"37":132.5899963379,"38":127.7200012207,"39":120.6200027466,"40":124.0800018311,"41":130.6000061035,"42":133.0700073242,"43":136.6999969482,"44":134.6300048828,"45":132.6499938965,"46":131.3000030518,"47":128.2799987793,"48":114.2799987793,"49":116.5400009155,"50":115.3499984741,"51":120.5,"52":122.6299972534,"53":114.0599975586,"54":98.25,"55":92.0,"56":96.6299972534,"57":101.3499984741,"58":108.5299987793,"59":115.0,"60":121.8700027466,"61":117.1900024414,"62":110.5599975586,"63":110.9499969482,"64":112.5999984741,"65":116.1999969482,"66":116.8199996948,"67":117.6500015259,"68":125.5999984741,"69":125.4100036621,"70":129.5099945068,"71":128.9199981689,"72":129.5899963379,"73":128.5599975586,"74":125.8700027466,"75":123.7799987793,"76":126.5899963379,"77":124.5299987793,"78":124.4199981689,"79":125.0299987793,"80":125.0299987793},"Close":{"0":119.7550430298,"1":120.5321578979,"2":120.3030090332,"3":119.5557861328,"4":120.0439682007,"5":121.6778945923,"6":122.1063079834,"7":123.2819366455,"8":124.1088638306,"9":126.4103088379,"10":128.0940704346,"11":129.9571380615,"12":132.726852417,"13":133.5537719727,"14":134.7891693115,"15":135.2773742676,"16":134.7493286133,"17":135.2973022461,"18":135.5363922119,"19":136.2637023926,"20":135.69581604,"21":136.0146331787,"22":134.3408508301,"23":134.5700073242,"24":135.0,"25":134.4499969482,"26":135.2100067139,"27":135.3399963379,"28":135.6999969482,"29":136.9499969482,"30":139.3200073242,"31":139.2599945068,"32":138.6999969482,"33":137.3000030518,"34":137.7700042725,"35":136.5299987793,"36":133.0899963379,"37":133.0399932861,"38":127.7799987793,"39":123.6600036621,"40":130.8399963379,"41":131.4199981689,"42":140.3099975586,"43":139.3600006104,"44":141.0,"45":137.1900024414,"46":137.7100067139,"47":129.6699981689,"48":117.9700012207,"49":128.2899932861,"50":118.8099975586,"51":138.5,"52":130.0800018311,"53":115.1200027466,"54":100.6900024414,"55":97.0699996948,"56":103.9499969482,"57":110.4499969482,"58":119.3199996948,"59":120.7699966431,"60":126.7200012207,"61":119.5599975586,"62":112.8000030518,"63":117.6399993896,"64":113.3199996948,"65":121.5199966431,"66":118.2699966431,"67":125.3499984741,"68":131.75,"69":127.2399978638,"70":133.6100006104,"71":129.2100067139,"72":131.2400054932,"73":131.7599945068,"74":126.4599990845,"75":125.4300003052,"76":127.8899993896,"77":124.6800003052,"78":125.0100021362,"79":125.8600006104,"80":125.8600006104},"Volume":{"0":1618900,"1":869300,"2":765800,"3":841000,"4":1096700,"5":803600,"6":754700,"7":961800,"8":886100,"9":912600,"10":984200,"11":1338400,"12":1666700,"13":1255000,"14":933300,"15":813800,"16":703400,"17":904200,"18":608400,"19":922700,"20":1300500,"21":1253800,"22":1193000,"23":923300,"24":669000,"25":938200,"26":1400000,"27":746800,"28":996000,"29":814200,"30":1091200,"31":1478400,"32":1288700,"33":1022400,"34":1222200,"35":1219400,"36":1056500,"37":1118600,"38":1277700,"39":3988800,"40":1860400,"41":1639200,"42":1528700,"43":1218400,"44":1492800,"45":2322200,"46":2185400,"47":2157100,"48":2494900,"49":1667000,"50":2367600,"51":2364400,"52":2661200,"53":2393300,"54":3441000,"55":2780900,"56":2167300,"57":1757000,"58":1634100,"59":1169900,"60":1584200,"61":2831000,"62":1355700,"63":944800,"64":1187700,"65":1224000,"66":1261400,"67":952800,"68":1177300,"69":764900,"70":904400,"71":922900,"72":915500,"73":1189400,"74":773300,"75":1075400,"76":739900,"77":946200,"78":1010900,"79":332586,"80":332586}}