{"Open":{"0":326.6067647322,"1":328.6744936662,"2":327.3523407473,"3":332.2830289611,"4":330.4340020289,"5":332.9689449605,"6":333.5753151951,"7":330.4340057927,"8":328.8037156244,"9":330.3843320564,"10":329.0919836192,"11":330.424104003,"12":320.6919912127,"13":307.9875817201,"14":306.6753683711,"15":320.0955350906,"16":314.3397701173,"17":316.168891358,"18":322.4316230594,"19":318.604390227,"20":319.8470016169,"21":316.8647470354,"22":316.3975252175,"23":318.6043990597,"24":328.9528451968,"25":338.3568855304,"26":335.2255204634,"27":345.5838910313,"28":344.3711126785,"29":344.3200073242,"30":342.299987793,"31":338.7699890137,"32":338.1199951172,"33":338.2900085449,"34":334.049987793,"35":320.0,"36":318.2600097656,"37":307.0,"38":300.3699951172,"39":278.0700073242,"40":279.5400085449,"41":292.0,"42":284.549987793,"43":275.7900085449,"44":253.6999969482,"45":238.0,"46":237.0,"47":222.9900054932,"48":160.5299987793,"49":174.9700012207,"50":149.4199981689,"51":132.5099945068,"52":99.8600006104,"53":98.8000030518,"54":99.8499984741,"55":98.75,"56":123.6800003052,"57":154.8999938965,"58":172.2899932861,"59":172.0,"60":153.8099975586,"61":155.0,"62":138.9100036621,"63":128.5099945068,"64":125.0,"65":133.6999969482,"66":162.0,"67":147.5099945068,"68":154.7100067139,"69":155.5,"70":150.5099945068,"71":139.0,"72":141.4600067139,"73":149.4100036621,"74":147.2100067139,"75":139.0099945068,"76":140.4199981689,"77":136.5,"78":137.0,"79":129.9700012207,"80":129.9700012207},"High":{"0":331.3783931276,"1":332.9093076034,"2":332.879453662,"3":342.1542906959,"4":332.0543661884,"5":339.7088433277,"6":335.7026726456,"7":332.1239632349,"8":333.3665642338,"9":331.1398164302,"10":330.9012264605,"11":330.5334388496,"12":324.668333248,"13":310.9897090558,"14":316.2881882418,"15":324.2707063788,"16":319.3599201369,"17":317.4711409782,"18":325.2448715458,"19":323.42571078,"20":320.0259297215,"21":318.8429674345,"22":317.5904399278,"23":327.7300965631,"24":341.4087356297,"25":338.7246923209,"26":343.8939474163,"27":346.011340507,"28":347.8802332843,"29":347.8900146484,"30":344.5,"31":339.9899902344,"32":341.4700012207,"33":341.2399902344,"34":334.6600036621,"35":321.7399902344,"36":320.6400146484,"37":315.2200012207,"38":301.0,"39":282.8599853516,"40":291.7099914551,"41":297.4400024414,"42":285.9100036621,"43":276.3099975586,"44":264.2900085449,"45":241.4799957275,"46":237.8300018311,"47":226.9900054932,"48":189.8500061035,"49":178.2799987793,"50":151.0,"51":134.9600067139,"52":107.8499984741,"53":103.5699996948,"54":107.0,"55":114.4899978638,"56":127.9599990845,"57":174.7700042725,"58":186.4799957275,"59":172.9199981689,"60":153.8099975586,"61":160.6399993896,"62":144.3800048828,"63":136.6799926758,"64":131.2899932861,"65":149.6900024414,"66":164.8000030518,"67":154.0,"68":157.9799957275,"69":156.0,"70":152.3999938965,"71":148.6900024414,"72":143.2400054932,"73":154.0,"74":151.6300048828,"75":141.8999938965,"76":140.8200073242,"77":142.3800048828,"78":137.5700073242,"79":131.1999969482,"80":131.1999969482},"Low":{"0":325.7618163635,"1":328.3464284625,"2":325.9407563358,"3":328.7540072336,"4":327.6505748656,"5":330.0860727876,"6":327.5014675842,"7":328.12772021,"8":326.3383727685,"9":327.7400609054,"10":327.3622846045,"11":321.089626311,"12":303.9416443216,"13":300.929568492,"14":305.8801121277,"15":310.6616732829,"16":312.7194058846,"17":312.1428570878,"18":317.2524463386,"19":315.7613203706,"20":315.1151450475,"21":313.0176410782,"22":313.166747409,"23":317.3419214107,"24":323.733896183,"25":333.704572551,"26":334.3308495623,"27":340.0766489745,"28":343.8044766619,"29":342.6300048828,"30":338.0,"31":336.1000061035,"32":335.8599853516,"33":335.3900146484,"34":330.2300109863,"35":316.3299865723,"36":303.6300048828,"37":304.0599975586,"38":284.2900085449,"39":269.6000061035,"40":274.2900085449,"41":278.0799865723,"42":277.0100097656,"43":259.6499938965,"44":249.8000030518,"45":224.3699951172,"46":215.0,"47":187.0,"48":154.8099975586,"49":161.3800048828,"50":128.7599945068,"51":101.25,"52":89.0,"53":90.3499984741,"54":94.2799987793,"55":93.5599975586,"56":116.1299972534,"57":141.0,"58":167.1799926758,"59":155.5399932861,"60":140.6799926758,"61":149.0,"62":130.0,"63":120.0199966431,"64":122.5,"65":129.2100067139,"66":140.2599945068,"67":144.5500030518,"68":150.0899963379,"69":146.2599945068,"70":140.0,"71":132.8999938965,"72":134.0,"73":145.0,"74":142.5,"75":135.4499969482,"76":134.5200042725,"77":136.0500030518,"78":128.3300018311,"79":123.8300018311,"80":123.8300018311},"Close":{"0":331.3485717773,"1":330.7919006348,"2":331.7660827637,"3":335.28515625,"4":329.4100952148,"5":334.3507080078,"6":327.9686889648,"7":328.2669067383,"8":330.3843078613,"9":327.849395752,"10":330.0363769531,"11":322.2328186035,"12":311.5165710449,"13":307.1724243164,"14":315.9104309082,"15":321.1393127441,"16":314.7274780273,"17":314.687713623,"18":320.1153869629,"19":321.3878173828,"20":316.3875732422,"21":314.1310119629,"22":316.0595397949,"23":327.6008605957,"24":339.4106140137,"25":334.7583007812,"26":342.6314697266,"27":342.3829345703,"28":345.3950195312,"29":342.8200073242,"30":340.4899902344,"31":338.8800048828,"32":338.299987793,"33":336.2799987793,"34":330.3800048828,"35":317.8999938965,"36":304.1400146484,"37":305.5899963379,"38":287.7600097656,"39":275.1099853516,"40":289.2699890137,"41":280.6199951172,"42":283.1199951172,"43":260.3699951172,"44":262.3299865723,"45":227.1699981689,"46":231.0099945068,"47":189.0800018311,"48":154.8399963379,"49":170.1999969482,"50":129.6100006104,"51":124.1399993896,"52":101.8899993896,"53":97.7099990845,"54":95.0100021362,"55":105.6200027466,"56":127.6800003052,"57":158.7299957275,"58":180.5500030518,"59":162.0,"60":152.2799987793,"61":149.1399993896,"62":130.6999969482,"63":123.2699966431,"64":124.5199966431,"65":148.7700042725,"66":141.5800018311,"67":146.8699951172,"68":151.8399963379,"69":147.3300018311,"70":141.0,"71":145.9799957275,"72":134.2400054932,"73":154.0,"74":143.6100006104,"75":136.3300018311,"76":134.9700012207,"77":137.7400054932,"78":128.9799957275,"79":128.25,"80":128.25},"Volume":{"0":4544400,"1":3875900,"2":5355000,"3":9898600,"4":8239200,"5":8175600,"6":7161700,"7":5648500,"8":6945300,"9":4578300,"10":4024100,"11":11061700,"12":19318000,"13":18792600,"14":9702100,"15":17798200,"16":7468100,"17":5502200,"18":12454700,"19":6022000,"20":4999600,"21":4847700,"22":3779800,"23":6071800,"24":12845500,"25":5337800,"26":5876400,"27":5311500,"28":4421500,"29":3783100,"30":4199800,"31":2904600,"32":4935700,"33":2807500,"34":3709900,"35":6073200,"36":8052500,"37":6987300,"38":10982400,"39":15375100,"40":11012300,"41":7499300,"42":6986100,"43":14669100,"44":12861800,"45":11585500,"46":13059600,"47":28503500,"48":31734400,"49":21168500,"50":26844400,"51":54492200,"52":61943200,"53":40210600,"54":41370700,"55":46140100,"56":43683100,"57":77826000,"58":63267300,"59":47880200,"60":51052500,"61":29954000,"62":41899700,"63":42372400,"64":37347400,"65":51085500,"66":56699100,"67":41351000,"68":38049500,"69":26034100,"70":33970500,"71":39297600,"72":41364800,"73":52389400,"74":34983800,"75":27043800,"76":22842600,"77":25936400,"78":35884700,"79":19065663,"80":19065663}}