{"Open":{"0":84.7851277544,"1":84.2664486609,"2":85.0843710777,"3":84.4958606145,"4":85.3935859693,"5":86.3910583987,"6":86.7501485262,"7":87.2488901389,"8":88.5356300182,"9":88.9745123241,"10":89.7724890589,"11":89.6128887565,"12":89.293697935,"13":91.378417189,"14":90.7998824588,"15":91.0093504649,"16":89.453297703,"17":90.470720691,"18":90.4806932032,"19":89.6228695158,"20":90.0517790394,"21":89.7525399073,"22":90.4308286979,"23":91.0991315607,"24":93.6626296742,"25":92.4756412987,"26":90.4707197057,"27":91.5978670163,"28":91.6277887394,"29":91.1290505922,"30":92.6651574774,"31":92.3559372446,"32":92.1265263943,"33":92.8646526055,"34":92.4357376099,"35":90.5405360207,"36":89.5929436939,"37":87.5680785021,"38":85.25,"39":81.8099975586,"40":83.3700027466,"41":86.9199981689,"42":87.2600021362,"43":89.0400009155,"44":85.0899963379,"45":80.6500015259,"46":80.5100021362,"47":80.9199981689,"48":73.0999984741,"49":78.5500030518,"50":72.6600036621,"51":73.3600006104,"52":76.1999969482,"53":85.1800003052,"54":76.8499984741,"55":74.8499984741,"56":73.0699996948,"57":72.7799987793,"58":74.4300003052,"59":78.0,"60":80.8700027466,"61":81.6600036621,"62":78.7699966431,"63":78.3499984741,"64":81.4300003052,"65":84.0400009155,"66":86.7399978638,"67":83.0999984741,"68":84.4300003052,"69":85.6100006104,"70":87.8099975586,"71":87.3899993896,"72":87.7300033569,"73":91.8300018311,"74":92.9000015259,"75":92.8199996948,"76":91.4800033569,"77":90.8700027466,"78":92.2600021362,"79":94.0,"80":94.0},"High":{"0":85.6529312134,"1":85.5432117662,"2":85.3736312826,"3":85.7127777932,"4":86.7700947096,"5":86.859871499,"6":86.8299481195,"7":90.0717381486,"8":89.0443353346,"9":89.7226164332,"10":89.7724890589,"11":89.7026652017,"12":91.637763429,"13":91.6277852071,"14":91.1988728139,"15":91.2387723918,"16":90.7300607658,"17":90.7101194856,"18":90.9395294556,"19":90.4707193058,"20":90.0916788362,"21":90.410867514,"22":91.3884010479,"23":91.4183223383,"24":94.7598474383,"25":92.725009334,"26":91.1589779149,"27":92.0666801324,"28":91.9569563626,"29":92.6551816696,"30":93.1938164606,"31":92.4157907449,"32":93.3334667565,"33":93.2636429745,"34":92.9245044178,"35":91.0991255521,"36":90.0019109076,"37":88.4757741759,"38":87.0199966431,"39":83.5899963379,"40":87.2300033569,"41":88.9800033569,"42":91.1399993896,"43":89.9400024414,"44":86.1900024414,"45":81.7300033569,"46":83.3099975586,"47":81.9000015259,"48":77.2600021362,"49":81.3199996948,"50":77.1399993896,"51":81.2799987793,"52":85.2200012207,"53":85.1999969482,"54":78.7399978638,"55":75.0899963379,"56":75.7300033569,"57":74.8600006104,"58":80.7399978638,"59":80.6699981689,"60":82.9899978638,"61":84.3600006104,"62":80.8499984741,"63":82.3600006104,"64":82.6900024414,"65":85.4300003052,"66":87.0,"67":85.1800003052,"68":87.8000030518,"69":86.5999984741,"70":88.5800018311,"71":88.3300018311,"72":90.8600006104,"73":93.0,"74":95.1900024414,"75":92.8399963379,"76":91.4800033569,"77":92.3899993896,"78":92.9800033569,"79":94.0049972534,"80":94.0049972534},"Low":{"0":83.967200944,"1":84.1766722122,"2":83.9372766689,"3":84.4858837627,"4":85.3237632276,"5":85.6429543305,"6":85.4334856773,"7":86.879822704,"8":87.6678265095,"9":88.4658070093,"10":89.094207726,"11":88.9844840806,"12":89.0842297098,"13":90.3510221717,"14":90.3011464175,"15":90.281200108,"16":88.8947157655,"17":90.0318381212,"18":90.251278882,"19":89.0443338529,"20":88.8248926307,"21":89.4233722988,"22":89.8423161726,"23":90.2213512149,"24":92.5155352621,"25":90.9495101403,"26":90.0218602885,"27":91.1888997924,"28":90.8796846561,"29":90.7599831799,"30":91.6676854003,"31":90.8098600697,"32":91.976904053,"33":92.1764020194,"34":92.0068243028,"35":88.9645359412,"36":85.9820919532,"37":86.6603752183,"38":84.2300033569,"39":80.5899963379,"40":82.9000015259,"41":84.5599975586,"42":87.0899963379,"43":86.4199981689,"44":82.9499969482,"45":78.0999984741,"46":78.7300033569,"47":76.3799972534,"48":71.2799987793,"49":73.5899963379,"50":69.0999984741,"51":72.8799972534,"52":75.9499969482,"53":77.1600036621,"54":74.0400009155,"55":69.6900024414,"56":72.0999984741,"57":72.2099990845,"58":73.9100036621,"59":76.3700027466,"60":80.3099975586,"61":80.7600021362,"62":77.8199996948,"63":77.9800033569,"64":80.1999969482,"65":82.7900009155,"66":82.4800033569,"67":82.1600036621,"68":83.5,"69":84.5699996948,"70":87.0299987793,"71":86.5199966431,"72":86.5699996948,"73":91.0800018311,"74":92.2799987793,"75":89.9000015259,"76":89.9800033569,"77":90.0299987793,"78":90.6100006104,"79":92.4700012207,"80":92.4700012207},"Close":{"0":85.6529312134,"1":85.2838668823,"2":85.0743942261,"3":85.2738876343,"4":86.5107574463,"5":86.3212356567,"6":85.6828536987,"7":89.1440887451,"8":88.9844894409,"9":89.3336029053,"10":89.762512207,"11":89.5031738281,"12":90.8397827148,"13":90.9295578003,"14":90.8697052002,"15":90.5505142212,"16":90.3011474609,"17":90.321105957,"18":90.2712249756,"19":90.4108734131,"20":88.9944610596,"21":89.4632720947,"22":90.640296936,"23":91.0791778564,"24":93.0641479492,"25":91.0193328857,"26":91.0492553711,"27":91.6178131104,"28":91.1988754272,"29":92.3359909058,"30":92.904548645,"31":91.9868774414,"32":92.9245071411,"33":92.8247528076,"34":92.4357376099,"35":89.3036727905,"36":86.7700958252,"37":86.8099975586,"38":84.2699966431,"39":83.4700012207,"40":87.1800003052,"41":85.9100036621,"42":91.0599975586,"43":87.6500015259,"44":85.3799972534,"45":78.4000015259,"46":82.9800033569,"47":77.9700012207,"48":75.4700012207,"49":80.9899978638,"50":71.5699996948,"51":80.5100021362,"52":84.5899963379,"53":78.1699981689,"54":75.75,"55":71.8099975586,"56":73.9100036621,"57":73.5699996948,"58":80.1699981689,"59":79.7900009155,"60":82.1900024414,"61":81.1900024414,"62":78.6600036621,"63":82.2200012207,"64":81.4199981689,"65":84.9300003052,"66":82.5100021362,"67":84.4800033569,"68":86.8899993896,"69":86.0,"70":88.25,"71":86.8899993896,"72":90.5299987793,"73":92.9499969482,"74":94.1399993896,"75":90.0999984741,"76":90.5400009155,"77":91.3199996948,"78":92.9199981689,"79":93.1549987793,"80":93.1549987793},"Volume":{"0":2957800,"1":1871700,"2":3500000,"3":4803200,"4":3576600,"5":2098900,"6":3118900,"7":5007700,"8":3836300,"9":2561000,"10":2243900,"11":4474900,"12":4284900,"13":2815400,"14":2129400,"15":1610800,"16":2222400,"17":1952200,"18":1548200,"19":1608500,"20":1796500,"21":1498500,"22":2213300,"23":3185000,"24":3888400,"25":2306000,"26":2597700,"27":1706500,"28":1590900,"29":2146100,"30":1740200,"31":1820600,"32":1616300,"33":1778200,"34":1529500,"35":2380600,"36":2620400,"37":3126900,"38":3004200,"39":4659600,"40":3370100,"41":3240700,"42":4342500,"43":3821800,"44":3442800,"45":4109100,"46":3490500,"47":3652900,"48":6982400,"49":5774200,"50":4351900,"51":5921700,"52":7524300,"53":6492100,"54":6097400,"55":4664000,"56":4685100,"57":5993700,"58":4465700,"59":4446300,"60":2371200,"61":2767600,"62":3017800,"63":3161100,"64":3271000,"65":2874100,"66":2793000,"67":2951500,"68":3891200,"69":2498200,"70":3784200,"71":2059200,"72":4647200,"73":2503900,"74":4202900,"75":2693100,"76":3962500,"77":3147400,"78":2309300,"79":1095117,"80":1095117}}