{"Open":{"0":25.2114601135,"1":24.8373713537,"2":24.522351097,"3":25.546169301,"4":25.2213043361,"5":25.2213044157,"6":24.8570603268,"7":24.6306416854,"8":25.0637924805,"9":24.7487713484,"10":24.935816463,"11":25.4378797595,"12":25.2016157077,"13":25.2902145751,"14":25.5067891002,"15":25.3000584774,"16":24.3845316516,"17":24.5518852979,"18":24.9161268332,"19":24.6798614404,"20":25.5953898251,"21":24.9555056836,"22":25.2606797875,"23":25.6642992905,"24":26.156519173,"25":25.2016143799,"26":25.0736363823,"27":25.113014921,"28":25.0047272914,"29":24.1088876541,"30":23.8430886525,"31":26.6093621088,"32":25.7529000383,"33":25.0441046763,"34":25.0145714426,"35":23.8824670334,"36":24.0399770397,"37":23.3410258441,"38":22.1301678206,"39":21.5198175532,"40":21.6084165531,"41":22.8389629185,"42":23.1638288753,"43":22.1006357784,"44":20.9193087997,"45":19.4131176552,"46":20.1514456481,"47":19.2556079986,"48":17.1193768854,"49":17.5229974282,"50":15.455676929,"51":17.8970845699,"52":18.5566577594,"53":19.0784091107,"54":19.1276319286,"55":16.5680930182,"56":15.8986743223,"57":16.3908925351,"58":16.6370025767,"59":17.5033085703,"60":17.2000007629,"61":17.5400009155,"62":16.0599994659,"63":15.8299999237,"64":16.0599994659,"65":16.2399997711,"66":17.1100006104,"67":16.8199996948,"68":17.2600002289,"69":16.8500003815,"70":16.6000003815,"71":15.8500003815,"72":15.4300003052,"73":16.1000003815,"74":16.0699996948,"75":15.8699998856,"76":16.3199996948,"77":16.1599998474,"78":16.0100002289,"79":16.1100006104,"80":16.1100006104},"High":{"0":25.3985019989,"1":24.9358155335,"2":24.8964385986,"3":25.546169301,"4":25.3295912477,"5":25.2508363563,"6":24.9259706887,"7":25.2213049203,"8":25.132704723,"9":24.9751935211,"10":25.3689697434,"11":25.5264793356,"12":25.319747228,"13":25.5855452454,"14":25.5166337058,"15":25.3394350228,"16":24.4534420166,"17":24.8373713537,"18":25.0933259849,"19":25.831654026,"20":25.7332105541,"21":25.3000593869,"22":25.6249226861,"23":25.9694745558,"24":26.2746525674,"25":25.5855446174,"26":25.2114589857,"27":25.1720806783,"28":25.2311476031,"29":24.2565529863,"30":24.0202878001,"31":27.1704915167,"32":25.8513442219,"33":25.5264790986,"34":25.0834818078,"35":24.325463024,"36":24.079353585,"37":23.4493146332,"38":23.4690042244,"39":21.7954590206,"40":22.9964740922,"41":23.626512587,"42":23.3016496067,"43":22.2876776628,"44":22.1400117703,"45":20.2794241901,"46":20.3581786092,"47":19.4131179386,"48":17.5033089972,"49":18.093971451,"50":18.025059857,"51":19.8462715149,"52":21.6970156886,"53":21.0965082956,"54":19.1276319286,"55":16.8831129073,"56":16.6468474746,"57":17.6312846563,"58":17.9856835238,"59":17.9069280059,"60":17.8999996185,"61":17.6900005341,"62":16.2099990845,"63":16.75,"64":16.5,"65":16.9099998474,"66":17.5400009155,"67":17.4599990845,"68":17.7399997711,"69":16.8799991608,"70":16.8600006104,"71":15.8800001144,"72":15.5200004578,"73":16.4599990845,"74":16.5799999237,"75":16.2199993134,"76":16.4400005341,"77":16.5900001526,"78":16.2000007629,"79":16.5,"80":16.5},"Low":{"0":24.9456613783,"1":24.4829749353,"2":24.3451519517,"3":24.8767510964,"4":24.8373722096,"5":24.6404857987,"6":24.571572396,"7":24.6011078665,"8":24.748772597,"9":24.6109506257,"10":24.8570614918,"11":25.1917702431,"12":24.9850381242,"13":25.2016149985,"14":24.9259705148,"15":24.6798614583,"16":24.0990437076,"17":24.4731303296,"18":24.4534416199,"19":24.089198239,"20":24.788150908,"21":24.8078403473,"22":25.1720802143,"23":25.506789355,"24":25.6052343805,"25":25.0637917765,"26":24.8865945053,"27":24.5125071087,"28":24.1482671984,"29":23.63635784,"30":23.5871345368,"31":24.9161274012,"32":24.7389281393,"33":24.8964393434,"34":24.6011073743,"35":23.7249570975,"36":23.1638277839,"37":22.6420757125,"38":21.8446817508,"39":21.0275985013,"40":21.3918389743,"41":22.6026961403,"42":22.5633210411,"43":21.3721499425,"44":20.84055383,"45":19.1965419603,"46":18.4286791084,"47":18.0250604191,"48":16.1743172699,"49":16.5385593282,"50":15.0619020914,"51":17.3950209244,"52":18.2121040638,"53":19.0587217761,"54":16.4401164583,"55":15.0520583936,"56":15.3670778065,"57":15.6328757535,"58":16.2924488856,"59":16.8142012092,"60":16.8600006104,"61":16.5699996948,"62":15.6499996185,"63":15.7600002289,"64":15.3299999237,"65":16.1800003052,"66":16.5799999237,"67":16.1800003052,"68":16.6100006104,"69":15.8999996185,"70":16.0900001526,"71":15.2100000381,"72":14.9099998474,"73":15.779999733,"74":15.8299999237,"75":15.7600002289,"76":16.0,"77":15.7100000381,"78":15.7100000381,"79":15.9099998474,"80":15.9099998474},"Close":{"0":25.2114601135,"1":24.6995506287,"2":24.8964385986,"3":25.1622371674,"4":25.0244159698,"5":24.8078403473,"6":24.6306400299,"7":25.1130161285,"8":24.8570613861,"9":24.7290840149,"10":25.3591251373,"11":25.3394355774,"12":25.1130161285,"13":25.4575691223,"14":25.2803688049,"15":24.8669052124,"16":24.2565536499,"17":24.6995506287,"18":24.4534416199,"19":25.8021202087,"20":24.9062824249,"21":24.8078403473,"22":25.1819248199,"23":25.9005641937,"24":25.6741447449,"25":25.2016143799,"26":25.2016143799,"27":24.7684612274,"28":24.227022171,"29":23.8332443237,"30":23.9809112549,"31":25.6446113586,"32":24.975194931,"33":25.2705249786,"34":24.8078403473,"35":23.8135566711,"36":23.2130489349,"37":22.6519203186,"38":22.2876777649,"39":21.4213733673,"40":22.9866294861,"41":23.0260047913,"42":23.0555400848,"43":21.7856140137,"44":21.3130836487,"45":19.2063865662,"46":19.8364257812,"47":18.507434845,"48":16.4991817474,"49":17.8281745911,"50":17.4836196899,"51":19.8462715149,"52":19.4918727875,"53":19.1276321411,"54":16.6370029449,"55":15.0619029999,"56":16.3022937775,"57":16.5287151337,"58":17.936460495,"59":17.0799999237,"60":17.7600002289,"61":16.6900005341,"62":15.8599996567,"63":16.0599994659,"64":15.6099996567,"65":16.75,"66":16.6399993896,"67":17.1900005341,"68":16.8099994659,"69":16.0900001526,"70":16.3199996948,"71":15.3100004196,"72":15.4200000763,"73":16.3400001526,"74":16.2800006866,"75":15.9799995422,"76":16.1299991608,"77":15.8599996567,"78":15.9200000763,"79":16.4200000763,"80":16.4200000763},"Volume":{"0":3627000,"1":3735700,"2":3267000,"3":4474800,"4":3995200,"5":4126500,"6":2571700,"7":3554400,"8":2618400,"9":2190400,"10":2373000,"11":2722600,"12":3522700,"13":3102600,"14":3113300,"15":2299000,"16":4959500,"17":4314300,"18":4796400,"19":8693700,"20":14991900,"21":3738800,"22":2833300,"23":3182000,"24":2717400,"25":2322400,"26":2458500,"27":4121500,"28":5056300,"29":4308600,"30":3614200,"31":19282300,"32":8753600,"33":5393300,"34":5012600,"35":5771700,"36":5792900,"37":5036600,"38":7901100,"39":10490300,"40":8850900,"41":15145100,"42":8539300,"43":7152800,"44":7709500,"45":7533000,"46":6393900,"47":6941300,"48":6361300,"49":7078100,"50":7486800,"51":7188900,"52":10336300,"53":8122400,"54":9294700,"55":7236200,"56":6294200,"57":5600000,"58":5650000,"59":4515800,"60":4361400,"61":3800300,"62":4354100,"63":5109500,"64":3697100,"65":4413800,"66":4032800,"67":4899700,"68":5304200,"69":4672900,"70":4572100,"71":3864500,"72":3634900,"73":4684000,"74":4004400,"75":3562700,"76":3436500,"77":4032200,"78":5640700,"79":1092880,"80":1092880}}