{"Open":{"0":299.0599975586,"1":290.7699890137,"2":290.2399902344,"3":290.5700073242,"4":288.8800048828,"5":293.9899902344,"6":294.6400146484,"7":294.8099975586,"8":294.1000061035,"9":298.9400024414,"10":294.4899902344,"11":287.3200073242,"12":286.5400085449,"13":288.1700134277,"14":287.2300109863,"15":284.2099914551,"16":278.1400146484,"17":283.9599914551,"18":282.049987793,"19":288.1199951172,"20":276.0799865723,"21":270.6099853516,"22":276.3999938965,"23":285.6300048828,"24":338.3900146484,"25":335.3900146484,"26":332.0,"27":338.0599975586,"28":331.6600036621,"29":329.200012207,"30":334.0,"31":343.6600036621,"32":338.0,"33":342.1799926758,"34":336.9700012207,"35":331.5,"36":327.200012207,"37":326.9800109863,"38":324.7200012207,"39":300.2300109863,"40":308.6400146484,"41":320.2799987793,"42":319.2900085449,"43":319.7300109863,"44":308.2699890137,"45":301.0,"46":304.4899902344,"47":295.9899902344,"48":280.0,"49":279.1400146484,"50":281.8599853516,"51":285.3299865723,"52":293.7099914551,"53":293.1499938965,"54":288.0199890137,"55":283.3500061035,"56":278.8900146484,"57":274.7300109863,"58":284.7399902344,"59":297.0,"60":300.0,"61":313.4800109863,"62":308.8099975586,"63":290.1000061035,"64":303.700012207,"65":308.4899902344,"66":314.9400024414,"67":305.25,"68":315.1000061035,"69":318.0100097656,"70":329.0,"71":329.450012207,"72":331.1499938965,"73":345.9700012207,"74":338.6400146484,"75":332.5100097656,"76":302.75,"77":293.6099853516,"78":293.0599975586,"79":300.5799865723,"80":300.5799865723},"High":{"0":299.0799865723,"1":292.6799926758,"2":291.1900024414,"3":291.8399963379,"4":294.1900024414,"5":296.5700073242,"6":298.7399902344,"7":295.5,"8":306.3500061035,"9":300.3699951172,"10":294.799987793,"11":288.0,"12":287.8399963379,"13":290.8500061035,"14":288.0799865723,"15":284.9899902344,"16":282.3299865723,"17":284.2900085449,"18":283.3800048828,"19":288.1199951172,"20":276.2799987793,"21":275.299987793,"22":285.6000061035,"23":374.9899902344,"24":348.6600036621,"25":340.3200073242,"26":339.5599975586,"27":340.049987793,"28":334.7099914551,"29":338.8800048828,"30":335.3999938965,"31":344.0,"32":341.7699890137,"33":343.0,"34":337.8200073242,"35":336.0,"36":330.6099853516,"37":330.9299926758,"38":325.549987793,"39":310.5400085449,"40":328.2300109863,"41":333.0,"42":328.450012207,"43":326.450012207,"44":319.1799926758,"45":306.9700012207,"46":308.7699890137,"47":303.3599853516,"48":285.4200134277,"49":306.0,"50":309.3500061035,"51":314.6499938965,"52":306.7399902344,"53":297.4800109863,"54":301.8800048828,"55":288.0599975586,"56":283.2600097656,"57":300.8399963379,"58":306.7699890137,"59":307.1400146484,"60":321.4100036621,"61":319.9400024414,"62":313.4599914551,"63":307.1499938965,"64":311.5199890137,"65":314.1400146484,"66":319.6000061035,"67":319.3900146484,"68":322.450012207,"69":325.1099853516,"70":336.5,"71":333.200012207,"72":340.3800048828,"73":346.049987793,"74":350.2399902344,"75":336.1900024414,"76":306.9899902344,"77":297.4400024414,"78":297.9400024414,"79":304.7600097656,"80":304.7600097656},"Low":{"0":292.2799987793,"1":290.2200012207,"2":288.200012207,"3":287.9899902344,"4":287.8099975586,"5":292.3599853516,"6":294.3599853516,"7":290.8299865723,"8":291.2699890137,"9":292.4100036621,"10":284.2399902344,"11":284.8999938965,"12":282.7600097656,"13":287.6000061035,"14":281.2099914551,"15":277.3200073242,"16":276.2399902344,"17":280.7200012207,"18":279.6600036621,"19":276.1400146484,"20":267.5899963379,"21":269.7600097656,"22":275.9400024414,"23":279.1799926758,"24":333.5,"25":331.6600036621,"26":330.2399902344,"27":329.7200012207,"28":329.0400085449,"29":329.0,"30":331.8299865723,"31":334.0899963379,"32":335.4200134277,"33":332.5,"34":334.6000061035,"35":325.4200134277,"36":322.700012207,"37":323.6099853516,"38":309.6300048828,"39":299.0,"40":307.8299865723,"41":311.8699951172,"42":316.4100036621,"43":315.0,"44":306.1700134277,"45":293.7600097656,"46":289.5799865723,"47":291.9599914551,"48":266.0100097656,"49":276.2399902344,"50":273.5899963379,"51":284.1400146484,"52":277.5100097656,"53":283.2799987793,"54":277.8099975586,"55":262.25,"56":269.9800109863,"57":268.1300048828,"58":284.5100097656,"59":294.25,"60":298.0799865723,"61":309.200012207,"62":290.3500061035,"63":290.0,"64":296.8099975586,"65":300.6000061035,"66":299.6099853516,"67":301.0100097656,"68":314.0100097656,"69":316.7900085449,"70":328.3399963379,"71":322.8599853516,"72":328.1700134277,"73":335.2900085449,"74":337.2799987793,"75":328.3699951172,"76":289.0199890137,"77":291.5700073242,"78":290.1000061035,"79":299.7399902344,"80":299.7399902344},"Close":{"0":294.2399902344,"1":290.8500061035,"2":290.8200073242,"3":290.0899963379,"4":292.6600036621,"5":294.299987793,"6":296.5100097656,"7":293.8999938965,"8":298.9700012207,"9":293.0899963379,"10":286.1400146484,"11":285.5,"12":287.1900024414,"13":288.1000061035,"14":284.2099914551,"15":278.1400146484,"16":281.1400146484,"17":281.950012207,"18":282.5199890137,"19":277.5299987793,"20":268.8500061035,"21":272.7300109863,"22":283.2900085449,"23":332.8699951172,"24":337.2399902344,"25":338.700012207,"26":338.9299926758,"27":332.2900085449,"28":331.7600097656,"29":334.25,"30":333.0,"31":337.1000061035,"32":341.0400085449,"33":336.6400146484,"34":336.7099914551,"35":325.9800109863,"36":324.1099853516,"37":327.450012207,"38":310.0799865723,"39":308.3900146484,"40":327.8900146484,"41":315.7799987793,"42":328.450012207,"43":317.700012207,"44":317.950012207,"45":297.1900024414,"46":305.6300048828,"47":294.25,"48":268.8800048828,"49":305.2099914551,"50":281.7200012207,"51":305.3200073242,"52":298.6799926758,"53":288.0199890137,"54":278.7699890137,"55":269.1900024414,"56":276.1900024414,"57":284.9800109863,"58":304.9400024414,"59":296.75,"60":316.1300048828,"61":316.3800048828,"62":293.2699890137,"63":304.4700012207,"64":300.5100097656,"65":311.3900146484,"66":301.2099914551,"67":316.950012207,"68":321.049987793,"69":322.9400024414,"70":333.7600097656,"71":326.9400024414,"72":338.3399963379,"73":342.549987793,"74":339.4100036621,"75":329.0100097656,"76":298.0100097656,"77":292.25,"78":297.799987793,"79":303.9599914551,"80":303.9599914551},"Volume":{"0":1178300,"1":700100,"2":1271000,"3":1034000,"4":1059000,"5":966500,"6":1164500,"7":1401100,"8":2112600,"9":1975600,"10":2800000,"11":1765000,"12":2253100,"13":1571000,"14":1936100,"15":1260200,"16":1405500,"17":1136500,"18":1166200,"19":1601000,"20":1701700,"21":1257800,"22":1684400,"23":10159200,"24":3613600,"25":2209400,"26":1867000,"27":1806200,"28":1603000,"29":1307300,"30":1023200,"31":1515100,"32":1488400,"33":1497800,"34":923200,"35":1732500,"36":1831100,"37":1411300,"38":2221100,"39":2396700,"40":2364600,"41":2036100,"42":1752300,"43":1470400,"44":1513000,"45":2149500,"46":2378600,"47":1878900,"48":2901000,"49":3641100,"50":3862600,"51":2625900,"52":2767300,"53":2470000,"54":2730000,"55":2695400,"56":3464100,"57":2678900,"58":2270100,"59":1653100,"60":1747300,"61":2869100,"62":2177500,"63":3286600,"64":1422800,"65":3181100,"66":2457700,"67":1932300,"68":1480300,"69":2083700,"70":1675500,"71":1426400,"72":1602600,"73":1701800,"74":1620700,"75":1521800,"76":6652500,"77":2911100,"78":1778800,"79":655406,"80":655406}}