{"Open":{"0":49.6927699052,"1":49.4958147678,"2":49.5450550059,"3":49.9192736117,"4":50.667720752,"5":50.7268044673,"6":50.6086313816,"7":49.899578215,"8":50.0571496248,"9":49.9586660908,"10":46.0391823982,"11":46.1376591123,"12":45.6058705465,"13":46.2065952345,"14":45.7732862224,"15":46.2555104557,"16":44.7784244642,"17":45.006434736,"18":44.7090324646,"19":43.7771794028,"20":44.6495519353,"21":44.6495526195,"22":45.4426192302,"23":46.0770692805,"24":46.8403931778,"25":46.8205659912,"26":46.5727328296,"27":46.2555107059,"28":46.404208652,"29":46.037415607,"30":45.7003612742,"31":45.4029618206,"32":44.9072988317,"33":45.4029624218,"34":45.115478268,"35":43.6383952137,"36":42.8354170347,"37":41.4574675628,"38":40.1588196989,"39":39.1774046126,"40":39.6829812425,"41":40.5355288126,"42":38.9692278463,"43":38.2257295245,"44":37.2443094216,"45":34.4983210716,"46":36.1934963311,"47":35.31121076,"48":31.5738967554,"49":31.4747639565,"50":28.8873878556,"51":29.8688045479,"52":27.8167505237,"53":28.2132822116,"54":30.0373318832,"55":28.5602485728,"56":28.956780537,"57":31.2368428173,"58":31.6532041858,"59":31.3558024396,"60":32.3173923625,"61":33.2690723354,"62":31.6730284908,"63":32.1191287952,"64":33.1699372412,"65":35.3211277974,"66":36.8576906107,"67":34.7858070715,"68":36.0249710306,"69":36.6594236414,"70":36.4115895181,"71":34.6073673255,"72":36.9171724294,"73":37.1451766791,"74":36.4314168819,"75":35.023728534,"76":35.5987004417,"77":35.4004315303,"78":35.4400853016,"79":null,"80":35.8499984741},"High":{"0":50.1457748413,"1":49.663231938,"2":49.9783636039,"3":50.6381737473,"4":50.7858951403,"5":50.8154361949,"6":50.6086313816,"7":50.1162343925,"8":50.4313691543,"9":50.1162331916,"10":46.7285398913,"11":46.2459871983,"12":46.7777755715,"13":46.3543160372,"14":46.7186888321,"15":46.2951646086,"16":45.3633099709,"17":45.0361734598,"18":44.7883407702,"19":45.0857360978,"20":44.7982493256,"21":45.4822708755,"22":46.2257717319,"23":46.7908288859,"24":47.2171000442,"25":47.0981374807,"26":46.6520411297,"27":46.39429646,"28":46.7908271634,"29":46.1960284341,"30":45.8292353734,"31":45.6309675107,"32":45.611143017,"33":45.8986279587,"34":45.3434877568,"35":43.7375268104,"36":43.0435956635,"37":41.7053003453,"38":42.4487958159,"39":39.7226359486,"40":40.6049194336,"41":40.5850946122,"42":40.555356132,"43":39.7722036586,"44":38.4041687843,"45":37.1154345363,"46":36.2926317088,"47":35.6086093172,"48":32.0596487804,"49":33.8341331482,"50":32.3372196545,"51":30.3347313647,"52":29.2839220091,"53":31.048489764,"54":31.0385765314,"55":28.7089478602,"56":31.3161496149,"57":32.6048788872,"58":32.8824527044,"59":33.2393311862,"60":33.8836973164,"61":34.5776290557,"62":32.8130569541,"63":33.6556912267,"64":33.9332626315,"65":35.4103477468,"66":36.9865647126,"67":35.5887865921,"68":37.5516217773,"69":36.6792507172,"70":36.6296835623,"71":34.8849388135,"72":37.4425767108,"73":37.4524868928,"74":36.5503755516,"75":35.7870501304,"76":35.5987004417,"77":35.6383526505,"78":35.7672263657,"79":null,"80":36.5750007629},"Low":{"0":49.4564211371,"1":49.0428097889,"2":49.2594634551,"3":49.9192736117,"4":50.2344084002,"5":50.490455698,"6":49.6533787099,"7":49.7814038257,"8":49.8798861606,"9":49.6041391749,"10":45.6551128146,"11":45.162713852,"12":45.5270851212,"13":45.7929829978,"14":45.5467837486,"15":45.145220647,"16":44.6495541426,"17":44.4215492191,"18":43.8961412403,"19":43.7176981779,"20":43.9556194356,"21":44.5305901675,"22":45.4327075828,"23":46.0473305575,"24":46.6520416354,"25":46.5727332237,"26":45.9382815551,"27":45.9085463206,"28":46.1068063063,"29":45.5615771257,"30":45.2939156827,"31":44.7883376218,"32":44.8081672326,"33":45.2046954507,"34":44.4413765756,"35":42.5281054472,"36":40.9717172412,"37":40.8329278919,"38":39.8812482114,"39":38.2059006111,"40":38.8601784266,"41":37.7697140856,"42":38.3149494557,"43":37.829195562,"44":37.0361307966,"45":33.9035239321,"46":34.7362422044,"47":33.407856969,"48":29.1451347393,"49":30.1860342202,"50":28.7486021056,"51":27.945623618,"52":26.1711410261,"53":27.4598722392,"54":28.6197299839,"55":26.6965469295,"56":28.9171282762,"57":29.2541806409,"58":30.6618730276,"59":31.0088380609,"60":31.445021826,"61":33.0014124905,"62":31.1079681918,"63":31.7919877206,"64":32.674271698,"65":34.1513568086,"66":34.4388440874,"67":34.4091002096,"68":35.8564427832,"69":35.1030341162,"70":35.1922527635,"71":34.1315288681,"72":35.2120816995,"73":36.5008099661,"74":35.5887869837,"75":34.5677133675,"76":34.8452904529,"77":34.7957189737,"78":34.7758953083,"79":null,"80":35.6899986267},"Close":{"0":50.1457748413,"1":49.5056648254,"2":49.9685173035,"3":50.4707603455,"4":50.5298500061,"5":50.6972618103,"6":49.7715568542,"7":50.106388092,"8":50.2344093323,"9":49.9192733765,"10":46.00963974,"11":45.477848053,"12":46.0687217712,"13":46.0194854736,"14":46.3050765991,"15":45.5516662598,"16":44.6594657898,"17":44.5801620483,"18":44.0745811462,"19":45.0064315796,"20":44.3918037415,"21":44.8180770874,"22":45.5516662598,"23":46.5727348328,"24":47.1278800964,"25":46.8403930664,"26":46.0869827271,"27":46.0175895691,"28":46.156375885,"29":45.6309700012,"30":45.5020980835,"31":44.8973846436,"32":45.5219230652,"33":45.4327049255,"34":44.6495552063,"35":42.756111145,"36":41.2294616699,"37":41.0113677979,"38":40.6049194336,"39":39.5541114807,"40":40.6049194336,"41":38.4933891296,"42":40.1489105225,"43":38.959312439,"44":37.7399749756,"45":34.6470222473,"46":36.2331504822,"47":33.9035224915,"48":29.2640953064,"49":33.8341331482,"50":28.9270420074,"51":29.7101917267,"52":28.5106830597,"53":29.7399330139,"54":28.8179950714,"55":27.2516918182,"56":30.7312641144,"57":31.3657150269,"58":32.7139282227,"59":32.2579154968,"60":33.7052574158,"61":33.3880310059,"62":32.4165267944,"63":33.3483772278,"64":33.4574241638,"65":34.9345092773,"66":34.4983215332,"67":35.3409538269,"68":36.8180351257,"69":35.6879196167,"70":36.0249710083,"71":34.3297958374,"72":35.8267059326,"73":37.0658683777,"74":36.0943641663,"75":34.9047660828,"76":35.2120819092,"77":35.0138130188,"78":35.4499969482,"79":null,"80":36.4749984741},"Volume":{"0":2587200.0,"1":2276100.0,"2":3978800.0,"3":3573500.0,"4":3941400.0,"5":2775400.0,"6":3307800.0,"7":3557500.0,"8":3150100.0,"9":4273600.0,"10":12395200.0,"11":12579800.0,"12":7863100.0,"13":6344800.0,"14":5586200.0,"15":6416400.0,"16":5940100.0,"17":8295700.0,"18":9836000.0,"19":5153400.0,"20":6765800.0,"21":6482200.0,"22":6870500.0,"23":5209400.0,"24":5696900.0,"25":3867000.0,"26":3078900.0,"27":3480600.0,"28":2631600.0,"29":2699300.0,"30":3770800.0,"31":3253200.0,"32":3957000.0,"33":2925800.0,"34":5058500.0,"35":5088300.0,"36":5765100.0,"37":6741400.0,"38":11049300.0,"39":14506900.0,"40":11490700.0,"41":14057800.0,"42":12017400.0,"43":10984100.0,"44":9299800.0,"45":8351900.0,"46":8741400.0,"47":8599400.0,"48":9726400.0,"49":9089100.0,"50":9714900.0,"51":11954600.0,"52":10176600.0,"53":7907500.0,"54":9555900.0,"55":8555200.0,"56":9411600.0,"57":9866600.0,"58":8440900.0,"59":5764500.0,"60":6232200.0,"61":7047300.0,"62":7727200.0,"63":6709700.0,"64":5085400.0,"65":6782000.0,"66":8191400.0,"67":5860600.0,"68":8038600.0,"69":7002800.0,"70":5368300.0,"71":5291500.0,"72":9772300.0,"73":8579700.0,"74":6156100.0,"75":6780000.0,"76":4128400.0,"77":4287700.0,"78":4126800.0,"79":null,"80":1882420.0}}