{"Open":{"0":2068.3999023438,"1":2042.4699707031,"2":2050.0,"3":2047.3900146484,"4":2066.8400878906,"5":2072.0,"6":2088.3701171875,"7":2090.25,"8":2074.6000976562,"9":2073.5600585938,"10":2073.0100097656,"11":2060.0,"12":2006.0,"13":2004.3299560547,"14":1986.2399902344,"15":1998.0,"16":1906.4100341797,"17":1914.6700439453,"18":1924.0400390625,"19":1871.4200439453,"20":1865.9300537109,"21":1838.8699951172,"22":1857.0600585938,"23":1898.6999511719,"24":1958.9000244141,"25":1950.2299804688,"26":1901.6899414062,"27":1894.4799804688,"28":1923.9499511719,"29":1944.0,"30":1998.4399414062,"31":1972.25,"32":1982.7600097656,"33":1960.0,"34":1965.0,"35":1830.9300537109,"36":1803.0,"37":1731.2199707031,"38":1612.9799804688,"39":1643.6400146484,"40":1709.75,"41":1726.6300048828,"42":1697.1500244141,"43":1662.9899902344,"44":1603.0899658203,"45":1483.9899902344,"46":1589.9499511719,"47":1522.2900390625,"48":1297.0,"49":1336.8000488281,"50":1275.0,"51":1309.5600585938,"52":1277.8599853516,"53":1211.1600341797,"54":1216.3399658203,"55":1166.9799804688,"56":1218.6199951172,"57":1259.4699707031,"58":1380.3299560547,"59":1344.8699951172,"60":1261.2700195312,"61":1303.0100097656,"62":1293.8100585938,"63":1270.9699707031,"64":1244.1800537109,"65":1303.2800292969,"66":1412.0100097656,"67":1382.6500244141,"68":1424.7600097656,"69":1413.1899414062,"70":1460.0899658203,"71":1407.8399658203,"72":1432.3499755859,"73":1469.0,"74":1462.0500488281,"75":1382.8100585938,"76":1365.0100097656,"77":1354.0500488281,"78":1372.3900146484,"79":1374.9300537109,"80":1374.9300537109},"High":{"0":2077.4099121094,"1":2067.6899414062,"2":2059.7900390625,"3":2072.830078125,"4":2088.6599121094,"5":2090.0,"6":2094.0,"7":2090.25,"8":2086.0,"9":2083.9899902344,"10":2073.0100097656,"11":2064.0400390625,"12":2014.5100097656,"13":2014.2399902344,"14":2006.3900146484,"15":2000.8100585938,"16":1917.9000244141,"17":1937.0200195312,"18":1933.0400390625,"19":1885.5100097656,"20":1865.9300537109,"21":1858.1600341797,"22":1895.5,"23":1943.9799804688,"24":1972.0,"25":1960.0,"26":1912.5899658203,"27":1918.8900146484,"28":1967.0,"29":1960.8800048828,"30":2024.8800048828,"31":1988.1899414062,"32":1989.9899902344,"33":1987.7600097656,"34":1968.0999755859,"35":1835.5,"36":1811.3100585938,"37":1742.9399414062,"38":1730.0,"39":1718.0,"40":1732.9200439453,"41":1749.9899902344,"42":1736.8900146484,"43":1680.0400390625,"44":1684.0,"45":1588.6700439453,"46":1615.0,"47":1528.5300292969,"48":1369.9899902344,"49":1421.6700439453,"50":1411.8299560547,"51":1370.5200195312,"52":1327.0899658203,"53":1236.6400146484,"54":1299.9499511719,"55":1226.1400146484,"56":1279.0,"57":1449.4799804688,"58":1429.4799804688,"59":1355.4599609375,"60":1321.8900146484,"61":1390.3900146484,"62":1328.3399658203,"63":1334.9899902344,"64":1279.1600341797,"65":1363.3499755859,"66":1495.0,"67":1428.7199707031,"68":1450.0,"69":1428.0100097656,"70":1469.9599609375,"71":1440.0,"72":1432.3499755859,"73":1484.6600341797,"74":1470.0,"75":1387.7399902344,"76":1379.9899902344,"77":1388.9899902344,"78":1374.5799560547,"79":1408.0,"80":1408.0},"Low":{"0":2053.2199707031,"1":2035.0,"2":2035.0,"3":2038.5400390625,"4":2057.1398925781,"5":2072.0,"6":2076.9399414062,"7":2073.0100097656,"8":2067.1599121094,"9":2061.3798828125,"10":2040.9699707031,"11":2046.9100341797,"12":1963.8699951172,"13":1992.0400390625,"14":1975.1199951172,"15":1954.7399902344,"16":1868.0400390625,"17":1900.0,"18":1890.0899658203,"19":1858.8599853516,"20":1820.4399414062,"21":1830.0500488281,"22":1848.1800537109,"23":1882.7099609375,"24":1937.0100097656,"25":1904.1600341797,"26":1883.0,"27":1892.6199951172,"28":1911.2099609375,"29":1929.0999755859,"30":1984.6600341797,"31":1961.9499511719,"32":1962.3199462891,"33":1956.3900146484,"34":1922.1600341797,"35":1777.8800048828,"36":1711.0100097656,"37":1659.6400146484,"38":1592.4499511719,"39":1634.5400390625,"40":1651.7600097656,"41":1646.9300537109,"42":1671.2399902344,"43":1632.5799560547,"44":1584.0,"45":1476.5100097656,"46":1499.9399414062,"47":1420.5600585938,"48":1280.0,"49":1270.8699951172,"50":1252.2199707031,"51":1252.9100341797,"52":1165.0200195312,"53":1150.0,"54":1157.4100341797,"55":1107.2900390625,"56":1200.5799560547,"57":1246.9499511719,"58":1353.5200195312,"59":1253.6099853516,"60":1216.9799804688,"61":1296.0100097656,"62":1248.1800537109,"63":1241.2199707031,"64":1203.0799560547,"65":1292.8100585938,"66":1366.7900390625,"67":1360.0100097656,"68":1403.0,"69":1368.3900146484,"70":1424.0,"71":1390.6700439453,"72":1391.0200195312,"73":1450.1899414062,"74":1410.0,"75":1317.4000244141,"76":1342.0,"77":1350.7900390625,"78":1338.6600341797,"79":1371.0400390625,"80":1371.0400390625},"Close":{"0":2074.580078125,"1":2065.4799804688,"2":2047.4000244141,"3":2068.0500488281,"4":2062.8999023438,"5":2084.2900390625,"6":2086.8999023438,"7":2080.5,"8":2071.4799804688,"9":2065.1599121094,"10":2054.75,"11":2054.6899414062,"12":1990.5699462891,"13":2000.7800292969,"14":1993.1999511719,"15":1962.9599609375,"16":1908.8900146484,"17":1917.4499511719,"18":1893.9499511719,"19":1872.0899658203,"20":1830.5500488281,"21":1839.0300292969,"22":1864.5100097656,"23":1939.2900390625,"24":1960.9000244141,"25":1909.5899658203,"26":1886.6400146484,"27":1909.3000488281,"28":1960.3599853516,"29":1959.9399414062,"30":1990.9599609375,"31":1976.2800292969,"32":1968.4899902344,"33":1970.9100341797,"34":1928.7199707031,"35":1792.5400390625,"36":1726.5799560547,"37":1678.1999511719,"38":1659.8499755859,"39":1695.6600341797,"40":1728.9799804688,"41":1683.0200195312,"42":1732.1300048828,"43":1647.4399414062,"44":1612.0899658203,"45":1527.8000488281,"46":1559.0,"47":1442.5,"48":1280.4000244141,"49":1421.3299560547,"50":1289.6700439453,"51":1368.2600097656,"52":1233.75,"53":1191.4799804688,"54":1177.4300537109,"55":1152.2399902344,"56":1259.4699707031,"57":1365.8499755859,"58":1406.0,"59":1255.1500244141,"60":1308.2299804688,"61":1345.3199462891,"62":1271.6300048828,"63":1260.0,"64":1230.6800537109,"65":1356.6800537109,"66":1376.3699951172,"67":1372.0600585938,"68":1420.6400146484,"69":1421.0100097656,"70":1449.4200439453,"71":1424.6099853516,"72":1407.4000244141,"73":1470.8699951172,"74":1411.6300048828,"75":1342.2199707031,"76":1355.0,"77":1360.0,"78":1362.7700195312,"79":1396.7950439453,"80":1396.7950439453},"Volume":{"0":329000,"1":294000,"2":384000,"3":345300,"4":325800,"5":273800,"6":198500,"7":254900,"8":331700,"9":309000,"10":546800,"11":470800,"12":711700,"13":357300,"14":368500,"15":580400,"16":708900,"17":512500,"18":445200,"19":588900,"20":717800,"21":634600,"22":662600,"23":552300,"24":412000,"25":449500,"26":470200,"27":408900,"28":473200,"29":388800,"30":535900,"31":363500,"32":241300,"33":359200,"34":358500,"35":886000,"36":958300,"37":903300,"38":1338000,"39":977000,"40":869200,"41":704300,"42":593500,"43":788800,"44":1077500,"45":770300,"46":742000,"47":829800,"48":1282100,"49":1153100,"50":986900,"51":1080100,"52":933400,"53":980600,"54":1146500,"55":859900,"56":854000,"57":998700,"58":616500,"59":701500,"60":600800,"61":770300,"62":562800,"63":573800,"64":442300,"65":751500,"66":783400,"67":780900,"68":1032800,"69":404400,"70":579000,"71":452800,"72":488400,"73":691300,"74":459200,"75":652700,"76":356600,"77":372700,"78":334500,"79":198439,"80":198439}}