{"Open":{"0":25.4731815904,"1":25.7410069085,"2":25.512858418,"3":25.0565627637,"4":24.8184955183,"5":24.6597844093,"6":24.7589774282,"7":24.6300269523,"8":23.8067101508,"9":23.598402851,"10":23.1917036516,"11":23.2413025702,"12":23.2908976344,"13":22.656052404,"14":22.1799192009,"15":22.6659721867,"16":21.3962817643,"17":21.9220132897,"18":21.8823336761,"19":21.0193425252,"20":21.7299995422,"21":21.5699996948,"22":21.8199996948,"23":21.6900005341,"24":21.9599990845,"25":21.9799995422,"26":22.2600002289,"27":22.4899997711,"28":22.4200000763,"29":22.1100006104,"30":22.0599994659,"31":21.5599994659,"32":21.1100006104,"33":20.7000007629,"34":20.4599990845,"35":19.7299995422,"36":19.6900005341,"37":18.7800006866,"38":17.3899993896,"39":16.0300006866,"40":16.3899993896,"41":17.1399993896,"42":16.8099994659,"43":16.6599998474,"44":16.3400001526,"45":13.3299999237,"46":13.279999733,"47":13.1599998474,"48":11.6000003815,"49":11.8299999237,"50":11.0699996948,"51":11.8699998856,"52":10.1400003433,"53":9.7700004578,"54":10.1899995804,"55":10.1099996567,"56":9.6700000763,"57":11.470000267,"58":11.779999733,"59":11.779999733,"60":11.5200004578,"61":11.1599998474,"62":10.0900001526,"63":10.1700000763,"64":10.6800003052,"65":11.2700004578,"66":12.6099996567,"67":12.9600000381,"68":13.6199998856,"69":13.3400001526,"70":13.2399997711,"71":12.5500001907,"72":12.9300003052,"73":12.3800001144,"74":12.0799999237,"75":12.4600000381,"76":13.5,"77":13.1599998474,"78":13.9200000763,"79":13.1000003815,"80":13.1000003815},"High":{"0":25.5227781492,"1":25.7806837762,"2":25.582296249,"3":25.2549508805,"4":25.0664820797,"5":24.8978512825,"6":24.7986561862,"7":24.6300269523,"8":23.8959854653,"9":23.757114104,"10":23.5289655449,"11":23.6579201001,"12":23.3206567032,"13":23.1718649058,"14":22.9635557703,"15":22.8643603015,"16":22.2791133814,"17":22.1600801712,"18":22.0509646137,"19":22.1799197663,"20":21.8099994659,"21":21.8400001526,"22":22.0400009155,"23":21.9699993134,"24":22.3299999237,"25":22.5499992371,"26":22.3600006104,"27":22.5799999237,"28":22.5900001526,"29":22.2099990845,"30":22.1800003052,"31":21.6399993896,"32":21.1499996185,"33":20.9599990845,"34":20.5699996948,"35":19.7700004578,"36":19.7000007629,"37":18.7800006866,"38":17.6000003815,"39":16.3999996185,"40":17.1900005341,"41":17.3999996185,"42":17.2999992371,"43":17.0,"44":16.6200008392,"45":14.75,"46":13.8400001526,"47":13.3199996948,"48":12.0699996948,"49":12.7299995422,"50":12.529999733,"51":12.029999733,"52":10.9200000763,"53":10.8900003433,"54":10.6199998856,"55":10.1400003433,"56":11.3500003815,"57":12.3800001144,"58":12.6300001144,"59":12.1800003052,"60":11.7899999619,"61":11.3199996948,"62":10.1000003815,"63":11.2100000381,"64":10.8699998856,"65":11.8500003815,"66":13.3000001907,"67":13.0,"68":14.1400003433,"69":13.4600000381,"70":13.4799995422,"71":12.970000267,"72":12.9399995804,"73":13.0600004196,"74":13.5600004196,"75":13.3000001907,"76":13.9799995422,"77":13.8999996185,"78":14.2299995422,"79":13.529999733,"80":13.529999733},"Low":{"0":25.135919693,"1":25.1557584477,"2":25.2549521503,"3":24.1142130595,"4":24.5308301989,"5":24.3423619117,"6":24.5308302453,"7":24.1142144138,"8":23.5190448284,"9":23.0230721937,"10":23.1520267835,"11":23.2115434995,"12":22.4973413865,"13":21.6641061582,"14":22.1303207522,"15":22.3683871765,"16":21.3466852052,"17":21.6641070284,"18":21.2078099255,"19":20.9499065873,"20":21.3799991608,"21":21.4300003052,"22":21.2000007629,"23":21.5599994659,"24":21.8500003815,"25":21.8799991608,"26":22.0300006866,"27":22.1100006104,"28":21.9099998474,"29":21.9699993134,"30":21.7800006866,"31":20.8199996948,"32":20.6700000763,"33":20.5,"34":20.0699996948,"35":19.1700000763,"36":18.5599994659,"37":17.6700000763,"38":16.6700000763,"39":15.7100000381,"40":15.8900003433,"41":16.2000007629,"42":16.6000003815,"43":16.5200004578,"44":15.9600000381,"45":12.25,"46":12.3699998856,"47":12.279999733,"48":10.5799999237,"49":10.8999996185,"50":10.0100002289,"51":10.6899995804,"52":9.1800003052,"53":9.1899995804,"54":9.6000003815,"55":9.1199998856,"56":9.6700000763,"57":10.5200004578,"58":11.529999733,"59":11.5500001907,"60":10.6700000763,"61":10.3000001907,"62":9.4399995804,"63":9.8999996185,"64":10.25,"65":10.8000001907,"66":12.2399997711,"67":12.3599996567,"68":12.1300001144,"69":12.6199998856,"70":12.6700000763,"71":12.2600002289,"72":12.3699998856,"73":12.3699998856,"74":12.0100002289,"75":12.4200000763,"76":12.0900001526,"77":12.9499998093,"78":13.2700004578,"79":12.7849998474,"80":12.7849998474},"Close":{"0":25.4037456512,"1":25.4335021973,"2":25.3144702911,"3":24.8879318237,"4":24.5705089569,"5":24.8383350372,"6":24.659784317,"7":24.2134094238,"8":23.82654953,"9":23.1321868896,"10":23.3206577301,"11":23.4198532104,"12":22.5469379425,"13":22.497341156,"14":22.7750854492,"15":22.6758918762,"16":21.8724155426,"17":21.7236232758,"18":21.3070049286,"19":22.1700000763,"20":21.6599998474,"21":21.5100002289,"22":21.3099994659,"23":21.8500003815,"24":22.2299995422,"25":22.4500007629,"26":22.1499996185,"27":22.1399993896,"28":22.1599998474,"29":22.0799999237,"30":21.9799995422,"31":20.9099998474,"32":20.8099994659,"33":20.6599998474,"34":20.5300006866,"35":19.4799995422,"36":18.6200008392,"37":17.7600002289,"38":16.6700000763,"39":16.0900001526,"40":17.1700000763,"41":16.5300006866,"42":17.2800006866,"43":16.9599990845,"44":16.0799999237,"45":12.5,"46":13.7600002289,"47":12.7100000381,"48":10.6999998093,"49":12.7299995422,"50":11.6099996567,"51":11.25,"52":9.6999998093,"53":10.1400003433,"54":10.0,"55":9.3299999237,"56":11.25,"57":11.6199998856,"58":12.3999996185,"59":11.8800001144,"60":10.9600000381,"61":10.5,"62":9.8000001907,"63":10.3599996567,"64":10.3999996185,"65":11.75,"66":12.4099998474,"67":12.8999996185,"68":12.8599996567,"69":13.2899999619,"70":13.3500003815,"71":12.9099998474,"72":12.5900001526,"73":13.029999733,"74":12.9799995422,"75":12.75,"76":12.9899997711,"77":13.5699996948,"78":13.4200000763,"79":13.4399995804,"80":13.4399995804},"Volume":{"0":4714900,"1":3125700,"2":4248600,"3":5493400,"4":5871700,"5":3452800,"6":3548700,"7":6227500,"8":7147100,"9":4815400,"10":5742700,"11":5454800,"12":9750500,"13":8477900,"14":7188500,"15":5023600,"16":5917000,"17":5238800,"18":5450300,"19":7351100,"20":5341300,"21":4837000,"22":6352300,"23":4678400,"24":4529100,"25":4115900,"26":3184000,"27":4126700,"28":6027900,"29":3625000,"30":2657700,"31":6982600,"32":6735100,"33":5011000,"34":5956200,"35":8661100,"36":8797800,"37":11815200,"38":10552800,"39":28759000,"40":10606600,"41":9925000,"42":8520500,"43":9556400,"44":14904900,"45":20122900,"46":11374600,"47":10754200,"48":11140900,"49":9728900,"50":14284800,"51":12478600,"52":12774000,"53":9060500,"54":12003100,"55":9820100,"56":9503200,"57":5693500,"58":5350800,"59":6679100,"60":11667500,"61":10741600,"62":9627800,"63":8703600,"64":7730300,"65":7939400,"66":8167800,"67":4948800,"68":7340000,"69":7174300,"70":5122800,"71":6779700,"72":6425100,"73":7624800,"74":5615600,"75":6510900,"76":11573000,"77":9172600,"78":6927500,"79":2246725,"80":2246725}}