{"Open":{"0":64.5352883074,"1":63.2180381681,"2":64.9244766854,"3":63.7968312769,"4":63.7768737415,"5":64.7847630818,"6":66.6209351468,"7":66.1119941429,"8":67.1198970834,"9":66.5411050959,"10":68.3074135631,"11":69.1257004491,"12":68.5469179271,"13":69.5548096373,"14":71.371014128,"15":71.9298556914,"16":70.9119779641,"17":73.7959558373,"18":72.6383773302,"19":72.2990758852,"20":72.5685239093,"21":72.3988788132,"22":74.155205707,"23":75.4624843979,"24":75.8317091532,"25":77.637937364,"26":76.8994763961,"27":76.5801447056,"28":76.8695410531,"29":76.370580607,"30":77.0192331028,"31":77.2387751533,"32":78.5660048598,"33":76.2707932616,"34":76.5402273988,"35":75.841690219,"36":76.3406458176,"37":74.9435625127,"38":75.0333767677,"39":70.1299972534,"40":70.9199981689,"41":75.3000030518,"42":77.1699981689,"43":77.5999984741,"44":75.2200012207,"45":72.0299987793,"46":73.9899978638,"47":71.1200027466,"48":66.4899978638,"49":65.2399978638,"50":59.25,"51":59.7000007629,"52":60.4500007629,"53":63.9199981689,"54":59.7700004578,"55":54.2400016785,"56":54.1699981689,"57":58.0600013733,"58":59.7999992371,"59":61.0800018311,"60":64.8300018311,"61":65.5500030518,"62":62.0,"63":63.7299995422,"64":63.8300018311,"65":64.0999984741,"66":67.1699981689,"67":66.0400009155,"68":68.1399993896,"69":69.2699966431,"70":68.5400009155,"71":66.9899978638,"72":67.5400009155,"73":69.0400009155,"74":69.7200012207,"75":67.7699966431,"76":66.5999984741,"77":66.7699966431,"78":65.6699981689,"79":65.5,"80":65.5},"High":{"0":65.1240632759,"1":64.9743741571,"2":65.3136637009,"3":64.4853964126,"4":64.5352889678,"5":66.6808067075,"6":66.7406803035,"7":67.608869482,"8":67.4591851965,"9":68.7465007268,"10":69.0458776028,"11":69.6845390913,"12":69.2753930391,"13":71.9797481745,"14":72.2990771598,"15":72.5884769204,"16":74.5044851729,"17":73.8458547305,"18":72.8379576793,"19":73.0076035795,"20":73.0076098162,"21":74.2150873839,"22":75.1132050601,"23":76.470375061,"24":82.6474839515,"25":77.8973902746,"26":77.0192291689,"27":77.6978144318,"28":77.2088367734,"29":77.3585162252,"30":77.7976071319,"31":77.8774414062,"32":78.8354390865,"33":77.2886652069,"34":77.3984365892,"35":77.1988579162,"36":76.4404359887,"37":76.7497973957,"38":76.0612299925,"39":71.0400009155,"40":75.1999969482,"41":77.1999969482,"42":78.7300033569,"43":77.6299972534,"44":76.4599990845,"45":74.5199966431,"46":74.4700012207,"47":71.8399963379,"48":68.8499984741,"49":65.7200012207,"50":59.9000015259,"51":67.6299972534,"52":64.7799987793,"53":64.5800018311,"54":59.7700004578,"55":54.7900009155,"56":59.5800018311,"57":59.8899993896,"58":63.3699989319,"59":65.7900009155,"60":66.9000015259,"61":66.4300003052,"62":65.3399963379,"63":66.8799972534,"64":66.4800033569,"65":66.6600036621,"66":69.25,"67":68.0800018311,"68":70.4700012207,"69":69.75,"70":68.9400024414,"71":68.3799972534,"72":68.6100006104,"73":70.3399963379,"74":70.0,"75":68.5299987793,"76":67.2200012207,"77":67.9300003052,"78":65.7799987793,"79":66.5500030518,"80":66.5500030518},"Low":{"0":63.2679371116,"1":63.2180381681,"2":63.9365410008,"3":63.5772883285,"4":63.697042363,"5":64.5153288697,"6":65.7826809821,"7":65.8724962204,"8":66.0521262373,"9":66.5411050959,"10":67.9282078553,"11":68.7464947672,"12":68.4072101627,"13":69.5148996585,"14":70.9618721535,"15":71.0916014931,"16":70.7423339052,"17":72.1793352416,"18":72.2791266111,"19":70.8520994351,"20":71.7103146985,"21":72.2891073381,"22":73.4167492999,"23":74.704065365,"24":73.8358751938,"25":76.0013542676,"26":75.8317055827,"27":76.4304556402,"28":75.3527106466,"29":75.6919967974,"30":76.9493792185,"31":76.8495881433,"32":76.7996875939,"33":75.8816062578,"34":76.121104105,"35":75.3327504292,"36":73.9556249429,"37":74.8238173496,"38":71.8300643205,"39":68.1699981689,"40":70.7900009155,"41":74.3899993896,"42":76.6600036621,"43":75.8799972534,"44":73.6399993896,"45":69.9899978638,"46":69.25,"47":68.8199996948,"48":61.6699981689,"49":59.5800018311,"50":53.9099998474,"51":57.8499984741,"52":58.7299995422,"53":55.1500015259,"54":54.3300018311,"55":51.2599983215,"56":53.7900009155,"57":55.7299995422,"58":58.0,"59":60.6899986267,"60":64.1299972534,"61":63.7400016785,"62":61.5699996948,"63":63.7299995422,"64":61.8100013733,"65":64.0100021362,"66":65.6999969482,"67":64.9800033569,"68":67.7200012207,"69":66.4899978638,"70":66.3799972534,"71":66.4599990845,"72":66.2600021362,"73":68.1800003052,"74":68.3399963379,"75":65.4000015259,"76":64.5,"77":64.7699966431,"78":63.7299995422,"79":65.5,"80":65.5},"Close":{"0":63.7469367981,"1":64.6350784302,"2":64.0363311768,"3":63.7868499756,"4":64.3357086182,"5":66.5810165405,"6":66.1319503784,"7":67.3593902588,"8":66.4113769531,"9":68.0679168701,"10":69.0358963013,"11":69.0957641602,"12":69.1157302856,"13":71.7003326416,"14":71.7202911377,"15":71.780166626,"16":73.8059387207,"17":72.5186233521,"18":72.4387893677,"19":72.9477233887,"20":72.0296478271,"21":73.9955444336,"22":74.8537521362,"23":76.470375061,"24":77.8375244141,"25":76.759765625,"26":76.5601882935,"27":77.4782714844,"28":76.3705825806,"29":77.0092468262,"30":77.0591506958,"31":77.8774414062,"32":76.8495864868,"33":76.4404373169,"34":76.6998977661,"35":76.2109222412,"36":74.37474823,"37":75.5123748779,"38":71.8600006104,"39":70.4599990845,"40":75.1699981689,"41":76.1500015259,"42":78.5599975586,"43":77.0299987793,"44":76.0500030518,"45":72.5100021362,"46":72.9599990845,"47":69.7600021362,"48":63.1800003052,"49":63.8400001526,"50":58.4300003052,"51":64.6299972534,"52":64.4499969482,"53":60.1100006104,"54":54.8899993896,"55":51.9399986267,"56":58.2200012207,"57":56.0200004578,"58":62.5600013733,"59":64.3799972534,"60":65.9899978638,"61":64.6600036621,"62":64.1699981689,"63":64.5599975586,"64":62.1699981689,"65":65.6200027466,"66":65.8600006104,"67":67.5899963379,"68":69.9400024414,"69":67.3199996948,"70":67.9599990845,"71":67.6399993896,"72":67.8000030518,"73":70.1999969482,"74":68.5400009155,"75":65.5400009155,"76":66.6200027466,"77":64.9000015259,"78":65.2699966431,"79":66.5100021362,"80":66.5100021362},"Volume":{"0":2178900,"1":2371000,"2":2490400,"3":2518500,"4":2040800,"5":2585200,"6":1621400,"7":2296500,"8":2224400,"9":2089100,"10":2071600,"11":1629800,"12":1592800,"13":3200300,"14":2422700,"15":2035700,"16":4428500,"17":2743800,"18":1656800,"19":2674800,"20":1999200,"21":2747700,"22":2472300,"23":2922100,"24":5057900,"25":2665000,"26":2515200,"27":1684300,"28":1769300,"29":1122300,"30":1889600,"31":1883400,"32":1386700,"33":1130400,"34":1403900,"35":2853700,"36":2524100,"37":4313700,"38":3990100,"39":4412000,"40":2610800,"41":2494200,"42":2327500,"43":2258600,"44":2418000,"45":3092900,"46":3415300,"47":2321100,"48":3204100,"49":5489700,"50":3641200,"51":5024000,"52":3188500,"53":3830000,"54":3951200,"55":4180800,"56":3478200,"57":3144900,"58":3414000,"59":3738400,"60":3774700,"61":4810000,"62":3267400,"63":3559800,"64":2608700,"65":2401800,"66":2659000,"67":2541800,"68":4218700,"69":1721800,"70":3187000,"71":1738000,"72":1760500,"73":1531800,"74":903700,"75":2131300,"76":1157500,"77":2105000,"78":1549500,"79":511947,"80":511947}}