{"Open":{"0":63.3258726254,"1":62.0960533634,"2":62.3836751722,"3":62.3241673307,"4":63.5242353084,"5":63.6134908552,"6":64.9127372896,"7":64.8929036972,"8":65.2697818232,"9":65.8846999374,"10":66.0830489504,"11":66.2020700335,"12":66.1524767528,"13":67.3525508858,"14":66.5789510027,"15":65.8450255333,"16":62.7407181561,"17":63.6035738564,"18":64.4862685135,"19":63.2762852599,"20":63.1076802448,"21":62.5820308611,"22":63.5440689527,"23":64.3870915881,"24":66.4500167199,"25":66.1326473398,"26":65.3392120926,"27":66.797139451,"28":66.5392774251,"29":66.172320632,"30":65.7061757469,"31":65.9640395061,"32":65.4582289192,"33":65.0912633949,"34":64.3375068482,"35":63.5539905354,"36":63.3655442549,"37":61.2431146222,"38":60.4992689458,"39":57.2858636008,"40":59.0810086449,"41":60.3604199063,"42":59.7058386644,"43":60.2017350315,"44":58.3966719362,"45":55.550230275,"46":58.3371652594,"47":56.3139076039,"48":51.9004393781,"49":54.4394233372,"50":49.718497582,"51":51.404545576,"52":51.2061879286,"53":49.6986639109,"54":48.6473628856,"55":46.8026315387,"56":47.7845038734,"57":48.6275275905,"58":50.0457872092,"59":50.6904530917,"60":52.7632969581,"61":53.8542659451,"62":53.1798486115,"63":54.8400001526,"64":54.9900016785,"65":57.0699996948,"66":58.5299987793,"67":57.0499992371,"68":58.7999992371,"69":58.5,"70":59.8300018311,"71":59.2999992371,"72":59.7999992371,"73":60.3800010681,"74":60.75,"75":60.8600006104,"76":61.2599983215,"77":61.3199996948,"78":61.6699981689,"79":62.6399993896,"80":62.6399993896},"High":{"0":63.4746428329,"1":62.8101443039,"2":62.7208843704,"3":63.6531678642,"4":64.0796360108,"5":65.2400279174,"6":65.4284730008,"7":66.4400956713,"8":65.9838727566,"9":66.5392782962,"10":66.4202619137,"11":66.6582931288,"12":67.0649305005,"13":67.7790138812,"14":66.6979686895,"15":66.1921509841,"16":64.099471225,"17":64.8234804946,"18":64.5556936035,"19":63.7820971668,"20":63.1671853003,"21":63.712672362,"22":64.4069301168,"23":65.3094578314,"24":67.243452782,"25":66.4599403004,"26":66.5690388275,"27":66.9955022418,"28":66.9459155068,"29":66.400428407,"30":66.2814165355,"31":66.4202625824,"32":65.5078215133,"33":65.4383964199,"34":65.3292981867,"35":64.5259418059,"36":63.3853805345,"37":62.8696517979,"38":61.0745097124,"39":58.7239617369,"40":60.2810752344,"41":61.3422911873,"42":61.1736893749,"43":60.7373032626,"44":59.9240276402,"45":58.6545381719,"46":58.4660991906,"47":57.4842216157,"48":54.4493426591,"49":55.0444166299,"50":53.3186971795,"51":53.6559085275,"52":51.9599476821,"53":50.3036572246,"54":50.2243112162,"55":48.0027019243,"56":49.0936680521,"57":51.523560235,"58":52.8823108826,"59":53.338534002,"60":54.6278656276,"61":55.7783434568,"62":55.2427763379,"63":55.3199996948,"64":56.4700012207,"65":58.0699996948,"66":58.5900001526,"67":59.1300010681,"68":59.5800018311,"69":59.4000015259,"70":60.7299995422,"71":59.8899993896,"72":60.3499984741,"73":60.7700004578,"74":62.8400001526,"75":61.3199996948,"76":61.9099998474,"77":61.9900016785,"78":62.5499992371,"79":63.0200004578,"80":63.0200004578},"Low":{"0":62.6217017145,"1":62.0365445239,"2":62.1555598406,"3":62.2547422402,"4":63.3357925415,"5":63.5936583594,"6":64.506106793,"7":64.8333986419,"8":65.0317540343,"9":65.8846999374,"10":65.9640388419,"11":66.1524774413,"12":65.9838740476,"13":66.6682124667,"14":65.4879820245,"15":63.0878468575,"16":62.5721154453,"17":63.375466093,"18":63.6035748411,"19":62.8696509713,"20":61.9968712865,"21":62.5324420517,"22":63.5242364559,"23":64.3176664973,"24":65.845023425,"25":65.2995386734,"26":65.2598745345,"27":66.4202614984,"28":66.0235492572,"29":65.4979022057,"30":65.4383954166,"31":64.9028231495,"32":64.8234830623,"33":64.3573399167,"34":64.2680817572,"35":63.1671887369,"36":61.0943413163,"37":61.1042644413,"38":59.0710908441,"39":55.9072743045,"40":58.1983149752,"41":57.8611053439,"42":59.2000229688,"43":59.3487938747,"44":58.277654258,"45":55.5403140265,"46":55.4510526636,"47":55.3518726361,"48":50.2044734178,"49":51.354951818,"50":47.6158973589,"51":50.7797159894,"52":47.6258205869,"53":47.734917541,"54":46.8621392885,"55":45.3843696329,"56":47.0009878591,"57":47.7745864432,"58":49.8970207868,"59":50.4524215191,"60":52.7632969581,"61":53.7947608895,"62":53.0806709946,"63":53.5800018311,"64":54.9000015259,"65":56.5800018311,"66":56.6800003052,"67":56.3600006104,"68":58.3699989319,"69":58.0600013733,"70":59.6300010681,"71":58.9000015259,"72":59.5,"73":59.8800010681,"74":60.5999984741,"75":60.2599983215,"76":60.8800010681,"77":60.8400001526,"78":61.2599983215,"79":62.4099998474,"80":62.4099998474},"Close":{"0":62.82006073,"1":62.2646560669,"2":62.46301651,"3":63.4052200317,"4":63.3357925415,"5":64.9127349854,"6":64.6945495605,"7":65.6069946289,"8":65.8946151733,"9":66.0334701538,"10":66.2318191528,"11":66.1723175049,"12":66.8764877319,"13":66.8764877319,"14":66.3210906982,"15":63.6333351135,"16":63.1771087646,"17":64.2779922485,"18":63.613494873,"19":63.2862052917,"20":62.4332618713,"21":63.0580940247,"22":63.7622642517,"23":65.0515899658,"24":66.5491943359,"25":65.7061767578,"26":66.3607635498,"27":66.4400939941,"28":66.4500198364,"29":65.5375747681,"30":65.835105896,"31":65.5276489258,"32":65.1706085205,"33":64.6350402832,"34":65.0912628174,"35":63.4448928833,"36":61.6299095154,"37":61.5307350159,"38":59.090927124,"39":58.5751953125,"40":59.8446884155,"41":58.7140464783,"42":60.9753303528,"43":60.0033760071,"44":59.8149337769,"45":57.1866874695,"46":57.4544715881,"47":56.0461235046,"48":52.3169898987,"49":54.5386047363,"50":50.6904525757,"51":53.6459922791,"52":49.8275985718,"53":48.3894996643,"54":48.0027008057,"55":46.0191192627,"56":48.8358039856,"57":48.9449005127,"58":51.8210945129,"59":52.3566627502,"60":53.9435272217,"61":55.2824478149,"62":54.3699989319,"63":55.2099990845,"64":55.5299987793,"65":57.8699989319,"66":56.9000015259,"67":58.25,"68":58.9099998474,"69":58.9199981689,"70":60.0400009155,"71":59.4599990845,"72":59.5600013733,"73":60.5999984741,"74":61.6800003052,"75":60.5900001526,"76":60.9300003052,"77":60.9500007629,"78":62.25,"79":62.8400001526,"80":62.8400001526},"Volume":{"0":13163700,"1":12984600,"2":11311400,"3":15551700,"4":18527000,"5":16169300,"6":11698000,"7":19243300,"8":30560500,"9":10937400,"10":8435800,"11":14375000,"12":12519400,"13":15186700,"14":13183300,"15":22453000,"16":20951100,"17":12761900,"18":10763200,"19":10783700,"20":12898000,"21":15987100,"22":11740200,"23":14991600,"24":16488500,"25":13093400,"26":13218500,"27":7261400,"28":11213700,"29":9149500,"30":7530700,"31":13831900,"32":9905400,"33":11360500,"34":10134800,"35":12105000,"36":15706000,"37":11264600,"38":20624800,"39":28294900,"40":19500300,"41":18250100,"42":18228300,"43":15119400,"44":14833900,"45":22385900,"46":24831000,"47":19768800,"48":22963000,"49":23503600,"50":20582800,"51":17519600,"52":27384200,"53":20058300,"54":20370800,"55":21237000,"56":16484800,"57":20921300,"58":21600200,"59":14498400,"60":18013500,"61":28455600,"62":13441300,"63":12929400,"64":14654200,"65":22589700,"66":19224400,"67":15268700,"68":13256800,"69":13921600,"70":14259000,"71":14402100,"72":12984900,"73":16697800,"74":17446000,"75":22203000,"76":12081500,"77":11897400,"78":10460800,"79":3669944,"80":3669944}}