{"Open":{"0":124.0006145102,"1":121.3354349334,"2":122.4691287391,"3":124.3089000172,"4":124.169672672,"5":125.2834876904,"6":127.3619319847,"7":127.1530879697,"8":127.5210403492,"9":127.7796082603,"10":128.3762849513,"11":129.102257594,"12":129.5497646466,"13":132.5530644053,"14":131.8668894626,"15":131.2403625863,"16":128.0182707499,"17":129.0227030877,"18":129.8481107919,"19":127.9785003684,"20":119.8238291814,"21":120.0028333762,"22":117.3277145759,"23":117.2581011363,"24":120.4702393733,"25":118.4514610855,"26":117.2779895476,"27":118.5906891997,"28":119.704502014,"29":122.0514535368,"30":122.1210645065,"31":121.4149808344,"32":122.6381846729,"33":122.0912224026,"34":120.4503535764,"35":115.7166669862,"36":116.1244005674,"37":113.3000999547,"38":109.6802280594,"39":105.4736103521,"40":104.9266605602,"41":105.9211316618,"42":103.9321858418,"43":102.9874380009,"44":97.5377368882,"45":93.1918942722,"46":94.086917238,"47":96.3642577917,"48":90.9899978638,"49":99.6100006104,"50":92.3399963379,"51":101.6100006104,"52":99.5199966431,"53":100.0800018311,"54":93.8399963379,"55":89.8600006104,"56":87.8399963379,"57":94.1699981689,"58":94.9199981689,"59":94.9000015259,"60":92.3099975586,"61":95.5500030518,"62":91.7699966431,"63":90.4000015259,"64":91.3600006104,"65":96.6299972534,"66":101.0599975586,"67":101.4100036621,"68":102.5299987793,"69":105.2699966431,"70":105.0,"71":105.5500030518,"72":107.2399978638,"73":109.0100021362,"74":108.6999969482,"75":108.4300003052,"76":109.0999984741,"77":110.0,"78":110.7799987793,"79":112.3099975586,"80":112.3099975586},"High":{"0":124.1995057124,"1":123.3044836881,"2":124.3188457621,"3":124.7763026952,"4":125.5221540896,"5":127.7895518276,"6":127.4116434044,"7":128.1276654948,"8":128.1177291513,"9":128.5751730702,"10":129.2414852233,"11":130.4248909276,"12":132.0956084352,"13":133.5574900655,"14":132.0956135937,"15":131.6580386602,"16":129.6690965505,"17":129.9276603762,"18":130.0370475718,"19":129.0923032497,"20":120.7586345093,"21":120.3409575169,"22":117.7553374919,"23":120.8978617303,"24":120.957528132,"25":119.5354310136,"26":118.2227341578,"27":119.2172033169,"28":123.0359790427,"29":123.125476665,"30":123.1055888549,"31":121.9917759307,"32":122.9265822234,"33":122.0912224026,"34":120.4503535764,"35":117.2183205908,"36":116.9895932568,"37":114.732140858,"38":111.1421019174,"39":107.4923856226,"40":106.6272054362,"41":106.1299697074,"42":105.6227838242,"43":103.7034584994,"44":100.431644128,"45":95.2007303242,"46":99.6857871483,"47":98.2636937791,"48":99.0999984741,"49":103.7399978638,"50":103.4300003052,"51":107.1399993896,"52":104.7699966431,"53":100.2799987793,"54":97.6800003052,"55":89.8600006104,"56":94.8799972534,"57":96.3499984741,"58":97.8000030518,"59":95.0,"60":97.3799972534,"61":97.2600021362,"62":93.0,"63":93.9400024414,"64":94.4599990845,"65":99.3099975586,"66":103.5100021362,"67":103.3399963379,"68":106.3700027466,"69":105.9000015259,"70":107.1900024414,"71":107.6900024414,"72":108.7399978638,"73":110.1399993896,"74":110.6200027466,"75":108.6900024414,"76":110.5199966431,"77":111.1900024414,"78":111.5999984741,"79":113.4150009155,"80":113.4150009155},"Low":{"0":122.2901228577,"1":121.2260424929,"2":122.1111185032,"3":123.5232668586,"4":123.3442597682,"5":125.1144218167,"6":126.079055658,"7":126.7652448095,"8":126.6558552433,"9":127.202813151,"10":128.3564064527,"11":128.4260092919,"12":129.5497646466,"13":131.7674388054,"14":129.9177192002,"15":129.5099772736,"16":127.4116427231,"17":128.5354067213,"18":128.8039130057,"19":127.1331937838,"20":114.7520277304,"21":115.5575460652,"22":115.1597670737,"23":117.2581011363,"24":118.9288059936,"25":116.8801948236,"26":116.880199548,"27":117.9741143316,"28":119.2370993324,"29":121.5144381791,"30":120.9376413689,"31":121.0171984383,"32":121.3851488713,"33":117.4072640947,"34":118.4514643549,"35":114.9111477592,"36":111.6990066906,"37":111.8879527236,"38":107.0946044922,"39":102.3410322218,"40":103.0172700513,"41":101.5752897033,"42":102.4802588198,"43":99.1388392022,"44":95.021725972,"45":90.7355492198,"46":93.2813980247,"47":94.8128776088,"48":90.4599990845,"49":95.1200027466,"50":91.4000015259,"51":97.6299972534,"52":95.7900009155,"53":92.5400009155,"54":89.8099975586,"55":81.9000015259,"56":87.0,"57":88.8899993896,"58":93.4700012207,"59":91.3099975586,"60":90.5800018311,"61":93.6299972534,"62":90.0800018311,"63":90.3799972534,"64":91.1200027466,"65":95.5500030518,"66":99.4300003052,"67":99.5800018311,"68":101.4000015259,"69":101.3199996948,"70":102.9800033569,"71":104.9499969482,"72":105.25,"73":108.5100021362,"74":107.9700012207,"75":105.3899993896,"76":108.0299987793,"77":108.9100036621,"78":109.4899978638,"79":112.3099975586,"80":112.3099975586},"Close":{"0":123.0956420898,"1":123.1950912476,"2":124.3088989258,"3":123.8713302612,"4":124.6669082642,"5":127.3917694092,"6":126.8845748901,"7":127.7796096802,"8":127.3917694092,"9":127.5707626343,"10":128.6348571777,"11":130.2757263184,"12":131.8370513916,"13":131.7972717285,"14":130.534286499,"15":130.305557251,"16":128.694519043,"17":129.0525360107,"18":128.8237915039,"19":128.7442474365,"20":118.4912414551,"21":115.786277771,"22":116.6912460327,"23":120.0326690674,"24":119.0680389404,"25":117.198425293,"26":117.5862731934,"27":119.1475906372,"28":122.7475814819,"29":121.6934432983,"30":121.6039352417,"31":121.8326644897,"32":122.2006149292,"33":120.7089080811,"34":118.9486999512,"35":115.7962265015,"36":111.8282852173,"37":111.9177856445,"38":107.0946044922,"39":103.7830123901,"40":105.6625671387,"41":101.9531860352,"42":105.563117981,"43":100.8294372559,"44":99.8051300049,"45":91.013999939,"46":98.9399337769,"47":97.1299972534,"48":95.7099990845,"49":103.6800003052,"50":99.6299972534,"51":104.8199996948,"52":100.9000015259,"53":93.4400024414,"54":90.7699966431,"55":84.2600021362,"56":94.8300018311,"57":93.9400024414,"58":96.9300003052,"59":91.5699996948,"60":96.9400024414,"61":94.8300018311,"62":91.3199996948,"63":92.0999984741,"64":92.3899993896,"65":98.6100006104,"66":100.7600021362,"67":102.0999984741,"68":105.9100036621,"69":102.5899963379,"70":106.9499969482,"71":106.5699996948,"72":107.0500030518,"73":109.9400024414,"74":109.7900009155,"75":107.3600006104,"76":109.4100036621,"77":110.25,"78":111.4400024414,"79":113.1999969482,"80":113.1999969482},"Volume":{"0":391200,"1":359200,"2":401500,"3":585300,"4":486200,"5":752300,"6":644000,"7":430400,"8":470000,"9":398800,"10":374300,"11":523800,"12":683200,"13":729400,"14":447800,"15":369900,"16":399500,"17":424100,"18":415100,"19":946400,"20":2180900,"21":1291600,"22":1030900,"23":1475100,"24":859100,"25":677200,"26":949300,"27":575000,"28":1140100,"29":701400,"30":633700,"31":637700,"32":554900,"33":1505500,"34":577600,"35":565300,"36":826100,"37":1675800,"38":1324400,"39":3048500,"40":2429100,"41":2486900,"42":1175700,"43":1098500,"44":1281900,"45":1241700,"46":1905000,"47":1616400,"48":2707100,"49":1887900,"50":1554600,"51":2142600,"52":1522600,"53":1332800,"54":1151600,"55":1246800,"56":871000,"57":1898900,"58":1308600,"59":947400,"60":1036000,"61":1001300,"62":1123000,"63":784000,"64":561700,"65":1126200,"66":941800,"67":956900,"68":1271400,"69":502300,"70":952800,"71":1016900,"72":953300,"73":707400,"74":619000,"75":740500,"76":566700,"77":814200,"78":698200,"79":183987,"80":183987}}