{"Open":{"0":45.5,"1":44.5200004578,"2":44.8499984741,"3":45.1199989319,"4":45.5999984741,"5":45.9599990845,"6":45.9500007629,"7":45.6500015259,"8":42.4099998474,"9":42.8100013733,"10":42.7099990845,"11":43.2000007629,"12":44.1800003052,"13":44.4099998474,"14":43.9199981689,"15":43.5999984741,"16":42.5,"17":42.75,"18":43.6300010681,"19":43.5,"20":43.2900009155,"21":42.1699981689,"22":42.8300018311,"23":43.0499992371,"24":42.5999984741,"25":42.75,"26":42.0200004578,"27":42.3199996948,"28":42.6100006104,"29":42.1699981689,"30":42.2700004578,"31":42.25,"32":42.3100013733,"33":43.0200004578,"34":42.2599983215,"35":41.4799995422,"36":41.1500015259,"37":40.3699989319,"38":38.6199989319,"39":37.0900001526,"40":37.5999984741,"41":38.2999992371,"42":38.0499992371,"43":37.9900016785,"44":36.1399993896,"45":34.9199981689,"46":35.9199981689,"47":34.1699981689,"48":31.6299991608,"49":32.5400009155,"50":28.7199993134,"51":28.1000003815,"52":26.9799995422,"53":26.7399997711,"54":28.6299991608,"55":26.8999996185,"56":26.8099994659,"57":28.1200008392,"58":30.3099994659,"59":30.3199996948,"60":30.7700004578,"61":31.5400009155,"62":31.6200008392,"63":30.0100002289,"64":30.8199996948,"65":32.9099998474,"66":34.3300018311,"67":33.9900016785,"68":35.25,"69":36.5800018311,"70":35.8100013733,"71":35.1899986267,"72":35.0299987793,"73":36.6500015259,"74":37.8199996948,"75":36.1899986267,"76":35.5299987793,"77":35.8899993896,"78":36.7799987793,"79":37.1800003052,"80":37.1800003052},"High":{"0":45.5900001526,"1":45.2099990845,"2":45.5699996948,"3":45.5800018311,"4":46.0600013733,"5":46.1300010681,"6":46.1100006104,"7":45.7299995422,"8":42.8199996948,"9":42.8300018311,"10":43.3300018311,"11":44.3100013733,"12":44.3899993896,"13":44.4399986267,"14":44.0299987793,"15":43.7000007629,"16":43.1300010681,"17":43.5900001526,"18":44.2000007629,"19":43.7700004578,"20":43.2999992371,"21":42.5600013733,"22":43.2000007629,"23":43.3300018311,"24":43.2400016785,"25":42.9500007629,"26":42.5299987793,"27":42.6699981689,"28":42.75,"29":42.4700012207,"30":42.4099998474,"31":42.3699989319,"32":43.4399986267,"33":43.1599998474,"34":42.8499984741,"35":41.9000015259,"36":41.3199996948,"37":40.5999984741,"38":39.5800018311,"39":37.5400009155,"40":38.2700004578,"41":39.3600006104,"42":38.7799987793,"43":37.9900016785,"44":37.7000007629,"45":35.0999984741,"46":35.9199981689,"47":34.7900009155,"48":33.5299987793,"49":32.7099990845,"50":29.2299995422,"51":29.0400009155,"52":27.7000007629,"53":28.8700008392,"54":28.7800006866,"55":27.1900005341,"56":28.6299991608,"57":31.2399997711,"58":31.8199996948,"59":31.3899993896,"60":31.8500003815,"61":33.25,"62":31.8799991608,"63":31.4599990845,"64":31.5200004578,"65":33.1899986267,"66":35.7200012207,"67":35.7000007629,"68":37.2400016785,"69":36.75,"70":36.4500007629,"71":35.2400016785,"72":35.5800018311,"73":38.4700012207,"74":38.4799995422,"75":36.6300010681,"76":35.8899993896,"77":36.7599983215,"78":37.2700004578,"79":37.4000015259,"80":37.4000015259},"Low":{"0":44.9399986267,"1":44.3499984741,"2":44.6800003052,"3":44.9700012207,"4":45.4700012207,"5":45.4900016785,"6":45.5499992371,"7":45.3600006104,"8":41.6500015259,"9":42.3400001526,"10":42.6599998474,"11":43.1399993896,"12":43.7599983215,"13":43.9599990845,"14":43.1899986267,"15":43.0400009155,"16":42.3499984741,"17":42.6300010681,"18":43.4199981689,"19":43.1199989319,"20":41.7900009155,"21":42.0999984741,"22":42.7000007629,"23":42.4399986267,"24":42.2400016785,"25":41.9500007629,"26":41.8800010681,"27":42.1100006104,"28":42.2299995422,"29":41.8100013733,"30":42.0800018311,"31":41.6500015259,"32":42.2799987793,"33":42.0299987793,"34":42.0400009155,"35":40.9199981689,"36":39.7099990845,"37":39.3699989319,"38":37.8899993896,"39":36.2599983215,"40":36.7099990845,"41":36.5600013733,"42":37.2299995422,"43":36.3499984741,"44":35.8800010681,"45":33.6699981689,"46":33.7299995422,"47":33.4700012207,"48":30.5699996948,"49":29.3500003815,"50":27.1599998474,"51":26.3400001526,"52":25.4099998474,"53":25.5100002289,"54":27.1000003815,"55":24.1000003815,"56":26.7700004578,"57":27.2800006866,"58":30.0599994659,"59":29.4699993134,"60":29.5599994659,"61":31.0300006866,"62":29.9300003052,"63":29.6499996185,"64":30.6299991608,"65":32.4900016785,"66":33.3800010681,"67":33.7000007629,"68":34.9900016785,"69":34.4000015259,"70":35.4300003052,"71":34.1899986267,"72":34.8199996948,"73":36.6500015259,"74":37.25,"75":35.0,"76":34.3699989319,"77":35.8100013733,"78":36.4599990845,"79":36.6399993896,"80":36.6399993896},"Close":{"0":45.3300018311,"1":44.9799995422,"2":45.3499984741,"3":45.4000015259,"4":45.6399993896,"5":45.7099990845,"6":45.6699981689,"7":45.4700012207,"8":42.6599998474,"9":42.5699996948,"10":43.2000007629,"11":44.2799987793,"12":44.0699996948,"13":44.0499992371,"14":43.5699996948,"15":43.2099990845,"16":42.6500015259,"17":43.4500007629,"18":43.9500007629,"19":43.4099998474,"20":41.8699989319,"21":42.2299995422,"22":42.8800010681,"23":42.6199989319,"24":43.0099983215,"25":42.1899986267,"26":42.2200012207,"27":42.5699996948,"28":42.2299995422,"29":42.1800003052,"30":42.3100013733,"31":42.1599998474,"32":43.0200004578,"33":42.5,"34":42.6199989319,"35":41.0800018311,"36":39.9099998474,"37":39.3899993896,"38":37.9199981689,"39":37.3899993896,"40":38.2700004578,"41":37.2299995422,"42":38.75,"43":37.4599990845,"44":37.5999984741,"45":34.0900001526,"46":35.1800003052,"47":33.8600006104,"48":31.0,"49":32.3300018311,"50":27.5499992371,"51":28.7900009155,"52":27.2399997711,"53":28.2700004578,"54":27.2399997711,"55":25.8299999237,"56":28.2199993134,"57":29.9200000763,"58":31.4200000763,"59":30.6100006104,"60":31.6399993896,"61":32.6300010681,"62":30.1900005341,"63":31.0499992371,"64":31.1700000763,"65":32.8800010681,"66":33.6899986267,"67":35.1300010681,"68":36.8300018311,"69":35.2099990845,"70":35.9199981689,"71":34.7900009155,"72":35.4500007629,"73":38.2900009155,"74":37.25,"75":35.0499992371,"76":35.4900016785,"77":36.4000015259,"78":36.9000015259,"79":37.0999984741,"80":37.0999984741},"Volume":{"0":6092400,"1":4704100,"2":5768900,"3":4298400,"4":5071800,"5":7225800,"6":5491700,"7":4877600,"8":27589000,"9":12805500,"10":11654300,"11":15909800,"12":8590000,"13":6515200,"14":6366700,"15":4022300,"16":5672400,"17":7223100,"18":6629600,"19":8792500,"20":12425000,"21":8763400,"22":9126100,"23":13227100,"24":6994200,"25":8381700,"26":6151700,"27":4861100,"28":8374100,"29":6406700,"30":7289900,"31":8024500,"32":7412000,"33":6123500,"34":7282400,"35":6536700,"36":8745400,"37":10062300,"38":15338000,"39":19871200,"40":14333700,"41":13875500,"42":10112500,"43":20434800,"44":17949100,"45":15378700,"46":13372200,"47":20113200,"48":23545300,"49":17420900,"50":17232100,"51":18097200,"52":18167500,"53":12088500,"54":11222900,"55":17190500,"56":16752800,"57":19681700,"58":13137400,"59":11232700,"60":12192900,"61":14174100,"62":9990600,"63":12401900,"64":10895500,"65":13647100,"66":21342400,"67":13608500,"68":19098700,"69":11990400,"70":12337200,"71":9994300,"72":8086400,"73":19998000,"74":10392400,"75":11514900,"76":10398000,"77":8425200,"78":8100900,"79":3377853,"80":3377853}}