{"Open":{"0":79.6022084368,"1":79.2743885973,"2":78.2015016328,"3":78.7677493441,"4":78.2511700566,"5":80.4466171794,"6":79.4730721362,"7":78.9763627834,"8":80.6651608806,"9":81.1916806728,"10":81.4201600086,"11":80.6254308027,"12":79.9499151213,"13":79.6717504061,"14":79.0558390169,"15":79.095573465,"16":75.7577094249,"17":76.7014457597,"18":77.0292730635,"19":75.2411271346,"20":75.9599990845,"21":74.6999969482,"22":76.75,"23":77.9199981689,"24":79.8000030518,"25":78.1299972534,"26":78.0800018311,"27":78.75,"28":79.9000015259,"29":78.8899993896,"30":78.8899993896,"31":78.6100006104,"32":77.8700027466,"33":77.6600036621,"34":77.5599975586,"35":73.3799972534,"36":72.6299972534,"37":70.0199966431,"38":66.0999984741,"39":62.0,"40":63.8499984741,"41":67.8600006104,"42":66.0500030518,"43":64.8000030518,"44":60.4599990845,"45":54.3100013733,"46":54.7299995422,"47":53.9500007629,"48":45.2999992371,"49":47.8199996948,"50":40.4900016785,"51":42.0,"52":37.0600013733,"53":35.4700012207,"54":40.4599990845,"55":37.5499992371,"56":37.6500015259,"57":42.3100013733,"58":43.6800003052,"59":44.1300010681,"60":44.0499992371,"61":43.6300010681,"62":39.1399993896,"63":38.3600006104,"64":39.0,"65":39.7999992371,"66":44.8100013733,"67":42.8499984741,"68":46.9399986267,"69":47.5,"70":47.6599998474,"71":43.3699989319,"72":42.7099990845,"73":43.1500015259,"74":43.4000015259,"75":42.3499984741,"76":43.0,"77":42.6500015259,"78":43.0,"79":44.1699981689,"80":44.1699981689},"High":{"0":80.7247703649,"1":79.989639845,"2":79.0260365482,"3":78.7776856002,"4":79.4730718715,"5":80.4466171794,"6":79.4830083924,"7":80.1883283055,"8":82.5625840146,"9":81.5095726583,"10":81.5890384648,"11":80.8638478836,"12":80.3770831937,"13":79.9499125203,"14":79.5525457095,"15":79.1452395849,"16":76.4928332325,"17":77.6153842455,"18":77.3869024804,"19":77.0292742469,"20":76.1800003052,"21":76.2099990845,"22":77.2699966431,"23":78.9800033569,"24":79.8600006104,"25":79.0500030518,"26":78.7399978638,"27":79.5500030518,"28":80.7699966431,"29":79.2799987793,"30":79.0899963379,"31":78.8600006104,"32":78.3899993896,"33":78.6900024414,"34":77.9599990845,"35":74.0500030518,"36":73.2099990845,"37":70.6100006104,"38":66.8899993896,"39":64.4499969482,"40":67.6100006104,"41":68.4300003052,"42":67.5199966431,"43":65.1200027466,"44":62.3100013733,"45":55.6100006104,"46":55.7000007629,"47":54.3300018311,"48":49.0,"49":51.2400016785,"50":45.2299995422,"51":43.9799995422,"52":37.9900016785,"53":41.2400016785,"54":40.9900016785,"55":38.1500015259,"56":40.9199981689,"57":44.7000007629,"58":46.2900009155,"59":45.5,"60":44.2599983215,"61":44.2299995422,"62":40.25,"63":39.6599998474,"64":39.4599990845,"65":41.3400001526,"66":45.5900001526,"67":44.4500007629,"68":49.2200012207,"69":47.5699996948,"70":47.7400016785,"71":44.2700004578,"72":42.8400001526,"73":45.6199989319,"74":45.4399986267,"75":43.1100006104,"76":43.1199989319,"77":43.7400016785,"78":43.3400001526,"79":46.2599983215,"80":46.2599983215},"Low":{"0":79.5028686183,"1":78.9266878605,"2":78.2015016328,"3":78.2114402658,"4":78.1617664888,"5":79.2048504802,"6":78.5491973695,"7":78.4796560993,"8":80.4366800548,"9":80.1982672709,"10":80.3174705465,"11":80.2777300683,"12":79.3439323307,"13":79.3339934934,"14":78.4001825446,"15":77.1286117019,"16":75.3504062853,"17":76.2742777053,"18":75.906718692,"19":75.0027100461,"20":73.9100036621,"21":74.6999969482,"22":76.4300003052,"23":77.8099975586,"24":78.4000015259,"25":78.0599975586,"26":78.0500030518,"27":78.6399993896,"28":79.3000030518,"29":78.6200027466,"30":78.4499969482,"31":77.5100021362,"32":77.6200027466,"33":77.3099975586,"34":76.1500015259,"35":72.4400024414,"36":69.0,"37":68.1600036621,"38":64.4000015259,"39":61.3400001526,"40":63.1199989319,"41":64.4700012207,"42":64.3600006104,"43":63.0099983215,"44":59.7400016785,"45":51.0,"46":51.5,"47":50.0200004578,"48":42.8199996948,"49":45.3100013733,"50":39.5699996948,"51":38.7999992371,"52":32.0,"53":34.2000007629,"54":37.2000007629,"55":34.6199989319,"56":37.3400001526,"57":39.4300003052,"58":43.0,"59":43.0,"60":41.5699996948,"61":41.6500015259,"62":38.0,"63":37.2999992371,"64":36.6699981689,"65":39.5099983215,"66":41.1199989319,"67":41.9700012207,"68":46.3699989319,"69":45.2700004578,"70":43.5299987793,"71":42.6100006104,"72":40.0999984741,"73":42.6500015259,"74":42.8899993896,"75":41.0699996948,"76":41.8499984741,"77":42.2599983215,"78":41.7299995422,"79":43.7299995422,"80":43.7299995422},"Close":{"0":80.6949691772,"1":79.1750411987,"2":78.9266891479,"3":78.2412414551,"4":78.8372879028,"5":79.5525436401,"6":78.728012085,"7":80.1187896729,"8":81.3704910278,"9":80.7049026489,"10":80.4664840698,"11":80.5856933594,"12":79.3737335205,"13":79.5724105835,"14":79.2743911743,"15":77.9034729004,"16":76.2047424316,"17":76.7312469482,"18":75.9762573242,"19":76.9199981689,"20":74.4100036621,"21":75.1299972534,"22":76.5,"23":78.8499984741,"24":78.9700012207,"25":78.6900024414,"26":78.4800033569,"27":79.0899963379,"28":79.3300018311,"29":79.0,"30":78.7900009155,"31":77.5800018311,"32":78.0500030518,"33":78.2200012207,"34":76.4400024414,"35":72.5299987793,"36":69.4300003052,"37":68.1800003052,"38":64.4499969482,"39":63.4599990845,"40":67.5899963379,"41":65.0500030518,"42":67.3899993896,"43":63.4900016785,"44":61.2799987793,"45":51.3699989319,"46":55.5800018311,"47":50.7900009155,"48":43.2599983215,"49":51.0400009155,"50":41.1899986267,"51":40.25,"52":36.4300003052,"53":39.6399993896,"54":38.0600013733,"55":35.3899993896,"56":40.6599998474,"57":41.8600006104,"58":46.0200004578,"59":43.7999992371,"60":44.0800018311,"61":42.1199989319,"62":38.5099983215,"63":39.2299995422,"64":37.4900016785,"65":41.1199989319,"66":41.25,"67":44.2599983215,"68":47.4099998474,"69":46.6800003052,"70":45.4199981689,"71":42.8600006104,"72":40.5200004578,"73":45.4500007629,"74":44.0099983215,"75":41.5699996948,"76":42.2400016785,"77":42.4599990845,"78":43.0999984741,"79":45.7649993896,"80":45.7649993896},"Volume":{"0":12728900,"1":12437400,"2":10059500,"3":10469100,"4":11292400,"5":12895900,"6":10062100,"7":16566300,"8":24971800,"9":16063600,"10":10426000,"11":12413100,"12":10522000,"13":8045600,"14":11618200,"15":15036100,"16":15859600,"17":10960200,"18":9478900,"19":12498200,"20":17101200,"21":11099200,"22":12173200,"23":13070400,"24":12826400,"25":8341700,"26":8418300,"27":9437200,"28":9484100,"29":8946200,"30":9056600,"31":10343500,"32":9145200,"33":11763400,"34":14020000,"35":21096200,"36":27451000,"37":25552100,"38":34656800,"39":46029800,"40":29006400,"41":29547700,"42":24188500,"43":27277600,"44":29916600,"45":35625600,"46":32527500,"47":36709000,"48":45941600,"49":40519800,"50":35133800,"51":51650000,"52":48351400,"53":43397100,"54":38163900,"55":33013300,"56":34100600,"57":38211100,"58":31528600,"59":25484500,"60":27459000,"61":26219100,"62":29219500,"63":29532100,"64":25327100,"65":30064700,"66":35220700,"67":32944800,"68":43659200,"69":27944300,"70":40466200,"71":32249000,"72":37756000,"73":41252900,"74":33471900,"75":35336200,"76":21911600,"77":23970700,"78":26282100,"79":14074592,"80":14074592}}