{"Open":{"0":null,"1":null,"2":null,"3":null,"4":null,"5":null,"6":null,"7":null,"8":null,"9":null,"10":null,"11":null,"12":null,"13":null,"14":null,"15":null,"16":null,"17":null,"18":null,"19":null,"20":null,"21":null,"22":null,"23":null,"24":null,"25":null,"26":null,"27":null,"28":null,"29":null,"30":null,"31":null,"32":null,"33":null,"34":null,"35":null,"36":null,"37":null,"38":null,"39":null,"40":null,"41":null,"42":null,"43":null,"44":null,"45":null,"46":null,"47":null,"48":null,"49":null,"50":null,"51":null,"52":null,"53":12.0,"54":13.0,"55":12.75,"56":12.8999996185,"57":11.8000001907,"58":14.0,"59":15.0,"60":15.25,"61":16.3899993896,"62":16.0,"63":15.6599998474,"64":13.75,"65":17.0599994659,"66":15.1999998093,"67":14.5,"68":14.0,"69":14.5,"70":14.0,"71":13.529999733,"72":13.1499996185,"73":13.3000001907,"74":13.5,"75":14.220000267,"76":14.9499998093,"77":14.6999998093,"78":15.6000003815,"79":16.1700000763,"80":16.1700000763},"High":{"0":null,"1":null,"2":null,"3":null,"4":null,"5":null,"6":null,"7":null,"8":null,"9":null,"10":null,"11":null,"12":null,"13":null,"14":null,"15":null,"16":null,"17":null,"18":null,"19":null,"20":null,"21":null,"22":null,"23":null,"24":null,"25":null,"26":null,"27":null,"28":null,"29":null,"30":null,"31":null,"32":null,"33":null,"34":null,"35":null,"36":null,"37":null,"38":null,"39":null,"40":null,"41":null,"42":null,"43":null,"44":null,"45":null,"46":null,"47":null,"48":null,"49":null,"50":null,"51":null,"52":null,"53":12.0,"54":13.0,"55":12.75,"56":12.8999996185,"57":13.4499998093,"58":15.4499998093,"59":16.0,"60":16.5,"61":17.25,"62":16.0,"63":15.8999996185,"64":17.0,"65":17.1499996185,"66":15.8000001907,"67":15.25,"68":15.5,"69":14.5,"70":14.1999998093,"71":13.654999733,"72":13.25,"73":13.8299999237,"74":14.7399997711,"75":15.25,"76":15.1599998474,"77":15.9200000763,"78":16.6700000763,"79":16.5,"80":16.5},"Low":{"0":null,"1":null,"2":null,"3":null,"4":null,"5":null,"6":null,"7":null,"8":null,"9":null,"10":null,"11":null,"12":null,"13":null,"14":null,"15":null,"16":null,"17":null,"18":null,"19":null,"20":null,"21":null,"22":null,"23":null,"24":null,"25":null,"26":null,"27":null,"28":null,"29":null,"30":null,"31":null,"32":null,"33":null,"34":null,"35":null,"36":null,"37":null,"38":null,"39":null,"40":null,"41":null,"42":null,"43":null,"44":null,"45":null,"46":null,"47":null,"48":null,"49":null,"50":null,"51":null,"52":null,"53":12.0,"54":12.0,"55":11.5,"56":11.5,"57":11.8000001907,"58":14.0,"59":14.5500001907,"60":15.25,"61":14.5600004196,"62":14.5600004196,"63":12.1199998856,"64":13.3800001144,"65":14.8500003815,"66":14.5500001907,"67":13.7299995422,"68":13.8999996185,"69":13.9799995422,"70":13.779999733,"71":12.9399995804,"72":12.2600002289,"73":12.9300003052,"74":13.4750003815,"75":14.1800003052,"76":14.220000267,"77":14.6099996567,"78":15.2899999619,"79":15.9799995422,"80":15.9799995422},"Close":{"0":null,"1":null,"2":null,"3":null,"4":null,"5":null,"6":null,"7":null,"8":null,"9":null,"10":null,"11":null,"12":null,"13":null,"14":null,"15":null,"16":null,"17":null,"18":null,"19":null,"20":null,"21":null,"22":null,"23":null,"24":null,"25":null,"26":null,"27":null,"28":null,"29":null,"30":null,"31":null,"32":null,"33":null,"34":null,"35":null,"36":null,"37":null,"38":null,"39":null,"40":null,"41":null,"42":null,"43":null,"44":null,"45":null,"46":null,"47":null,"48":null,"49":null,"50":null,"51":null,"52":null,"53":12.0,"54":12.75,"55":11.5399999619,"56":11.6999998093,"57":13.4499998093,"58":15.4499998093,"59":14.5500001907,"60":15.8999996185,"61":17.25,"62":15.0500001907,"63":13.279999733,"64":16.9200000763,"65":15.4399995804,"66":15.25,"67":14.2600002289,"68":14.779999733,"69":13.9899997711,"70":13.8699998856,"71":13.3599996567,"72":12.8900003433,"73":13.7399997711,"74":14.4499998093,"75":14.6899995804,"76":14.7899999619,"77":15.720000267,"78":16.25,"79":16.2250003815,"80":16.2250003815},"Volume":{"0":null,"1":null,"2":null,"3":null,"4":null,"5":null,"6":null,"7":null,"8":null,"9":null,"10":null,"11":null,"12":null,"13":null,"14":null,"15":null,"16":null,"17":null,"18":null,"19":null,"20":null,"21":null,"22":null,"23":null,"24":null,"25":null,"26":null,"27":null,"28":null,"29":null,"30":null,"31":null,"32":null,"33":null,"34":null,"35":null,"36":null,"37":null,"38":null,"39":null,"40":null,"41":null,"42":null,"43":null,"44":null,"45":null,"46":null,"47":null,"48":null,"49":null,"50":null,"51":null,"52":null,"53":100.0,"54":2300.0,"55":18700.0,"56":96100.0,"57":19200.0,"58":76400.0,"59":486500.0,"60":210000.0,"61":461500.0,"62":2998900.0,"63":15966300.0,"64":66934300.0,"65":37138000.0,"66":23486000.0,"67":49372700.0,"68":34992600.0,"69":21497400.0,"70":22350000.0,"71":14990700.0,"72":21745200.0,"73":21336500.0,"74":20032200.0,"75":16235900.0,"76":12543300.0,"77":12226000.0,"78":17390000.0,"79":5681507.0,"80":5681507.0}}