{"Open":{"0":146.6160776934,"1":146.3897549176,"2":144.9137411633,"3":144.992476047,"4":144.4807930446,"5":145.4451099861,"6":145.0908649886,"7":144.1855787388,"8":145.0908601933,"9":143.8805458195,"10":144.087187256,"11":145.8707860023,"12":145.8608723963,"13":144.9195214712,"14":140.5199040591,"15":141.2531774944,"16":135.6545629944,"17":135.773484245,"18":136.3383007801,"19":133.5340375398,"20":132.6026059402,"21":130.2442527085,"22":131.7900552373,"23":134.3168612878,"24":136.9427430422,"25":134.8023854202,"26":131.8296836592,"27":134.2574057137,"28":137.1409222907,"29":138.7263650948,"30":138.2210189224,"31":136.2094931194,"32":135.5455740113,"33":135.0203926783,"34":135.2582139289,"35":131.3243311609,"36":131.7603314074,"37":128.4705248996,"38":124.4573722049,"39":118.4822277216,"40":123.9123812085,"41":125.844641896,"42":124.9230949944,"43":122.0296627674,"44":117.9174171638,"45":111.9620873586,"46":107.6516672637,"47":102.8557024218,"48":92.6494020402,"49":97.4949150339,"50":88.1903345597,"51":95.1365674722,"52":93.1349370839,"53":98.3272728164,"54":102.1818835822,"55":93.0457576955,"56":95.1861105374,"57":100.2496217081,"58":103.896141836,"59":103.4799677262,"60":105.3626797237,"61":109.722653827,"62":111.0702791199,"63":110.2181028392,"64":114.4492592029,"65":118.9479601756,"66":121.772028853,"67":121.8711130617,"68":127.4796179369,"69":118.8587733097,"70":115.4401638486,"71":111.932364346,"72":110.8324630506,"73":114.4499969482,"74":114.4400024414,"75":111.0400009155,"76":112.0299987793,"77":111.3300018311,"78":113.9899978638,"79":110.8499984741,"80":110.8499984741},"High":{"0":148.1412815046,"1":147.5607178856,"2":146.1830950558,"3":145.2089573528,"4":146.1929592941,"5":145.602553668,"6":145.3565493172,"7":144.4807818644,"8":145.6123792193,"9":144.3922302534,"10":145.5631880188,"11":146.9211403939,"12":146.5247753817,"13":145.2266988924,"14":141.9071768577,"15":141.4018068457,"16":136.5562880098,"17":136.3482095918,"18":136.5067524271,"19":134.7330364158,"20":133.7619602793,"21":131.9486065542,"22":133.553860782,"23":136.2193926188,"24":137.0715652249,"25":135.248303694,"26":133.107956562,"27":135.9815666508,"28":138.6669208564,"29":139.2218163987,"30":138.349825988,"31":137.3093957319,"32":135.9617664518,"33":137.6264715447,"34":136.1896648542,"35":132.6422335416,"36":131.9287830497,"37":129.7983459663,"38":127.3607172922,"39":123.1097412109,"40":126.7166300032,"41":128.3813503685,"42":126.2806343271,"43":123.7141942471,"44":120.7414882477,"45":111.9620873586,"46":108.0678445777,"47":103.7970569549,"48":93.4223049332,"49":99.0010913558,"50":104.8870424559,"51":99.5262666031,"52":102.0134238375,"53":103.4502376781,"54":103.0439640459,"55":95.3644662016,"56":101.1018008408,"57":107.5129401225,"58":109.9604688045,"59":108.6425698094,"60":111.813450479,"61":115.84643251,"62":115.6878892935,"63":117.4417763577,"64":115.7770651614,"65":120.622588146,"66":127.6282672779,"67":127.0138926008,"68":128.4209875361,"69":118.9578696256,"70":116.7679698297,"71":112.0710901146,"72":112.437728111,"73":116.5400009155,"74":117.0699996948,"75":111.0400009155,"76":112.0999984741,"77":115.2300033569,"78":114.3799972534,"79":113.8000030518,"80":113.8000030518},"Low":{"0":145.6123929575,"1":145.0908670831,"2":144.1954100704,"3":143.1819037613,"4":144.1167176698,"5":144.1659063465,"6":143.4967890462,"7":143.221262542,"8":143.9691003053,"9":142.8768611646,"10":143.9002397717,"11":145.26633478,"12":144.3646147832,"13":141.2234585931,"14":138.528195152,"15":137.9930992692,"16":134.3366758118,"17":134.3862114742,"18":134.4357693838,"19":131.7008766836,"20":129.3524311893,"21":128.123721545,"22":131.472959125,"23":134.2078613882,"24":134.8915824215,"25":131.790048116,"26":131.57205441,"27":133.8313097112,"28":136.8337448848,"29":137.1706407429,"30":135.6446659317,"31":133.851139832,"32":134.8222192721,"33":134.9609409371,"34":133.8808598277,"35":130.8487021074,"36":127.0832695185,"37":126.3896383681,"38":122.0990266029,"39":117.9471393917,"40":121.8909388659,"41":122.6539340178,"42":123.1791042386,"43":120.1370350785,"44":117.7489655251,"45":103.083600597,"46":98.2083658703,"47":99.1596320554,"48":86.7039858665,"49":89.3199678439,"50":87.6948832419,"51":92.1242224479,"52":92.2629454817,"53":96.3652822524,"54":93.3033967808,"55":89.8154130317,"56":94.304207743,"57":97.6039133831,"58":101.9539735399,"59":102.45933917,"60":103.9754145131,"61":109.2569283716,"62":108.5038447764,"63":110.1190065282,"64":111.1000108759,"65":117.0553324032,"66":119.4136832134,"67":119.9388559459,"68":122.0296610047,"69":112.5467280836,"70":113.4682696044,"71":108.8011158498,"72":107.8696661594,"73":113.8499984741,"74":112.1200027466,"75":108.5999984741,"76":109.2099990845,"77":110.9499969482,"78":111.2099990845,"79":109.7300033569,"80":109.7300033569},"Close":{"0":148.12159729,"1":146.065032959,"2":145.9666137695,"3":144.0379943848,"4":145.3171844482,"5":144.9531097412,"6":143.7919921875,"7":144.4709472656,"8":144.3331756592,"9":143.2409515381,"10":145.5041503906,"11":146.4355926514,"12":144.5231628418,"13":141.3324584961,"14":141.4513549805,"15":139.1029205322,"16":134.4952087402,"17":135.4960327148,"18":134.5447692871,"19":134.1384887695,"20":130.1550750732,"21":128.5894470215,"22":132.2954101562,"23":136.189666748,"24":136.0013885498,"25":132.1566772461,"26":133.0980529785,"27":134.9510345459,"28":138.320098877,"29":138.4489135742,"30":136.734664917,"31":135.3374938965,"32":135.614944458,"33":135.6842956543,"34":135.9617614746,"35":130.9676055908,"36":127.8264465332,"37":127.0832672119,"38":122.1485671997,"39":123.1097412109,"40":126.4391784668,"41":123.2484741211,"42":126.2409973145,"43":120.8603973389,"44":120.3054962158,"45":103.1232376099,"46":105.5212249756,"47":99.7739944458,"48":91.4206848145,"49":98.733543396,"50":92.560218811,"51":99.288444519,"52":99.2091751099,"53":102.072883606,"54":94.6312026978,"55":91.0144042969,"56":100.4180755615,"57":103.7177810669,"58":109.4947433472,"59":104.4807815552,"60":110.6937332153,"61":114.9843444824,"62":110.3370132446,"63":115.6779708862,"64":113.6268081665,"65":119.3344116211,"66":120.8108520508,"67":126.2409973145,"68":123.8925552368,"69":113.1016311646,"70":115.4203491211,"71":110.51537323,"72":112.1900024414,"73":116.3000030518,"74":114.5999984741,"75":109.8499984741,"76":110.6399993896,"77":112.9100036621,"78":114.0400009155,"79":113.8000030518,"80":113.8000030518},"Volume":{"0":3311900,"1":3100600,"2":2549600,"3":2841900,"4":2153200,"5":2272500,"6":2393700,"7":3355200,"8":2742200,"9":2640500,"10":3070900,"11":3331500,"12":2476700,"13":3602400,"14":3182700,"15":2526200,"16":2920500,"17":2763800,"18":2620000,"19":3862600,"20":6785700,"21":4385300,"22":3501600,"23":4448100,"24":2283800,"25":3812300,"26":2331600,"27":2381900,"28":3222000,"29":3318800,"30":2813400,"31":3869700,"32":2134900,"33":2678200,"34":2855600,"35":4964800,"36":4840200,"37":3902500,"38":7369000,"39":8301900,"40":6100200,"41":6358100,"42":5074700,"43":6015300,"44":5767900,"45":8636200,"46":8293200,"47":6543600,"48":10285900,"49":8718600,"50":9899000,"51":7206100,"52":6995100,"53":6870800,"54":7650300,"55":6737500,"56":7417100,"57":6578100,"58":6059600,"59":5746500,"60":5725600,"61":8970800,"62":6847000,"63":8106500,"64":5036400,"65":5785600,"66":8489900,"67":4686100,"68":4753500,"69":10519600,"70":7166300,"71":5652800,"72":5926400,"73":4132300,"74":4083800,"75":5743300,"76":3795100,"77":3545400,"78":3045300,"79":2360752,"80":2360752}}