{"Open":{"0":154.6789049779,"1":153.5970811244,"2":154.1628104439,"3":152.9618913281,"4":152.545047901,"5":152.3564709928,"6":152.4061033763,"7":149.6469893284,"8":149.2500019687,"9":149.1110546129,"10":150.480684756,"11":151.5029321503,"12":151.8503107252,"13":151.8999346554,"14":151.0662521344,"15":150.7982859483,"16":149.8554168649,"17":149.7363178506,"18":150.4211281431,"19":148.9820341903,"20":152.4358683546,"21":151.413619148,"22":153.4482168543,"23":159.0756059555,"24":164.7526240125,"25":161.3880934568,"26":161.536965269,"27":161.9637425732,"28":163.5318700293,"29":162.5096096556,"30":163.4226951771,"31":163.184493086,"32":162.7081140883,"33":162.5096198417,"34":161.4277909366,"35":159.6512572372,"36":159.0557558506,"37":157.0410081494,"38":155.0659671749,"39":145.8755449046,"40":144.0394533345,"41":150.9769259472,"42":146.7886281231,"43":147.066525603,"44":138.818964858,"45":134.6306782906,"46":138.0249904352,"47":134.0351920715,"48":123.0682259631,"49":121.7879167325,"50":106.940334252,"51":102.8512930312,"52":102.2161024596,"53":97.4599990845,"54":99.0,"55":97.3099975586,"56":98.7699966431,"57":101.6900024414,"58":102.8199996948,"59":104.8099975586,"60":108.6399993896,"61":112.6200027466,"62":105.9499969482,"63":103.6800003052,"64":104.7799987793,"65":107.3000030518,"66":117.3499984741,"67":112.6699981689,"68":116.7200012207,"69":121.2399978638,"70":122.0699996948,"71":120.0,"72":116.1900024414,"73":115.5,"74":116.9400024414,"75":110.0999984741,"76":114.3199996948,"77":107.3300018311,"78":104.8300018311,"79":100.8000030518,"80":100.8000030518},"High":{"0":154.8476257324,"1":154.8277688414,"2":155.909579879,"3":154.1925790487,"4":153.6367882204,"5":152.8924217397,"6":153.2894150534,"7":150.0836854498,"8":150.6692492272,"9":150.3318077639,"10":151.9694133828,"11":152.9817412571,"12":152.4755815567,"13":152.7435383875,"14":151.790762441,"15":151.9892658089,"16":150.738728506,"17":151.3143816773,"18":151.1158650944,"19":153.1107784799,"20":153.3489533414,"21":153.6864199294,"22":154.5498766027,"23":164.1571278669,"24":166.4795545594,"25":163.2936641029,"26":162.13246274,"27":163.124949016,"28":164.5243557111,"29":163.9884036171,"30":163.9983386869,"31":163.5219345814,"32":163.154729641,"33":162.7676606812,"34":162.8172799849,"35":161.4377346036,"36":159.52222535,"37":158.9366594719,"38":156.9020565855,"39":146.6893904531,"40":150.996772584,"41":152.406107836,"42":151.125800905,"43":147.066525603,"44":144.3570366756,"45":140.9329685032,"46":138.2731118545,"47":135.6231600488,"48":125.5792135555,"49":122.4925806557,"50":113.4212646662,"51":109.5108713422,"52":107.4961262015,"53":100.8899993896,"54":103.9800033569,"55":101.5500030518,"56":102.9300003052,"57":108.3499984741,"58":110.3499984741,"59":113.4800033569,"60":114.7099990845,"61":113.9700012207,"62":107.9899978638,"63":108.3799972534,"64":106.6399993896,"65":111.4499969482,"66":119.0,"67":115.5500030518,"68":123.3899993896,"69":122.9599990845,"70":124.8099975586,"71":120.3499984741,"72":117.5,"73":120.0,"74":117.1100006104,"75":114.4300003052,"76":114.4499969482,"77":108.3399963379,"78":105.2200012207,"79":105.3649978638,"80":105.3649978638},"Low":{"0":153.2000958084,"1":152.9718254328,"2":153.8452077408,"3":152.4855024322,"4":151.5227888493,"5":151.3540659098,"6":148.9820307017,"7":148.4063822308,"8":149.1507473426,"9":148.3269824419,"10":150.2325633182,"11":151.4533199818,"12":150.9372257068,"13":151.5624931626,"14":147.9696865124,"15":150.4608444308,"16":149.25,"17":149.6172244086,"18":149.6569099245,"19":148.9324068748,"20":150.1134555529,"21":151.145643763,"22":152.9916667625,"23":156.1676301388,"24":161.5667382944,"25":161.0208786095,"26":160.7826815973,"27":161.1002848668,"28":162.4897570346,"29":162.0133668188,"30":161.8247926317,"31":161.8545659143,"32":161.3583328807,"33":161.4575722407,"34":161.4277909366,"35":158.5297435014,"36":155.3736423144,"37":155.7011615402,"38":148.9224784291,"39":141.1711723479,"40":143.9203447535,"41":144.1486343529,"42":145.5381016002,"43":142.0544848704,"44":138.2135479977,"45":130.968418802,"46":132.873987346,"47":128.6956143483,"48":115.6742105772,"49":112.2005090131,"50":99.9333876281,"51":97.0452530501,"52":86.6936263625,"53":93.8399963379,"54":93.0999984741,"55":92.0400009155,"56":96.3700027466,"57":97.0299987793,"58":100.5,"59":104.0800018311,"60":105.6299972534,"61":110.3600006104,"62":102.6100006104,"63":103.4199981689,"64":101.3199996948,"65":106.9300003052,"66":111.7799987793,"67":111.0800018311,"68":116.1100006104,"69":118.5599975586,"70":120.2600021362,"71":116.2699966431,"72":111.0599975586,"73":114.0500030518,"74":113.4000015259,"75":109.3700027466,"76":106.1299972534,"77":104.0500030518,"78":102.1100006104,"79":101.9800033569,"80":101.9800033569},"Close":{"0":154.8476257324,"1":154.6094207764,"2":155.8798065186,"3":152.7633972168,"4":151.721282959,"5":152.7931671143,"6":149.8554229736,"7":149.7660827637,"8":149.6271362305,"9":150.1531524658,"10":151.512878418,"11":152.5351257324,"12":151.5922698975,"13":152.6740722656,"14":150.9471435547,"15":150.8677520752,"16":149.25,"17":149.8256530762,"18":149.7561645508,"19":152.9817504883,"20":150.8479003906,"21":152.0785827637,"22":153.1405487061,"23":164.0876617432,"24":161.9935150146,"25":161.5071868896,"26":162.122543335,"27":162.9066009521,"28":162.6584777832,"29":163.5914154053,"30":163.3234405518,"31":162.2714080811,"32":162.9760894775,"33":161.924041748,"34":162.51953125,"35":159.2840423584,"36":156.0286865234,"37":156.8425140381,"38":148.9820251465,"39":143.9402008057,"40":150.6692504883,"41":145.0815582275,"42":150.7982788086,"43":143.8012542725,"44":143.7317810059,"45":133.9557952881,"46":138.0547637939,"47":130.3034362793,"48":115.86277771,"49":120.9443054199,"50":100.6578979492,"51":109.2528305054,"52":99.0599975586,"53":98.5299987793,"54":101.5599975586,"55":94.1999969482,"56":102.5599975586,"57":101.8000030518,"58":109.2200012207,"59":108.4100036621,"60":114.0400009155,"61":111.6900024414,"62":104.1699981689,"63":105.9300003052,"64":102.8199996948,"65":110.7600021362,"66":112.0299987793,"67":114.6100006104,"68":122.2699966431,"69":119.6100006104,"70":122.5,"71":116.5,"72":111.9499969482,"73":118.7900009155,"74":114.6399993896,"75":112.3899993896,"76":106.2200012207,"77":104.0800018311,"78":104.0199966431,"79":105.0299987793,"80":105.0299987793},"Volume":{"0":2037800,"1":1176000,"2":1281800,"3":1505900,"4":2106300,"5":1796900,"6":2363000,"7":1672300,"8":1410600,"9":1367900,"10":1101800,"11":2009300,"12":1427000,"13":1098000,"14":2514000,"15":1476400,"16":1163100,"17":1716500,"18":1266200,"19":1267100,"20":2336300,"21":1831900,"22":1880600,"23":3119400,"24":3035600,"25":1908200,"26":1511000,"27":1718600,"28":1174600,"29":1612700,"30":1246300,"31":1366100,"32":1451100,"33":2265600,"34":1267700,"35":1919200,"36":2502200,"37":2354700,"38":3118900,"39":3792900,"40":3069400,"41":2838300,"42":2147900,"43":2569500,"44":3488900,"45":3246600,"46":2602200,"47":2664200,"48":3339900,"49":5280200,"50":4112700,"51":4513400,"52":4346700,"53":3600900,"54":4849700,"55":3960800,"56":3525000,"57":4168100,"58":4073900,"59":3714800,"60":2792700,"61":3075500,"62":2313200,"63":2256600,"64":1868100,"65":3005300,"66":2396100,"67":2374500,"68":2719200,"69":3400100,"70":2229600,"71":2919400,"72":2634300,"73":3542400,"74":3123800,"75":3098700,"76":4866300,"77":3403400,"78":3894800,"79":1913460,"80":1913460}}