{"Open":{"0":119.3445429965,"1":118.6765306469,"2":120.1321963056,"3":119.6336828289,"4":117.4003370339,"5":116.9616394745,"6":116.2537466386,"7":115.4262109857,"8":114.6485261097,"9":115.3962999633,"10":116.4132744177,"11":116.9815797014,"12":116.0543467017,"13":119.1351646172,"14":118.03843496,"15":119.6436542234,"16":118.8958803533,"17":119.7433559134,"18":120.5908285192,"19":120.840085381,"20":122.1063226081,"21":123.6317711492,"22":122.6447129474,"23":122.5848859292,"24":123.581917806,"25":124.6288032491,"26":121.647689017,"27":123.0235813969,"28":122.5649531142,"29":122.4951614824,"30":124.0305843475,"31":122.634744129,"32":123.8012710607,"33":119.7034695894,"34":121.8470893173,"35":120.321631535,"36":122.2259542699,"37":123.561983428,"38":119.9926110972,"39":122.7399978638,"40":112.4199981689,"41":117.9899978638,"42":117.5199966431,"43":115.9199981689,"44":115.0,"45":112.0400009155,"46":111.8099975586,"47":112.0,"48":98.9700012207,"49":95.3899993896,"50":92.0,"51":84.4700012207,"52":86.5699996948,"53":75.9000015259,"54":83.25,"55":80.1999969482,"56":78.7600021362,"57":77.8099975586,"58":79.0599975586,"59":87.1200027466,"60":92.1500015259,"61":90.8099975586,"62":86.4000015259,"63":85.7399978638,"64":93.4300003052,"65":94.0999984741,"66":97.3399963379,"67":94.0699996948,"68":95.9100036621,"69":92.8399963379,"70":94.5100021362,"71":98.2900009155,"72":98.0400009155,"73":98.2200012207,"74":101.8099975586,"75":101.3099975586,"76":100.7200012207,"77":99.1999969482,"78":99.8799972534,"79":98.0599975586,"80":98.0599975586},"High":{"0":119.8231209642,"1":121.7573586254,"2":120.620746701,"3":119.6336828289,"4":118.1979644471,"5":117.0314313016,"6":116.2537466386,"7":115.4262109857,"8":115.8748768759,"9":116.6226507405,"10":117.3803951459,"11":117.4103030814,"12":117.4501908627,"13":119.6137425733,"14":119.6237173389,"15":119.9327939673,"16":121.2488728078,"17":121.8171810818,"18":122.3555766555,"19":122.9338553747,"20":123.8212162298,"21":124.3795439586,"22":124.4692728178,"23":123.8112366811,"24":127.5501022339,"25":126.8721217076,"26":123.4423392878,"27":124.2798418405,"28":123.4822192995,"29":123.9308877621,"30":125.4164560068,"31":125.0874380988,"32":124.4493423845,"33":122.4652481079,"34":124.1801445054,"35":123.9009670959,"36":122.2359267039,"37":124.7982990507,"38":125.7953279133,"39":122.7399978638,"40":118.1800003052,"41":119.4400024414,"42":119.7200012207,"43":121.0899963379,"44":119.0999984741,"45":116.75,"46":114.4599990845,"47":112.0,"48":102.0,"49":99.5800018311,"50":92.0,"51":91.5999984741,"52":86.9800033569,"53":89.9400024414,"54":84.1100006104,"55":80.4400024414,"56":81.5599975586,"57":83.5400009155,"58":91.0100021362,"59":94.8899993896,"60":95.4100036621,"61":94.0,"62":90.2200012207,"63":92.8799972534,"64":93.4300003052,"65":97.2300033569,"66":97.3399963379,"67":95.6999969482,"68":96.6500015259,"69":94.5199966431,"70":100.5699996948,"71":101.2699966431,"72":99.5,"73":102.2399978638,"74":104.3899993896,"75":102.5,"76":102.5500030518,"77":100.1500015259,"78":100.7699966431,"79":98.8099975586,"80":98.8099975586},"Low":{"0":117.9287615692,"1":118.6765306469,"2":118.9357628131,"3":117.7193861703,"4":115.3663939763,"5":115.535885629,"6":115.4660916859,"7":114.1101311058,"8":114.339449113,"9":114.6285898784,"10":115.9247240331,"11":115.6754646931,"12":115.9347003084,"13":117.5399174417,"14":117.4601554705,"15":118.5170125513,"16":118.6964773073,"17":119.5838349964,"18":120.0225214734,"19":120.8101756851,"20":121.8969471227,"21":121.7174745828,"22":121.7772937517,"23":122.0764058967,"24":122.3854843419,"25":121.6377119711,"26":120.9597355629,"27":122.2159892008,"28":121.4183665792,"29":122.1561671745,"30":123.2628666731,"31":121.3286366867,"32":119.7832395023,"33":119.5240038098,"34":120.102286045,"35":119.5838311532,"36":119.7932052429,"37":121.9667362364,"38":119.304665271,"39":111.8600006104,"40":112.4199981689,"41":116.1500015259,"42":115.0,"43":115.7099990845,"44":114.0800018311,"45":110.1299972534,"46":108.8499984741,"47":105.5100021362,"48":90.2200012207,"49":91.3099975586,"50":82.0100021362,"51":80.6800003052,"52":74.1200027466,"53":72.0100021362,"54":78.5899963379,"55":73.1299972534,"56":75.1100006104,"57":76.8199996948,"58":78.9400024414,"59":87.0100021362,"60":88.8199996948,"61":87.7900009155,"62":84.9199981689,"63":85.7399978638,"64":89.3000030518,"65":90.2200012207,"66":91.0,"67":92.0999984741,"68":92.7399978638,"69":91.4199981689,"70":94.5100021362,"71":97.5599975586,"72":97.6800003052,"73":98.2200012207,"74":100.3700027466,"75":100.1299972534,"76":99.4199981689,"77":97.4199981689,"78":96.3700027466,"79":97.1200027466,"80":97.1200027466},"Close":{"0":119.1650772095,"1":120.9697036743,"2":119.8330917358,"3":117.8689422607,"4":116.6625366211,"5":115.6655044556,"6":115.5059738159,"7":114.7482299805,"8":115.1470413208,"9":116.5229492188,"10":117.1809844971,"11":116.1839523315,"12":117.0414047241,"13":118.3674545288,"14":119.2647857666,"15":119.4542160034,"16":119.374458313,"17":120.8400878906,"18":121.1391983032,"19":122.8142089844,"20":122.854095459,"21":123.4921875,"22":122.1063156128,"23":123.4024505615,"24":127.5501022339,"25":122.176109314,"26":123.3227005005,"27":122.9438171387,"28":123.1631698608,"29":123.900970459,"30":125.2569274902,"31":123.1731414795,"32":120.0823516846,"33":122.4652481079,"34":122.2459030151,"35":121.6277389526,"36":121.737411499,"37":123.4423370361,"38":120.8700027466,"39":114.0,"40":118.1800003052,"41":117.2099990845,"42":118.5899963379,"43":115.9499969482,"44":116.7699966431,"45":111.7699966431,"46":110.9000015259,"47":106.3499984741,"48":93.4700012207,"49":94.8000030518,"50":82.6999969482,"51":88.5400009155,"52":75.8499984741,"53":82.9100036621,"54":79.6900024414,"55":76.5400009155,"56":78.1500015259,"57":80.0,"58":90.8199996948,"59":90.8899993896,"60":93.0299987793,"61":89.25,"62":88.1800003052,"63":92.3700027466,"64":89.6200027466,"65":94.8899993896,"66":93.5,"67":95.6999969482,"68":93.4199981689,"69":93.3099975586,"70":100.5100021362,"71":98.0899963379,"72":97.9400024414,"73":102.0,"74":102.9599990845,"75":100.3899993896,"76":100.1999969482,"77":99.0500030518,"78":96.5199966431,"79":98.2300033569,"80":98.2300033569},"Volume":{"0":460700,"1":599700,"2":603900,"3":514800,"4":1039300,"5":789300,"6":917400,"7":704500,"8":723300,"9":829400,"10":510400,"11":661600,"12":662300,"13":607300,"14":420100,"15":410900,"16":671200,"17":644000,"18":386700,"19":410200,"20":540000,"21":530300,"22":831500,"23":1134200,"24":991500,"25":860500,"26":526200,"27":422100,"28":356300,"29":331500,"30":371900,"31":823200,"32":577800,"33":646800,"34":2379500,"35":827700,"36":703600,"37":860800,"38":1424100,"39":1920100,"40":1232900,"41":1188800,"42":1312000,"43":1588800,"44":1401400,"45":1378000,"46":1400700,"47":1358100,"48":1855200,"49":1711500,"50":1597000,"51":1903700,"52":1853900,"53":1671000,"54":1760600,"55":1481300,"56":1911400,"57":1226900,"58":1406300,"59":1236800,"60":786000,"61":1017600,"62":999700,"63":1029600,"64":1175000,"65":972400,"66":1381300,"67":790800,"68":1498300,"69":2301000,"70":1581900,"71":1107800,"72":1121400,"73":1107600,"74":1102500,"75":1282600,"76":827300,"77":966700,"78":721700,"79":143415,"80":143415}}