{"Open":{"0":70.1800003052,"1":70.5400009155,"2":69.9800033569,"3":70.4599990845,"4":71.2799987793,"5":72.8199996948,"6":73.4000015259,"7":73.5299987793,"8":73.4000015259,"9":72.6500015259,"10":72.3300018311,"11":73.3799972534,"12":73.4100036621,"13":75.0,"14":74.9199981689,"15":75.9400024414,"16":72.4899978638,"17":73.0899963379,"18":74.5,"19":72.4599990845,"20":72.8600006104,"21":72.4899978638,"22":73.9599990845,"23":75.3899993896,"24":74.9100036621,"25":74.0199966431,"26":73.3499984741,"27":75.0400009155,"28":76.0,"29":77.0,"30":79.5599975586,"31":78.1800003052,"32":79.0,"33":79.4599990845,"34":75.9599990845,"35":71.9499969482,"36":71.9000015259,"37":69.0999984741,"38":66.75,"39":63.5099983215,"40":66.6600036621,"41":67.8700027466,"42":67.6399993896,"43":67.7900009155,"44":64.6999969482,"45":61.6800003052,"46":61.2799987793,"47":61.2999992371,"48":58.0600013733,"49":59.2799987793,"50":55.7599983215,"51":55.8800010681,"52":55.0,"53":53.7400016785,"54":56.9000015259,"55":55.0,"56":58.9300003052,"57":63.0600013733,"58":61.9099998474,"59":64.4599990845,"60":62.6800003052,"61":66.1100006104,"62":63.4300003052,"63":64.2399978638,"64":65.0500030518,"65":67.5199966431,"66":71.0,"67":69.8399963379,"68":71.9100036621,"69":70.9700012207,"70":73.0,"71":74.9100036621,"72":76.0100021362,"73":79.5699996948,"74":77.7300033569,"75":76.4300003052,"76":79.1800003052,"77":79.3700027466,"78":80.8499984741,"79":81.0,"80":81.0},"High":{"0":71.4400024414,"1":70.9899978638,"2":70.9700012207,"3":71.2799987793,"4":72.7600021362,"5":73.6900024414,"6":73.5800018311,"7":73.9499969482,"8":73.4700012207,"9":73.0999984741,"10":73.0699996948,"11":73.8300018311,"12":74.8700027466,"13":75.3600006104,"14":75.5500030518,"15":76.3099975586,"16":73.2799987793,"17":74.5100021362,"18":74.6500015259,"19":73.2099990845,"20":73.0500030518,"21":73.2399978638,"22":74.7799987793,"23":75.3899993896,"24":75.3600006104,"25":74.4000015259,"26":74.6600036621,"27":75.8799972534,"28":77.2200012207,"29":79.5899963379,"30":79.6900024414,"31":79.0,"32":80.4000015259,"33":79.4599990845,"34":76.5800018311,"35":73.2699966431,"36":72.2699966431,"37":70.0599975586,"38":68.5599975586,"39":66.3099975586,"40":68.3799972534,"41":68.8099975586,"42":70.3899993896,"43":69.6200027466,"44":65.8199996948,"45":64.1699981689,"46":62.9199981689,"47":62.7099990845,"48":62.6399993896,"49":62.4700012207,"50":57.9799995422,"51":59.1100006104,"52":55.7200012207,"53":57.6100006104,"54":58.5600013733,"55":57.8800010681,"56":63.9500007629,"57":64.5999984741,"58":67.1200027466,"59":65.5500030518,"60":67.3799972534,"61":67.4700012207,"62":66.5100021362,"63":67.0699996948,"64":66.7200012207,"65":69.7699966431,"66":71.6200027466,"67":72.2600021362,"68":72.7300033569,"69":71.75,"70":76.5,"71":76.1699981689,"72":79.1699981689,"73":80.4599990845,"74":78.6699981689,"75":76.8899993896,"76":80.5500030518,"77":81.4300003052,"78":81.3199996948,"79":81.8700027466,"80":81.8700027466},"Low":{"0":69.5899963379,"1":70.0599975586,"2":69.6500015259,"3":69.9400024414,"4":70.9599990845,"5":72.5599975586,"6":72.6699981689,"7":72.9499969482,"8":72.4100036621,"9":71.6600036621,"10":72.0299987793,"11":72.6500015259,"12":73.2300033569,"13":74.5100021362,"14":74.1999969482,"15":74.0699996948,"16":71.7600021362,"17":72.8799972534,"18":73.0500030518,"19":72.0999984741,"20":71.3600006104,"21":72.4599990845,"22":73.6800003052,"23":73.8499984741,"24":74.3799972534,"25":73.5100021362,"26":72.9800033569,"27":74.6800003052,"28":75.8300018311,"29":75.2699966431,"30":78.3600006104,"31":78.0500030518,"32":78.8799972534,"33":76.0500030518,"34":74.1800003052,"35":70.8700027466,"36":68.1800003052,"37":68.1800003052,"38":65.6600036621,"39":63.2400016785,"40":65.0100021362,"41":65.4700012207,"42":67.2300033569,"43":66.8300018311,"44":62.9799995422,"45":58.0499992371,"46":59.8600006104,"47":60.3800010681,"48":56.8199996948,"49":55.5,"50":54.0999984741,"51":53.3899993896,"52":51.3899993896,"53":52.1500015259,"54":54.5699996948,"55":53.1599998474,"56":58.2099990845,"57":60.9300003052,"58":61.3899993896,"59":61.7299995422,"60":62.3800010681,"61":65.3399963379,"62":62.9199981689,"63":63.9199981689,"64":63.7400016785,"65":65.9199981689,"66":68.8199996948,"67":69.4599990845,"68":71.0699996948,"69":70.4000015259,"70":72.2600021362,"71":74.2699966431,"72":76.0100021362,"73":78.3300018311,"74":76.7699966431,"75":73.3499984741,"76":77.5100021362,"77":79.3000030518,"78":79.1100006104,"79":80.5449981689,"80":80.5449981689},"Close":{"0":71.4400024414,"1":70.4199981689,"2":70.8499984741,"3":71.0699996948,"4":72.2799987793,"5":73.3600006104,"6":73.0299987793,"7":73.3899993896,"8":72.6100006104,"9":71.9400024414,"10":73.0599975586,"11":73.7300033569,"12":74.5999984741,"13":74.8000030518,"14":75.4199981689,"15":74.5800018311,"16":72.6200027466,"17":74.1800003052,"18":73.1399993896,"19":73.1600036621,"20":72.1100006104,"21":72.8300018311,"22":74.4199981689,"23":74.3199996948,"24":74.5400009155,"25":73.5500030518,"26":74.6299972534,"27":75.7099990845,"28":77.0999984741,"29":79.25,"30":78.7600021362,"31":78.5800018311,"32":80.0199966431,"33":76.9700012207,"34":74.7300033569,"35":71.3899993896,"36":68.4499969482,"37":68.8799972534,"38":65.8399963379,"39":66.1399993896,"40":68.3600006104,"41":66.2300033569,"42":70.2699966431,"43":67.8399963379,"44":64.7300033569,"45":59.75,"46":62.9199981689,"47":62.2299995422,"48":56.9399986267,"49":62.4700012207,"50":54.5999984741,"51":58.9399986267,"52":54.3199996948,"53":55.7200012207,"54":55.0800018311,"55":55.8600006104,"56":63.3400001526,"57":61.3499984741,"58":66.9400024414,"59":62.2799987793,"60":66.9100036621,"61":66.0400009155,"62":65.2399978638,"63":65.9300003052,"64":63.9300003052,"65":69.4199981689,"66":69.0500030518,"67":71.8399963379,"68":71.6500015259,"69":71.5500030518,"70":76.3300018311,"71":75.6999969482,"72":78.5899963379,"73":78.6500015259,"74":77.8399963379,"75":74.5899963379,"76":79.8000030518,"77":79.8300018311,"78":80.5199966431,"79":81.7200012207,"80":81.7200012207},"Volume":{"0":1410700,"1":1317600,"2":1544700,"3":1664600,"4":1763100,"5":1514400,"6":950000,"7":1156400,"8":1023800,"9":1333600,"10":1242100,"11":1893500,"12":1630800,"13":1156600,"14":994300,"15":957100,"16":1259900,"17":1298100,"18":1241500,"19":1033200,"20":2452600,"21":1405900,"22":1371900,"23":1666800,"24":911600,"25":1157700,"26":1302900,"27":1419600,"28":1932800,"29":3253100,"30":1329700,"31":1540000,"32":2212000,"33":2394200,"34":1550300,"35":2361900,"36":2648000,"37":2477300,"38":2678900,"39":4698200,"40":2711100,"41":3162500,"42":2364400,"43":2163700,"44":3361000,"45":2793500,"46":2809600,"47":2918300,"48":4756600,"49":3988500,"50":3071600,"51":2719400,"52":3137600,"53":2584900,"54":3393500,"55":2954100,"56":4180100,"57":3940100,"58":2781400,"59":2228400,"60":2514300,"61":3451400,"62":2824100,"63":2959100,"64":2554900,"65":2332700,"66":2315200,"67":1932500,"68":1954300,"69":2521600,"70":2511000,"71":2245600,"72":2603100,"73":3958600,"74":2300700,"75":2938500,"76":3043100,"77":2273000,"78":2124500,"79":482214,"80":482214}}