{"Open":{"0":122.2257399836,"1":118.4080368573,"2":117.3130360613,"3":115.5472253595,"4":116.1588464125,"5":115.8530417466,"6":116.3660079247,"7":115.596547025,"8":116.5534465232,"9":116.4745273355,"10":117.194664165,"11":116.8099336757,"12":115.5176317937,"13":116.4843938916,"14":114.3831686036,"15":113.9885786337,"16":110.6937109201,"17":110.2991182893,"18":111.7591109946,"19":109.0956004611,"20":106.2841129065,"21":103.3147898331,"22":104.7254734669,"23":107.3593849594,"24":108.7010119761,"25":106.7378903013,"26":106.6787066067,"27":106.8562725663,"28":108.2965448096,"29":109.0068206787,"30":108.9274607976,"31":108.4314310986,"32":107.3600101196,"33":107.0921517482,"34":107.2707273033,"35":103.6894096034,"36":103.7489351302,"37":98.0446357824,"38":93.6597560125,"39":88.0744953259,"40":93.3422914973,"41":95.2271978777,"42":95.5942626989,"43":93.7391190631,"44":90.8026423705,"45":85.167774827,"46":82.6380469237,"47":82.9257321274,"48":74.6420904112,"49":77.4793617096,"50":69.8901546782,"51":67.5985125433,"52":64.3148196947,"53":57.7375040887,"54":64.5231484241,"55":63.7989483793,"56":66.6163789358,"57":66.8247155209,"58":72.4198929723,"59":71.5865705798,"60":72.0329892772,"61":73.4615520431,"62":69.3544513512,"63":67.608434386,"64":67.7969241587,"65":70.2274541539,"66":75.4654955395,"67":76.199615414,"68":81.1995671132,"69":82.4098713896,"70":83.1142295234,"71":76.7254042884,"72":74.8901037748,"73":74.3543966907,"74":76.239299665,"75":73.2036153739,"76":75.0488339233,"77":75.4158873283,"78":78.8000030518,"79":78.5100021362,"80":78.5100021362},"High":{"0":122.9064108911,"1":119.1084417445,"2":117.8852003463,"3":117.4906060506,"4":116.8000644797,"5":116.267364502,"6":116.5534428668,"7":116.9283029705,"8":117.756961929,"9":117.9443909534,"10":118.0331766495,"11":117.4906046135,"12":116.731014174,"13":116.7211486787,"14":114.531143164,"15":114.4226278064,"16":110.7035778979,"17":111.0784439876,"18":112.6469507828,"19":110.27938945,"20":106.2841129065,"21":104.1730287313,"22":106.2643909245,"23":108.7897881381,"24":108.9772271498,"25":107.3495149503,"26":107.2903312735,"27":107.8032991923,"28":110.3089792513,"29":109.9242539502,"30":109.3838044301,"31":108.8282463723,"32":108.2726973457,"33":108.8381676924,"34":107.4691425169,"35":104.0564720563,"36":103.7489351302,"37":99.1755760119,"38":95.5347361505,"39":93.2530150311,"40":95.8323474031,"41":96.7648835804,"42":97.3204334319,"43":94.9494253629,"44":94.2748291129,"45":90.2768508679,"46":85.6439673574,"47":83.1439850655,"48":77.0527803053,"49":78.8781605045,"50":73.6202773506,"51":70.0984911454,"52":64.9001275309,"53":71.715535545,"54":68.8385788244,"55":64.8009243799,"56":68.749294991,"57":75.0488388556,"58":75.2770038333,"59":72.2016387888,"60":74.3345525844,"61":74.6222526215,"62":70.6738765168,"63":71.6361683905,"64":70.8623730297,"65":72.9059950416,"66":77.3801587445,"67":81.8245636625,"68":86.2094396772,"69":83.1539114013,"70":83.3622428641,"71":76.9635025476,"72":77.5884900438,"73":78.3622931941,"74":77.6182532383,"75":74.5032028008,"76":76.100408003,"77":78.6896661933,"78":79.3899993896,"79":80.9499969482,"80":80.9499969482},"Low":{"0":119.6707347571,"1":118.0824943315,"2":116.6224981493,"3":114.5508788588,"4":114.975065001,"5":115.0737160727,"6":115.2414133245,"7":115.3104648917,"8":115.8925020057,"9":116.3364197487,"10":116.1588497554,"11":115.6557381224,"12":114.896147663,"13":115.182231273,"14":112.6962766783,"15":112.5877613396,"16":109.3323615012,"17":109.7368209533,"18":110.2991069509,"19":107.6750642111,"20":99.7831668445,"21":101.6081639618,"22":104.6268187365,"23":106.9845150723,"24":106.7970916418,"25":105.8303240684,"26":106.0769489175,"27":106.4912696633,"28":107.8033012952,"29":108.7700658905,"30":108.0346112694,"31":105.4354258283,"32":107.0822364046,"33":106.8441384208,"34":106.3282796369,"35":101.9334785585,"36":96.8740055115,"37":96.0902894443,"38":90.9812075519,"39":87.3701383546,"40":91.9831833184,"41":92.1815944301,"42":92.1815967069,"43":92.6081788479,"44":90.0189193118,"45":77.7968184589,"46":79.5527604056,"47":77.7075371929,"48":69.7115841514,"49":71.7750551983,"50":65.5945694742,"51":63.9279182909,"52":52.2812116497,"53":56.0113296435,"54":61.5271469629,"55":59.8505802933,"56":64.6124270816,"57":65.0687768198,"58":69.4437329871,"59":69.7711112035,"60":69.1163502116,"61":71.4873604688,"62":66.9735218654,"63":66.0013053039,"64":66.4477385291,"65":69.9992785642,"66":73.8980494818,"67":75.5349414858,"68":80.5051327792,"69":79.7412454591,"70":79.7710145349,"71":73.9377367304,"72":70.8524470237,"73":73.9476587467,"74":74.2055948059,"75":72.3008432199,"76":73.0151216237,"77":75.4158873283,"78":77.1600036621,"79":78.8099975586,"80":78.8099975586},"Close":{"0":119.7891159058,"1":118.1614151001,"2":116.8592529297,"3":116.4054718018,"4":115.4979019165,"5":116.267364502,"6":115.4288482666,"7":116.533706665,"8":116.8493881226,"9":116.6027679443,"10":116.5435791016,"11":116.0010070801,"12":115.961555481,"13":115.2019577026,"14":114.0181732178,"15":112.9626312256,"16":109.8354644775,"17":110.7430419922,"18":110.4174880981,"19":108.7010116577,"20":102.1014099121,"21":103.3443832397,"22":105.8796615601,"23":108.3754653931,"24":107.9808731079,"25":107.1226196289,"26":106.1164093018,"27":107.1522216797,"28":109.9143829346,"29":109.0068206787,"30":109.1457061768,"31":106.8937454224,"32":107.3897705078,"33":108.0346069336,"34":107.121925354,"35":103.1239395142,"36":97.0327301025,"37":96.1002120972,"38":91.0010528564,"39":92.9950790405,"40":95.6041793823,"41":93.8978500366,"42":97.102180481,"43":93.9970550537,"44":91.5169219971,"45":78.7888717651,"46":85.5745239258,"47":80.0289382935,"48":72.6877441406,"49":77.7869033813,"50":65.6044845581,"51":69.8703155518,"52":58.6501922607,"53":63.3227653503,"54":64.2156143188,"55":61.7057189941,"56":66.378288269,"57":72.2909317017,"58":74.9297866821,"59":70.7036361694,"60":73.5111465454,"61":72.8067932129,"62":67.5092315674,"63":68.0548553467,"64":66.5667800903,"65":71.8941040039,"66":75.2373199463,"67":81.3285369873,"68":83.2432022095,"69":81.4475784302,"70":80.6638565063,"71":74.582572937,"72":71.6857757568,"73":77.5388946533,"74":75.4158935547,"75":72.8762359619,"76":74.9000244141,"77":77.3999938965,"78":78.7900009155,"79":80.8099975586,"80":80.8099975586},"Volume":{"0":911300,"1":770900,"2":710900,"3":1231300,"4":826300,"5":998300,"6":555100,"7":470200,"8":856800,"9":542200,"10":788300,"11":1218400,"12":924800,"13":708600,"14":596000,"15":697000,"16":632900,"17":560800,"18":531500,"19":875900,"20":2415000,"21":1508100,"22":994500,"23":1207500,"24":782300,"25":641600,"26":810100,"27":604300,"28":1051400,"29":801100,"30":997600,"31":1061900,"32":674800,"33":749300,"34":652300,"35":764100,"36":1328100,"37":1691800,"38":1169900,"39":2435400,"40":1434700,"41":1216300,"42":1091200,"43":915000,"44":1365600,"45":1155600,"46":1297200,"47":1768800,"48":1971000,"49":1574800,"50":1129500,"51":1788100,"52":1365600,"53":1863500,"54":1807300,"55":1517800,"56":1476100,"57":1440400,"58":1575000,"59":826300,"60":853000,"61":1006400,"62":1117100,"63":1593700,"64":1110200,"65":1177400,"66":1174900,"67":1116900,"68":1096700,"69":815500,"70":1099800,"71":907900,"72":1575400,"73":1106200,"74":742600,"75":509500,"76":572500,"77":570900,"78":1363700,"79":269926,"80":269926}}