{"Open":{"0":73.2322240233,"1":72.6040917172,"2":73.1424929016,"3":73.5413087416,"4":73.0228479392,"5":73.5811954893,"6":73.7905657228,"7":73.2621434553,"8":72.7536535628,"9":73.4715165681,"10":74.5782251294,"11":75.6450509104,"12":75.2362672051,"13":75.7347870608,"14":75.1465337542,"15":75.3758543649,"16":73.1624348514,"17":73.5512777405,"18":73.3817827606,"19":71.696793368,"20":72.4844506032,"21":72.0258133895,"22":73.8105074904,"23":76.7617314724,"24":78.5563978313,"25":78.5563919598,"26":78.2373421835,"27":79.7628050533,"28":80.2812631206,"29":75.8943159857,"30":76.1136527591,"31":76.891348791,"32":76.7118839217,"33":76.5623238352,"34":76.2432750939,"35":74.1893823089,"36":73.7008299669,"37":72.6838575505,"38":71.3079495671,"39":67.8382645123,"40":69.3039122707,"41":72.4545354012,"42":72.1454630206,"43":71.3478279487,"44":70.2411184627,"45":69.3138776877,"46":71.2182164461,"47":67.2699583608,"48":64.8172512389,"49":66.5122065684,"50":59.7423405208,"51":60.7991994969,"52":59.7622817759,"53":59.5429353149,"54":59.7423389334,"55":55.814022577,"56":56.9805568099,"57":58.2467866936,"58":57.6485697755,"59":58.715394992,"60":61.0883384918,"61":64.7773707433,"62":60.7094653979,"63":60.2999992371,"64":61.3600006104,"65":63.3800010681,"66":64.9000015259,"67":63.9500007629,"68":67.4100036621,"69":67.8799972534,"70":66.6100006104,"71":66.6800003052,"72":68.6399993896,"73":70.2699966431,"74":68.8199996948,"75":69.0699996948,"76":70.1600036621,"77":71.3300018311,"78":71.8300018311,"79":73.3000030518,"80":73.3000030518},"High":{"0":73.4715179208,"1":73.6609464314,"2":73.8304495299,"3":73.5413087416,"4":73.6111025985,"5":74.0797130533,"6":73.8703227452,"7":73.6709238962,"8":74.019884812,"9":74.9670691696,"10":75.5852250577,"11":75.7148430587,"12":75.7447572324,"13":76.0937203138,"14":75.5353768115,"15":75.3758543649,"16":74.0497955056,"17":73.9999481103,"18":73.3817827606,"19":72.6040912988,"20":72.8533563382,"21":73.0926406407,"22":74.7377504409,"23":80.6601424283,"24":79.6930172569,"25":79.2543134473,"26":79.4337812098,"27":80.3111773808,"28":80.2812631206,"29":76.6919395167,"30":77.0309307946,"31":77.5693329557,"32":77.0408997274,"33":76.7916376412,"34":76.5324161849,"35":75.595197785,"36":73.770622117,"37":73.8603592281,"38":72.3847493394,"39":69.1344054903,"40":72.3747746126,"41":73.740711531,"42":73.3319372661,"43":73.311988275,"44":73.5014274396,"45":71.5970890086,"46":71.646941837,"47":68.8053933035,"48":67.8881134359,"49":67.3098376426,"50":61.5270342374,"51":64.1193243779,"52":61.5768853309,"53":62.3645425719,"54":60.7493464732,"55":56.68144202,"56":59.5628778404,"57":59.7523117722,"58":61.6068003806,"59":61.8759981593,"60":64.2987887939,"61":64.7773707433,"62":61.776292629,"63":63.25,"64":62.5299987793,"65":64.2600021362,"66":65.9899978638,"67":66.7699966431,"68":68.8300018311,"69":68.1100006104,"70":69.3899993896,"71":69.2900009155,"72":69.0899963379,"73":70.2699966431,"74":71.7600021362,"75":70.0500030518,"76":71.3799972534,"77":71.7799987793,"78":72.9300003052,"79":74.4150009155,"80":74.4150009155},"Low":{"0":72.5941221768,"1":72.5941192368,"2":72.9829636401,"3":72.7636226057,"4":72.8234439637,"5":72.7835643442,"6":73.0627267939,"7":72.5442769568,"8":72.5343046204,"9":72.6340031558,"10":74.1195823103,"11":75.0567962837,"12":75.0867104198,"13":75.2462419803,"14":74.3189928448,"15":73.9201839867,"16":72.9430935133,"17":73.1325248141,"18":72.025814399,"19":71.1484210534,"20":71.2481291771,"21":71.8363818934,"22":73.4914565616,"23":75.5254100581,"24":78.3071390519,"25":78.2871882384,"26":77.8684364737,"27":78.9651739601,"28":76.133601049,"29":75.6849395235,"30":75.9641035857,"31":76.442678437,"32":76.1136567693,"33":75.5353789316,"34":75.4855262902,"35":73.1524649359,"36":71.9759635692,"37":71.9659910887,"38":69.6229653602,"39":67.3297745159,"40":69.0147711774,"41":70.1214770308,"42":71.5970906533,"43":70.8293730537,"44":70.0516869698,"45":69.2341206598,"46":66.5520919427,"47":66.4025350989,"48":64.3486435447,"49":60.5000864976,"50":57.9377094495,"51":57.8080942188,"52":54.3782945854,"53":57.8978259359,"54":55.9137279565,"55":52.9226231656,"56":55.9436394054,"57":56.5917086372,"58":57.6485697755,"59":57.9377088501,"60":60.7194365851,"61":62.4542771677,"62":59.6725480022,"63":59.6100006104,"64":61.1399993896,"65":62.0,"66":63.9000015259,"67":63.2999992371,"68":67.0699996948,"69":64.2799987793,"70":66.5299987793,"71":66.6800003052,"72":67.3300018311,"73":68.7099990845,"74":68.7600021362,"75":67.75,"76":69.5999984741,"77":70.5199966431,"78":70.8899993896,"79":72.4700012207,"80":72.4700012207},"Close":{"0":73.401725769,"1":73.6110992432,"2":73.7706222534,"3":72.8034973145,"4":73.2222595215,"5":73.5413131714,"6":73.2621383667,"7":72.8533554077,"8":73.9899749756,"9":74.4685516357,"10":75.3559112549,"11":75.6350784302,"12":75.5852279663,"13":75.2960891724,"14":75.4556121826,"15":74.2392349243,"16":73.1923522949,"17":73.282081604,"18":72.0656967163,"19":72.5642089844,"20":71.6170349121,"21":72.9530563354,"22":73.9999465942,"23":78.3669586182,"24":78.7159194946,"25":78.6959762573,"26":79.383934021,"27":79.9921264648,"28":76.4526519775,"29":76.2632141113,"30":76.8414916992,"31":76.5523529053,"32":76.5324172974,"33":76.4825592041,"34":75.8444595337,"35":73.1624298096,"36":72.1953125,"37":72.1953125,"38":69.6827850342,"39":69.0646133423,"40":72.3348999023,"41":70.8891906738,"42":73.2721099854,"43":72.3548355103,"44":73.1424942017,"45":70.0516891479,"46":68.935005188,"47":68.1473464966,"48":64.4882278442,"49":64.2389678955,"50":60.3505325317,"51":62.1850776672,"52":59.692489624,"53":59.3136177063,"54":56.3823318481,"55":54.5378189087,"56":58.2467880249,"57":57.8679161072,"58":60.8590240479,"59":59.8320732117,"60":64.0495300293,"61":62.8032417297,"62":60.5299987793,"63":61.9599990845,"64":62.2700004578,"65":63.9599990845,"66":64.2600021362,"67":66.4100036621,"68":68.3799972534,"69":65.7200012207,"70":68.9499969482,"71":68.2099990845,"72":68.6399993896,"73":70.0100021362,"74":70.25,"75":68.5899963379,"76":70.7799987793,"77":71.1500015259,"78":72.75,"79":73.1200027466,"80":73.1200027466},"Volume":{"0":2472300,"1":1451600,"2":1617100,"3":957100,"4":1920900,"5":1624900,"6":1214600,"7":2012200,"8":1547000,"9":1542300,"10":1519800,"11":1285300,"12":1349000,"13":1368300,"14":1371700,"15":957400,"16":1311100,"17":1678700,"18":1787900,"19":1270600,"20":1414500,"21":2504600,"22":2208600,"23":6326600,"24":2311700,"25":1137100,"26":1686200,"27":3099000,"28":2907100,"29":2038300,"30":3081400,"31":1910000,"32":1880200,"33":1555900,"34":1992200,"35":2779900,"36":3071200,"37":2981300,"38":3146000,"39":5167200,"40":3179800,"41":3217500,"42":2404500,"43":2442200,"44":3283900,"45":4415600,"46":3587900,"47":3954900,"48":4706800,"49":6424400,"50":5019200,"51":4572100,"52":3462700,"53":3370800,"54":5137700,"55":3695400,"56":4147900,"57":3124800,"58":3454000,"59":2771100,"60":2909500,"61":2837500,"62":2199700,"63":1624400,"64":2223400,"65":2520300,"66":2277500,"67":2200900,"68":2314400,"69":2004100,"70":2416100,"71":2412600,"72":2004600,"73":2524800,"74":2086600,"75":2497100,"76":2329100,"77":1759900,"78":1632500,"79":477562,"80":477562}}