{"Open":{"0":47.8425594543,"1":46.0356823225,"2":45.4201526642,"3":45.400297184,"4":45.0428917039,"5":45.6087825945,"6":45.1719562751,"7":44.5862072158,"8":44.8939742856,"9":44.993250683,"10":45.1520992234,"11":45.6286361776,"12":45.5293621713,"13":43.6926956114,"14":41.7269718258,"15":42.1737269978,"16":39.6321830651,"17":39.4534832035,"18":39.8704563154,"19":39.7513221576,"20":39.9697334319,"21":39.9796607689,"22":39.9895900573,"23":41.38942262,"24":42.5609176993,"25":41.5780566882,"26":41.3993541539,"27":41.6078391838,"28":41.8957477505,"29":41.2999992371,"30":38.1199989319,"31":38.0099983215,"32":38.1599998474,"33":39.5800018311,"34":39.8300018311,"35":38.4099998474,"36":39.0099983215,"37":37.9300003052,"38":36.5,"39":35.2200012207,"40":37.2799987793,"41":37.8199996948,"42":38.5099983215,"43":37.6100006104,"44":37.2000007629,"45":34.4099998474,"46":32.6399993896,"47":30.0400009155,"48":25.8999996185,"49":25.6000003815,"50":24.0,"51":24.8799991608,"52":22.2900009155,"53":21.0400009155,"54":23.5300006866,"55":22.1800003052,"56":23.1399993896,"57":26.0,"58":27.3299999237,"59":27.1399993896,"60":25.5100002289,"61":26.5599994659,"62":25.9099998474,"63":26.0,"64":26.1900005341,"65":27.2399997711,"66":29.1200008392,"67":29.0200004578,"68":30.6900005341,"69":30.5200004578,"70":30.4699993134,"71":28.6700000763,"72":28.0300006866,"73":28.0300006866,"74":27.3799991608,"75":26.6000003815,"76":27.6599998474,"77":27.8400001526,"78":28.2299995422,"79":27.9099998474,"80":27.9099998474},"High":{"0":47.8425594543,"1":46.8696262748,"2":45.8867652805,"3":46.0853210856,"4":45.5988555964,"5":45.6286388539,"6":45.4400100964,"7":45.1123848038,"8":45.6683494337,"9":45.7378433185,"10":45.6087818205,"11":45.9959712743,"12":45.5293621713,"13":44.0004619408,"14":42.3722869851,"15":42.1836570205,"16":39.9598056498,"17":39.8704532589,"18":40.5455539888,"19":40.4661285558,"20":40.19807852,"21":40.5455508652,"22":40.8731727738,"23":42.451707845,"24":42.6204864787,"25":41.9056755011,"26":42.2630806104,"27":42.3425056344,"28":41.9553127395,"29":41.4099998474,"30":40.0400009155,"31":38.4599990845,"32":40.0400009155,"33":40.5999984741,"34":40.1800003052,"35":39.2999992371,"36":39.5,"37":38.75,"38":37.6800003052,"39":36.9900016785,"40":38.2700004578,"41":39.0099983215,"42":38.9399986267,"43":38.2299995422,"44":37.4900016785,"45":34.8100013733,"46":32.8600006104,"47":30.2399997711,"48":26.8899993896,"49":27.7000007629,"50":26.4799995422,"51":25.4300003052,"52":23.5,"53":23.8999996185,"54":24.2999992371,"55":22.9099998474,"56":25.7800006866,"57":28.8899993896,"58":28.9599990845,"59":27.1399993896,"60":26.9300003052,"61":28.0,"62":26.7299995422,"63":28.2000007629,"64":26.3600006104,"65":27.9699993134,"66":30.3899993896,"67":30.0,"68":32.1699981689,"69":31.0599994659,"70":30.9799995422,"71":28.8799991608,"72":28.3500003815,"73":28.8700008392,"74":28.4799995422,"75":27.3099994659,"76":27.6599998474,"77":28.75,"78":28.4599990845,"79":28.4400005341,"80":28.4400005341},"Low":{"0":45.6981327254,"1":45.6385684993,"2":44.6954162565,"3":45.2315246612,"4":44.695416638,"5":44.4670760825,"6":44.318156056,"7":44.1791633899,"8":44.8939742856,"9":44.973394425,"10":44.7649116395,"11":45.1520973413,"12":43.8912567187,"13":41.6177639145,"14":40.9923091822,"15":40.6150466958,"16":39.0464404814,"17":38.9670143516,"18":39.7910350646,"19":39.6123321298,"20":39.7711784135,"21":39.1258606131,"22":39.791035037,"23":41.0320213245,"24":41.8659637547,"25":41.3993541404,"26":41.1412265682,"27":41.4489928955,"28":41.0121650668,"29":39.1800003052,"30":38.0,"31":37.5800018311,"32":38.1599998474,"33":39.3899993896,"34":39.3199996948,"35":37.7099990845,"36":37.4300003052,"37":36.9599990845,"38":35.9199981689,"39":35.1800003052,"40":36.9799995422,"41":37.2299995422,"42":38.0499992371,"43":37.4199981689,"44":36.0900001526,"45":31.1299991608,"46":29.3199996948,"47":27.8999996185,"48":23.8500003815,"49":23.2299995422,"50":23.8099994659,"51":22.8899993896,"52":19.7299995422,"53":20.4200000763,"54":21.9599990845,"55":21.4300003052,"56":22.5300006866,"57":25.2600002289,"58":26.8500003815,"59":25.4099998474,"60":25.1000003815,"61":26.5599994659,"62":25.5799999237,"63":25.2600002289,"64":25.4400005341,"65":27.0,"66":28.2299995422,"67":29.0200004578,"68":30.2399997711,"69":29.3400001526,"70":29.2999992371,"71":27.6000003815,"72":26.5599994659,"73":27.7199993134,"74":27.0300006866,"75":26.3400001526,"76":26.5599994659,"77":27.4899997711,"78":27.4500007629,"79":27.8099994659,"80":27.8099994659},"Close":{"0":46.0654678345,"1":45.7477760315,"2":45.6683502197,"3":45.2513809204,"4":45.4598655701,"5":45.2414512634,"6":44.4472198486,"7":45.0131072998,"8":45.0925292969,"9":45.3208732605,"10":45.5591430664,"11":45.8073387146,"12":43.9309692383,"13":42.4020690918,"14":42.1935844421,"15":40.6349029541,"16":39.1357879639,"17":39.6619682312,"18":39.9796638489,"19":40.3867073059,"20":39.9895896912,"21":39.4634094238,"22":40.7738952637,"23":42.4020690918,"24":41.9453887939,"25":41.8659629822,"26":41.3695678711,"27":41.8659629822,"28":41.3100013733,"29":39.3400001526,"30":38.2999992371,"31":38.1599998474,"32":39.3800010681,"33":39.4799995422,"34":39.3499984741,"35":38.8300018311,"36":37.6399993896,"37":37.0600013733,"38":36.1300010681,"39":36.8600006104,"40":38.2200012207,"41":38.1399993896,"42":38.75,"43":37.9900016785,"44":36.8400001526,"45":31.1700000763,"46":30.7299995422,"47":28.3400001526,"48":24.4200000763,"49":27.6800003052,"50":24.0,"51":24.1499996185,"52":21.1399993896,"53":22.9799995422,"54":22.25,"55":22.0400009155,"56":25.6200008392,"57":27.0200004578,"58":28.25,"59":25.5499992371,"60":26.6200008392,"61":27.2000007629,"62":25.8500003815,"63":25.7000007629,"64":25.7700004578,"65":27.5,"66":28.9599990845,"67":29.8400001526,"68":31.0100002289,"69":29.9099998474,"70":30.0499992371,"71":28.1200008392,"72":26.9200000763,"73":28.2900009155,"74":27.5499992371,"75":26.8600006104,"76":27.3099994659,"77":27.8500003815,"78":28.0,"79":28.3999996185,"80":28.3999996185},"Volume":{"0":2653500,"1":2349600,"2":2283300,"3":1944500,"4":2121500,"5":1762600,"6":2206800,"7":1500900,"8":1259800,"9":1268200,"10":1273500,"11":2871600,"12":2183200,"13":5417700,"14":2973400,"15":2503800,"16":2633800,"17":2371600,"18":1912900,"19":1964800,"20":2050800,"21":2850500,"22":2297400,"23":2784800,"24":2801100,"25":1679900,"26":2085300,"27":1929600,"28":2376300,"29":4897000,"30":5653800,"31":5994100,"32":3313100,"33":2972200,"34":2065700,"35":3445100,"36":3288000,"37":3028600,"38":4420200,"39":4339000,"40":4818900,"41":4247000,"42":3329000,"43":3076700,"44":3800800,"45":4896900,"46":6353500,"47":5032900,"48":3919300,"49":4126900,"50":4077900,"51":4179700,"52":4980100,"53":3167000,"54":4254900,"55":2874000,"56":3700700,"57":4271400,"58":3507800,"59":2497800,"60":3062400,"61":3959000,"62":4352000,"63":3539600,"64":2670200,"65":4857700,"66":5101400,"67":2977500,"68":4559500,"69":3892400,"70":2393200,"71":2585200,"72":3233100,"73":5346800,"74":3636300,"75":2592100,"76":3398700,"77":2631000,"78":2659300,"79":512654,"80":512654}}