{"Open":{"0":40.3031825927,"1":39.5905513647,"2":39.3925997509,"3":39.1253598618,"4":39.0857753584,"5":39.649939206,"6":39.640040694,"7":39.1748517586,"8":39.4420865489,"9":39.1253630039,"10":38.8977171906,"11":40.3724657579,"12":40.2042038772,"13":39.8280963783,"14":39.5410632957,"15":39.343110343,"16":37.7495905424,"17":37.9500007629,"18":38.0800018311,"19":37.1500015259,"20":37.3899993896,"21":37.6100006104,"22":38.5200004578,"23":38.9599990845,"24":39.8199996948,"25":38.4000015259,"26":38.2000007629,"27":38.7000007629,"28":39.2900009155,"29":38.6800003052,"30":38.8699989319,"31":38.2900009155,"32":38.1599998474,"33":38.1300010681,"34":38.4300003052,"35":36.2900009155,"36":35.9900016785,"37":34.7000007629,"38":32.7000007629,"39":31.5100002289,"40":31.6800003052,"41":33.0400009155,"42":31.6599998474,"43":30.5599994659,"44":28.2800006866,"45":24.9699993134,"46":24.1200008392,"47":24.4500007629,"48":21.6100006104,"49":23.4500007629,"50":19.6200008392,"51":19.0100002289,"52":17.6700000763,"53":14.6999998093,"54":17.7600002289,"55":17.6800003052,"56":17.4500007629,"57":18.2099990845,"58":17.9300003052,"59":19.3799991608,"60":19.6200008392,"61":19.4200000763,"62":17.4799995422,"63":17.2000007629,"64":17.2900009155,"65":18.2399997711,"66":20.6299991608,"67":19.9200000763,"68":21.6200008392,"69":22.2000007629,"70":21.6700000763,"71":19.1000003815,"72":18.4300003052,"73":17.7700004578,"74":19.0699996948,"75":19.3199996948,"76":20.0499992371,"77":19.9200000763,"78":20.5699996948,"79":20.8400001526,"80":20.8400001526},"High":{"0":40.3625660035,"1":39.7489134192,"2":39.3925997509,"3":39.3925965276,"4":39.6053991044,"5":39.7538639519,"6":39.6697361764,"7":39.5608590241,"8":39.7390187142,"9":39.1451587336,"10":39.3233159333,"11":40.8673476511,"12":40.2536913113,"13":40.0260461148,"14":39.6895255955,"15":39.4519849632,"16":38.24447244,"17":38.4049987793,"18":38.2999992371,"19":37.9900016785,"20":37.7249984741,"21":38.0449981689,"22":38.9199981689,"23":39.5499992371,"24":39.8699989319,"25":38.6599998474,"26":38.5400009155,"27":39.2700004578,"28":39.4599990845,"29":38.9500007629,"30":39.0349998474,"31":38.5499992371,"32":38.5499992371,"33":38.9399986267,"34":38.4900016785,"35":36.4399986267,"36":36.0750007629,"37":34.7999992371,"38":33.7859992981,"39":32.3199996948,"40":33.3400001526,"41":33.5800018311,"42":31.8549995422,"43":30.7299995422,"44":29.1599998474,"45":24.9699993134,"46":25.5300006866,"47":24.8299999237,"48":23.3700008392,"49":23.8500003815,"50":20.4960002899,"51":19.6599998474,"52":18.0900001526,"53":18.1800003052,"54":18.4799995422,"55":17.6800003052,"56":17.8099994659,"57":18.7000007629,"58":20.9549999237,"59":20.7399997711,"60":19.8500003815,"61":19.9650001526,"62":17.7900009155,"63":18.3449993134,"64":17.7900009155,"65":19.1299991608,"66":21.1100006104,"67":20.6599998474,"68":22.8560009003,"69":22.2399997711,"70":21.8500003815,"71":19.2700004578,"72":18.5200004578,"73":20.2999992371,"74":20.8899993896,"75":19.9400005341,"76":20.2600002289,"77":20.9300003052,"78":20.9950008392,"79":22.0400009155,"80":22.0400009155},"Low":{"0":39.7786052184,"1":39.1352609302,"2":38.8185386917,"3":38.8828688001,"4":39.056079876,"5":39.3925985035,"6":39.0511337817,"7":38.9472027694,"8":39.2243410769,"9":38.3929398838,"10":38.6997636724,"11":39.8181966782,"12":39.6301428454,"13":39.6390496226,"14":38.9175110645,"15":38.3533465608,"16":37.6308199442,"17":37.6699981689,"18":37.5649986267,"19":37.1100006104,"20":37.0349998474,"21":37.5950012207,"22":38.2350006104,"23":38.8400001526,"24":38.6899986267,"25":38.186000824,"26":38.1300010681,"27":38.5900001526,"28":38.7299995422,"29":38.5400009155,"30":38.4300003052,"31":37.6199989319,"32":37.9000015259,"33":38.1199989319,"34":37.4300003052,"35":35.8450012207,"36":34.2949981689,"37":33.6199989319,"38":32.2000007629,"39":30.9050006866,"40":31.1599998474,"41":31.0100002289,"42":30.4599990845,"43":29.3700008392,"44":27.4750003815,"45":22.2399997711,"46":23.3700008392,"47":22.8600006104,"48":20.1399993896,"49":21.5300006866,"50":18.5100002289,"51":16.8799991608,"52":14.1199998856,"53":14.5649995804,"54":16.4950008392,"55":15.3900003433,"56":16.466999054,"57":17.1200008392,"58":17.5699996948,"59":19.0400009155,"60":18.7399997711,"61":18.4050006866,"62":16.9599990845,"63":16.9099998474,"64":16.5799999237,"65":17.9699993134,"66":19.3400001526,"67":19.7199993134,"68":21.4799995422,"69":20.7399997711,"70":19.8600006104,"71":18.5,"72":17.1499996185,"73":17.7700004578,"74":18.5400009155,"75":18.9500007629,"76":19.4300003052,"77":19.8500003815,"78":20.1599998474,"79":20.7800006866,"80":20.7800006866},"Close":{"0":40.3328742981,"1":39.5014724731,"2":39.2936248779,"3":39.0461807251,"4":39.3530082703,"5":39.6103477478,"6":39.1154670715,"7":39.4519844055,"8":39.6004486084,"9":38.5809936523,"10":39.1847496033,"11":40.4516448975,"12":39.6796302795,"13":39.7390174866,"14":39.4519844055,"15":38.7294578552,"16":37.7099990845,"17":38.0099983215,"18":37.6199989319,"19":37.9099998474,"20":37.2799987793,"21":37.6800003052,"22":38.2900009155,"23":39.5099983215,"24":38.7200012207,"25":38.4199981689,"26":38.4900016785,"27":39.0,"28":38.8800010681,"29":38.9500007629,"30":38.6699981689,"31":37.9599990845,"32":38.3499984741,"33":38.7799987793,"34":37.6100006104,"35":36.0600013733,"36":34.4399986267,"37":33.6899986267,"38":32.4399986267,"39":31.6900005341,"40":33.3199996948,"41":31.1499996185,"42":31.7099990845,"43":29.7700004578,"44":27.9799995422,"45":22.7600002289,"46":25.4099998474,"47":23.3400001526,"48":21.25,"49":23.6599998474,"50":18.5100002289,"51":19.1100006104,"52":15.3199996948,"53":17.3700008392,"54":17.5200004578,"55":15.8699998856,"56":17.7999992371,"57":17.7099990845,"58":20.7199993134,"59":19.9599990845,"60":19.6499996185,"61":18.8099994659,"62":17.2999992371,"63":17.4200000763,"64":16.9400005341,"65":18.7900009155,"66":19.5300006866,"67":20.5300006866,"68":22.1100006104,"69":21.1900005341,"70":20.3299999237,"71":18.5799999237,"72":17.1900005341,"73":19.8700008392,"74":20.2999992371,"75":19.2900009155,"76":19.5799999237,"77":20.25,"78":20.6000003815,"79":21.9799995422,"80":21.9799995422},"Volume":{"0":2903800,"1":2768100,"2":2743500,"3":3266700,"4":5653800,"5":2667400,"6":2004000,"7":3404300,"8":2887400,"9":4466200,"10":5869100,"11":7556300,"12":4493300,"13":5494800,"14":4050100,"15":4790100,"16":4654900,"17":3714600,"18":2555400,"19":9265000,"20":5991000,"21":4277200,"22":2855700,"23":2963200,"24":3180700,"25":2354900,"26":2980100,"27":2716800,"28":2068300,"29":3005600,"30":2089100,"31":4455700,"32":4542100,"33":3906700,"34":3261200,"35":4538500,"36":6157300,"37":6767200,"38":7734300,"39":12008100,"40":8307800,"41":10007400,"42":8414500,"43":8732500,"44":8335700,"45":9957600,"46":11835300,"47":12081800,"48":9385400,"49":9329400,"50":8466400,"51":9620000,"52":8283300,"53":8480200,"54":18780100,"55":7120900,"56":7612400,"57":11161500,"58":10039100,"59":7036600,"60":6643100,"61":6219700,"62":5805600,"63":7065500,"64":4616900,"65":7725100,"66":7126900,"67":5693400,"68":6536000,"69":4721800,"70":6596100,"71":6313600,"72":7355600,"73":12662600,"74":10178500,"75":6203800,"76":5812200,"77":5601400,"78":6454200,"79":2511292,"80":2511292}}