{"Open":{"0":77.9344506807,"1":76.5544655409,"2":76.5147567535,"3":76.0580729642,"4":77.765677056,"5":78.659193861,"6":78.7485461403,"7":79.4236478804,"8":79.7115605756,"9":83.007637989,"10":83.2161285458,"11":81.4191645165,"12":79.9001891285,"13":79.929978466,"14":79.6023496191,"15":79.1357346851,"16":78.0833742235,"17":77.9145997228,"18":72.0074614549,"19":71.6302009988,"20":72.0372462699,"21":72.4045810417,"22":72.1563802077,"23":72.2258800891,"24":72.613071371,"25":73.0796822167,"26":73.5462998518,"27":72.5733579345,"28":72.4740766554,"29":72.5634268006,"30":71.5110635161,"31":71.3422937714,"32":72.0769576005,"33":73.0995385051,"34":73.5562239138,"35":72.6825607021,"36":71.7890443616,"37":72.0074651351,"38":69.8034554629,"39":68.4433305915,"40":68.5326763607,"41":69.1283550915,"42":68.6220320078,"43":68.3199996948,"44":64.6100006104,"45":61.9199981689,"46":64.3000030518,"47":63.5499992371,"48":60.5400009155,"49":62.4099998474,"50":58.1800003052,"51":62.0,"52":62.2400016785,"53":64.6900024414,"54":64.5699996948,"55":64.5800018311,"56":65.4499969482,"57":63.8899993896,"58":62.4900016785,"59":63.0,"60":62.5699996948,"61":64.7900009155,"62":64.9199981689,"63":65.7900009155,"64":68.6299972534,"65":69.7300033569,"66":73.5,"67":72.3000030518,"68":72.9300003052,"69":72.9300003052,"70":72.2399978638,"71":69.9400024414,"72":71.0699996948,"73":73.9800033569,"74":73.7099990845,"75":71.5199966431,"76":72.0599975586,"77":71.6299972534,"78":71.0100021362,"79":72.8499984741,"80":72.8499984741},"High":{"0":77.9344506807,"1":77.2394968949,"2":77.0607973645,"3":77.8748907645,"4":79.1158796066,"5":79.0563060169,"6":79.8306972755,"7":80.0391838783,"8":81.4886656295,"9":83.1962715706,"10":84.3181322897,"11":82.9778532144,"12":80.4660822885,"13":80.2377426882,"14":79.6420623511,"15":79.5427845082,"16":78.9868142665,"17":78.4209200103,"18":74.6483013059,"19":72.9605434103,"20":72.7619903903,"21":72.613067202,"22":72.2258755926,"23":72.9109114787,"24":73.4172334031,"25":75.1149161567,"26":73.9334895298,"27":73.1293286295,"28":72.9605443642,"29":72.8314858544,"30":71.8784006029,"31":71.9379696278,"32":73.3973775399,"33":74.4199584927,"34":75.0553474222,"35":73.466870089,"36":72.4442930655,"37":72.4045848981,"38":71.7195512533,"39":69.267345177,"40":69.6148274608,"41":70.1906460834,"42":70.3693467442,"43":69.4199981689,"44":66.3899993896,"45":64.5299987793,"46":65.0400009155,"47":64.8399963379,"48":62.9599990845,"49":64.2799987793,"50":61.8199996948,"51":66.9100036621,"52":66.2600021362,"53":67.2900009155,"54":69.9300003052,"55":64.9199981689,"56":67.0500030518,"57":64.6299972534,"58":66.9499969482,"59":65.3700027466,"60":65.3600006104,"61":66.7200012207,"62":68.8499984741,"63":69.5599975586,"64":69.7699966431,"65":73.0800018311,"66":74.7600021362,"67":73.4499969482,"68":74.3199996948,"69":73.9499969482,"70":73.3399963379,"71":71.0899963379,"72":74.2600021362,"73":74.7200012207,"74":74.9700012207,"75":72.25,"76":72.4700012207,"77":72.4300003052,"78":72.3300018311,"79":73.4899978638,"80":73.4899978638},"Low":{"0":76.3559093918,"1":76.2268411912,"2":75.3134749839,"3":75.6609532018,"4":77.7061041726,"5":77.7458162089,"6":78.7485461403,"7":79.096023515,"8":79.7115605756,"9":81.7070782196,"10":82.9381469842,"11":79.820763088,"12":79.3541485467,"13":78.8478272883,"14":78.3017898378,"15":78.5102761972,"16":77.4479856555,"17":77.2891336656,"18":71.243012199,"19":71.2827240685,"20":71.312509724,"21":71.2132293905,"22":71.2231499756,"23":71.7691950208,"24":71.8386919958,"25":73.0796822167,"26":72.1762370764,"27":72.1166728606,"28":72.1365297972,"29":71.471353155,"30":71.183439161,"31":71.2330856474,"32":72.0670275238,"33":72.7322089747,"34":73.1690342277,"35":71.1040194264,"36":69.9722342474,"37":70.6870451421,"38":69.3666305542,"39":66.8647816603,"40":67.8873577311,"41":66.6562961615,"42":67.1030484346,"43":65.9000015259,"44":64.0999984741,"45":61.7599983215,"46":62.4199981689,"47":62.9300003052,"48":57.25,"49":59.1800003052,"50":56.9399986267,"51":58.25,"52":61.0099983215,"53":60.5600013733,"54":63.75,"55":60.9199981689,"56":62.2400016785,"57":60.3699989319,"58":62.0099983215,"59":62.2099990845,"60":61.9399986267,"61":64.2300033569,"62":64.6999969482,"63":65.7900009155,"64":67.6299972534,"65":69.4499969482,"66":71.4499969482,"67":71.0500030518,"68":71.9499969482,"69":70.5400009155,"70":70.4000015259,"71":68.6100006104,"72":70.9300003052,"73":72.3000030518,"74":72.1500015259,"75":70.3700027466,"76":71.2399978638,"77":70.1699981689,"78":70.6100006104,"79":72.1200027466,"80":72.1200027466},"Close":{"0":77.26927948,"1":77.1799240112,"2":75.9587936401,"3":77.7557525635,"4":78.2322921753,"5":78.857749939,"6":79.5427856445,"7":79.8803329468,"8":81.1610412598,"9":82.8984298706,"10":83.4941101074,"11":80.1583099365,"12":79.6222000122,"13":79.7314147949,"14":79.2250900269,"15":79.0463867188,"16":77.9046707153,"17":77.3189163208,"18":72.8811264038,"19":72.1166687012,"20":71.6996994019,"21":71.4912109375,"22":71.7096252441,"23":72.2159500122,"24":73.0499038696,"25":73.8441314697,"26":72.3946533203,"27":72.1960983276,"28":72.7917709351,"29":71.6103439331,"30":71.4912109375,"31":71.9280395508,"32":72.9506225586,"33":74.2809677124,"34":74.0129165649,"35":71.6202697754,"36":71.332359314,"37":71.143737793,"38":69.3666305542,"39":68.4036178589,"40":69.5850372314,"41":67.7781524658,"42":70.2799987793,"43":66.3799972534,"44":66.0800018311,"45":62.6699981689,"46":64.7799987793,"47":64.1100006104,"48":60.1100006104,"49":62.3699989319,"50":61.0600013733,"51":64.5999984741,"52":64.8499984741,"53":64.0599975586,"54":63.9099998474,"55":63.2400016785,"56":63.5499992371,"57":62.2900009155,"58":65.8899993896,"59":62.5099983215,"60":65.1900024414,"61":66.1999969482,"62":66.5699996948,"63":68.9199981689,"64":68.1500015259,"65":72.3899993896,"66":71.8399963379,"67":72.8199996948,"68":73.2200012207,"69":71.2699966431,"70":70.9899978638,"71":70.9199981689,"72":74.2200012207,"73":74.2300033569,"74":72.3199996948,"75":70.9599990845,"76":71.5800018311,"77":70.4800033569,"78":72.2799987793,"79":73.2300033569,"80":73.2300033569},"Volume":{"0":1258800,"1":892000,"2":1098300,"3":1147100,"4":1132400,"5":816400,"6":1427100,"7":938800,"8":1377900,"9":2229500,"10":2758100,"11":2780300,"12":1497500,"13":1045600,"14":1078000,"15":930200,"16":1462100,"17":2107400,"18":4850500,"19":1931600,"20":2216500,"21":1542900,"22":1328800,"23":1106300,"24":1699700,"25":1656600,"26":1092000,"27":741500,"28":1240200,"29":965600,"30":904800,"31":731800,"32":814600,"33":1579100,"34":1497200,"35":1657900,"36":2344900,"37":1107400,"38":2325600,"39":3375800,"40":1786200,"41":1492700,"42":1394100,"43":2230200,"44":4034100,"45":3181200,"46":1552300,"47":2163200,"48":3143100,"49":2217500,"50":2906300,"51":3415700,"52":3763400,"53":3296700,"54":2945200,"55":3002900,"56":2409500,"57":3852600,"58":3038600,"59":2576600,"60":1658700,"61":2481700,"62":2847500,"63":2834600,"64":2166500,"65":2201200,"66":2132900,"67":1748900,"68":1584300,"69":1618200,"70":2097500,"71":2478100,"72":2002900,"73":1907500,"74":1728100,"75":1614700,"76":1230100,"77":1557800,"78":1768900,"79":263325,"80":263325}}