{"Open":{"0":487.4100036621,"1":485.5299987793,"2":492.6600036621,"3":497.1300048828,"4":499.0,"5":501.5,"6":507.7900085449,"7":506.0400085449,"8":508.4700012207,"9":510.1499938965,"10":507.0,"11":512.0300292969,"12":501.2799987793,"13":505.5400085449,"14":509.6300048828,"15":512.6300048828,"16":499.1400146484,"17":501.7300109863,"18":498.3200073242,"19":486.8800048828,"20":504.7600097656,"21":522.8400268555,"22":528.8499755859,"23":522.0,"24":524.8599853516,"25":526.1099853516,"26":525.75,"27":531.0,"28":531.4899902344,"29":534.1199951172,"30":532.4899902344,"31":535.25,"32":539.7299804688,"33":542.0100097656,"34":537.3400268555,"35":529.799987793,"36":530.8400268555,"37":524.7800292969,"38":513.2100219727,"39":500.700012207,"40":494.4700012207,"41":489.1799926758,"42":502.3800048828,"43":514.3400268555,"44":486.8399963379,"45":466.5799865723,"46":467.799987793,"47":466.8200073242,"48":434.0,"49":446.4800109863,"50":414.9800109863,"51":397.4700012207,"52":374.7799987793,"53":379.5700073242,"54":394.8099975586,"55":371.0,"56":396.5199890137,"57":416.0100097656,"58":424.4700012207,"59":439.0100097656,"60":440.7399902344,"61":443.7699890137,"62":418.299987793,"63":420.2600097656,"64":433.2399902344,"65":451.9700012207,"66":472.8299865723,"67":461.6199951172,"68":465.6499938965,"69":468.9700012207,"70":473.4800109863,"71":477.7099914551,"72":499.9400024414,"73":504.3500061035,"74":495.9899902344,"75":493.3800048828,"76":500.3900146484,"77":498.5,"78":501.5299987793,"79":511.8099975586,"80":511.8099975586},"High":{"0":491.4100036621,"1":496.5899963379,"2":498.1499938965,"3":500.6499938965,"4":509.9899902344,"5":508.8599853516,"6":509.0299987793,"7":512.6500244141,"8":512.700012207,"9":517.0700073242,"10":513.7100219727,"11":512.0300292969,"12":506.7300109863,"13":512.7899780273,"14":516.700012207,"15":514.2600097656,"16":507.3599853516,"17":507.450012207,"18":499.0700073242,"19":494.3299865723,"20":521.6900024414,"21":537.5399780273,"22":532.6500244141,"23":530.5300292969,"24":529.4600219727,"25":526.549987793,"26":531.75,"27":532.299987793,"28":535.4199829102,"29":536.25,"30":536.25,"31":538.700012207,"32":546.5399780273,"33":544.0900268555,"34":538.4299926758,"35":534.0,"36":534.8300170898,"37":527.5,"38":520.4899902344,"39":509.8800048828,"40":500.700012207,"41":505.5,"42":524.6500244141,"43":522.7600097656,"44":498.6199951172,"45":478.6199951172,"46":477.8699951172,"47":477.0,"48":446.7399902344,"49":454.5199890137,"50":418.3800048828,"51":406.6300048828,"52":390.75,"53":414.3999938965,"54":404.5599975586,"55":399.9899902344,"56":421.2099914551,"57":441.0,"58":460.5400085449,"59":456.3999938965,"60":454.5100097656,"61":449.1700134277,"62":434.8299865723,"63":436.8800048828,"64":440.6199951172,"65":464.5,"66":475.1499938965,"67":466.1400146484,"68":476.1499938965,"69":473.200012207,"70":495.9200134277,"71":497.9800109863,"72":507.7699890137,"73":509.1199951172,"74":506.2600097656,"75":497.5899963379,"76":501.3500061035,"77":508.0599975586,"78":508.8599853516,"79":515.6300048828,"80":515.6300048828},"Low":{"0":480.4899902344,"1":485.5299987793,"2":490.9299926758,"3":495.549987793,"4":498.549987793,"5":501.5,"6":503.5199890137,"7":504.8900146484,"8":506.2399902344,"9":507.049987793,"10":506.1600036621,"11":501.3299865723,"12":498.9400024414,"13":504.6099853516,"14":505.450012207,"15":503.8999938965,"16":497.4200134277,"17":498.8099975586,"18":487.8200073242,"19":484.9599914551,"20":495.0,"21":522.6900024414,"22":519.8499755859,"23":521.0300292969,"24":522.9199829102,"25":521.3400268555,"26":524.4199829102,"27":524.0100097656,"28":528.6300048828,"29":532.549987793,"30":532.200012207,"31":533.3800048828,"32":536.9400024414,"33":532.0900268555,"34":529.2399902344,"35":525.5900268555,"36":517.0100097656,"37":516.6799926758,"38":507.5100097656,"39":485.4599914551,"40":490.3399963379,"41":489.1799926758,"42":498.8099975586,"43":501.2300109863,"44":480.6499938965,"45":460.7399902344,"46":460.3599853516,"47":443.9200134277,"48":421.8599853516,"49":413.6600036621,"50":388.1300048828,"51":388.2300109863,"52":345.6700134277,"53":372.9400024414,"54":370.0,"55":364.6700134277,"56":396.5199890137,"57":408.5400085449,"58":422.049987793,"59":434.8999938965,"60":440.7399902344,"61":432.0599975586,"62":413.3900146484,"63":418.0100097656,"64":425.9899902344,"65":442.75,"66":449.8299865723,"67":450.9700012207,"68":456.1900024414,"69":462.1600036621,"70":473.1300048828,"71":474.5400085449,"72":493.5,"73":486.0700073242,"74":490.450012207,"75":486.7699890137,"76":490.2399902344,"77":495.6099853516,"78":494.1099853516,"79":509.7200012207,"80":509.7200012207},"Close":{"0":490.4299926758,"1":494.4700012207,"2":497.450012207,"3":499.1600036621,"4":500.7699890137,"5":507.2799987793,"6":505.0299987793,"7":510.1499938965,"8":509.6199951172,"9":515.4000244141,"10":508.7799987793,"11":502.7300109863,"12":503.5899963379,"13":510.5,"14":513.1400146484,"15":504.6700134277,"16":504.0799865723,"17":499.3399963379,"18":490.7399902344,"19":492.9800109863,"20":517.4600219727,"21":532.049987793,"22":531.75,"23":522.1799926758,"24":526.5599975586,"25":525.2100219727,"26":530.3400268555,"27":530.9400024414,"28":534.0,"29":534.7299804688,"30":534.8900146484,"31":537.5999755859,"32":542.4600219727,"33":539.2199707031,"34":535.3400268555,"35":528.700012207,"36":517.9899902344,"37":518.0900268555,"38":508.549987793,"39":493.1700134277,"40":497.1300048828,"41":495.0299987793,"42":522.8400268555,"43":505.1400146484,"44":496.7200012207,"45":463.2099914551,"46":476.7600097656,"47":450.6499938965,"48":427.5400085449,"49":454.1900024414,"50":389.1099853516,"51":393.0199890137,"52":381.5199890137,"53":393.0599975586,"54":371.700012207,"55":381.7799987793,"56":419.3999938965,"57":420.7699890137,"58":454.1700134277,"59":439.700012207,"60":450.7799987793,"61":436.3099975586,"62":424.0299987793,"63":435.6600036621,"64":433.799987793,"65":459.549987793,"66":451.75,"67":463.9299926758,"68":466.6400146484,"69":469.700012207,"70":489.5700073242,"71":496.3200073242,"72":496.3500061035,"73":499.4200134277,"74":498.6700134277,"75":490.7799987793,"76":496.0799865723,"77":499.1199951172,"78":508.549987793,"79":513.7700195312,"80":513.7700195312},"Volume":{"0":1378800,"1":974100,"2":829900,"3":1050800,"4":1063200,"5":924300,"6":912700,"7":933700,"8":1656100,"9":611200,"10":1104100,"11":2252900,"12":1041000,"13":1878600,"14":1182300,"15":1183000,"16":1930900,"17":1326700,"18":1208800,"19":1067200,"20":2053600,"21":1666700,"22":1596200,"23":1819300,"24":830700,"25":753600,"26":1252900,"27":1098100,"28":891300,"29":709400,"30":658200,"31":739500,"32":1041500,"33":1049400,"34":1243500,"35":1410600,"36":1698000,"37":1617800,"38":2609100,"39":3590000,"40":2951700,"41":2884900,"42":2014000,"43":4485300,"44":2145300,"45":2565900,"46":2660500,"47":3023500,"48":3459100,"49":3147600,"50":3274200,"51":3736000,"52":4954800,"53":2466800,"54":3322200,"55":2462500,"56":2817600,"57":2222800,"58":2182700,"59":1909800,"60":2043900,"61":2072800,"62":1360900,"63":1377200,"64":1027900,"65":1627400,"66":1632600,"67":1070800,"68":1634300,"69":988100,"70":1366600,"71":1041200,"72":1158400,"73":1487900,"74":947600,"75":1178400,"76":878300,"77":713800,"78":767800,"79":349154,"80":349154}}