{"Open":{"0":104.8129236526,"1":104.5052861668,"2":105.0411585602,"3":104.3465095966,"4":102.113703241,"5":102.4411826151,"6":104.4159788604,"7":104.1579605207,"8":104.6045237084,"9":104.2174957532,"10":105.0808519981,"11":105.041155231,"12":106.4503061589,"13":106.0235937002,"14":105.8846655173,"15":105.0907835617,"16":104.3365889741,"17":104.2869675397,"18":104.8426898284,"19":103.8602551698,"20":105.8251216166,"21":105.0312327541,"22":106.5098493004,"23":106.2220651849,"24":109.8739495895,"25":112.2655298917,"26":112.1265999927,"27":113.5853707855,"28":113.9723835181,"29":112.3151520959,"30":113.7838429222,"31":114.0220058142,"32":113.2380469433,"33":112.1662946741,"34":111.0548558694,"35":109.0899822295,"36":107.0953444796,"37":104.5251353418,"38":101.508367533,"39":94.8000214632,"40":93.2817119289,"41":99.8312735903,"42":100.8633299439,"43":101.1213440176,"44":96.6160379893,"45":91.6244769526,"46":93.3610992481,"47":91.8031010859,"48":82.4253010465,"49":84.3405591367,"50":82.5840883847,"51":79.9700012207,"52":79.6900024414,"53":84.0500030518,"54":81.9599990845,"55":73.0999984741,"56":69.5299987793,"57":78.7300033569,"58":75.3199996948,"59":75.3399963379,"60":75.8499984741,"61":78.75,"62":71.9400024414,"63":72.5199966431,"64":72.1699981689,"65":74.4800033569,"66":80.5999984741,"67":79.3099975586,"68":82.3000030518,"69":84.0199966431,"70":84.9400024414,"71":84.8000030518,"72":83.3300018311,"73":85.1200027466,"74":84.8700027466,"75":80.3300018311,"76":82.6299972534,"77":79.9000015259,"78":79.5299987793,"79":79.8199996948,"80":79.8199996948},"High":{"0":105.2197867633,"1":105.7953554298,"2":105.4678730702,"3":104.8029936497,"4":103.0762923112,"5":104.1678844761,"6":105.2098612415,"7":104.8625342369,"8":104.6442113899,"9":105.1106199981,"10":105.7060351932,"11":106.5991579144,"12":106.8472511224,"13":106.5197730213,"14":105.8846655173,"15":105.6961229497,"16":104.8923074013,"17":105.6861968789,"18":105.1602442843,"19":106.0037458183,"20":106.2816056689,"21":106.7678603399,"22":106.5793140989,"23":107.3831229269,"24":112.9204903047,"25":112.4540804555,"26":113.4464387937,"27":114.6372685374,"28":114.1212388221,"29":114.5678028958,"30":114.3792565795,"31":114.6471890129,"32":113.4265975109,"33":112.1662946741,"34":111.4319494163,"35":109.8838721455,"36":107.4724456149,"37":105.3785643614,"38":101.8060705863,"39":95.4152865573,"40":100.8434874726,"41":101.8556860418,"42":104.0190306713,"43":102.054155964,"44":98.2137360086,"45":92.7855347684,"46":95.3061212028,"47":93.4603382189,"48":84.4894087053,"49":89.907691742,"50":88.0122914326,"51":85.4599990845,"52":85.6999969482,"53":85.4499969482,"54":81.9599990845,"55":75.2600021362,"56":79.1999969482,"57":79.9199981689,"58":79.5699996948,"59":79.0699996948,"60":80.5599975586,"61":82.6500015259,"62":76.2600021362,"63":76.25,"64":74.5199966431,"65":78.4599990845,"66":82.9300003052,"67":81.8000030518,"68":84.25,"69":84.0199966431,"70":87.5999984741,"71":85.5,"72":83.8600006104,"73":86.2099990845,"74":84.9100036621,"75":81.8799972534,"76":82.6299972534,"77":80.8799972534,"78":79.5299987793,"79":81.75,"80":81.75},"Low":{"0":103.99918986,"1":104.5052861668,"2":104.277045753,"3":102.8877412251,"4":102.0343127345,"5":102.3419406972,"6":103.7907880624,"7":103.7312460085,"8":103.6419346546,"9":104.1083432738,"10":104.5052821906,"11":105.041155231,"12":105.3487950528,"13":105.7755040396,"14":104.3365884374,"15":104.7434595451,"16":103.7114057435,"17":104.1678893464,"18":104.0190303559,"19":103.6022398128,"20":103.8999434895,"21":104.5648305622,"22":105.1800848526,"23":105.2594761339,"24":108.7823566021,"25":111.2731712546,"26":111.8685921989,"27":113.2876677315,"28":112.7517866819,"29":112.3151520959,"30":113.4762066018,"31":112.7815575515,"32":112.1166843866,"33":110.3205070177,"34":109.9235600867,"35":106.648780959,"36":103.8304835886,"37":102.3121722862,"38":96.8442773209,"39":91.4061566672,"40":91.4359242574,"41":98.0053374015,"42":100.049596175,"43":99.0076153298,"44":94.7603246032,"45":88.4985456574,"46":90.4634139426,"47":88.0222094705,"48":78.7436516315,"49":83.4474348418,"50":77.4535959614,"51":73.1100006104,"52":77.0400009155,"53":77.0,"54":73.0800018311,"55":65.6900024414,"56":69.5299987793,"57":73.0400009155,"58":72.3300018311,"59":74.4199981689,"60":74.0100021362,"61":74.5500030518,"62":71.2600021362,"63":71.4800033569,"64":70.5500030518,"65":73.7600021362,"66":79.4899978638,"67":78.0599975586,"68":81.5999984741,"69":81.3899993896,"70":84.1999969482,"71":82.5699996948,"72":81.3099975586,"73":83.3399963379,"74":81.4100036621,"75":79.5400009155,"76":79.5400009155,"77":77.8899993896,"78":77.2200012207,"79":79.0400009155,"80":79.0400009155},"Close":{"0":105.1503219604,"1":105.6861953735,"2":104.8724594116,"3":102.8976669312,"4":102.312171936,"5":104.1381149292,"6":103.8999481201,"7":104.2869644165,"8":104.0587234497,"9":104.5945968628,"10":104.7236022949,"11":106.4899978638,"12":105.5174942017,"13":106.3213043213,"14":105.170173645,"15":105.2098617554,"16":103.9495697021,"17":104.5449829102,"18":104.2373504639,"19":105.9839019775,"20":104.1480331421,"21":105.4976425171,"22":105.2297058105,"23":107.1846542358,"24":111.9777450562,"25":111.9678268433,"26":113.2082748413,"27":114.0418548584,"28":112.8708648682,"29":113.9723892212,"30":114.3296356201,"31":112.9800262451,"32":112.1563720703,"33":111.2632522583,"34":110.4693603516,"35":106.658706665,"36":103.9197998047,"37":102.3419418335,"38":96.9137496948,"39":92.5275192261,"40":100.5854721069,"41":99.0076141357,"42":103.6320114136,"43":100.367149353,"44":97.4595413208,"45":90.0069274902,"46":95.2565002441,"47":89.3122787476,"48":79.9444046021,"49":89.8878479004,"50":77.9199981689,"51":84.9800033569,"52":85.3700027466,"53":81.9300003052,"54":75.0299987793,"55":66.7799987793,"56":78.0199966431,"57":74.2300033569,"58":78.7200012207,"59":75.9499969482,"60":79.7399978638,"61":75.4499969482,"62":73.5699996948,"63":72.9199981689,"64":71.0299987793,"65":77.4100036621,"66":79.8799972534,"67":81.0800018311,"68":83.5800018311,"69":82.6399993896,"70":87.0999984741,"71":82.9400024414,"72":82.4700012207,"73":85.8000030518,"74":82.4800033569,"75":80.1699981689,"76":79.6900024414,"77":78.4000015259,"78":78.5299987793,"79":81.3199996948,"80":81.3199996948},"Volume":{"0":801100,"1":461800,"2":409100,"3":442300,"4":884500,"5":751700,"6":437600,"7":605500,"8":627200,"9":469900,"10":472200,"11":576200,"12":759700,"13":352100,"14":485400,"15":330100,"16":463900,"17":479600,"18":422600,"19":467200,"20":976600,"21":538900,"22":563900,"23":671700,"24":867500,"25":755100,"26":646600,"27":875300,"28":665000,"29":795200,"30":612600,"31":472200,"32":435400,"33":340200,"34":682500,"35":775100,"36":933700,"37":1182500,"38":1742400,"39":2197100,"40":1528700,"41":1343500,"42":868700,"43":993700,"44":1241200,"45":1397500,"46":1405800,"47":1343600,"48":1276200,"49":1517600,"50":1414800,"51":1556700,"52":1273900,"53":1390300,"54":1491500,"55":1461700,"56":1465300,"57":1262000,"58":1072800,"59":800500,"60":954600,"61":2029700,"62":1195100,"63":981500,"64":963300,"65":960800,"66":1014100,"67":750200,"68":1231400,"69":609600,"70":1472100,"71":1234500,"72":879300,"73":770000,"74":623100,"75":560100,"76":567700,"77":508300,"78":522200,"79":214603,"80":214603}}