{"Open":{"0":70.7125937432,"1":69.3769140848,"2":68.1983740265,"3":68.100155521,"4":68.1885521743,"5":68.8465669456,"6":68.6108638718,"7":67.4126724474,"8":67.5698130336,"9":66.8823251203,"10":66.3126940486,"11":67.4617790741,"12":64.9672010321,"13":65.4975459361,"14":65.1636221853,"15":64.7413068249,"16":62.2565480137,"17":62.2270838596,"18":62.2270832737,"19":60.2432041549,"20":60.5967668765,"21":60.4789148459,"22":62.1976221496,"23":62.8556420104,"24":63.8770465473,"25":61.4708508888,"26":60.5476610796,"27":60.4690918354,"28":61.6574550288,"29":61.3235331678,"30":61.7556667748,"31":61.1369311493,"32":61.2744279478,"33":61.6770973192,"34":61.8244169886,"35":59.7423222236,"36":58.7994846836,"37":56.2165147894,"38":53.2014053361,"39":50.5791492805,"40":51.6594782424,"41":53.6040782107,"42":50.5496853194,"43":47.4658295917,"44":43.7632401484,"45":40.3258223772,"46":37.7035618499,"47":38.1553360585,"48":34.5,"49":38.3199996948,"50":31.5200004578,"51":32.1699981689,"52":31.4500007629,"53":26.7299995422,"54":29.2600002289,"55":28.5,"56":29.7999992371,"57":31.0,"58":33.4799995422,"59":32.5400009155,"60":32.5400009155,"61":30.5799999237,"62":27.9300003052,"63":26.8600006104,"64":28.3400001526,"65":29.4300003052,"66":31.0799999237,"67":30.7800006866,"68":34.3199996948,"69":34.75,"70":33.4300003052,"71":28.9899997711,"72":28.0,"73":27.5300006866,"74":28.3899993896,"75":28.0,"76":30.4799995422,"77":31.0,"78":32.4000015259,"79":32.3899993896,"80":32.3899993896},"High":{"0":70.9384844923,"1":69.5733349684,"2":68.7287194055,"3":68.3064071886,"4":68.9644274214,"5":69.0233487335,"6":68.6108638718,"7":67.6090933228,"8":67.992124646,"9":66.9314340842,"10":67.3242832554,"11":67.8546208111,"12":65.6841440115,"13":66.194849819,"14":65.1734454776,"15":64.7413068249,"16":63.3074154694,"17":62.7672487636,"18":62.5708235512,"19":61.4119248923,"20":60.940507163,"21":61.6672784285,"22":63.3368767343,"23":64.1225769439,"24":64.0440050466,"25":61.7163807288,"26":60.8717585258,"27":62.0011994653,"28":62.2958341405,"29":61.9422694306,"30":61.9815537794,"31":61.6476336743,"32":62.0503031626,"33":62.8458217981,"34":61.8244169886,"35":59.7423222236,"36":58.7994846836,"37":56.4522213419,"38":54.6844077068,"39":52.1505388275,"40":54.0362091064,"41":54.1246002896,"42":50.5791477017,"43":47.6917165907,"44":45.9337230406,"45":40.3552847592,"46":39.5303044695,"47":38.8722864961,"48":40.5,"49":38.6899986267,"50":33.9000015259,"51":34.7200012207,"52":32.4300003052,"53":30.0,"54":30.0300006866,"55":29.3199996948,"56":31.6299991608,"57":34.3400001526,"58":34.8400001526,"59":33.8199996948,"60":32.75,"61":31.5799999237,"62":28.0200004578,"63":29.3299999237,"64":28.4300003052,"65":30.3700008392,"66":32.2400016785,"67":33.3199996948,"68":37.0099983215,"69":34.75,"70":33.6800003052,"71":29.6299991608,"72":28.0,"73":30.2199993134,"74":30.9099998474,"75":30.9400005341,"76":30.9799995422,"77":32.1300010681,"78":33.0299987793,"79":33.8100013733,"80":33.8100013733},"Low":{"0":69.4751212547,"1":68.3456857136,"2":67.7465999984,"3":67.2948179136,"4":67.962661409,"5":68.1590863777,"6":67.1180381445,"7":66.7546542728,"8":67.3733846714,"9":65.5564655186,"10":66.2341301966,"11":66.8921480652,"12":64.1520401164,"13":65.0457719061,"14":63.7002663438,"15":62.8261770579,"16":61.5788869781,"17":61.7753098488,"18":60.8619379622,"19":60.2333846094,"20":59.8601773368,"21":60.4789148459,"22":61.6869196223,"23":62.767251114,"24":62.0895895426,"25":60.6164080947,"26":59.9682104974,"27":60.4494489976,"28":61.3137147358,"29":61.087826613,"30":61.2744266371,"31":60.1155260992,"32":60.930687661,"33":61.6083492612,"34":60.6753353422,"35":58.259319898,"36":55.4897435091,"37":54.5469110992,"38":52.0032222329,"39":49.9800558449,"40":50.7853925877,"41":49.547924073,"42":47.8881389716,"43":45.2560610724,"44":43.2230715017,"45":34.4723881288,"46":35.6509322257,"47":36.8294764065,"48":33.0200004578,"49":34.0299987793,"50":30.6000003815,"51":30.0,"52":26.2600002289,"53":24.2800006866,"54":27.1700000763,"55":27.0499992371,"56":29.0699996948,"57":29.1299991608,"58":32.5,"59":31.3899993896,"60":30.3999996185,"61":29.1299991608,"62":26.9599990845,"63":26.6900005341,"64":26.9500007629,"65":28.1299991608,"66":30.2800006866,"67":30.7199993134,"68":33.7700004578,"69":32.25,"70":30.3500003815,"71":27.9799995422,"72":25.7999992371,"73":27.3099994659,"74":27.8400001526,"75":27.8500003815,"76":29.7299995422,"77":30.7700004578,"78":30.9699993134,"79":32.0499992371,"80":32.0499992371},"Close":{"0":70.4670639038,"1":69.3965606689,"2":68.3849716187,"3":67.9331970215,"4":68.4340820312,"5":68.5813980103,"6":67.1966094971,"7":67.5207061768,"8":67.717124939,"9":65.7823562622,"10":67.019821167,"11":67.4912414551,"12":65.1243362427,"13":65.2127304077,"14":64.8100585938,"15":63.5725898743,"16":61.5985298157,"17":62.0208396912,"18":60.8717575073,"19":61.3628196716,"20":60.0664215088,"21":60.8914031982,"22":61.7753105164,"23":63.287776947,"24":62.1386947632,"25":60.9503288269,"26":60.2333831787,"27":61.1172904968,"28":61.5887069702,"29":61.8440589905,"30":61.6378097534,"31":60.8521156311,"32":61.8440589905,"33":62.2958335876,"34":61.3628196716,"35":58.7110939026,"36":55.774559021,"37":54.7433357239,"38":52.2585716248,"39":51.698764801,"40":54.0362091064,"41":50.0880889893,"42":49.4889945984,"43":45.8846168518,"44":44.008769989,"45":35.3464775085,"46":39.5204849243,"47":37.3499984741,"48":34.9500007629,"49":38.6699981689,"50":31.4500007629,"51":34.4000015259,"52":27.4200000763,"53":28.9500007629,"54":28.9300003052,"55":27.3400001526,"56":30.5,"57":33.0699996948,"58":33.9900016785,"59":32.8699989319,"60":31.0300006866,"61":29.3400001526,"62":27.1700000763,"63":27.7900009155,"64":27.3400001526,"65":28.9899997711,"66":30.6800003052,"67":33.0200004578,"68":34.75,"69":32.7799987793,"70":30.8899993896,"71":28.1200008392,"72":26.0499992371,"73":30.0,"74":29.6200008392,"75":29.4300003052,"76":30.4500007629,"77":31.6000003815,"78":32.1300010681,"79":33.5849990845,"80":33.5849990845},"Volume":{"0":1457000,"1":1143400,"2":1085900,"3":1314200,"4":1099300,"5":1452300,"6":1596100,"7":1236000,"8":1037300,"9":1842800,"10":1861200,"11":2146000,"12":2653900,"13":1675400,"14":2009000,"15":1471800,"16":2465300,"17":1698800,"18":1788600,"19":2756200,"20":2211600,"21":1878000,"22":2160200,"23":2159800,"24":1518100,"25":1749100,"26":1511000,"27":1388400,"28":1419500,"29":1357800,"30":1403400,"31":1574800,"32":1373600,"33":1399200,"34":2118500,"35":1722400,"36":2780700,"37":1859400,"38":2377100,"39":3356900,"40":3255100,"41":4364300,"42":2840400,"43":3683800,"44":4890700,"45":5312400,"46":4692900,"47":3796700,"48":5659000,"49":5046200,"50":4202500,"51":4497500,"52":4409600,"53":4159600,"54":3936700,"55":2202800,"56":2765300,"57":3219900,"58":2588000,"59":2069400,"60":2093200,"61":2515400,"62":2814800,"63":3655800,"64":2977300,"65":4003200,"66":3564400,"67":3367900,"68":4557300,"69":2390300,"70":2705300,"71":3369700,"72":2960400,"73":4510400,"74":3612700,"75":4446000,"76":2448500,"77":2651900,"78":3952900,"79":889159,"80":889159}}