{"Open":{"0":62.482803443,"1":61.3198214643,"2":62.0951452641,"3":62.1050821956,"4":61.9858053883,"5":61.7472440257,"6":62.5523853033,"7":62.691544588,"8":63.2879412288,"9":63.7650648136,"10":64.6596644869,"11":65.1467248225,"12":65.2560611355,"13":65.9220420769,"14":66.1705377094,"15":66.6377252455,"16":67.0750816297,"17":66.8762804743,"18":66.6675396787,"19":67.0551969448,"20":67.8603345292,"21":68.2082434807,"22":67.8305186651,"23":66.8663358527,"24":67.6299972534,"25":67.6800003052,"26":67.0,"27":67.6500015259,"28":67.0500030518,"29":67.4599990845,"30":68.1399993896,"31":68.8099975586,"32":68.75,"33":68.4700012207,"34":68.5500030518,"35":68.5599975586,"36":68.3099975586,"37":66.9899978638,"38":66.2200012207,"39":61.5699996948,"40":60.5999984741,"41":64.25,"42":65.2799987793,"43":67.4599990845,"44":66.0100021362,"45":63.5800018311,"46":65.8600006104,"47":64.2600021362,"48":58.7700004578,"49":61.3300018311,"50":56.2099990845,"51":58.4000015259,"52":61.4099998474,"53":60.8199996948,"54":55.9500007629,"55":49.25,"56":49.4300003052,"57":51.0499992371,"58":52.9900016785,"59":55.3600006104,"60":59.2099990845,"61":60.5999984741,"62":56.6300010681,"63":54.8100013733,"64":54.9700012207,"65":56.4300003052,"66":60.1699981689,"67":57.8600006104,"68":61.0600013733,"69":61.5900001526,"70":62.4099998474,"71":61.3400001526,"72":61.0200004578,"73":62.9300003052,"74":62.4399986267,"75":58.1199989319,"76":59.3199996948,"77":59.7299995422,"78":59.5600013733,"79":59.1899986267,"80":59.1899986267},"High":{"0":62.5026838862,"1":62.3237629791,"2":62.3337030025,"3":62.2740640658,"4":62.015624158,"5":62.502685722,"6":62.7909430464,"7":63.5463847159,"8":63.5165644321,"9":64.5205065022,"10":65.1169033043,"11":65.4846809952,"12":65.8126983643,"13":66.3792809059,"14":66.7172403959,"15":67.3335218397,"16":67.5521970862,"17":67.1446645674,"18":66.975677067,"19":67.6714792876,"20":68.5660807646,"21":68.5163808766,"22":68.0491997521,"23":67.6416617498,"24":67.6999969482,"25":67.7200012207,"26":67.6800003052,"27":67.8199996948,"28":67.6399993896,"29":67.9700012207,"30":68.6299972534,"31":69.1200027466,"32":68.9700012207,"33":68.6399993896,"34":69.1699981689,"35":68.9100036621,"36":68.5699996948,"37":67.6800003052,"38":66.7200012207,"39":61.7200012207,"40":64.1500015259,"41":65.75,"42":68.7200012207,"43":68.9899978638,"44":68.0800018311,"45":66.6900024414,"46":67.7200012207,"47":65.0899963379,"48":63.3800010681,"49":62.6300010681,"50":62.1599998474,"51":67.7900009155,"52":64.3399963379,"53":60.8199996948,"54":55.9500007629,"55":49.3400001526,"56":51.5999984741,"57":55.2099990845,"58":57.9099998474,"59":59.9300003052,"60":62.25,"61":61.7299995422,"62":57.6300010681,"63":57.6699981689,"64":56.7299995422,"65":59.75,"66":60.2299995422,"67":61.1899986267,"68":64.0800018311,"69":62.4000015259,"70":62.5499992371,"71":63.1199989319,"72":62.2400016785,"73":63.3300018311,"74":62.6599998474,"75":59.0999984741,"76":60.5400009155,"77":60.1800003052,"78":59.5600013733,"79":59.8300018311,"80":59.8300018311},"Low":{"0":61.2005432957,"1":61.2900026957,"2":61.7969424033,"3":61.7174230355,"4":61.5583853278,"5":61.6279651548,"6":62.3734651001,"7":62.691544588,"8":63.0990827041,"9":63.7352460441,"10":64.5503239454,"11":64.7491235261,"12":65.1367784792,"13":65.9220420769,"14":66.1705377094,"15":66.5283846973,"16":66.3892196294,"17":66.4786791853,"18":66.1307790909,"19":66.6675377952,"20":67.5521971473,"21":67.9995045109,"22":66.9657440186,"23":66.5681405849,"24":67.1200027466,"25":67.0899963379,"26":67.0,"27":67.2399978638,"28":66.9700012207,"29":67.1999969482,"30":68.0,"31":68.6299972534,"32":68.4499969482,"33":68.0299987793,"34":68.4400024414,"35":67.9499969482,"36":66.8199996948,"37":66.4300003052,"38":62.7700004578,"39":59.1199989319,"40":60.5600013733,"41":63.7000007629,"42":65.2699966431,"43":66.7399978638,"44":65.3499984741,"45":62.5200004578,"46":62.6699981689,"47":61.9799995422,"48":56.8300018311,"49":57.9099998474,"50":55.7000007629,"51":57.8899993896,"52":54.3499984741,"53":55.7799987793,"54":48.6199989319,"55":46.0299987793,"56":48.2200012207,"57":49.2200012207,"58":52.8699989319,"59":54.9099998474,"60":57.5400009155,"61":58.3199996948,"62":53.9599990845,"63":54.7200012207,"64":54.1699981689,"65":55.6800003052,"66":57.3300018311,"67":57.3300018311,"68":60.9099998474,"69":60.6300010681,"70":61.4199981689,"71":60.4599990845,"72":60.1599998474,"73":61.6699981689,"74":59.0299987793,"75":57.9700012207,"76":58.7999992371,"77":58.4799995422,"78":58.3400001526,"79":58.1800003052,"80":58.1800003052},"Close":{"0":61.3397026062,"1":61.9361038208,"2":62.2144241333,"3":61.8963432312,"4":61.8764648438,"5":62.3535842896,"6":62.6816062927,"7":63.3078231812,"8":63.5066223145,"9":64.3117599487,"10":64.9876785278,"11":65.2560653687,"12":65.8126983643,"13":66.1506652832,"14":66.7072982788,"15":67.0850219727,"16":66.8464584351,"17":66.6675415039,"18":66.9060974121,"19":67.6615371704,"20":68.0988998413,"21":68.0690841675,"22":66.9657440186,"23":67.5025024414,"24":67.3199996948,"25":67.1399993896,"26":67.5599975586,"27":67.3700027466,"28":67.3600006104,"29":67.9199981689,"30":68.5100021362,"31":68.8600006104,"32":68.4800033569,"33":68.5899963379,"34":68.4499969482,"35":68.25,"36":66.8399963379,"37":66.4400024414,"38":62.8199996948,"39":60.4199981689,"40":64.1399993896,"41":64.3199996948,"42":68.3499984741,"43":67.7300033569,"44":67.8899993896,"45":65.4199981689,"46":65.5100021362,"47":63.25,"48":58.8899993896,"49":62.3899993896,"50":56.9500007629,"51":64.8199996948,"52":60.6399993896,"53":56.4900016785,"54":49.5499992371,"55":48.5099983215,"56":51.4300003052,"57":53.3199996948,"58":56.9399986267,"59":58.2299995422,"60":61.9399986267,"61":58.75,"62":55.7099990845,"63":56.8600006104,"64":54.5499992371,"65":58.8499984741,"66":57.3400001526,"67":60.6399993896,"68":62.3300018311,"69":61.1599998474,"70":62.2700004578,"71":60.7000007629,"72":61.8800010681,"73":63.1699981689,"74":59.1899986267,"75":58.4099998474,"76":59.9900016785,"77":59.2400016785,"78":59.4000015259,"79":58.3499984741,"80":58.3499984741},"Volume":{"0":2420100,"1":2074800,"2":1478300,"3":1679600,"4":1703700,"5":1152400,"6":1844000,"7":1474500,"8":1789000,"9":1481800,"10":1915200,"11":2605000,"12":2539200,"13":2443300,"14":1832400,"15":1625200,"16":1627900,"17":1857900,"18":1697500,"19":2429700,"20":2939400,"21":1850300,"22":2346400,"23":2119500,"24":1677900,"25":1545500,"26":1380500,"27":1161700,"28":1337300,"29":1624100,"30":1365700,"31":1400000,"32":1629700,"33":1390100,"34":2028300,"35":2121800,"36":2173500,"37":2033000,"38":3190000,"39":5533300,"40":3386700,"41":4155400,"42":2932000,"43":2997100,"44":3584600,"45":5894700,"46":5114900,"47":4299100,"48":5920200,"49":4145400,"50":4328000,"51":5261100,"52":4019100,"53":2977900,"54":4233800,"55":3455300,"56":3438100,"57":3504900,"58":2645000,"59":3011800,"60":3586800,"61":4664400,"62":2527900,"63":3684800,"64":2480000,"65":2366400,"66":2482500,"67":1727800,"68":2400700,"69":1612600,"70":1937700,"71":2063300,"72":2139700,"73":1783900,"74":2123500,"75":2009500,"76":2221400,"77":2049900,"78":1972600,"79":950934,"80":950934}}