{"Open":{"0":27.0373238819,"1":26.4833207979,"2":26.4833215825,"3":26.4734279788,"4":26.6317136908,"5":26.325034458,"6":26.146961395,"7":26.0183519667,"8":26.2953551614,"9":26.4140708418,"10":26.799893209,"11":26.7702137998,"12":26.7801077419,"13":26.780107531,"14":25.869959615,"15":26.5822506122,"16":26.1667489865,"17":25.9985684033,"18":26.0480320918,"19":26.2755691678,"20":26.3448196708,"21":26.2458920042,"22":26.0282460595,"23":26.2458919594,"24":26.4635345626,"25":26.6218208766,"26":26.433855153,"27":26.6613944353,"28":26.7405363369,"29":26.7207498236,"30":27.007643229,"31":26.8889303955,"32":26.7399997711,"33":26.3299999237,"34":25.6200008392,"35":25.0699996948,"36":25.2299995422,"37":24.5,"38":24.1100006104,"39":23.7399997711,"40":23.0799999237,"41":23.6399993896,"42":23.2700004578,"43":23.4300003052,"44":22.0,"45":20.6399993896,"46":18.6299991608,"47":18.1200008392,"48":16.3400001526,"49":15.5699996948,"50":14.2100000381,"51":12.75,"52":13.6599998474,"53":12.3500003815,"54":12.4899997711,"55":12.3699998856,"56":13.1000003815,"57":13.9799995422,"58":15.1700000763,"59":15.220000267,"60":16.3999996185,"61":16.0699996948,"62":14.4499998093,"63":13.8100004196,"64":13.9799995422,"65":14.0200004578,"66":16.4599990845,"67":15.6999998093,"68":17.2000007629,"69":17.8799991608,"70":17.25,"71":16.2399997711,"72":15.8999996185,"73":16.3299999237,"74":15.9499998093,"75":15.2899999619,"76":15.8900003433,"77":16.25,"78":16.5200004578,"79":16.7800006866,"80":16.7800006866},"High":{"0":27.0472170187,"1":26.6515003451,"2":26.7108580687,"3":26.5921418448,"4":26.6514999636,"5":26.325034458,"6":26.1568545315,"7":26.1964246446,"8":26.5327847791,"9":26.8196800068,"10":26.8790364131,"11":26.9087158223,"12":26.8790372217,"13":26.9779664892,"14":26.6811779439,"15":26.5822506122,"16":26.3448197902,"17":26.1667479503,"18":26.3744980481,"19":26.443748718,"20":26.4140716289,"21":26.4734284908,"22":26.4536414976,"23":26.6515011347,"24":26.6515003832,"25":26.6218208766,"26":27.1065733428,"27":26.8592515122,"28":26.8988227455,"29":26.9581794343,"30":27.2351815904,"31":27.0768962189,"32":26.8600006104,"33":26.3899993896,"34":25.7800006866,"35":25.2999992371,"36":25.4500007629,"37":24.75,"38":25.3299999237,"39":23.7900009155,"40":23.75,"41":24.1800003052,"42":23.9500007629,"43":23.4699993134,"44":22.1100006104,"45":21.5499992371,"46":18.8099994659,"47":18.25,"48":16.3999996185,"49":15.7399997711,"50":14.4499998093,"51":14.6599998474,"52":13.8599996567,"53":12.7399997711,"54":13.7299995422,"55":12.8599996567,"56":13.8699998856,"57":15.75,"58":16.2299995422,"59":17.0200004578,"60":16.5499992371,"61":16.2199993134,"62":14.5799999237,"63":14.6999998093,"64":14.1700000763,"65":15.470000267,"66":16.6499996185,"67":16.8999996185,"68":18.2399997711,"69":17.9200000763,"70":17.4500007629,"71":16.3999996185,"72":16.1299991608,"73":16.8999996185,"74":16.3500003815,"75":15.8000001907,"76":16.3999996185,"77":16.7000007629,"78":16.7800006866,"79":17.3099994659,"80":17.3099994659},"Low":{"0":26.404178224,"1":26.4437482517,"2":26.394285238,"3":26.087605084,"4":26.3349271467,"5":26.028246022,"6":25.6226364865,"7":25.9194243784,"8":26.1667481594,"9":26.3744982955,"10":26.4932135288,"11":26.6119273916,"12":26.522891849,"13":25.889745993,"14":25.8303889557,"15":25.9787824845,"16":25.8600674029,"17":25.7809231736,"18":26.0282458189,"19":26.1469621644,"20":25.9194261069,"21":26.0480330411,"22":25.9491028538,"23":26.1370693413,"24":26.2854618786,"25":26.3744981246,"26":26.2854618786,"27":26.6218218877,"28":26.6514999962,"29":26.7108566872,"30":26.8196792998,"31":26.6712851621,"32":26.2399997711,"33":25.5300006866,"34":25.2299995422,"35":24.7399997711,"36":24.4500007629,"37":24.0400009155,"38":23.6000003815,"39":22.4799995422,"40":22.7900009155,"41":22.7999992371,"42":22.9599990845,"43":22.4899997711,"44":20.9300003052,"45":17.1599998474,"46":17.4200000763,"47":16.9699993134,"48":14.6300001144,"49":14.0,"50":12.3500003815,"51":12.2100000381,"52":11.6700000763,"53":11.5799999237,"54":11.6800003052,"55":11.9300003052,"56":12.8999996185,"57":13.0699996948,"58":15.0200004578,"59":15.0799999237,"60":15.5200004578,"61":15.3400001526,"62":13.6499996185,"63":13.5799999237,"64":13.0600004196,"65":13.8500003815,"66":15.3900003433,"67":15.4300003052,"68":17.2000007629,"69":16.75,"70":16.7999992371,"71":15.7299995422,"72":15.4600000381,"73":16.25,"74":15.6199998856,"75":15.1800003052,"76":15.3100004196,"77":16.2099990845,"78":16.1599998474,"79":16.7099990845,"80":16.7099990845},"Close":{"0":26.6613941193,"1":26.5031070709,"2":26.4635353088,"3":26.5822505951,"4":26.3547115326,"5":26.1667480469,"6":26.0183525085,"7":25.9985675812,"8":26.3744983673,"9":26.7108573914,"10":26.7603206635,"11":26.7603206635,"12":26.7207508087,"13":25.8996391296,"14":26.6416072845,"15":26.1766395569,"16":25.9293174744,"17":26.0282459259,"18":26.2953548431,"19":26.3843917847,"20":26.1964263916,"21":26.057926178,"22":26.2359981537,"23":26.4635353088,"24":26.5723571777,"25":26.4338550568,"26":26.5723571777,"27":26.7405376434,"28":26.8295726776,"29":26.8889293671,"30":26.8889293671,"31":26.7900009155,"32":26.4300003052,"33":25.7199993134,"34":25.2700004578,"35":25.2199993134,"36":24.4899997711,"37":24.0799999237,"38":24.1599998474,"39":23.0200004578,"40":23.75,"41":23.1000003815,"42":23.8199996948,"43":22.6700000763,"44":21.5499992371,"45":18.0300006866,"46":18.7099990845,"47":17.6599998474,"48":14.8699998856,"49":15.5500001907,"50":12.4799995422,"51":14.6499996185,"52":12.470000267,"53":12.2299995422,"54":12.4799995422,"55":12.1000003815,"56":13.6300001144,"57":15.1300001144,"58":15.8900003433,"59":16.2999992371,"60":16.2299995422,"61":15.4499998093,"62":14.1199998856,"63":14.1300001144,"64":13.4399995804,"65":15.3000001907,"66":15.470000267,"67":16.8199996948,"68":17.8099994659,"69":16.8899993896,"70":17.0,"71":15.8699998856,"72":15.7899999619,"73":16.5300006866,"74":15.75,"75":15.5100002289,"76":16.1900005341,"77":16.4200000763,"78":16.6800003052,"79":17.2350006104,"80":17.2350006104},"Volume":{"0":3385800,"1":3405400,"2":3513900,"3":4252100,"4":5922600,"5":5709400,"6":8430700,"7":4303600,"8":4837200,"9":3302800,"10":4761000,"11":4882400,"12":5347700,"13":11147400,"14":5030500,"15":6227400,"16":4298500,"17":4442200,"18":3266400,"19":2631500,"20":5125400,"21":5998600,"22":5840800,"23":4011900,"24":4190400,"25":4284700,"26":3708700,"27":2051000,"28":2535100,"29":2565700,"30":3707600,"31":5284800,"32":6321000,"33":9634500,"34":13501900,"35":6522800,"36":6731300,"37":5898600,"38":12105400,"39":12507100,"40":7324600,"41":10594000,"42":6441600,"43":9387500,"44":11016500,"45":11313700,"46":14277200,"47":16227900,"48":13141000,"49":11802100,"50":12262400,"51":12252300,"52":9909700,"53":6883800,"54":16152100,"55":7790700,"56":6956800,"57":10463100,"58":9137700,"59":9872100,"60":7026600,"61":8535100,"62":9715400,"63":18760800,"64":18401700,"65":8633800,"66":10940900,"67":7016400,"68":10495700,"69":6616200,"70":5513700,"71":8433500,"72":5809500,"73":7588200,"74":6976800,"75":5108900,"76":5985900,"77":7125200,"78":5995600,"79":1856309,"80":1856309}}