{"Open":{"0":103.0104315936,"1":101.5859537317,"2":100.4901984738,"3":99.8128221641,"4":100.1216359416,"5":101.5959118673,"6":102.0541319978,"7":101.2970765769,"8":101.5062581221,"9":101.3867234477,"10":102.5920451955,"11":102.7016193875,"12":102.9008547265,"13":104.5942792977,"14":106.0087927302,"15":104.9728090199,"16":101.038072633,"17":101.6955236771,"18":101.9644813666,"19":99.7729872244,"20":100.8886523213,"21":100.1814018716,"22":101.1874982662,"23":102.7016189579,"24":105.1222306001,"25":102.3799972534,"26":101.2900009155,"27":102.5999984741,"28":103.2300033569,"29":102.6500015259,"30":102.8700027466,"31":102.1299972534,"32":103.3899993896,"33":101.25,"34":102.5100021362,"35":97.5699996948,"36":98.5199966431,"37":94.2699966431,"38":90.0299987793,"39":85.8399963379,"40":88.5599975586,"41":90.9000015259,"42":87.9599990845,"43":86.0100021362,"44":81.6699981689,"45":75.1699981689,"46":76.5199966431,"47":75.9599990845,"48":65.9599990845,"49":69.0,"50":61.0099983215,"51":56.4399986267,"52":49.6899986267,"53":43.0800018311,"54":48.0,"55":43.3899993896,"56":46.4599990845,"57":52.6100006104,"58":55.5699996948,"59":54.6199989319,"60":54.5900001526,"61":52.9700012207,"62":46.4300003052,"63":43.75,"64":43.7799987793,"65":46.2799987793,"66":54.6899986267,"67":54.4099998474,"68":60.7599983215,"69":60.0,"70":58.0,"71":51.5099983215,"72":52.3400001526,"73":52.9700012207,"74":52.3800010681,"75":51.3899993896,"76":53.1599998474,"77":51.5,"78":54.7799987793,"79":56.8800010681,"80":56.8800010681},"High":{"0":103.2196192501,"1":102.1238604896,"2":100.7392324776,"3":100.3108901542,"4":101.1576183397,"5":102.3828602453,"6":102.2234808968,"7":101.6556861601,"8":103.1698033886,"9":102.4227058261,"10":103.0801573107,"11":104.0663284343,"12":103.3391494108,"13":107.1742678724,"14":106.1382952759,"15":105.5505697243,"16":101.7154454026,"17":102.9307378265,"18":102.4326665017,"19":101.8947542071,"20":101.2970717271,"21":101.307032868,"22":102.1537514171,"23":104.434893451,"24":105.5904157349,"25":102.8700027466,"26":101.9499969482,"27":103.7399978638,"28":103.6200027466,"29":102.9899978638,"30":103.2300033569,"31":103.2799987793,"32":104.3600006104,"33":104.6100006104,"34":102.8099975586,"35":99.0899963379,"36":98.5400009155,"37":95.25,"38":93.1100006104,"39":88.3000030518,"40":91.5199966431,"41":92.5500030518,"42":89.4800033569,"43":87.0500030518,"44":83.3899993896,"45":77.1399993896,"46":78.3499984741,"47":76.3700027466,"48":68.3199996948,"49":72.9899978638,"50":64.1500015259,"51":57.1500015259,"52":50.3400001526,"53":47.8300018311,"54":48.2999992371,"55":44.9399986267,"56":51.3400001526,"57":55.0,"58":61.4000015259,"59":57.0800018311,"60":54.9900016785,"61":53.7700004578,"62":46.6300010681,"63":45.8600006104,"64":43.8899993896,"65":50.1699981689,"66":58.3699989319,"67":57.0800018311,"68":62.9799995422,"69":60.0499992371,"70":58.6500015259,"71":52.8499984741,"72":52.3400001526,"73":55.1599998474,"74":55.5099983215,"75":53.4300003052,"76":53.4300003052,"77":53.5499992371,"78":57.2799987793,"79":58.6899986267,"80":58.6899986267},"Low":{"0":101.9047199807,"1":100.9285003165,"2":99.6733672454,"3":99.4442567154,"4":99.8825578191,"5":101.0281146325,"6":100.7691232226,"7":100.9085841284,"8":101.4664117708,"9":101.0579967353,"10":101.924635895,"11":102.6119707961,"12":101.7951431274,"13":104.1460211407,"14":104.7935055778,"15":102.9905005064,"16":100.2013144589,"17":100.9484216544,"18":100.7392307451,"19":99.2251093745,"20":98.8266511164,"21":99.0756902523,"22":100.9882665032,"23":102.7016189579,"24":103.0203830374,"25":101.5299987793,"26":100.9000015259,"27":102.3099975586,"28":102.4800033569,"29":102.0299987793,"30":102.2200012207,"31":101.8099975586,"32":102.8399963379,"33":101.25,"34":100.7200012207,"35":97.0,"36":92.1800003052,"37":92.7799987793,"38":88.5899963379,"39":84.6200027466,"40":86.9300003052,"41":85.3099975586,"42":85.7600021362,"43":83.9000015259,"44":80.5599975586,"45":71.0599975586,"46":73.6200027466,"47":70.5899963379,"48":61.0800018311,"49":66.2900009155,"50":55.4399986267,"51":51.3100013733,"52":38.0,"53":39.7799987793,"54":43.5900001526,"55":42.0299987793,"56":46.0099983215,"57":50.0499992371,"58":54.4599990845,"59":52.6899986267,"60":52.3199996948,"61":50.0,"62":44.0,"63":43.0800018311,"64":39.9000015259,"65":45.7900009155,"66":52.75,"67":53.6300010681,"68":59.2200012207,"69":55.6800003052,"70":54.25,"71":49.7700004578,"72":49.4099998474,"73":52.7999992371,"74":51.4399986267,"75":50.8400001526,"76":51.0099983215,"77":51.5,"78":54.0099983215,"79":56.8800010681,"80":56.8800010681},"Close":{"0":103.2096557617,"1":101.6058731079,"2":100.6894302368,"3":99.6932907104,"4":100.7491989136,"5":102.1139068604,"6":101.1576156616,"7":101.5162277222,"8":102.1637039185,"9":101.9445571899,"10":102.522315979,"11":103.7276382446,"12":101.7951431274,"13":106.3474807739,"14":105.620300293,"15":103.896987915,"16":100.7691192627,"17":101.6457214355,"18":100.8089599609,"19":101.7752151489,"20":99.4143753052,"21":99.3645706177,"22":101.3070297241,"23":104.3352813721,"24":103.1199951172,"25":101.8000030518,"26":101.9499969482,"27":102.4000015259,"28":102.8000030518,"29":102.7799987793,"30":102.6399993896,"31":103.0299987793,"32":104.1399993896,"33":103.5400009155,"34":101.1500015259,"35":98.2399978638,"36":92.7799987793,"37":92.8199996948,"38":89.1699981689,"39":88.2600021362,"40":91.4700012207,"41":86.4199981689,"42":89.3300018311,"43":85.0800018311,"44":82.2900009155,"45":73.0699996948,"46":78.3499984741,"47":71.4199981689,"48":63.6300010681,"49":72.8399963379,"50":55.4500007629,"51":53.9199981689,"52":44.2999992371,"53":46.2599983215,"54":45.0099983215,"55":42.8699989319,"56":50.9099998474,"57":52.3400001526,"58":57.8699989319,"59":55.2999992371,"60":53.8699989319,"61":50.4199981689,"62":44.6800003052,"63":43.9300003052,"64":42.2700004578,"65":49.4199981689,"66":52.9099998474,"67":56.7200012207,"68":60.1100006104,"69":56.5,"70":55.3400001526,"71":52.5999984741,"72":50.0099983215,"73":54.6300010681,"74":53.8699989319,"75":51.1599998474,"76":51.5200004578,"77":52.6100006104,"78":56.1500015259,"79":58.4599990845,"80":58.4599990845},"Volume":{"0":1603000,"1":1450100,"2":1526300,"3":1978200,"4":2194600,"5":1825500,"6":1167900,"7":1159900,"8":2251900,"9":1745400,"10":4126500,"11":2680100,"12":3077400,"13":5725700,"14":2110400,"15":2528100,"16":2447500,"17":1990500,"18":1883900,"19":2176700,"20":2637300,"21":2113500,"22":1556900,"23":2396400,"24":1807700,"25":1640600,"26":1434000,"27":2132100,"28":1767900,"29":2019500,"30":1271700,"31":2009900,"32":2059600,"33":2262900,"34":2764400,"35":2522800,"36":4499600,"37":2762300,"38":4273500,"39":6114300,"40":4111800,"41":4685800,"42":2888100,"43":3484700,"44":4154900,"45":4879500,"46":6218100,"47":5369900,"48":7039800,"49":5763900,"50":6562300,"51":10475200,"52":12148700,"53":9057800,"54":8038300,"55":6720900,"56":5553300,"57":5469000,"58":6026300,"59":4392100,"60":3843500,"61":5284000,"62":7349300,"63":5459500,"64":6421500,"65":5842700,"66":6081300,"67":5221200,"68":7633800,"69":4653500,"70":4794200,"71":6020400,"72":4931400,"73":5264200,"74":3987800,"75":5193200,"76":4832200,"77":5260100,"78":9179600,"79":2373293,"80":2373293}}