{"Open":{"0":293.4413091339,"1":289.4397528554,"2":289.9386861494,"3":290.7070943649,"4":290.377779533,"5":297.921874375,"6":299.3688269767,"7":296.2953299368,"8":298.6204062009,"9":297.7222987589,"10":300.7559222751,"11":302.7616651805,"12":305.5557780609,"13":312.7406280691,"14":311.3635342297,"15":313.3593144854,"16":305.5058749013,"17":309.8567333785,"18":310.2059556453,"19":308.190229273,"20":307.9008211487,"21":306.3541045536,"22":303.9292220912,"23":306.3541086961,"24":309.3500061035,"25":310.0,"26":313.7600097656,"27":314.0299987793,"28":310.7699890137,"29":314.8500061035,"30":318.8699951172,"31":319.0,"32":322.0799865723,"33":322.3200073242,"34":322.5599975586,"35":315.5,"36":315.0,"37":307.549987793,"38":301.9800109863,"39":285.25,"40":294.4400024414,"41":309.1400146484,"42":308.2900085449,"43":315.7699890137,"44":312.1400146484,"45":295.8500061035,"46":307.9700012207,"47":300.8599853516,"48":280.4400024414,"49":288.8299865723,"50":281.8299865723,"51":289.0,"52":298.0,"53":310.4100036621,"54":307.9200134277,"55":292.0100097656,"56":294.5899963379,"57":284.2099914551,"58":281.3399963379,"59":287.1300048828,"60":287.4899902344,"61":287.4200134277,"62":282.3599853516,"63":284.3800048828,"64":289.1600036621,"65":293.0,"66":306.5,"67":305.1099853516,"68":299.450012207,"69":298.5799865723,"70":302.75,"71":311.6400146484,"72":314.7300109863,"73":321.3099975586,"74":317.950012207,"75":311.1400146484,"76":304.0,"77":307.0299987793,"78":307.3299865723,"79":313.049987793,"80":313.049987793},"High":{"0":293.9602041151,"1":292.2837628432,"2":291.4555076409,"3":291.0763110433,"4":294.8583537787,"5":301.3247037979,"6":299.6382479578,"7":300.0174629816,"8":300.3667243658,"9":300.4066416252,"10":303.4202878267,"11":304.6576616456,"12":312.6807399142,"13":312.9002950976,"14":312.7406357382,"15":313.61877721,"16":311.1140459268,"17":311.0541904483,"18":311.3136361114,"19":308.9885644287,"20":308.5295005473,"21":307.9307670017,"22":305.2663992091,"23":308.9386559913,"24":311.8399963379,"25":313.8099975586,"26":316.9400024414,"27":314.4299926758,"28":315.4800109863,"29":318.7900085449,"30":319.8099975586,"31":323.4800109863,"32":324.5299987793,"33":325.0700073242,"34":325.2600097656,"35":320.0,"36":316.5700073242,"37":311.299987793,"38":305.0,"39":287.3299865723,"40":309.5100097656,"41":314.1700134277,"42":320.9700012207,"43":324.5100097656,"44":317.4899902344,"45":310.3299865723,"46":309.7300109863,"47":307.7900085449,"48":295.6300048828,"49":303.25,"50":299.5299987793,"51":307.1900024414,"52":318.0,"53":313.8500061035,"54":308.0100097656,"55":295.6700134277,"56":297.3500061035,"57":290.7200012207,"58":293.7300109863,"59":293.4899902344,"60":291.6799926758,"61":291.5199890137,"62":288.799987793,"63":292.7799987793,"64":292.3399963379,"65":305.4899902344,"66":310.0,"67":307.4200134277,"68":304.3500061035,"69":303.950012207,"70":314.75,"71":313.75,"72":322.6300048828,"73":322.1300048828,"74":318.3800048828,"75":311.8900146484,"76":311.1300048828,"77":309.6400146484,"78":310.8299865723,"79":313.2900085449,"80":313.2900085449},"Low":{"0":290.3877496664,"1":288.7212664422,"2":288.0127540751,"3":288.6713778276,"4":289.8888201837,"5":297.0836452888,"6":296.0358576908,"7":296.1755568213,"8":297.9518024183,"9":297.4129534133,"10":300.3467812169,"11":302.3924485027,"12":305.1167013693,"13":309.5573371102,"14":310.0762701703,"15":308.4496828507,"16":305.0069268677,"17":308.4496961976,"18":308.7390776674,"19":306.02481178,"20":303.9192255625,"21":301.0353317079,"22":302.1230325888,"23":304.7574688142,"24":307.8500061035,"25":309.1199951172,"26":312.6000061035,"27":310.4700012207,"28":310.7699890137,"29":313.5400085449,"30":316.950012207,"31":318.6099853516,"32":321.7300109863,"33":321.0100097656,"34":321.0299987793,"35":313.2600097656,"36":304.3999938965,"37":304.6799926758,"38":293.0,"39":271.2799987793,"40":291.3800048828,"41":301.0299987793,"42":305.0199890137,"43":313.200012207,"44":302.75,"45":293.0,"46":294.4200134277,"47":294.1900024414,"48":276.3399963379,"49":278.2699890137,"50":279.5100097656,"51":286.299987793,"52":296.0,"53":302.6300048828,"54":287.0199890137,"55":278.4200134277,"56":282.8299865723,"57":279.2099914551,"58":280.8599853516,"59":283.3299865723,"60":285.8399963379,"61":284.0,"62":280.8999938965,"63":282.8200073242,"64":285.799987793,"65":289.5700073242,"66":303.2200012207,"67":302.2799987793,"68":297.5799865723,"69":297.6600036621,"70":301.25,"71":306.8200073242,"72":312.0400085449,"73":314.0199890137,"74":311.5299987793,"75":299.3500061035,"76":302.0400085449,"77":304.7900085449,"78":305.5100097656,"79":308.8399963379,"80":308.8399963379},"Close":{"0":290.8767089844,"1":291.1162414551,"2":291.1960449219,"3":290.7370300293,"4":294.0700073242,"5":298.7900695801,"6":296.6146240234,"7":299.2391052246,"8":299.119354248,"9":300.1871032715,"10":302.3924560547,"11":304.0389709473,"12":312.6009216309,"13":311.2338256836,"14":312.2217407227,"15":309.8567199707,"16":308.7989501953,"17":310.1960144043,"18":308.9286499023,"19":308.8189086914,"20":304.8771972656,"21":301.3646240234,"22":304.2585144043,"23":308.3000183105,"24":310.6099853516,"25":313.6300048828,"26":313.7900085449,"27":310.6799926758,"28":315.1199951172,"29":318.200012207,"30":318.3099975586,"31":322.049987793,"32":323.0199890137,"33":324.0799865723,"34":321.950012207,"35":313.6199951172,"36":304.8699951172,"37":305.6900024414,"38":293.1300048828,"39":281.1400146484,"40":309.1400146484,"41":302.7300109863,"42":320.7399902344,"43":315.7600097656,"44":311.3399963379,"45":301.9800109863,"46":309.3999938965,"47":297.4299926758,"48":279.8500061035,"49":302.2699890137,"50":283.1799926758,"51":306.9899902344,"52":307.5,"53":305.2200012207,"54":290.4200134277,"55":285.5299987793,"56":284.9400024414,"57":280.8599853516,"58":292.299987793,"59":284.3299865723,"60":291.1199951172,"61":285.1300048828,"62":286.7799987793,"63":291.4800109863,"64":288.6499938965,"65":305.1199951172,"66":303.6300048828,"67":305.9700012207,"68":300.0100097656,"69":299.6199951172,"70":314.1400146484,"71":310.2699890137,"72":321.5599975586,"73":317.9200134277,"74":312.0799865723,"75":301.3299865723,"76":309.4200134277,"77":305.3999938965,"78":310.549987793,"79":309.128692627,"80":309.128692627},"Volume":{"0":2103600,"1":1926000,"2":2655100,"3":1963400,"4":2492800,"5":3261200,"6":2024200,"7":1778600,"8":1459900,"9":1604000,"10":1758600,"11":2506500,"12":3585900,"13":2218900,"14":1535900,"15":1986100,"16":2265100,"17":1571700,"18":1713700,"19":1232600,"20":1837000,"21":2817500,"22":1982300,"23":1731800,"24":1917900,"25":1903500,"26":2336300,"27":2047500,"28":1384600,"29":1438000,"30":1113400,"31":1547100,"32":1413600,"33":1427500,"34":2239000,"35":2300400,"36":2881800,"37":2236000,"38":3625300,"39":7096600,"40":7563800,"41":5131400,"42":4219300,"43":6407700,"44":6185500,"45":5203100,"46":4245500,"47":3622700,"48":7307600,"49":6100100,"50":5465500,"51":7170600,"52":6701800,"53":5429500,"54":6581200,"55":5646400,"56":7124200,"57":5639600,"58":5463100,"59":4250400,"60":4396000,"61":5618600,"62":3745800,"63":3500600,"64":2650100,"65":5272500,"66":4036500,"67":3964400,"68":6492700,"69":3120400,"70":4288300,"71":2937300,"72":3940000,"73":3688000,"74":3156300,"75":3833000,"76":2971200,"77":2625200,"78":2019400,"79":918881,"80":918881}}