{"Open":{"0":91.4000015259,"1":92.6200027466,"2":92.2600021362,"3":93.4199981689,"4":93.4100036621,"5":94.5800018311,"6":95.4800033569,"7":96.2300033569,"8":96.3600006104,"9":96.1200027466,"10":97.3000030518,"11":97.3000030518,"12":96.8899993896,"13":99.1299972534,"14":99.2099990845,"15":100.3499984741,"16":97.1399993896,"17":100.1100006104,"18":100.7900009155,"19":100.3399963379,"20":102.2099990845,"21":102.1999969482,"22":101.8700027466,"23":103.9199981689,"24":102.2200012207,"25":103.1600036621,"26":102.5599975586,"27":103.1100006104,"28":102.4300003052,"29":102.3799972534,"30":103.1600036621,"31":103.0,"32":102.8600006104,"33":97.0,"34":97.0500030518,"35":92.8000030518,"36":92.9499969482,"37":89.8300018311,"38":86.8199996948,"39":81.3799972534,"40":84.1200027466,"41":85.75,"42":84.8899993896,"43":84.7099990845,"44":79.8899993896,"45":74.1399993896,"46":77.5400009155,"47":76.8300018311,"48":71.0599975586,"49":72.2099990845,"50":66.0,"51":67.5899963379,"52":65.25,"53":66.5299987793,"54":71.4899978638,"55":60.0,"56":61.7999992371,"57":68.3700027466,"58":72.5,"59":70.1200027466,"60":70.1200027466,"61":70.7099990845,"62":64.9100036621,"63":63.6199989319,"64":64.1200027466,"65":65.0800018311,"66":67.8399963379,"67":69.4000015259,"68":73.9300003052,"69":74.5800018311,"70":72.0,"71":69.7099990845,"72":70.1800003052,"73":71.2200012207,"74":70.4800033569,"75":67.0,"76":67.4100036621,"77":69.0500030518,"78":69.7699966431,"79":74.6200027466,"80":74.6200027466},"High":{"0":93.5699996948,"1":92.7799987793,"2":93.6299972534,"3":93.5599975586,"4":94.4800033569,"5":95.8899993896,"6":95.6900024414,"7":96.3000030518,"8":97.0400009155,"9":97.1600036621,"10":97.3600006104,"11":97.3000030518,"12":99.0400009155,"13":100.3499984741,"14":99.9899978638,"15":101.1100006104,"16":100.0100021362,"17":101.2399978638,"18":101.4100036621,"19":102.4300003052,"20":104.0,"21":103.3099975586,"22":103.1699981689,"23":104.0999984741,"24":103.0100021362,"25":103.6500015259,"26":103.8600006104,"27":103.25,"28":103.1399993896,"29":103.9700012207,"30":103.7900009155,"31":104.3600006104,"32":104.8799972534,"33":100.4800033569,"34":98.4000015259,"35":94.5899963379,"36":93.3899993896,"37":92.1200027466,"38":88.1999969482,"39":84.6200027466,"40":86.8899993896,"41":88.1399993896,"42":87.0400009155,"43":85.5299987793,"44":82.0699996948,"45":77.6800003052,"46":79.0400009155,"47":77.8000030518,"48":73.9100036621,"49":73.9400024414,"50":70.7600021362,"51":70.2300033569,"52":67.3799972534,"53":72.1699981689,"54":73.4700012207,"55":60.1300010681,"56":69.4300003052,"57":74.9300003052,"58":75.5500030518,"59":71.9499969482,"60":72.4000015259,"61":71.3700027466,"62":66.5400009155,"63":66.25,"64":64.1200027466,"65":65.7600021362,"66":72.25,"67":72.7799987793,"68":77.1100006104,"69":74.8700027466,"70":72.5299987793,"71":71.1600036621,"72":70.6900024414,"73":73.0599975586,"74":70.9800033569,"75":67.5899963379,"76":68.5699996948,"77":69.5999984741,"78":74.2399978638,"79":75.7649993896,"80":75.7649993896},"Low":{"0":91.3600006104,"1":91.1200027466,"2":92.0100021362,"3":92.5500030518,"4":93.1999969482,"5":94.5800018311,"6":94.5100021362,"7":95.0599975586,"8":96.0500030518,"9":95.9599990845,"10":96.5100021362,"11":95.1100006104,"12":96.8099975586,"13":99.0199966431,"14":99.0599975586,"15":99.6999969482,"16":97.1399993896,"17":98.5699996948,"18":100.1399993896,"19":100.1399993896,"20":101.0400009155,"21":100.6100006104,"22":101.3399963379,"23":101.9599990845,"24":101.5599975586,"25":102.1900024414,"26":102.3399963379,"27":101.9100036621,"28":100.8099975586,"29":102.3000030518,"30":102.6800003052,"31":102.3000030518,"32":102.6200027466,"33":90.6900024414,"34":94.7099990845,"35":91.7600021362,"36":88.0,"37":87.9700012207,"38":84.5299987793,"39":79.9199981689,"40":82.1299972534,"41":83.4300003052,"42":83.6299972534,"43":82.4599990845,"44":78.5999984741,"45":73.5400009155,"46":74.6299972534,"47":74.0699996948,"48":68.7600021362,"49":68.4899978638,"50":62.7700004578,"51":64.3199996948,"52":59.7400016785,"53":63.3600006104,"54":59.75,"55":55.6899986267,"56":61.6300010681,"57":66.7300033569,"58":68.8399963379,"59":69.9000015259,"60":69.6200027466,"61":68.0,"62":63.2000007629,"63":63.0,"64":61.5099983215,"65":63.4700012207,"66":66.7099990845,"67":68.9000015259,"68":73.4599990845,"69":70.5699996948,"70":70.7399978638,"71":68.4300003052,"72":68.3499984741,"73":71.1699981689,"74":68.0299987793,"75":65.6800003052,"76":66.4300003052,"77":68.1299972534,"78":68.8000030518,"79":73.5500030518,"80":73.5500030518},"Close":{"0":93.4800033569,"1":92.6600036621,"2":93.4899978638,"3":93.3700027466,"4":94.0100021362,"5":95.2900009155,"6":95.3099975586,"7":96.2600021362,"8":96.3399963379,"9":96.6699981689,"10":97.2099990845,"11":97.1200027466,"12":98.5999984741,"13":99.6399993896,"14":99.9000015259,"15":100.2900009155,"16":99.5,"17":100.7099990845,"18":100.7200012207,"19":102.3499984741,"20":101.4599990845,"21":100.8000030518,"22":102.6500015259,"23":102.1600036621,"24":102.9499969482,"25":102.5800018311,"26":102.5299987793,"27":102.3099975586,"28":102.4899978638,"29":103.3499984741,"30":103.25,"31":102.4199981689,"32":104.5,"33":97.3000030518,"34":95.25,"35":92.7699966431,"36":88.9400024414,"37":88.3600006104,"38":84.5899963379,"39":84.4800033569,"40":86.6900024414,"41":83.7600021362,"42":86.9899978638,"43":83.5199966431,"44":80.1900024414,"45":75.9100036621,"46":79.0400009155,"47":75.7300033569,"48":68.8499984741,"49":73.8399963379,"50":66.5699996948,"51":69.5299987793,"52":67.1900024414,"53":69.9899978638,"54":60.1500015259,"55":58.7799987793,"56":68.9800033569,"57":71.5899963379,"58":72.5599975586,"59":70.3000030518,"60":71.8399963379,"61":68.5199966431,"62":64.7900009155,"63":64.4100036621,"64":61.7999992371,"65":65.3899993896,"66":69.9000015259,"67":71.9800033569,"68":74.9899978638,"69":70.6699981689,"70":71.1399993896,"71":70.0899963379,"72":69.1500015259,"73":72.0999984741,"74":68.6299972534,"75":66.1500015259,"76":68.0800018311,"77":68.8399963379,"78":73.8300018311,"79":75.5999984741,"80":75.5999984741},"Volume":{"0":2716500,"1":1255800,"2":1862800,"3":1797100,"4":1167800,"5":1334700,"6":1283600,"7":1272900,"8":1309900,"9":1212700,"10":926100,"11":2624000,"12":1467600,"13":1454800,"14":844300,"15":798000,"16":1016700,"17":1345300,"18":873000,"19":886900,"20":1378000,"21":1342500,"22":1068700,"23":1006000,"24":944900,"25":980200,"26":2045300,"27":912400,"28":1716800,"29":1060100,"30":1674900,"31":2062400,"32":1656600,"33":7186200,"34":3140200,"35":3273400,"36":2653600,"37":2339700,"38":2799800,"39":4053400,"40":3094300,"41":3091500,"42":2145300,"43":2212300,"44":2811700,"45":3620900,"46":3591600,"47":2481200,"48":4267500,"49":3971900,"50":3650700,"51":3226000,"52":3379700,"53":3349800,"54":4247600,"55":3512700,"56":2783900,"57":3400400,"58":2701700,"59":2121900,"60":1542300,"61":2435000,"62":2475300,"63":2315400,"64":2161100,"65":2715100,"66":3346700,"67":1573400,"68":1955300,"69":1975600,"70":2630200,"71":1656600,"72":3065600,"73":2914600,"74":2328400,"75":1762100,"76":2320400,"77":4951300,"78":2650300,"79":707128,"80":707128}}