{"Open":{"0":163.9199981689,"1":165.0599975586,"2":165.0,"3":173.2299957275,"4":175.2299957275,"5":178.8399963379,"6":179.8399963379,"7":181.2599945068,"8":183.5,"9":181.6799926758,"10":182.2299957275,"11":183.2299957275,"12":181.5099945068,"13":185.3899993896,"14":183.2100067139,"15":185.0,"16":178.7700042725,"17":181.1399993896,"18":184.0,"19":180.8999938965,"20":184.8600006104,"21":183.2599945068,"22":188.0,"23":190.3999938965,"24":186.8300018311,"25":186.8500061035,"26":186.1699981689,"27":191.4799957275,"28":189.7100067139,"29":188.5,"30":189.3500061035,"31":190.9499969482,"32":192.0,"33":194.0,"34":191.8399963379,"35":178.7899932861,"36":188.4700012207,"37":176.5399932861,"38":172.2100067139,"39":164.9900054932,"40":172.1999969482,"41":178.4100036621,"42":172.25,"43":172.5700073242,"44":165.6699981689,"45":151.6999969482,"46":157.2299957275,"47":157.6799926758,"48":144.3399963379,"49":149.4700012207,"50":134.0099945068,"51":127.0,"52":125.5400009155,"53":131.5899963379,"54":140.4199981689,"55":138.7599945068,"56":144.6300048828,"57":152.6699981689,"58":148.3000030518,"59":150.6300048828,"60":147.7200012207,"61":149.0299987793,"62":138.3200073242,"63":134.0099945068,"64":134.4499969482,"65":139.0,"66":150.3300018311,"67":146.3000030518,"68":152.3899993896,"69":154.1199951172,"70":155.7100067139,"71":155.0800018311,"72":157.0,"73":160.0,"74":160.75,"75":160.0,"76":154.0,"77":153.5,"78":153.5899963379,"79":155.5399932861,"80":155.5399932861},"High":{"0":167.0700073242,"1":166.7700042725,"2":173.6699981689,"3":176.8699951172,"4":178.8500061035,"5":179.8999938965,"6":180.6799926758,"7":184.4499969482,"8":183.8500061035,"9":183.0899963379,"10":183.1100006104,"11":183.3399963379,"12":186.0,"13":186.4400024414,"14":184.3000030518,"15":186.1300048828,"16":181.7299957275,"17":183.8600006104,"18":184.1000061035,"19":185.9400024414,"20":186.0299987793,"21":185.8699951172,"22":189.6900024414,"23":190.5500030518,"24":187.5599975586,"25":188.6499938965,"26":189.2700042725,"27":192.6000061035,"28":190.5200042725,"29":191.0500030518,"30":190.25,"31":191.5,"32":193.9199981689,"33":195.7200012207,"34":192.0399932861,"35":187.1499938965,"36":189.9799957275,"37":182.6699981689,"38":178.3300018311,"39":171.7700042725,"40":176.7899932861,"41":178.4199981689,"42":175.8099975586,"43":173.75,"44":167.5700073242,"45":157.7100067139,"46":161.4700012207,"47":159.6199951172,"48":151.2299957275,"49":149.5,"50":141.5500030518,"51":138.0099945068,"52":133.4199981689,"53":144.0,"54":146.1999969482,"55":143.7200012207,"56":154.1399993896,"57":158.0200042725,"58":155.0800018311,"59":151.4499969482,"60":153.0,"61":151.9499969482,"62":139.0599975586,"63":135.3899993896,"64":136.1900024414,"65":149.8500061035,"66":150.8000030518,"67":152.1600036621,"68":156.1000061035,"69":155.3099975586,"70":158.7899932861,"71":157.2700042725,"72":158.0,"73":163.2599945068,"74":164.3099975586,"75":160.0899963379,"76":155.6999969482,"77":156.4700012207,"78":154.5,"79":158.4400024414,"80":158.4400024414},"Low":{"0":163.5800018311,"1":165.0,"2":164.4499969482,"3":172.0899963379,"4":174.75,"5":177.2899932861,"6":178.6900024414,"7":181.1300048828,"8":182.0399932861,"9":180.6199951172,"10":180.9600067139,"11":181.3600006104,"12":181.5,"13":182.6900024414,"14":181.3000030518,"15":181.1300048828,"16":177.3000030518,"17":180.3500061035,"18":181.6199951172,"19":180.5399932861,"20":180.7899932861,"21":181.8500061035,"22":186.6499938965,"23":182.8600006104,"24":184.2400054932,"25":185.6499938965,"26":185.5599975586,"27":188.6499938965,"28":186.7700042725,"29":188.4199981689,"30":188.1000061035,"31":188.9199981689,"32":191.8000030518,"33":189.7700042725,"34":186.7200012207,"35":178.7899932861,"36":179.4299926758,"37":174.25,"38":170.0500030518,"39":163.1199951172,"40":168.5899963379,"41":167.0899963379,"42":169.6300048828,"43":168.1000061035,"44":158.5399932861,"45":150.6399993896,"46":151.0,"47":150.1499938965,"48":140.1000061035,"49":135.3200073242,"50":123.3899993896,"51":122.9199981689,"52":115.2900009155,"53":128.8600006104,"54":134.6000061035,"55":134.0899963379,"56":143.1799926758,"57":146.9600067139,"58":147.7299957275,"59":144.9100036621,"60":146.5599975586,"61":142.7799987793,"62":133.1000061035,"63":130.0399932861,"64":131.6600036621,"65":138.3000030518,"66":144.5099945068,"67":145.0,"68":151.6799926758,"69":150.0,"70":155.1499938965,"71":154.0,"72":154.25,"73":157.6300048828,"74":160.5200042725,"75":148.0,"76":150.6699981689,"77":151.5,"78":151.3000030518,"79":154.25,"80":154.25},"Close":{"0":166.9900054932,"1":166.1699981689,"2":173.4499969482,"3":176.0,"4":177.3300018311,"5":179.6000061035,"6":180.1999969482,"7":183.8500061035,"8":182.1199951172,"9":181.0599975586,"10":182.6900024414,"11":182.2299957275,"12":185.2700042725,"13":182.75,"14":183.9799957275,"15":182.1100006104,"16":180.7100067139,"17":182.8500061035,"18":181.7700042725,"19":185.6699981689,"20":182.3099975586,"21":185.4199981689,"22":188.3399963379,"23":185.4900054932,"24":186.7299957275,"25":185.7200012207,"26":189.1199951172,"27":189.1100006104,"28":189.4600067139,"29":188.6399993896,"30":189.9499969482,"31":191.0899963379,"32":192.8699951172,"33":193.3600006104,"34":189.5,"35":185.9400024414,"36":181.2700042725,"37":178.8699951172,"38":172.1499938965,"39":170.3999938965,"40":176.7599945068,"41":169.3699951172,"42":175.6900024414,"43":169.6000061035,"44":164.0800018311,"45":151.2100067139,"46":161.3399963379,"47":154.5700073242,"48":140.5899963379,"49":147.7799987793,"50":124.3000030518,"51":135.4199981689,"52":132.2400054932,"53":139.4600067139,"54":139.3500061035,"55":140.5200042725,"56":153.6399993896,"57":147.0599975586,"58":154.7299957275,"59":146.0,"60":149.8500061035,"61":143.9799957275,"62":134.0599975586,"63":134.3200073242,"64":134.3099975586,"65":147.5500030518,"66":145.0700073242,"67":151.1199951172,"68":154.5500030518,"69":152.5,"70":157.7100067139,"71":155.6300048828,"72":157.0599975586,"73":162.6199951172,"74":162.7599945068,"75":150.5599975586,"76":154.1399993896,"77":151.7200012207,"78":153.9799957275,"79":157.8099975586,"80":157.8099975586},"Volume":{"0":5189300,"1":3205400,"2":8836200,"3":8272700,"4":7225100,"5":5952900,"6":5111800,"7":6202600,"8":4342300,"9":3886600,"10":3485300,"11":4577000,"12":6302400,"13":4781800,"14":4369000,"15":4653600,"16":4239400,"17":3445300,"18":2785500,"19":3715700,"20":4193300,"21":4755700,"22":3983200,"23":6162700,"24":4102700,"25":3713100,"26":3873500,"27":4299200,"28":4535400,"29":3132100,"30":3599400,"31":4957000,"32":3903200,"33":5451200,"34":5242100,"35":8463300,"36":11361100,"37":13923100,"38":9927300,"39":12643600,"40":7761000,"41":8323500,"42":5846300,"43":5797500,"44":9757700,"45":9657100,"46":11443900,"47":10341300,"48":13213000,"49":13765400,"50":13845300,"51":12191500,"52":12988200,"53":10444000,"54":12450100,"55":11898300,"56":11834400,"57":10639300,"58":8573100,"59":8273500,"60":7650400,"61":10429700,"62":8737600,"63":8150500,"64":6004400,"65":12296800,"66":7859500,"67":7665500,"68":7094600,"69":5138600,"70":7334300,"71":4042600,"72":4391500,"73":7312900,"74":4686000,"75":13737900,"76":6665500,"77":6281400,"78":6710500,"79":1952289,"80":1952289}}