{"Open":{"0":47.608613392,"1":47.4600205001,"2":46.6972541062,"3":47.2718075515,"4":46.5288511398,"5":47.341151488,"6":47.0340624791,"7":46.8656577547,"8":47.5095537194,"9":47.4699271721,"10":47.9256080721,"11":48.8468741974,"12":48.5001604688,"13":48.8171537869,"14":48.5397834778,"15":48.757721026,"16":47.4402081357,"17":47.0736866848,"18":47.5194582339,"19":46.1028917803,"20":46.5486666614,"21":45.9642069428,"22":46.7765038784,"23":47.8760812665,"24":48.2326965332,"25":48.1435389823,"26":47.5392709518,"27":48.9261202164,"28":48.965747999,"29":46.7071630495,"30":46.717064681,"31":46.3802593968,"32":46.2514807545,"33":45.6571166446,"34":46.2911045012,"35":44.5773540844,"36":43.6362749476,"37":42.5664203576,"38":40.892292085,"39":38.3365263433,"40":39.7729084685,"41":40.8724794739,"42":40.3375533957,"43":39.7927160196,"44":37.6430981571,"45":36.5534317445,"46":38.8813573764,"47":38.6535173398,"48":34.1759691658,"49":34.8495854753,"50":32.9178993276,"51":34.3740946416,"52":33.4429193267,"53":36.7020186971,"54":37.9105612558,"55":35.176485087,"56":36.0680312821,"57":38.2869954743,"58":37.6133807413,"59":38.8417350378,"60":39.0794793211,"61":39.7530940322,"62":37.8115003348,"63":37.8400001526,"64":39.8199996948,"65":40.4599990845,"66":42.6599998474,"67":41.1699981689,"68":42.0900001526,"69":41.0400009155,"70":41.9099998474,"71":42.2000007629,"72":41.7599983215,"73":42.25,"74":41.9199981689,"75":41.8300018311,"76":41.2700004578,"77":41.8899993896,"78":41.8400001526,"79":42.7000007629,"80":42.7000007629},"High":{"0":47.9652290344,"1":47.6878598452,"2":47.370867756,"3":47.2718075515,"4":47.3411492608,"5":47.4303063483,"6":47.1133129247,"7":47.5293631863,"8":47.5392745259,"9":47.9454222736,"10":48.6190343117,"11":49.0747135482,"12":48.7379080206,"13":49.0648057501,"14":48.7180931888,"15":49.0152774119,"16":47.6185178466,"17":47.5194609844,"18":47.5293626494,"19":46.8260350815,"20":46.5585710777,"21":46.3901686316,"22":47.2618996086,"23":48.1435420721,"24":48.3614766163,"25":48.3119442783,"26":48.4308157227,"27":49.2431144203,"28":49.8077631887,"29":47.2222758216,"30":46.7765025106,"31":46.4099764231,"32":46.3703564214,"33":46.518944429,"34":46.4099763855,"35":45.2509677373,"36":43.7947720521,"37":42.9725694234,"38":41.7045902444,"39":40.1691494399,"40":40.8031378067,"41":41.5064716915,"42":41.0606966823,"43":40.129522844,"44":39.5747842131,"45":39.1884485153,"46":39.7729059361,"47":38.7922018291,"48":35.483571162,"49":37.326105172,"50":36.6425870645,"51":35.9095361199,"52":37.3558210869,"53":38.9506988849,"54":38.1086835731,"55":35.4835748983,"56":38.3167115311,"57":39.5747849423,"58":40.5356708344,"59":39.7729088867,"60":40.1097123626,"61":40.0403674364,"62":38.4950221791,"63":39.9500007629,"64":40.2900009155,"65":41.6800003052,"66":42.7400016785,"67":42.2000007629,"68":42.2000007629,"69":41.4599990845,"70":42.8199996948,"71":42.3699989319,"72":41.7900009155,"73":42.6399993896,"74":43.2900009155,"75":41.9900016785,"76":42.0900001526,"77":42.5499992371,"78":42.6599998474,"79":43.1156997681,"80":43.1156997681},"Low":{"0":47.4303036813,"1":47.0340588352,"2":46.5684740257,"3":46.6576279671,"4":46.3703540377,"5":46.6279126052,"6":46.6180089764,"7":46.8557495602,"8":47.1727468841,"9":47.3114300645,"10":47.7770153854,"11":48.4110043271,"12":48.2128832793,"13":48.5794100183,"14":47.9553247092,"15":48.0841073658,"16":46.8260323423,"17":47.0538740738,"18":46.4892251964,"19":45.8255190035,"20":45.4094660703,"21":45.7759890279,"22":46.6675364103,"23":47.6977715435,"24":47.7671133971,"25":47.4203957205,"26":47.430303487,"27":48.4010992747,"28":48.9360309717,"29":46.1425168602,"30":46.0434510605,"31":45.8552384437,"32":45.4689033979,"33":45.4689025107,"34":45.6174908591,"35":43.5867462158,"36":41.674871862,"37":41.5460917065,"38":39.6342196237,"39":37.9898113123,"40":38.5544574331,"41":39.3370380154,"42":39.4261921966,"43":38.9209838215,"44":37.4449758321,"45":35.949160342,"46":37.5143175112,"47":36.0284051222,"48":32.6900574629,"49":33.0169624112,"50":32.095696754,"51":33.284423692,"52":32.9971488177,"53":35.8104739331,"54":35.0675179056,"55":33.4231124184,"56":35.2062035199,"57":37.1477949185,"58":37.0190137724,"59":38.0492494698,"60":38.5940798258,"61":38.7426735729,"62":37.5143187316,"63":37.4700012207,"64":38.5400009155,"65":39.7799987793,"66":40.5900001526,"67":40.8699989319,"68":40.8499984741,"69":40.5299987793,"70":41.5299987793,"71":41.2299995422,"72":40.6800003052,"73":41.7400016785,"74":41.7900009155,"75":40.4099998474,"76":41.1100006104,"77":41.5299987793,"78":41.6500015259,"79":42.6699981689,"80":42.6699981689},"Close":{"0":47.9652290344,"1":47.1826515198,"2":47.3510551453,"3":47.0439682007,"4":47.0736846924,"5":46.8755645752,"6":46.6873512268,"7":47.5194587708,"8":47.3411521912,"9":47.5590820312,"10":48.5893135071,"11":48.5595970154,"12":48.3416633606,"13":48.6091270447,"14":48.5397834778,"15":48.3911933899,"16":47.0241546631,"17":47.3213386536,"18":46.6080970764,"19":46.7963180542,"20":45.5382461548,"21":46.0929832458,"22":47.172744751,"23":47.9949531555,"24":48.2326965332,"25":47.5194587708,"26":48.4110031128,"27":48.6685638428,"28":49.4610519409,"29":46.8755645752,"30":46.5288505554,"31":46.1524200439,"32":45.8552398682,"33":46.4099769592,"34":45.8651428223,"35":43.5867462158,"36":42.3385810852,"37":41.7640266418,"38":39.6639404297,"39":39.5549736023,"40":40.7833251953,"41":39.6639404297,"42":41.0012588501,"43":39.1983528137,"44":39.3073196411,"45":37.6034736633,"46":39.7035636902,"47":36.7020187378,"48":32.8881797791,"49":37.28647995,"50":33.3933906555,"51":35.1665802002,"52":36.7713623047,"53":37.3558197021,"54":35.2656364441,"55":34.2750320435,"56":38.2374610901,"57":37.3161964417,"58":40.1988677979,"59":38.4553985596,"60":39.9413070679,"61":38.9407958984,"62":37.9700012207,"63":39.7999992371,"64":39.0600013733,"65":41.4300003052,"66":40.6399993896,"67":41.7400016785,"68":41.2000007629,"69":41.2200012207,"70":42.7799987793,"71":41.5200004578,"72":41.5,"73":42.4799995422,"74":42.5400009155,"75":40.5499992371,"76":41.7599983215,"77":41.6199989319,"78":42.5200004578,"79":42.8499984741,"80":42.8499984741},"Volume":{"0":16708100,"1":15577400,"2":22183600,"3":16501900,"4":25175900,"5":18203600,"6":13502600,"7":18237400,"8":17948700,"9":16289400,"10":20094900,"11":27176200,"12":21771800,"13":15186000,"14":16767700,"15":14066700,"16":20666000,"17":14035100,"18":14273600,"19":14822600,"20":20069900,"21":15383500,"22":13947300,"23":17042300,"24":9814800,"25":16807500,"26":19012700,"27":23168300,"28":31686200,"29":47044700,"30":26747200,"31":18546300,"32":27626400,"33":20416700,"34":20028700,"35":35295900,"36":48024700,"37":38513200,"38":51442900,"39":80194000,"40":48864300,"41":49294700,"42":30022100,"43":30255900,"44":48605600,"45":61535300,"46":50536500,"47":63594300,"48":51855300,"49":53859600,"50":44211300,"51":41572400,"52":56904300,"53":58319700,"54":48582500,"55":39823400,"56":48235600,"57":42873900,"58":38473300,"59":31278600,"60":27120300,"61":26014200,"62":26790700,"63":28180500,"64":21235200,"65":31641400,"66":30366100,"67":22683500,"68":27650200,"69":19592000,"70":22882400,"71":18428800,"72":26178000,"73":30701500,"74":23438800,"75":31661000,"76":18337400,"77":16100200,"78":14639200,"79":6064773,"80":6064773}}