{"Open":{"0":269.8599853516,"1":268.0700073242,"2":268.1300048828,"3":268.1199951172,"4":270.7699890137,"5":273.0599975586,"6":280.1099853516,"7":279.8500061035,"8":282.0199890137,"9":281.9599914551,"10":284.5700073242,"11":287.6900024414,"12":284.1799926758,"13":283.5400085449,"14":282.2900085449,"15":287.2200012207,"16":278.0299987793,"17":278.2200012207,"18":278.8500061035,"19":275.4800109863,"20":282.1400146484,"21":280.4100036621,"22":285.3500061035,"23":289.8200073242,"24":292.4700012207,"25":291.6300048828,"26":291.6000061035,"27":294.0400085449,"28":294.5199890137,"29":295.4100036621,"30":298.7099914551,"31":300.9299926758,"32":303.799987793,"33":302.5100097656,"34":294.8900146484,"35":285.6199951172,"36":288.1099853516,"37":281.8500061035,"38":277.799987793,"39":255.5200042725,"40":266.0599975586,"41":277.3900146484,"42":280.5400085449,"43":278.2200012207,"44":264.8699951172,"45":258.9700012207,"46":257.2600097656,"47":259.9800109863,"48":231.9799957275,"49":233.25,"50":197.5700073242,"51":206.5599975586,"52":173.5700073242,"53":176.2299957275,"54":180.1699981689,"55":177.2200012207,"56":165.8200073242,"57":174.2200012207,"58":194.3600006104,"59":187.4400024414,"60":181.8999938965,"61":178.4900054932,"62":165.4400024414,"63":160.25,"64":163.2599945068,"65":169.0,"66":190.7799987793,"67":188.4799957275,"68":197.9400024414,"69":198.75,"70":200.6600036621,"71":196.7599945068,"72":189.3200073242,"73":198.9900054932,"74":200.0200042725,"75":189.8500061035,"76":193.6000061035,"77":198.1600036621,"78":201.2799987793,"79":201.6799926758,"80":201.6799926758},"High":{"0":270.8299865723,"1":271.9800109863,"2":270.3500061035,"3":271.25,"4":275.8200073242,"5":282.8900146484,"6":281.1199951172,"7":283.299987793,"8":283.8800048828,"9":285.8699951172,"10":287.450012207,"11":287.7399902344,"12":285.2200012207,"13":284.5,"14":286.1700134277,"15":287.6799926758,"16":281.049987793,"17":280.6600036621,"18":282.25,"19":283.5,"20":284.6199951172,"21":284.799987793,"22":286.8900146484,"23":291.8800048828,"24":294.7399902344,"25":294.25,"26":292.8399963379,"27":294.75,"28":297.8999938965,"29":300.1199951172,"30":301.2399902344,"31":302.6700134277,"32":304.8099975586,"33":304.5700073242,"34":296.7300109863,"35":290.3200073242,"36":289.6900024414,"37":287.0700073242,"38":280.450012207,"39":267.5199890137,"40":279.7600097656,"41":286.6300048828,"42":286.1400146484,"43":283.25,"44":273.7600097656,"45":259.7600097656,"46":268.8999938965,"47":262.3299865723,"48":236.0200042725,"49":244.0700073242,"50":207.6799926758,"51":210.6499938965,"52":182.3899993896,"53":185.3699951172,"54":189.4199981689,"55":177.2200012207,"56":178.7599945068,"57":200.5599975586,"58":197.9799957275,"59":187.75,"60":183.6000061035,"61":179.5800018311,"62":167.3800048828,"63":167.2899932861,"64":167.5,"65":180.6000061035,"66":195.3300018311,"67":193.9700012207,"68":207.1499938965,"69":198.8500061035,"70":203.9499969482,"71":197.0099945068,"72":191.1300048828,"73":204.75,"74":202.5500030518,"75":191.8899993896,"76":198.8000030518,"77":203.5599975586,"78":202.6699981689,"79":208.3999938965,"80":208.3999938965},"Low":{"0":266.5799865723,"1":267.0700073242,"2":266.7799987793,"3":267.3399963379,"4":268.8999938965,"5":273.0599975586,"6":277.5,"7":279.4800109863,"8":281.200012207,"9":281.9599914551,"10":284.3800048828,"11":282.4400024414,"12":281.7699890137,"13":282.1700134277,"14":281.200012207,"15":281.25,"16":276.0299987793,"17":277.8299865723,"18":274.799987793,"19":275.200012207,"20":278.3800048828,"21":279.3099975586,"22":283.0400085449,"23":288.4200134277,"24":291.3399963379,"25":290.6799926758,"26":289.2099914551,"27":292.2699890137,"28":293.25,"29":295.4100036621,"30":297.3699951172,"31":298.8299865723,"32":302.7300109863,"33":296.7099914551,"34":292.2399902344,"35":284.4599914551,"36":279.299987793,"37":281.6000061035,"38":269.3099975586,"39":255.0,"40":264.4700012207,"41":270.8599853516,"42":275.5,"43":272.1199951172,"44":263.6000061035,"45":248.6199951172,"46":253.2400054932,"47":245.6699981689,"48":214.2400054932,"49":223.6100006104,"50":197.5700073242,"51":195.8500061035,"52":163.1900024414,"53":160.3899993896,"54":167.3500061035,"55":154.3300018311,"56":165.3099975586,"57":168.8600006104,"58":182.5399932861,"59":180.0,"60":175.3500061035,"61":171.9199981689,"62":160.5500030518,"63":158.8899993896,"64":162.1900024414,"65":168.2799987793,"66":185.3500061035,"67":185.5099945068,"68":197.5099945068,"69":191.4600067139,"70":198.6399993896,"71":186.1100006104,"72":186.4900054932,"73":196.6100006104,"74":193.2100067139,"75":187.9799957275,"76":192.8000030518,"77":198.1600036621,"78":198.2700042725,"79":201.2899932861,"80":201.2899932861},"Close":{"0":270.7900085449,"1":269.5700073242,"2":270.2699890137,"3":270.0700073242,"4":275.2799987793,"5":279.3500061035,"6":278.8399963379,"7":282.8500061035,"8":281.5199890137,"9":284.6400146484,"10":286.5100097656,"11":284.2300109863,"12":282.0400085449,"13":282.3399963379,"14":286.0199890137,"15":283.4400024414,"16":278.6199951172,"17":277.9599914551,"18":280.25,"19":283.200012207,"20":278.9700012207,"21":282.0100097656,"22":285.9599914551,"23":291.3399963379,"24":293.6499938965,"25":291.5799865723,"26":292.6199951172,"27":293.4899902344,"28":297.1199951172,"29":298.1000061035,"30":300.8800048828,"31":302.5100097656,"32":304.2600097656,"33":297.700012207,"34":293.3599853516,"35":288.1600036621,"36":279.8800048828,"37":283.9100036621,"38":269.549987793,"39":266.7399902344,"40":279.6000061035,"41":272.3699951172,"42":286.1099853516,"43":275.0400085449,"44":272.3200073242,"45":250.8399963379,"46":268.4200134277,"47":250.4100036621,"48":225.6900024414,"49":243.5800018311,"50":202.5099945068,"51":209.1199951172,"52":177.9799957275,"53":183.0,"54":175.0899963379,"55":157.0599975586,"56":173.8000030518,"57":192.3300018311,"58":192.5800018311,"59":181.5700073242,"60":180.4499969482,"61":173.2200012207,"62":162.6900024414,"63":165.1900024414,"64":164.2299957275,"65":179.4900054932,"66":185.8999938965,"67":192.4100036621,"68":198.7400054932,"69":195.0800018311,"70":201.6999969482,"71":187.0700073242,"72":190.6399993896,"73":204.1600036621,"74":193.9100036621,"75":190.5,"76":197.4400024414,"77":199.4199981689,"78":200.1799926758,"79":207.8200073242,"80":207.8200073242},"Volume":{"0":544200,"1":493100,"2":409200,"3":388400,"4":702100,"5":810800,"6":320200,"7":409500,"8":446900,"9":425500,"10":354100,"11":488800,"12":469800,"13":325700,"14":322800,"15":244200,"16":516800,"17":335400,"18":480200,"19":334600,"20":696900,"21":480000,"22":529900,"23":576100,"24":438700,"25":366100,"26":385000,"27":263100,"28":417100,"29":442100,"30":263800,"31":386600,"32":296000,"33":585100,"34":500300,"35":592300,"36":875400,"37":707400,"38":932800,"39":1392300,"40":1058100,"41":895700,"42":681800,"43":651900,"44":835500,"45":1113400,"46":911600,"47":644500,"48":1942700,"49":1253500,"50":1741000,"51":1878200,"52":1914300,"53":1430900,"54":2573700,"55":1642900,"56":1375700,"57":1677200,"58":1731000,"59":1005600,"60":1073800,"61":1613600,"62":1114200,"63":1437300,"64":1007900,"65":1343000,"66":1611100,"67":942900,"68":934400,"69":761500,"70":845000,"71":915200,"72":763300,"73":812000,"74":775100,"75":698400,"76":669200,"77":955800,"78":760900,"79":218279,"80":218279}}