{"Open":{"0":62.0931337396,"1":60.8869589999,"2":60.8470868531,"3":60.4782525137,"4":60.21907471,"5":61.3056292846,"6":61.1860119306,"7":60.2988246644,"8":60.896926799,"9":61.2258806502,"10":61.8239870318,"11":62.3622817399,"12":62.2027887915,"13":62.4021542277,"14":61.8239864607,"15":62.581583936,"16":61.6345912525,"17":61.7641763248,"18":62.6413966296,"19":61.9735128427,"20":62.0333243593,"21":61.6545244487,"22":63.1497813485,"23":64.3858598179,"24":66.8380911769,"25":70.3569327189,"26":68.6722716064,"27":69.240473133,"28":69.3102537245,"29":69.0411070797,"30":69.2699966431,"31":68.3399963379,"32":68.3700027466,"33":68.5599975586,"34":69.1299972534,"35":68.9199981689,"36":67.5599975586,"37":65.1100006104,"38":62.25,"39":60.5900001526,"40":60.5999984741,"41":60.9199981689,"42":60.7599983215,"43":60.4700012207,"44":57.75,"45":55.0600013733,"46":55.5900001526,"47":54.1399993896,"48":49.6899986267,"49":51.6100006104,"50":46.7299995422,"51":44.5400009155,"52":47.1500015259,"53":46.6300010681,"54":46.3199996948,"55":44.2700004578,"56":43.6800003052,"57":46.0,"58":48.0,"59":47.6199989319,"60":47.4000015259,"61":47.0200004578,"62":44.6800003052,"63":42.2999992371,"64":43.9700012207,"65":45.8100013733,"66":50.0,"67":48.4500007629,"68":51.9199981689,"69":53.5099983215,"70":53.9000015259,"71":52.6899986267,"72":52.0600013733,"73":52.7000007629,"74":52.3600006104,"75":51.2999992371,"76":52.0400009155,"77":52.4099998474,"78":52.5999984741,"79":54.3899993896,"80":54.3899993896},"High":{"0":62.2625946304,"1":61.3455042612,"2":61.1062634622,"3":60.4981897607,"4":60.6676532505,"5":61.794082313,"6":61.1860119306,"7":61.0763582787,"8":61.5149662404,"9":61.8040493891,"10":62.3622812812,"11":62.7311112976,"12":62.5317438622,"13":62.721142579,"14":62.3822179516,"15":62.9504172968,"16":61.8937678625,"17":62.6812706691,"18":63.179690892,"19":62.3224089659,"20":62.1429773176,"21":62.7111757373,"22":63.6980461204,"23":64.9640285547,"24":71.2540904436,"25":70.7656329532,"26":69.2504403337,"27":69.240473133,"28":69.4498106551,"29":69.4797112956,"30":69.4100036621,"31":69.2200012207,"32":69.2399978638,"33":69.7399978638,"34":70.2900009155,"35":69.8799972534,"36":68.0,"37":65.8899993896,"38":63.8499984741,"39":61.6500015259,"40":61.3499984741,"41":62.8800010681,"42":62.1899986267,"43":61.2599983215,"44":58.8499984741,"45":55.9700012207,"46":56.2200012207,"47":55.3699989319,"48":52.2299995422,"49":52.7000007629,"50":47.7200012207,"51":50.6500015259,"52":49.9300003052,"53":47.7700004578,"54":48.4599990845,"55":44.7400016785,"56":46.5,"57":49.3600006104,"58":50.4500007629,"59":48.4900016785,"60":47.9300003052,"61":48.4599990845,"62":45.0800018311,"63":45.0,"64":44.7200012207,"65":48.7000007629,"66":50.4000015259,"67":51.7900009155,"68":55.25,"69":53.7200012207,"70":54.1500015259,"71":52.7900009155,"72":52.8899993896,"73":53.9099998474,"74":53.4199981689,"75":52.5099983215,"76":52.5900001526,"77":53.7200012207,"78":54.1199989319,"79":55.5950012207,"80":55.5950012207},"Low":{"0":61.4850610326,"1":60.6975570597,"2":60.1592651321,"3":59.7904346064,"4":60.0296765718,"5":60.5579996592,"6":60.2589508557,"7":60.019707011,"8":60.7773071206,"9":61.2258806502,"10":61.6644928618,"11":62.1230385819,"12":61.7442397133,"13":61.6345911215,"14":61.6545217677,"15":61.7940836041,"16":61.0962969824,"17":61.3754095168,"18":62.3921867455,"19":61.1062635011,"20":60.657684724,"21":61.3754105925,"22":62.8008890416,"23":64.0270045939,"24":66.758342192,"25":68.33334978,"26":68.3732167183,"27":68.5426885012,"28":68.8317749923,"29":68.7420521825,"30":67.8000030518,"31":68.0400009155,"32":67.9100036621,"33":68.1800003052,"34":68.8000030518,"35":67.3899993896,"36":64.3300018311,"37":63.2599983215,"38":61.2999992371,"39":59.4599990845,"40":58.8199996948,"41":58.8699989319,"42":59.3499984741,"43":59.3499984741,"44":57.0099983215,"45":53.4599990845,"46":52.9199981689,"47":52.4199981689,"48":47.75,"49":48.6899986267,"50":43.0099983215,"51":43.6699981689,"52":45.7900009155,"53":44.2299995422,"54":43.6699981689,"55":40.0099983215,"56":43.0800018311,"57":45.4900016785,"58":47.4300003052,"59":46.2799987793,"60":46.3300018311,"61":46.1599998474,"62":42.1399993896,"63":42.2000007629,"64":43.0099983215,"65":45.3899993896,"66":47.6100006104,"67":47.7599983215,"68":51.9199981689,"69":52.0499992371,"70":53.0299987793,"71":51.1300010681,"72":50.5400009155,"73":52.5900001526,"74":51.1399993896,"75":50.6699981689,"76":51.3300018311,"77":52.4099998474,"78":52.4000015259,"79":54.3600006104,"80":54.3600006104},"Close":{"0":61.7243003845,"1":61.1660728455,"2":60.5580024719,"3":60.129360199,"4":60.5380630493,"5":60.9168624878,"6":60.448348999,"7":60.9667053223,"8":61.1760406494,"9":61.6545219421,"10":62.2526283264,"11":62.5716171265,"12":62.0931358337,"13":61.9934501648,"14":62.3523101807,"15":62.2227210999,"16":61.5747795105,"17":62.4021530151,"18":62.7211418152,"19":62.272567749,"20":61.1860122681,"21":62.4121246338,"22":63.2295303345,"23":64.7646636963,"24":71.1942749023,"25":69.3700561523,"26":69.1607208252,"27":68.9812927246,"28":69.2105712891,"29":69.3899993896,"30":68.4199981689,"31":68.8300018311,"32":68.8799972534,"33":69.5599975586,"34":70.0899963379,"35":67.4199981689,"36":64.4800033569,"37":63.2799987793,"38":62.3199996948,"39":60.9300003052,"40":61.3300018311,"41":59.6100006104,"42":62.1699981689,"43":59.9300003052,"44":58.2400016785,"45":53.9599990845,"46":55.7799987793,"47":53.1399993896,"48":48.9799995422,"49":52.6199989319,"50":43.5800018311,"51":50.0999984741,"52":47.4700012207,"53":46.4900016785,"54":44.0999984741,"55":41.6100006104,"56":46.4099998474,"57":47.6899986267,"58":49.8199996948,"59":46.6599998474,"60":47.3800010681,"61":46.4700012207,"62":42.5099983215,"63":44.2900009155,"64":43.4000015259,"65":48.4500007629,"66":47.7999992371,"67":51.3899993896,"68":54.2799987793,"69":52.7000007629,"70":54.0699996948,"71":51.9399986267,"72":51.4700012207,"73":53.8100013733,"74":52.5299987793,"75":50.9900016785,"76":52.2599983215,"77":52.6500015259,"78":53.8100013733,"79":55.3199996948,"80":55.3199996948},"Volume":{"0":2234500,"1":2535700,"2":3017000,"3":2952900,"4":2912100,"5":4049000,"6":2538300,"7":2787200,"8":3066800,"9":2613400,"10":3048700,"11":4046000,"12":3823600,"13":3534500,"14":3048100,"15":2631200,"16":3309800,"17":2683100,"18":3415800,"19":2428900,"20":3340700,"21":3646700,"22":2793100,"23":3815400,"24":7789900,"25":7927100,"26":3077000,"27":3036000,"28":2629700,"29":2827000,"30":4148300,"31":3218200,"32":3612800,"33":3641300,"34":4787100,"35":4557300,"36":4976800,"37":5205300,"38":5326600,"39":7873500,"40":5676800,"41":5117800,"42":3244200,"43":3893000,"44":5364400,"45":7526000,"46":6703100,"47":6122600,"48":7701700,"49":5853600,"50":6489800,"51":6919500,"52":7214400,"53":5650600,"54":6541200,"55":8152800,"56":5853300,"57":4921000,"58":5291000,"59":5159300,"60":6230200,"61":5228500,"62":5490300,"63":3819700,"64":3225800,"65":5659100,"66":4056100,"67":5382200,"68":6208800,"69":3698900,"70":5486600,"71":3385100,"72":3551100,"73":5052600,"74":4955500,"75":4115900,"76":3591100,"77":2708900,"78":4056600,"79":1332043,"80":1332043}}