{"Open":{"0":111.235354045,"1":110.2186026897,"2":110.9662168941,"3":112.1524379356,"4":112.2720543383,"5":113.6277312882,"6":114.2656956942,"7":113.8470336542,"8":114.6345240591,"9":114.5248714638,"10":115.3322947354,"11":116.7776882856,"12":116.3291171175,"13":117.6449194224,"14":122.6988158408,"15":128.031814707,"16":126.9253378345,"17":126.1478229434,"18":125.6693447376,"19":122.0508778011,"20":123.1573518539,"21":120.7051632708,"22":122.5393239447,"23":123.2769681634,"24":122.8084636569,"25":121.5125993979,"26":120.555645517,"27":122.0209802544,"28":121.7917074812,"29":121.2035777362,"30":122.4894785333,"31":121.5524673075,"32":123.2470625846,"33":121.7518345956,"34":118.6317786124,"35":113.7672863006,"36":111.7238022369,"37":109.3314310057,"38":104.7161450054,"39":100.3799632555,"40":103.7292873117,"41":107.8262306715,"42":107.5172162957,"43":107.5100021362,"44":112.2399978638,"45":112.0,"46":118.8000030518,"47":111.8199996948,"48":110.0100021362,"49":108.8199996948,"50":106.1600036621,"51":113.7600021362,"52":122.6399993896,"53":132.0899963379,"54":126.0,"55":121.3300018311,"56":125.2399978638,"57":126.0,"58":125.9899978638,"59":135.3600006104,"60":141.3000030518,"61":144.0800018311,"62":138.9600067139,"63":137.8600006104,"64":142.0099945068,"65":142.6900024414,"66":147.3899993896,"67":146.6100006104,"68":146.2299957275,"69":138.8200073242,"70":141.5099945068,"71":142.8099975586,"72":147.1999969482,"73":147.6900024414,"74":150.7100067139,"75":150.1600036621,"76":148.3000030518,"77":143.2700042725,"78":142.6000061035,"79":146.5,"80":146.5},"High":{"0":111.6340843327,"1":111.6141549405,"2":112.7006849221,"3":113.0695122897,"4":113.6676065998,"5":114.0065284943,"6":114.4451239467,"7":115.1429052274,"8":115.0232840105,"9":115.7708988821,"10":117.0966738177,"11":116.9172427446,"12":117.7745134906,"13":119.2398405754,"14":130.1351146237,"15":128.8492008031,"16":127.8324494389,"17":126.7957511377,"18":125.6693447376,"19":123.0078259277,"20":123.3866166377,"21":122.8981760693,"22":123.7155741626,"23":123.7255426019,"24":123.4364663653,"25":122.1505648489,"26":121.4826902074,"27":122.2303119542,"28":122.2004005305,"29":123.0377340862,"30":123.0576667409,"31":123.1473808578,"32":124.0943597024,"33":122.1306242057,"34":119.5388826032,"35":114.5248731113,"36":112.042784946,"37":110.0391736725,"38":106.6998184829,"39":103.141164204,"40":108.6236866247,"41":109.072258134,"42":109.7799987793,"43":117.3700027466,"44":120.1299972534,"45":118.6999969482,"46":119.25,"47":116.9599990845,"48":113.6900024414,"49":113.8399963379,"50":119.8099975586,"51":134.4100036621,"52":139.1499938965,"53":141.0099945068,"54":131.9700012207,"55":123.2900009155,"56":126.0,"57":131.1100006104,"58":139.4900054932,"59":142.9700012207,"60":146.25,"61":146.3999938965,"62":142.6499938965,"63":145.4299926758,"64":145.8999938965,"65":150.3300018311,"66":148.0,"67":148.2200012207,"68":146.6399993896,"69":142.6199951172,"70":143.8399963379,"71":145.5700073242,"72":151.5299987793,"73":150.7200012207,"74":152.4900054932,"75":150.6499938965,"76":151.9199981689,"77":145.6399993896,"78":146.2100067139,"79":148.4700012207,"80":148.4700012207},"Low":{"0":110.7070396459,"1":110.0092709928,"2":110.9662168941,"3":111.8633586621,"4":112.2521212454,"5":113.1492610139,"6":113.0994158552,"7":111.9331373412,"8":114.0264620622,"9":113.9467129164,"10":115.3322947354,"11":115.7210518895,"12":116.3291171175,"13":117.6449194224,"14":121.8116448728,"15":126.3571535135,"16":126.3471792914,"17":124.8120775532,"18":122.4894802378,"19":121.2334841344,"20":120.3064405405,"21":120.7051632708,"22":122.2801481054,"23":121.871453175,"24":121.3630748425,"25":120.4759036387,"26":119.9077097476,"27":121.0042175923,"28":120.9543730795,"29":121.2035777362,"30":121.3630724672,"31":121.4527790314,"32":121.7119559026,"33":118.532103897,"34":115.4718473518,"35":111.4845631248,"36":108.0156234904,"37":106.0718265985,"38":102.5829467199,"39":99.9912033191,"40":103.4601487376,"41":104.7261137364,"42":106.9091542969,"43":107.5100021362,"44":112.0999984741,"45":111.0500030518,"46":109.8799972534,"47":110.6800003052,"48":103.8099975586,"49":106.3799972534,"50":104.75,"51":113.7300033569,"52":120.0,"53":123.6299972534,"54":116.8300018311,"55":114.5699996948,"56":116.2099990845,"57":121.8399963379,"58":125.9700012207,"59":133.0200042725,"60":134.5700073242,"61":140.5299987793,"62":136.3899993896,"63":137.3899993896,"64":140.6600036621,"65":136.3099975586,"66":142.9100036621,"67":145.0,"68":138.7599945068,"69":138.4100036621,"70":140.1199951172,"71":141.4400024414,"72":146.0099945068,"73":144.5200042725,"74":148.9199981689,"75":145.2200012207,"76":147.1799926758,"77":139.2899932861,"78":142.0500030518,"79":146.2003936768,"80":146.2003936768},"Close":{"0":111.3151016235,"1":111.464630127,"2":112.6508483887,"3":112.0527572632,"4":113.3984680176,"5":113.6875457764,"6":113.3785247803,"7":114.7740783691,"8":114.5946502686,"9":114.9435348511,"10":116.5085449219,"11":116.8474655151,"12":117.4754638672,"13":118.7813034058,"14":128.071685791,"15":127.8523788452,"16":126.4967041016,"17":125.1510009766,"18":122.6190719604,"19":122.1505584717,"20":120.8347549438,"21":122.2801437378,"22":123.0975418091,"23":122.3598937988,"24":121.8415527344,"25":120.6952056885,"26":121.4328460693,"27":121.2334899902,"28":121.6521530151,"29":122.6091003418,"30":121.6421813965,"31":123.117477417,"32":121.8614807129,"33":119.1900024414,"34":115.7110900879,"35":111.5842514038,"36":108.3047027588,"37":106.4605865479,"38":102.6427536011,"39":103.061416626,"40":108.4342880249,"41":106.0618591309,"42":109.7799987793,"43":116.4599990845,"44":117.9100036621,"45":115.9499969482,"46":114.7799987793,"47":114.8000030518,"48":105.0599975586,"49":113.6699981689,"50":110.7399978638,"51":127.4599990845,"52":130.5,"53":125.3099975586,"54":119.3300018311,"55":121.5999984741,"56":122.0,"57":126.6600036621,"58":137.8099975586,"59":140.0399932861,"60":145.9100036621,"61":141.5500030518,"62":139.1399993896,"63":142.5200042725,"64":141.3300018311,"65":147.1399993896,"66":145.8000030518,"67":146.8200073242,"68":139.3999938965,"69":139.9900054932,"70":143.7599945068,"71":145.0899963379,"72":150.5599975586,"73":150.4100036621,"74":150.6699981689,"75":146.6399993896,"76":151.6900024414,"77":141.5599975586,"78":146.0399932861,"79":147.6100006104,"80":147.6100006104},"Volume":{"0":1352600,"1":1107000,"2":1046700,"3":933700,"4":1261600,"5":1605900,"6":964600,"7":1548900,"8":895100,"9":892100,"10":796000,"11":1416400,"12":1442000,"13":1948100,"14":4300600,"15":2063800,"16":1312300,"17":1530400,"18":1570500,"19":1541200,"20":2397800,"21":1373300,"22":1698700,"23":1882500,"24":1305500,"25":1014900,"26":1618800,"27":1006300,"28":1036000,"29":867900,"30":1257200,"31":1915100,"32":1273100,"33":1384700,"34":1740000,"35":2128200,"36":2277700,"37":1676200,"38":2536900,"39":4823400,"40":3897100,"41":2596200,"42":2649300,"43":4652300,"44":4220900,"45":2854100,"46":2749600,"47":3315400,"48":3493100,"49":3337800,"50":4232400,"51":5231600,"52":3862500,"53":3889200,"54":4509400,"55":3061600,"56":3012900,"57":3576400,"58":3458300,"59":3330300,"60":2991600,"61":2957000,"62":2344700,"63":2950400,"64":2793300,"65":3663100,"66":3177700,"67":2128300,"68":3334900,"69":2060900,"70":2305800,"71":1989000,"72":2055000,"73":2114000,"74":1562300,"75":1821400,"76":2119900,"77":5615000,"78":3317200,"79":565115,"80":565115}}