{"Open":{"0":64.388663229,"1":62.3516739408,"2":61.4871969326,"3":61.5269407362,"4":60.9903704989,"5":61.0698598329,"6":60.7220853325,"7":59.1620524412,"8":60.1656366672,"9":59.7880482875,"10":61.0201781332,"11":61.4573838423,"12":61.0301134452,"13":61.3282119304,"14":60.3743054026,"15":60.1557019752,"16":57.8404902537,"17":57.4728408904,"18":57.7908092301,"19":54.8893454733,"20":51.8686434548,"21":51.1333405242,"22":52.0971843415,"23":52.9318499961,"24":54.1540443978,"25":52.931849974,"26":51.9779474425,"27":51.7692748721,"28":52.5741347979,"29":52.8225480905,"30":53.0113410482,"31":53.0808955453,"32":53.3094382822,"33":52.9119764763,"34":51.888517183,"35":50.2787986651,"36":50.1794355759,"37":47.9437163838,"38":45.8199996948,"39":43.1199989319,"40":43.0600013733,"41":44.9199981689,"42":44.5999984741,"43":42.6300010681,"44":41.0400009155,"45":36.9700012207,"46":37.0099983215,"47":36.6300010681,"48":34.2999992371,"49":35.3199996948,"50":32.9000015259,"51":35.0800018311,"52":33.4500007629,"53":31.7399997711,"54":32.5299987793,"55":30.3500003815,"56":30.3600006104,"57":32.75,"58":33.5299987793,"59":34.1300010681,"60":33.2900009155,"61":35.1699981689,"62":32.3899993896,"63":32.4799995422,"64":32.4900016785,"65":33.9900016785,"66":37.5499992371,"67":37.75,"68":40.2000007629,"69":40.2099990845,"70":39.4599990845,"71":37.0900001526,"72":35.6300010681,"73":37.4900016785,"74":38.8800010681,"75":38.5400009155,"76":40.0200004578,"77":40.1599998474,"78":41.7000007629,"79":42.25,"80":42.25},"High":{"0":64.7463786144,"1":62.5504051338,"2":62.0734518606,"3":61.5269407362,"4":61.4077025857,"5":61.3977668597,"6":60.8512611772,"7":60.0364636413,"8":60.5531603976,"9":61.6958623943,"10":62.1131939776,"11":61.6362415322,"12":61.5170046682,"13":61.4077021313,"14":60.5332896014,"15":60.2053838245,"16":58.1187154308,"17":58.0392223164,"18":58.516174849,"19":54.9589008194,"20":51.9978192968,"21":51.749407608,"22":52.7231862792,"23":54.1341681768,"24":54.1540443978,"25":53.0014053206,"26":52.3654711903,"27":53.2597530791,"28":53.5280399466,"29":53.3094393113,"30":53.2995010834,"31":53.7068974554,"32":53.5975945191,"33":53.3094388487,"34":52.285975774,"35":50.6663261984,"36":50.1794355759,"37":47.9834633796,"38":47.1699981689,"39":43.7000007629,"40":44.9900016785,"41":46.2599983215,"42":44.5999984741,"43":43.75,"44":42.1199989319,"45":37.9300003052,"46":38.2400016785,"47":37.6100006104,"48":35.5200004578,"49":37.1699981689,"50":35.9700012207,"51":37.2900009155,"52":34.75,"53":33.6300010681,"54":33.9900016785,"55":31.0799999237,"56":32.8600006104,"57":35.4399986267,"58":36.1300010681,"59":34.7999992371,"60":33.7999992371,"61":36.6300010681,"62":33.5200004578,"63":34.3499984741,"64":33.4700012207,"65":35.6300010681,"66":38.75,"67":39.1800003052,"68":41.5499992371,"69":40.4199981689,"70":40.0400009155,"71":37.1399993896,"72":36.3199996948,"73":38.7599983215,"74":40.6500015259,"75":39.4399986267,"76":40.4000015259,"77":41.9799995422,"78":42.2400016785,"79":43.1800003052,"80":43.1800003052},"Low":{"0":63.0770388859,"1":61.4871976105,"2":61.3083392399,"3":59.9768457721,"4":60.4736709221,"5":60.4836049166,"6":59.171986567,"7":58.9335128918,"8":59.2912217177,"9":59.6390027387,"10":60.7419567453,"11":60.821447074,"12":60.8214474027,"13":60.0861467425,"14":59.62906626,"15":58.9136367896,"16":57.0058223031,"17":57.2045543532,"18":57.2045543065,"19":51.3916895117,"20":50.6166396119,"21":50.4775302338,"22":51.5308028996,"23":52.4250852816,"24":52.8424238092,"25":51.7990871404,"26":51.1631529497,"27":51.749405165,"28":52.5443264465,"29":52.3952773632,"30":52.2959140729,"31":52.2362927418,"32":52.951722909,"33":51.9282591895,"34":51.6897859922,"35":49.2851464876,"36":46.7215264109,"37":46.3439358109,"38":45.0299987793,"39":42.0600013733,"40":42.5099983215,"41":43.4700012207,"42":42.4700012207,"43":42.2700004578,"44":39.9099998474,"45":35.0099983215,"46":35.9700012207,"47":36.0699996948,"48":32.9300003052,"49":34.1800003052,"50":31.6299991608,"51":33.2700004578,"52":29.0599994659,"53":30.1200008392,"54":30.2800006866,"55":28.3299999237,"56":30.0,"57":31.6299991608,"58":32.5099983215,"59":33.1399993896,"60":32.0999984741,"61":33.9000015259,"62":32.25,"63":31.8899993896,"64":31.5200004578,"65":33.4799995422,"66":37.1599998474,"67":37.1699981689,"68":39.8699989319,"69":37.9599990845,"70":38.1500015259,"71":35.5,"72":34.8300018311,"73":37.3300018311,"74":38.3600006104,"75":38.2799987793,"76":39.3100013733,"77":40.0099983215,"78":41.0200004578,"79":42.0600013733,"80":42.0600013733},"Close":{"0":63.096912384,"1":61.7654190063,"2":61.328212738,"3":60.3842430115,"4":61.1096076965,"5":60.5630989075,"6":59.3309707642,"7":60.0165939331,"8":59.7880477905,"9":60.7518920898,"10":61.3083381653,"11":61.1692276001,"12":61.3878288269,"13":60.3941764832,"14":60.1557044983,"15":59.0130004883,"16":57.0256958008,"17":57.5722045898,"18":57.3237915039,"19":52.3853416443,"20":50.8551177979,"21":51.4811210632,"22":52.3654708862,"23":53.7367095947,"24":53.4684257507,"25":52.21641922,"26":51.4513092041,"27":52.3555297852,"28":53.2100715637,"29":52.9318504333,"30":52.762928009,"31":53.100769043,"32":53.1603889465,"33":52.21641922,"34":52.0971832275,"35":50.1297531128,"36":47.1686706543,"37":46.9599990845,"38":45.0699996948,"39":42.9000015259,"40":44.9500007629,"41":43.6399993896,"42":44.1599998474,"43":42.4199981689,"44":40.5,"45":35.1500015259,"46":38.1199989319,"47":36.6599998474,"48":33.2799987793,"49":37.0999984741,"50":34.25,"51":36.0099983215,"52":32.0600013733,"53":31.6599998474,"54":31.4699993134,"55":28.4599990845,"56":32.4599990845,"57":33.2299995422,"58":35.9500007629,"59":33.8300018311,"60":33.6199989319,"61":34.0999984741,"62":32.5200004578,"63":32.5099983215,"64":31.8700008392,"65":35.3899993896,"66":37.2599983215,"67":38.8600006104,"68":40.7799987793,"69":38.3199996948,"70":38.4300003052,"71":35.5699996948,"72":36.2200012207,"73":38.3600006104,"74":39.7200012207,"75":39.0699996948,"76":39.8699989319,"77":41.2000007629,"78":41.9000015259,"79":43.1500015259,"80":43.1500015259},"Volume":{"0":5967300,"1":6005300,"2":5619000,"3":9185300,"4":6361700,"5":5572300,"6":6599300,"7":8087700,"8":7003200,"9":5748500,"10":8621700,"11":7188300,"12":6843100,"13":5447400,"14":5122900,"15":4405300,"16":6733900,"17":4919300,"18":4828700,"19":22861000,"20":11620900,"21":11306100,"22":9403500,"23":9275800,"24":7749800,"25":5476000,"26":5506000,"27":5609000,"28":3871900,"29":4241600,"30":5914400,"31":8327800,"32":6395500,"33":4971900,"34":4033500,"35":7087800,"36":10657600,"37":9556100,"38":8843600,"39":13572100,"40":9803300,"41":10211000,"42":15079800,"43":8795200,"44":14571900,"45":16269500,"46":9931300,"47":10566100,"48":12437100,"49":10537300,"50":9270100,"51":8886000,"52":8937100,"53":6826300,"54":9584800,"55":7299600,"56":10167900,"57":7815300,"58":8622700,"59":5997000,"60":6377800,"61":8274600,"62":7712600,"63":6649100,"64":5357100,"65":7307400,"66":9583400,"67":6819700,"68":9293500,"69":5924600,"70":4801400,"71":5471800,"72":5324800,"73":7130800,"74":7998800,"75":5031200,"76":3728500,"77":5083600,"78":5332200,"79":1617267,"80":1617267}}