{"Open":{"0":156.2791465718,"1":154.6362031534,"2":154.0672898554,"3":153.8477782578,"4":151.6626364871,"5":151.4630807061,"6":152.8300365192,"7":151.6227293058,"8":154.7258342396,"9":154.995221258,"10":157.1803686025,"11":158.2779221589,"12":157.0007726228,"13":157.5994289577,"14":153.5085393814,"15":154.5761510322,"16":152.7701722415,"17":156.0728288273,"18":156.6515377528,"19":154.616077785,"20":156.6914364954,"21":153.9375804676,"22":155.5639593034,"23":156.2524261742,"24":157.4098496611,"25":154.9553222645,"26":153.7380163975,"27":155.8732715762,"28":156.1526517459,"29":158.0783622468,"30":158.9564027669,"31":157.9486543581,"32":161.6604073022,"33":163.4264555627,"34":165.5218048711,"35":163.1670449485,"36":165.3022987742,"37":161.690340893,"38":160.7923179776,"39":155.3843563283,"40":150.0262760477,"41":159.1659559634,"42":157.5395688237,"43":157.9286900598,"44":153.917621946,"45":150.4553208908,"46":162.2690513413,"47":162.7280245888,"48":151.6726010054,"49":148.3799465188,"50":133.8921635076,"51":137.5939315802,"52":145.1770671919,"53":148.8389212909,"54":142.0739634126,"55":139.5695426028,"56":144.847789209,"57":141.2258465985,"58":136.5961390027,"59":137.8633327198,"60":149.0185198338,"61":145.8655408764,"62":147.9109900195,"63":153.1593141819,"64":158.2479956222,"65":166.1699981689,"66":168.6699981689,"67":169.7400054932,"68":167.1100006104,"69":170.1600036621,"70":176.8999938965,"71":177.2299957275,"72":178.1699981689,"73":180.25,"74":181.3800048828,"75":178.5,"76":180.2899932861,"77":177.1399993896,"78":178.0599975586,"79":176.4199981689,"80":176.4199981689},"High":{"0":156.4484181186,"1":155.691669957,"2":154.3765993728,"3":154.4165052278,"4":152.2912430761,"5":153.4187219312,"6":153.777924944,"7":154.4863544278,"8":158.6071998959,"9":156.9907822843,"10":158.1781491511,"11":160.0539701924,"12":158.3477672046,"13":157.9686181004,"14":155.1648434768,"15":154.655975298,"16":156.5617411685,"17":157.2901222931,"18":157.0805760578,"19":156.6515433693,"20":156.94088161,"21":156.7912334205,"22":157.2701554094,"23":157.4098399372,"24":157.6193902697,"25":155.414292791,"26":155.3045238159,"27":156.3122974341,"28":158.5872386564,"29":159.8843577972,"30":159.7646025041,"31":161.9896683811,"32":164.0151699849,"33":165.6614892839,"34":166.6692463446,"35":166.1404265938,"36":166.5295645646,"37":164.1249278668,"38":162.149300037,"39":155.8732742647,"40":159.3954342999,"41":162.9176053119,"42":160.1537489661,"43":160.6626140024,"44":158.5672829565,"45":161.6803519631,"46":167.0683732213,"47":165.3621646049,"48":156.7213828807,"49":148.6593238439,"50":139.2901594963,"51":156.1326960026,"52":157.3000945479,"53":150.9641987126,"54":144.5883745113,"55":144.9675235906,"56":149.3378013303,"57":143.1016788281,"58":142.5528895721,"59":147.3921397376,"60":149.4575304533,"61":156.5318173799,"62":157.6293625571,"63":160.971937703,"64":162.4386707363,"65":170.1300048828,"66":172.0299987793,"67":172.6399993896,"68":171.2899932861,"69":172.9600067139,"70":178.8399963379,"71":177.8399963379,"72":183.9499969482,"73":182.7400054932,"74":181.9299926758,"75":179.9799957275,"76":182.1300048828,"77":179.9100036621,"78":178.3899993896,"79":181.0500030518,"80":181.0500030518},"Low":{"0":154.5764641224,"1":153.9989393177,"2":151.7624193484,"3":151.8023251808,"4":150.7945723213,"5":151.4431208334,"6":152.1515530908,"7":151.0938916415,"8":154.7258342396,"9":154.8655201442,"10":156.5717218589,"11":157.1803575427,"12":156.8810286062,"13":153.8477797104,"14":153.0395813181,"15":153.0695079796,"16":152.2812543178,"17":155.5240464903,"18":155.3644076129,"19":154.0273757007,"20":152.570613555,"21":153.6582031344,"22":155.2845819852,"23":156.1227098424,"24":154.8455616367,"25":153.6781643801,"26":153.4885712804,"27":155.1748282683,"28":155.2945598877,"29":157.4198386672,"30":157.1105180494,"31":157.3998720445,"32":161.2114091043,"33":162.7978642231,"34":164.6637130407,"35":163.1670449485,"36":160.6925575921,"37":160.8522088864,"38":157.0905609293,"39":147.2324912958,"40":149.9165195841,"41":154.0174047243,"42":156.1626268068,"43":155.1548615978,"44":151.8322642534,"45":149.7169730353,"46":159.7646124844,"47":156.3422352237,"48":139.8389242374,"49":138.1826284764,"50":124.7225585658,"51":137.284622046,"52":137.5939290699,"53":141.1260819814,"54":134.7402707185,"55":136.7158897353,"56":137.4043554181,"57":136.386620263,"58":134.9597796559,"59":137.2147814713,"60":145.9453541479,"61":145.8655408764,"62":147.9109900195,"63":152.4908030415,"64":158.2479956222,"65":162.4199981689,"66":165.3699951172,"67":166.1199951172,"68":166.6499938965,"69":167.6300048828,"70":175.1300048828,"71":171.8200073242,"72":177.5700073242,"73":177.3800048828,"74":178.0299987793,"75":176.0,"76":178.8099975586,"77":176.3600006104,"78":175.5500030518,"79":174.0800018311,"80":174.0800018311},"Close":{"0":155.8708953857,"1":154.7258148193,"2":154.1969909668,"3":151.872177124,"4":151.2136383057,"5":152.2413482666,"6":152.8799285889,"7":153.777923584,"8":157.6293640137,"9":156.2424468994,"10":157.9187316895,"11":157.6393432617,"12":157.1903381348,"13":154.1570892334,"14":154.7956695557,"15":153.9974365234,"16":155.5140686035,"17":156.3123016357,"18":155.4043121338,"19":156.6415710449,"20":153.0695037842,"21":154.4264984131,"22":155.6437835693,"23":156.910949707,"24":155.1249389648,"25":154.6260528564,"26":155.2446594238,"27":155.6038665771,"28":158.3078613281,"29":159.495223999,"30":157.6792449951,"31":161.3510894775,"32":163.4264678955,"33":165.3621520996,"34":166.5096130371,"35":164.4940948486,"36":161.1415557861,"37":162.3089599609,"38":157.3100738525,"39":149.9664154053,"40":159.2457733154,"41":156.0728302002,"42":159.8045349121,"43":157.1304626465,"44":158.0284881592,"45":158.9264831543,"46":165.8810119629,"47":157.2801513672,"48":141.6548919678,"49":145.4863739014,"50":135.7979278564,"51":154.1870269775,"52":148.4098815918,"53":142.6826171875,"54":139.8189849854,"55":139.5595550537,"56":141.5052337646,"57":136.9254150391,"58":140.208114624,"59":145.7956848145,"60":146.4442443848,"61":150.6748352051,"62":152.8200683594,"63":159.3455505371,"64":161.8399963379,"65":169.6499938965,"66":169.1799926758,"67":169.2200012207,"68":169.2400054932,"69":171.5700073242,"70":178.0700073242,"71":176.1100006104,"72":180.1300048828,"73":182.1100006104,"74":179.0,"75":178.7400054932,"76":179.1499938965,"77":176.5,"78":175.9799957275,"79":180.8200073242,"80":180.8200073242},"Volume":{"0":1918500,"1":1715300,"2":2295600,"3":2832000,"4":3208400,"5":2832600,"6":2747900,"7":2011800,"8":2837100,"9":2638000,"10":1472500,"11":1486800,"12":1381600,"13":1458700,"14":1283200,"15":1050700,"16":1539800,"17":1118000,"18":720000,"19":1528100,"20":1974700,"21":1109800,"22":1429500,"23":1037500,"24":1118600,"25":814500,"26":1102500,"27":916600,"28":1093500,"29":984100,"30":1434000,"31":1604100,"32":1540300,"33":1101600,"34":1455100,"35":2282300,"36":2335900,"37":2126900,"38":3596000,"39":3858700,"40":2581600,"41":2573800,"42":1664700,"43":1970600,"44":1836900,"45":3253600,"46":3791300,"47":3847200,"48":6710500,"49":6266700,"50":3806800,"51":4964700,"52":4848500,"53":4064400,"54":4530700,"55":2985000,"56":3251800,"57":3661100,"58":3471800,"59":3686300,"60":2490400,"61":5278200,"62":2906900,"63":3624900,"64":2735800,"65":4082200,"66":4126100,"67":2826300,"68":2268000,"69":2523100,"70":3425200,"71":2819300,"72":2467700,"73":2361900,"74":1920000,"75":1969000,"76":1498500,"77":1920200,"78":2103700,"79":949996,"80":949996}}