{"Open":{"0":105.4193086088,"1":102.960576218,"2":103.5332884877,"3":103.088945158,"4":102.6939652072,"5":104.1948763364,"6":104.905830888,"7":105.5181059533,"8":105.6669617689,"9":105.6074086058,"10":106.4410009402,"11":106.1135185555,"12":106.0142853747,"13":106.9570283914,"14":107.5822192997,"15":107.4234437971,"16":106.1432881599,"17":108.7928999299,"18":109.8547285198,"19":111.8692352066,"20":110.6585487771,"21":110.3409921714,"22":111.5417561968,"23":110.8768707686,"24":111.7302952941,"25":110.9860281537,"26":110.450151546,"27":111.2341172413,"28":111.6608343755,"29":109.9837424677,"30":111.4226644092,"31":111.8295433973,"32":112.137171911,"33":112.2066330496,"34":111.9783879088,"35":110.956256354,"36":111.8692327701,"37":110.2417530386,"38":108.1875580112,"39":108.4455746259,"40":106.1631409227,"41":111.4325944441,"42":109.5371719474,"43":117.3967044497,"44":115.9478457762,"45":108.2074100566,"46":112.1371730603,"47":103.7913819214,"48":92.9349239376,"49":96.0608747032,"50":88.0227135005,"51":87.9433289452,"52":81.1754029093,"53":76.2433550135,"54":80.421205272,"55":73.49449839,"56":77.6128149184,"57":77.632664819,"58":79.9051737801,"59":84.7479179494,"60":82.5448676987,"61":80.8181538671,"62":75.7074740776,"63":76.8189241511,"64":76.3326650174,"65":75.7900009155,"66":83.3199996948,"67":84.0,"68":89.0,"69":89.7699966431,"70":87.5,"71":86.4899978638,"72":89.1399993896,"73":93.0,"74":94.1999969482,"75":93.0,"76":100.0400009155,"77":100.0,"78":101.7900009155,"79":109.4300003052,"80":109.4300003052},"High":{"0":105.4785527172,"1":104.3726186094,"2":104.4121112336,"3":103.493792456,"4":104.0862620055,"5":105.0243315323,"6":105.5871682458,"7":106.1929140321,"8":105.9547407745,"9":106.8280200448,"10":106.9867967831,"11":106.2822186753,"12":106.8478677949,"13":107.8700017759,"14":107.6020632547,"15":107.4333695608,"16":108.8127506387,"17":110.1425160388,"18":110.7577836961,"19":112.0280095637,"20":111.4325917447,"21":111.075339655,"22":112.1371733018,"23":112.1371701461,"24":112.1371683,"25":111.3730572257,"26":110.7974775428,"27":112.1173284852,"28":112.0577816335,"29":111.8791544348,"30":111.9883117676,"31":111.9883177597,"32":113.099766545,"33":112.4547241289,"34":112.7127429678,"35":112.2463330468,"36":112.0280071238,"37":110.9562565887,"38":112.3852625393,"39":108.4654261527,"40":111.3532022054,"41":112.0974767456,"42":114.6081542761,"43":117.6745652535,"44":115.9478457762,"45":111.1448076356,"46":112.3554944316,"47":103.7913819214,"48":93.2822499498,"49":101.7669698698,"50":90.3746197005,"51":88.9555372224,"52":82.3463930882,"53":83.7555528585,"54":81.1555527477,"55":80.2326529648,"56":78.9227355578,"57":80.4509758803,"58":90.7914118632,"59":86.7921861104,"60":83.5769275408,"61":81.1654798701,"62":78.3967804477,"63":78.8234967072,"64":76.8387729627,"65":79.9400024414,"66":84.5100021362,"67":89.0,"68":93.1399993896,"69":89.9800033569,"70":90.5199966431,"71":89.5199966431,"72":91.5,"73":95.8700027466,"74":96.3000030518,"75":95.4100036621,"76":103.5999984741,"77":102.75,"78":109.1399993896,"79":115.6699981689,"80":115.6699981689},"Low":{"0":103.6517865486,"1":102.7828363528,"2":103.4049237444,"3":102.6840903264,"4":102.0718794762,"5":103.5925436483,"6":104.3923643877,"7":105.3990195025,"8":104.3074198523,"9":105.3493993351,"10":106.0738234098,"11":104.9127586197,"12":105.8257337253,"13":106.5402371816,"14":106.3020684215,"15":105.6967319013,"16":105.9348925584,"17":108.1081736833,"18":109.4180933622,"19":108.7234344996,"20":109.060841597,"21":109.209697442,"22":110.3211446959,"23":110.6486236397,"24":110.2516745754,"25":110.4402322897,"26":109.9241920981,"27":110.6982471506,"28":110.0829786784,"29":109.7753468633,"30":110.8570170508,"31":110.6387016094,"32":111.84938534,"33":111.3730506572,"34":111.3532011035,"35":110.5990045798,"36":109.1303051356,"37":109.0906143188,"38":107.9295487316,"39":102.828796359,"40":105.6768769426,"41":106.5997773048,"42":109.5371719474,"43":113.2386954424,"44":107.8898521862,"45":106.4906163931,"46":101.9654383358,"47":96.2791842258,"48":87.3876032217,"49":89.6105062539,"50":82.6242566656,"51":79.5082322078,"52":74.0998405925,"53":72.9090101837,"54":72.9090076845,"55":72.6509902406,"56":74.2090048944,"57":76.3326623991,"58":79.7166297028,"59":81.7410551467,"60":80.153265959,"61":78.4662476675,"62":73.5441195801,"63":75.3601474177,"64":72.4624424858,"65":74.5899963379,"66":81.1200027466,"67":84.0,"68":88.8700027466,"69":85.4100036621,"70":87.0999984741,"71":86.2699966431,"72":88.0899963379,"73":92.7300033569,"74":93.5,"75":92.5500030518,"76":95.5199966431,"77":98.9000015259,"78":100.5199966431,"79":108.8399963379,"80":108.8399963379},"Close":{"0":104.4022445679,"1":103.7900314331,"2":104.3528671265,"3":103.1580657959,"4":103.5826644897,"5":104.8564682007,"6":105.5081710815,"7":105.74634552,"8":105.6868057251,"9":105.9150466919,"10":106.2921447754,"11":106.2425231934,"12":106.5203857422,"13":107.711227417,"14":107.1654205322,"15":106.9669570923,"16":108.6341247559,"17":109.973815918,"18":109.8249588013,"19":111.1448059082,"20":109.8249588013,"21":110.9761047363,"22":110.4104614258,"23":111.124961853,"24":110.8371734619,"25":110.5990066528,"26":110.7677078247,"27":111.4921340942,"28":110.3013000488,"29":111.3035888672,"30":111.9883117676,"31":111.7303009033,"32":112.6135101318,"33":111.9783859253,"34":112.286026001,"35":111.482208252,"36":109.5570220947,"37":109.0906143188,"38":110.1226730347,"39":105.2501602173,"40":111.2539672852,"41":107.8203887939,"42":114.598236084,"43":114.7967071533,"44":111.1646499634,"45":109.0012969971,"46":105.5280227661,"47":98.96849823,"48":89.7196655273,"49":96.0310974121,"50":85.7303543091,"51":85.5517272949,"52":76.8685379028,"53":78.7044143677,"54":74.6654891968,"55":74.5662536621,"56":78.6746444702,"57":78.4166259766,"58":88.2906570435,"59":82.4456329346,"60":82.42578125,"61":79.6868591309,"62":78.1685333252,"63":76.8586120605,"64":72.7799987793,"65":78.6900024414,"66":83.4100036621,"67":87.8399963379,"68":89.7699966431,"69":86.4300003052,"70":90.0999984741,"71":89.0500030518,"72":90.75,"73":95.4000015259,"74":95.0299987793,"75":94.4599990845,"76":99.5800018311,"77":100.6600036621,"78":106.6200027466,"79":114.7300033569,"80":114.7300033569},"Volume":{"0":1020900,"1":679100,"2":505200,"3":629400,"4":700900,"5":652900,"6":671700,"7":512500,"8":733500,"9":666400,"10":495600,"11":1329000,"12":958400,"13":684500,"14":650000,"15":764700,"16":1517000,"17":999900,"18":1505300,"19":1454800,"20":1060300,"21":731400,"22":1006700,"23":1064700,"24":660700,"25":471500,"26":677600,"27":840600,"28":1466500,"29":953500,"30":670800,"31":903500,"32":840500,"33":520500,"34":970600,"35":956500,"36":913800,"37":1092900,"38":2098300,"39":2707500,"40":1841300,"41":1605000,"42":2082500,"43":3936000,"44":3035100,"45":3186600,"46":3290800,"47":3101100,"48":2801600,"49":3270100,"50":3671800,"51":3264400,"52":2452400,"53":2658600,"54":2637200,"55":2662300,"56":2675500,"57":2430100,"58":3309800,"59":1889100,"60":1692700,"61":2474400,"62":3038200,"63":2238900,"64":1595700,"65":1995700,"66":1748800,"67":1785600,"68":1953300,"69":1167500,"70":1342000,"71":1404200,"72":1619500,"73":2369900,"74":1585700,"75":2615400,"76":3771800,"77":3135400,"78":3875000,"79":2124100,"80":2124100}}