{"Open":{"0":52.7970937176,"1":52.2985347025,"2":53.2059091568,"3":53.8041734141,"4":53.5947828204,"5":53.4551872864,"6":52.92671716,"7":53.4751303802,"8":53.4153024565,"9":54.1531673918,"10":54.8710821541,"11":55.5491218567,"12":55.549121236,"13":56.8054834595,"14":57.2840987989,"15":58.9093913966,"16":58.9791894704,"17":60.1059216527,"18":61.3024567903,"19":60.2255794402,"20":60.0859816403,"21":59.2284674489,"22":58.6301978046,"23":57.3239817599,"24":59.6372834711,"25":60.9099998474,"26":60.9300003052,"27":61.8100013733,"28":61.25,"29":61.5900001526,"30":62.0499992371,"31":61.9500007629,"32":62.1300010681,"33":61.8699989319,"34":62.1300010681,"35":61.0900001526,"36":60.5200004578,"37":57.0600013733,"38":55.7299995422,"39":54.5900001526,"40":53.8199996948,"41":55.0999984741,"42":56.6800003052,"43":57.4000015259,"44":54.7099990845,"45":51.25,"46":50.4099998474,"47":48.9099998474,"48":41.2599983215,"49":41.5900001526,"50":34.0800018311,"51":32.2599983215,"52":28.9099998474,"53":28.3600006104,"54":30.9200000763,"55":30.8500003815,"56":32.3400001526,"57":34.3400001526,"58":37.5200004578,"59":37.4000015259,"60":36.75,"61":36.4900016785,"62":32.6100006104,"63":33.0,"64":32.1800003052,"65":34.2000007629,"66":40.1300010681,"67":37.2599983215,"68":40.9599990845,"69":40.8300018311,"70":39.8699989319,"71":38.2000007629,"72":38.0099983215,"73":40.4199981689,"74":38.7099990845,"75":37.5,"76":38.6599998474,"77":39.3899993896,"78":39.6100006104,"79":41.5499992371,"80":41.5499992371},"High":{"0":52.9566315234,"1":53.0663115391,"2":53.9437700764,"3":53.8540282634,"4":54.5918950589,"5":53.8141482979,"6":54.0135658015,"7":53.8839462456,"8":54.3326476963,"9":55.0106807273,"10":55.2998406966,"11":55.8981134221,"12":56.8353969214,"13":57.5333749117,"14":59.0589573643,"15":59.6871377059,"16":60.7739907098,"17":61.5916204908,"18":61.5218226886,"19":60.9335282015,"20":60.3651756528,"21":59.4079479529,"22":58.7398807575,"23":59.5176255457,"24":60.6842505453,"25":61.3699989319,"26":61.6100006104,"27":62.1199989319,"28":61.7700004578,"29":62.0499992371,"30":62.0900001526,"31":62.5400009155,"32":62.4500007629,"33":62.2700004578,"34":62.5200004578,"35":61.5299987793,"36":60.6300010681,"37":57.9799995422,"38":57.5800018311,"39":54.75,"40":55.1100006104,"41":57.2400016785,"42":58.5900001526,"43":58.4000015259,"44":55.1300010681,"45":51.5600013733,"46":51.1599998474,"47":49.3100013733,"48":41.9000015259,"49":41.9599990845,"50":34.9099998474,"51":33.3400001526,"52":30.0499992371,"53":31.9500007629,"54":32.5,"55":31.8899993896,"56":34.7099990845,"57":38.0299987793,"58":39.4799995422,"59":37.9700012207,"60":37.3199996948,"61":36.8199996948,"62":33.5999984741,"63":33.8100013733,"64":32.9000015259,"65":37.4900016785,"66":40.1300010681,"67":40.2900009155,"68":42.4199981689,"69":40.9000015259,"70":40.8199996948,"71":38.9500007629,"72":39.2400016785,"73":41.4700012207,"74":39.2400016785,"75":38.5400009155,"76":39.4300003052,"77":40.4500007629,"78":41.2400016785,"79":41.9500007629,"80":41.9500007629},"Low":{"0":51.9794619874,"1":52.2486798542,"2":53.056340801,"3":52.9566295654,"4":53.335535312,"5":52.7073531135,"6":52.7970915096,"7":53.2358217695,"8":53.3953597552,"9":54.1132819891,"10":54.4223847151,"11":55.1403059913,"12":55.4892969368,"13":56.5960870059,"14":57.2541828453,"15":57.8624205295,"16":58.8495638165,"17":60.0560668039,"18":59.427884814,"19":59.8267330319,"20":58.7897364948,"21":58.4307746291,"22":57.3738380804,"23":57.0946426078,"24":59.6073675179,"25":60.6100006104,"26":60.8499984741,"27":61.2700004578,"28":61.0800018311,"29":61.4799995422,"30":61.3899993896,"31":61.6399993896,"32":61.7900009155,"33":61.1699981689,"34":61.6500015259,"35":60.4300003052,"36":57.8699989319,"37":56.2599983215,"38":55.1699981689,"39":52.0499992371,"40":53.1599998474,"41":54.5400009155,"42":56.3199996948,"43":56.4300003052,"44":53.1599998474,"45":48.4799995422,"46":47.7400016785,"47":45.4700012207,"48":36.2299995422,"49":36.3400001526,"50":31.2000007629,"51":27.9099998474,"52":25.5100002289,"53":27.6000003815,"54":29.6000003815,"55":28.1499996185,"56":31.5100002289,"57":32.5499992371,"58":37.1300010681,"59":35.1100006104,"60":35.2000007629,"61":33.5499992371,"62":31.6700000763,"63":31.6299991608,"64":31.2000007629,"65":34.0,"66":36.4700012207,"67":36.7900009155,"68":40.3199996948,"69":38.0299987793,"70":39.3300018311,"71":37.5800018311,"72":37.4300003052,"73":39.0900001526,"74":37.8800010681,"75":37.0099983215,"76":38.0099983215,"77":38.3400001526,"78":39.5499992371,"79":41.0800018311,"80":41.0800018311},"Close":{"0":52.4181900024,"1":52.8070602417,"2":53.2557640076,"3":53.0563392639,"4":53.3455047607,"5":53.1161689758,"6":53.6147232056,"7":53.4153022766,"8":54.1332244873,"9":54.7813453674,"10":55.2200737,"11":55.5491218567,"12":56.8054847717,"13":57.2541809082,"14":58.8196525574,"15":58.3410339355,"16":59.4976844788,"17":61.202747345,"18":60.5546226501,"19":60.1258659363,"20":59.029045105,"21":58.5703735352,"22":57.5034599304,"23":59.5076560974,"24":60.4249992371,"25":60.7000007629,"26":61.5200004578,"27":61.8600006104,"28":61.5999984741,"29":61.6699981689,"30":61.8100013733,"31":61.8300018311,"32":61.8800010681,"33":62.0499992371,"34":61.8800010681,"35":60.4300003052,"36":58.0900001526,"37":56.5699996948,"38":55.8600006104,"39":53.2700004578,"40":54.8300018311,"41":55.5900001526,"42":58.5600013733,"43":56.7099990845,"44":54.7999992371,"45":49.1199989319,"46":50.9900016785,"47":45.6199989319,"48":39.2200012207,"49":39.2999992371,"50":31.3500003815,"51":31.2299995422,"52":28.7800006866,"53":30.0100002289,"54":31.3799991608,"55":29.5599994659,"56":32.8899993896,"57":37.0299987793,"58":39.2700004578,"59":36.8800010681,"60":36.8400001526,"61":34.0,"62":32.6800003052,"63":32.5999984741,"64":32.1399993896,"65":36.8499984741,"66":36.5400009155,"67":39.6500015259,"68":41.0400009155,"69":38.6300010681,"70":40.1599998474,"71":37.7200012207,"72":38.7000007629,"73":39.8800010681,"74":38.2900009155,"75":38.0200004578,"76":38.8899993896,"77":39.1800003052,"78":40.9399986267,"79":41.7099990845,"80":41.7099990845},"Volume":{"0":3492000,"1":4330400,"2":4305500,"3":4440400,"4":5279600,"5":5505200,"6":3681100,"7":2383600,"8":2578700,"9":3846500,"10":3461800,"11":4468700,"12":3288800,"13":2415400,"14":4510100,"15":6602500,"16":7759600,"17":6038200,"18":3610100,"19":2413000,"20":3755700,"21":2832900,"22":3994100,"23":3933900,"24":3605000,"25":2423900,"26":4470200,"27":2453100,"28":2463900,"29":5426400,"30":2252000,"31":2548100,"32":3295900,"33":3685100,"34":3450500,"35":2415300,"36":4366800,"37":5325100,"38":7207300,"39":8175500,"40":8169200,"41":6180700,"42":6693600,"43":4097600,"44":6155100,"45":5103900,"46":7057400,"47":6110400,"48":8171300,"49":7475100,"50":8400400,"51":9478700,"52":11532900,"53":7254800,"54":9398900,"55":9377000,"56":7444600,"57":6941800,"58":6089700,"59":4874600,"60":4434700,"61":6891500,"62":8213700,"63":6868500,"64":6684800,"65":6190700,"66":6108700,"67":5381100,"68":7529300,"69":7545600,"70":4058200,"71":5616600,"72":4100100,"73":3940200,"74":3070800,"75":3637400,"76":5084600,"77":4235200,"78":3956000,"79":1558676,"80":1558676}}