{"Open":{"0":153.7457107765,"1":153.2164409772,"2":153.236416803,"3":154.8042335965,"4":157.0810526343,"5":156.7615041984,"6":158.0197456731,"7":158.2294489672,"8":159.637490334,"9":161.3251432163,"10":161.4249912904,"11":162.0241681873,"12":162.6832576479,"13":163.6319242949,"14":163.3922578772,"15":163.0826921071,"16":160.4263941805,"17":161.2752098713,"18":164.340946823,"19":164.770331535,"20":167.007231901,"21":161.7745175569,"22":163.0227707153,"23":163.5520296219,"24":163.4521692781,"25":163.1625715669,"26":162.1340098457,"27":163.3523120305,"28":163.3323460212,"29":163.0227738503,"30":163.2025127474,"31":166.0585343617,"32":164.2111153121,"33":163.2524455233,"34":159.0882633217,"35":155.0838417605,"36":157.5104584164,"37":151.1992515969,"38":149.6414273352,"39":141.9621390136,"40":145.1077387408,"41":151.6286586175,"42":150.3704158066,"43":152.7670720466,"44":145.027845892,"45":140.3044346726,"46":146.2761085836,"47":141.3130309195,"48":129.66927232,"49":136.2800564804,"50":129.7591430588,"51":129.4495715776,"52":124.0271211113,"53":127.5022834098,"54":125.70478323,"55":135.7607705765,"56":125.5749686554,"57":126.4837132841,"58":131.8500061035,"59":134.1300048828,"60":137.5399932861,"61":140.7599945068,"62":133.3600006104,"63":127.8199996948,"64":135.4900054932,"65":140.0,"66":145.2799987793,"67":141.8300018311,"68":144.5399932861,"69":144.0,"70":149.6399993896,"71":150.2599945068,"72":154.1799926758,"73":157.2400054932,"74":155.9799957275,"75":153.5399932861,"76":156.0800018311,"77":161.3500061035,"78":161.5899963379,"79":166.5,"80":166.5},"High":{"0":155.0239279338,"1":155.0938291733,"2":154.5445910349,"3":156.4519308843,"4":157.5204426236,"5":158.6189159797,"6":158.3592687581,"7":159.527642533,"8":161.7645304478,"9":162.1439939429,"10":161.7345725971,"11":162.9428858333,"12":163.9414984335,"13":164.3109704906,"14":163.8016908688,"15":163.2824106866,"16":161.6446973499,"17":163.9015540783,"18":165.9486912799,"19":168.9545017859,"20":167.0671459518,"21":162.8929537899,"22":163.5720082124,"23":163.9814390186,"24":164.8901674046,"25":163.6219379826,"26":163.4421840035,"27":164.0713110692,"28":164.6405202553,"29":163.5620155248,"30":165.7290052323,"31":166.1683818623,"32":164.5706148308,"33":163.5720074246,"34":161.8544121877,"35":158.8885362027,"36":157.780086882,"37":155.2935355431,"38":152.9168606285,"39":146.5956802447,"40":150.5102121506,"41":155.7129623149,"42":155.9226746364,"43":152.9068765795,"44":148.7526649681,"45":143.360172947,"46":147.0450410785,"47":141.8822448673,"48":135.5011401667,"49":141.8822488538,"50":136.0603579312,"51":135.5410717838,"52":130.2684216427,"53":129.2997734312,"54":129.8190512905,"55":136.9790736993,"56":131.8162692844,"57":132.754971314,"58":139.5800018311,"59":141.8300018311,"60":141.6100006104,"61":140.8899993896,"62":135.5700073242,"63":136.6300048828,"64":137.8000030518,"65":142.75,"66":146.0,"67":145.8699951172,"68":146.8200073242,"69":146.4600067139,"70":152.9499969482,"71":153.4100036621,"72":156.8699951172,"73":158.0,"74":157.3399963379,"75":154.8300018311,"76":160.8500061035,"77":163.9799957275,"78":165.6799926758,"79":168.6392059326,"80":168.6392059326},"Low":{"0":152.9168642196,"1":152.2178328283,"2":153.0466788174,"3":153.8855159631,"4":156.0524875401,"5":156.1723290429,"6":157.1509462951,"7":157.9498399207,"8":159.1381862876,"9":160.0469260545,"10":160.2266646326,"11":161.2452550693,"12":162.3736915589,"13":162.8530111939,"14":161.9842319899,"15":161.3950419207,"16":159.3878484027,"17":160.7858864115,"18":163.1326242845,"19":163.342329309,"20":160.1168265479,"21":160.2865859531,"22":162.2238811957,"23":161.8444183434,"24":162.3337330631,"25":161.4749214945,"26":161.1553781855,"27":162.7930939421,"28":162.9528700495,"29":161.7245802607,"30":162.7930950113,"31":163.1026629167,"32":162.46355117,"33":158.509057118,"34":158.7087873454,"35":155.0838417605,"36":150.5401778321,"37":150.2905145959,"38":146.8353258224,"39":141.0234449096,"40":142.8209329252,"41":145.8866617255,"42":149.0921986042,"43":147.2048325191,"44":143.1704342704,"45":137.9477190038,"46":138.8464619648,"47":137.1787938728,"48":127.7020054578,"49":127.0529192379,"50":123.3580612782,"51":125.9444550486,"52":120.901480548,"53":121.8301890571,"54":121.4507182655,"55":119.4335293731,"56":124.9558288902,"57":123.6077169054,"58":130.2200012207,"59":133.6799926758,"60":134.4900054932,"61":137.1799926758,"62":128.0299987793,"63":127.6999969482,"64":134.0,"65":138.6300048828,"66":138.1900024414,"67":138.0700073242,"68":144.1100006104,"69":143.0099945068,"70":147.0,"71":149.6499938965,"72":153.7299957275,"73":154.3099975586,"74":154.4199981689,"75":151.3699951172,"76":155.3000030518,"77":160.2799987793,"78":161.4700012207,"79":166.2200012207,"80":166.2200012207},"Close":{"0":154.8941040039,"1":153.9354400635,"2":154.3948059082,"3":155.912689209,"4":156.0724487305,"5":157.4505462646,"6":157.8999023438,"7":159.3479003906,"8":161.1653594971,"9":160.5761871338,"10":161.2851867676,"11":162.8330383301,"12":163.4821472168,"13":163.5420532227,"14":162.2538452148,"15":162.0241699219,"16":160.9756317139,"17":163.5320587158,"18":164.9900360107,"19":168.8146972656,"20":160.6460876465,"21":160.7759094238,"22":162.5334472656,"23":162.663269043,"24":163.7517547607,"25":161.7645263672,"26":162.7631378174,"27":163.4521636963,"28":163.6019744873,"29":163.1925354004,"30":165.7190093994,"31":163.7717285156,"32":163.681854248,"33":160.0369262695,"34":161.6546936035,"35":156.6017303467,"36":151.4389190674,"37":151.9781646729,"38":146.8453216553,"39":144.3787689209,"40":150.480255127,"41":147.3346405029,"42":155.7628936768,"43":149.2619628906,"44":148.2233886719,"45":141.3929138184,"46":144.1091308594,"47":139.1760101318,"48":128.7106018066,"49":141.1932067871,"50":127.4623413086,"51":131.596572876,"52":127.9616394043,"53":124.0171432495,"54":123.6376647949,"55":121.2210388184,"56":128.9702301025,"57":129.1400146484,"58":138.6600036621,"59":138.5800018311,"60":140.8200073242,"61":138.4100036621,"62":128.6999969482,"63":136.4299926758,"64":135.1499938965,"65":141.9400024414,"66":138.3000030518,"67":145.1300048828,"68":145.7299957275,"69":146.1300048828,"70":152.1399993896,"71":152.7599945068,"72":154.8699951172,"73":156.5299987793,"74":155.8300018311,"75":153.75,"76":160.25,"77":160.6499938965,"78":165.0700073242,"79":167.9499969482,"80":167.9499969482},"Volume":{"0":2585100,"1":2329000,"2":2749400,"3":1987200,"4":2788100,"5":2104900,"6":1995500,"7":2273300,"8":3041100,"9":2660200,"10":2427000,"11":2608800,"12":2293100,"13":1882400,"14":2153300,"15":1970700,"16":2347600,"17":2105500,"18":1898200,"19":3834500,"20":3747500,"21":2997500,"22":2616400,"23":1946000,"24":1844300,"25":1661600,"26":1669800,"27":1651000,"28":1653400,"29":2734000,"30":1633800,"31":1916700,"32":2642400,"33":2428800,"34":1945800,"35":2467100,"36":3187700,"37":3203100,"38":4238500,"39":7942800,"40":4682700,"41":3105400,"42":3463300,"43":4494200,"44":3156400,"45":4252800,"46":4064900,"47":4783200,"48":5854900,"49":5745600,"50":4893700,"51":4852300,"52":4908300,"53":5753900,"54":6373800,"55":8979300,"56":5257200,"57":5737300,"58":5268600,"59":5256500,"60":4769700,"61":5470400,"62":3723700,"63":5152900,"64":2448800,"65":5605500,"66":3449300,"67":3281000,"68":3275300,"69":2681200,"70":3411300,"71":3698900,"72":4272800,"73":3565200,"74":2675400,"75":3032000,"76":3901500,"77":5122400,"78":3972600,"79":1275665,"80":1275665}}