{"Open":{"0":145.2899932861,"1":146.3999938965,"2":145.5399932861,"3":145.9900054932,"4":145.4900054932,"5":146.4700012207,"6":145.3000030518,"7":144.75,"8":143.4100036621,"9":145.7100067139,"10":145.0899963379,"11":145.5399932861,"12":144.2400054932,"13":144.4499969482,"14":143.6000061035,"15":141.3999938965,"16":135.8600006104,"17":136.5,"18":138.6000061035,"19":135.0899963379,"20":138.3999938965,"21":139.7899932861,"22":145.4900054932,"23":146.6000061035,"24":141.9199981689,"25":141.8899993896,"26":141.0299987793,"27":142.8500061035,"28":141.3399963379,"29":141.1699981689,"30":141.1000061035,"31":139.0200042725,"32":139.6300048828,"33":141.6300048828,"34":139.8600006104,"35":132.8999938965,"36":133.75,"37":126.1200027466,"38":119.8099975586,"39":114.5100021362,"40":119.1299972534,"41":121.1500015259,"42":118.9599990845,"43":116.8600006104,"44":110.7600021362,"45":108.6900024414,"46":108.0999984741,"47":108.4199981689,"48":97.6200027466,"49":100.7799987793,"50":91.8000030518,"51":95.8000030518,"52":87.5899963379,"53":88.0,"54":95.9899978638,"55":84.4899978638,"56":92.3300018311,"57":100.6600036621,"58":100.8300018311,"59":100.4499969482,"60":96.0,"61":100.2200012207,"62":93.5,"63":94.1999969482,"64":96.3099975586,"65":97.2600021362,"66":104.8600006104,"67":100.5299987793,"68":107.9199981689,"69":104.7099990845,"70":105.5,"71":104.3899993896,"72":103.5299987793,"73":106.2099990845,"74":103.5800018311,"75":100.0100021362,"76":101.8000030518,"77":100.6500015259,"78":101.7799987793,"79":102.0,"80":102.0},"High":{"0":148.1999969482,"1":147.8999938965,"2":146.0299987793,"3":146.8699951172,"4":146.1300048828,"5":146.6300048828,"6":145.5,"7":144.75,"8":146.7200012207,"9":145.7100067139,"10":145.4299926758,"11":145.6399993896,"12":144.5899963379,"13":144.7899932861,"14":143.6100006104,"15":142.25,"16":137.7299957275,"17":138.9299926758,"18":138.6799926758,"19":137.8500061035,"20":138.6699981689,"21":141.8200073242,"22":145.5899963379,"23":147.3000030518,"24":143.9499969482,"25":141.9900054932,"26":142.5899963379,"27":142.9900054932,"28":142.2200012207,"29":141.8999938965,"30":141.2799987793,"31":139.6600036621,"32":141.8699951172,"33":141.6300048828,"34":139.8800048828,"35":134.4400024414,"36":133.9400024414,"37":128.3699951172,"38":122.9000015259,"39":118.3099975586,"40":119.9800033569,"41":121.7799987793,"42":119.2399978638,"43":116.9599990845,"44":115.8700027466,"45":110.4300003052,"46":111.5800018311,"47":108.9000015259,"48":100.0,"49":102.8700027466,"50":98.2799987793,"51":97.4599990845,"52":89.3399963379,"53":97.4000015259,"54":96.9899978638,"55":87.2799987793,"56":99.1699981689,"57":105.9199981689,"58":107.7300033569,"59":101.4899978638,"60":100.4599990845,"61":103.1600036621,"62":97.4000015259,"63":97.2600021362,"64":96.9199981689,"65":100.1900024414,"66":105.8899993896,"67":102.3499984741,"68":107.9899978638,"69":104.8700027466,"70":107.6399993896,"71":104.8799972534,"72":103.7200012207,"73":106.7900009155,"74":104.8600006104,"75":101.5100021362,"76":102.6299972534,"77":102.5299987793,"78":101.9199981689,"79":105.2699966431,"80":105.2699966431},"Low":{"0":145.1000061035,"1":146.0500030518,"2":144.3099975586,"3":145.4199981689,"4":144.8200073242,"5":144.6100006104,"6":144.2599945068,"7":143.3600006104,"8":142.2899932861,"9":143.9299926758,"10":144.4400024414,"11":144.0099945068,"12":143.0099945068,"13":143.5399932861,"14":140.6499938965,"15":139.1999969482,"16":135.0,"17":135.8600006104,"18":135.7899932861,"19":134.8300018311,"20":137.0599975586,"21":139.75,"22":143.25,"23":138.5700073242,"24":141.2200012207,"25":140.1199951172,"26":140.4600067139,"27":140.4600067139,"28":140.8699951172,"29":140.8200073242,"30":139.1300048828,"31":138.1000061035,"32":139.2299957275,"33":138.8500061035,"34":138.5800018311,"35":131.2100067139,"36":127.9800033569,"37":122.1299972534,"38":117.9199981689,"39":113.2099990845,"40":116.0299987793,"41":115.1500015259,"42":115.4800033569,"43":112.1100006104,"44":110.3199996948,"45":104.2799987793,"46":102.4300003052,"47":102.8600006104,"48":91.6399993896,"49":92.25,"50":90.0,"51":91.1500015259,"52":79.0699996948,"53":85.1100006104,"54":85.8399963379,"55":81.0899963379,"56":91.8000030518,"57":95.5100021362,"58":100.8000030518,"59":95.5400009155,"60":92.0999984741,"61":96.1600036621,"62":92.5599975586,"63":94.1999969482,"64":92.7099990845,"65":94.5199966431,"66":100.25,"67":98.6500015259,"68":103.5299987793,"69":99.6100006104,"70":103.9000015259,"71":102.6999969482,"72":100.8899993896,"73":104.3499984741,"74":102.0,"75":99.1299972534,"76":100.8899993896,"77":99.4599990845,"78":99.5199966431,"79":101.6100006104,"80":101.6100006104},"Close":{"0":148.1999969482,"1":146.5,"2":145.6499938965,"3":145.6999969482,"4":145.3999938965,"5":144.8300018311,"6":144.6199951172,"7":143.8800048828,"8":145.1999969482,"9":144.3200073242,"10":145.1199951172,"11":144.3300018311,"12":143.5599975586,"13":144.0099945068,"14":142.1999969482,"15":140.0800018311,"16":135.8999938965,"17":138.3699951172,"18":136.0599975586,"19":137.8099975586,"20":138.3099975586,"21":141.3200073242,"22":144.7299957275,"23":141.3699951172,"24":142.6999969482,"25":141.0200042725,"26":142.5899963379,"27":141.0099945068,"28":141.8500061035,"29":140.8999938965,"30":139.5399932861,"31":139.1399993896,"32":141.3000030518,"33":140.3699951172,"34":138.9700012207,"35":133.0099945068,"36":128.1900024414,"37":123.3600006104,"38":118.0400009155,"39":117.6500015259,"40":119.9800033569,"41":116.4499969482,"42":119.1800003052,"43":113.9800033569,"44":115.2699966431,"45":104.3499984741,"46":111.4599990845,"47":105.5100021362,"48":91.8099975586,"49":102.5199966431,"50":95.0100021362,"51":93.5299987793,"52":88.8000030518,"53":94.9300003052,"54":85.9800033569,"55":85.7600021362,"56":98.1200027466,"57":100.7300033569,"58":105.3600006104,"59":96.4000015259,"60":99.8000030518,"61":96.5999984741,"62":94.9199981689,"63":96.9700012207,"64":93.8799972534,"65":99.5800018311,"66":101.2399978638,"67":101.0699996948,"68":104.5,"69":103.5,"70":106.0299987793,"71":103.3700027466,"72":102.0199966431,"73":106.6299972534,"74":102.2600021362,"75":100.5400009155,"76":100.9899978638,"77":101.0,"78":101.1900024414,"79":105.0950012207,"80":105.0950012207},"Volume":{"0":9502100,"1":7320200,"2":8262500,"3":6906500,"4":6984200,"5":6664200,"6":5152500,"7":9921300,"8":14839100,"9":6818200,"10":6948400,"11":10355300,"12":9250200,"13":7550000,"14":11082000,"15":13076300,"16":12831800,"17":10390000,"18":9382700,"19":11847300,"20":12379100,"21":12660000,"22":23519700,"23":27824100,"24":9504600,"25":10948900,"26":8162100,"27":10790100,"28":8168200,"29":7543100,"30":9110500,"31":8214900,"32":7080900,"33":5981700,"34":7725800,"35":19336500,"36":21032500,"37":31195900,"38":30827500,"39":35453800,"40":21775900,"41":19529700,"42":13842100,"43":22397200,"44":22899600,"45":26233600,"46":24083700,"47":24771300,"48":40392900,"49":40960100,"50":35379500,"51":27526200,"52":43592500,"53":30866800,"54":31957800,"55":32246600,"56":32538100,"57":28533000,"58":24520300,"59":30591500,"60":23119200,"61":21563200,"62":18303900,"63":13936500,"64":14814600,"65":20407400,"66":22899600,"67":22562500,"68":31485600,"69":17306000,"70":19866900,"71":14157600,"72":18029300,"73":17926900,"74":17021000,"75":16101400,"76":11492000,"77":17132200,"78":13614100,"79":7083556,"80":7083556}}