{"Open":{"0":32.8199996948,"1":31.8400001526,"2":31.8299999237,"3":31.8299999237,"4":32.0099983215,"5":32.2000007629,"6":32.2900009155,"7":31.75,"8":31.7800006866,"9":31.7299995422,"10":32.3199996948,"11":32.7900009155,"12":32.3199996948,"13":32.1699981689,"14":31.9300003052,"15":30.4200000763,"16":30.0,"17":30.3500003815,"18":30.4200000763,"19":29.5499992371,"20":29.8099994659,"21":29.4099998474,"22":29.4400005341,"23":30.1100006104,"24":30.8099994659,"25":29.8999996185,"26":29.6599998474,"27":30.0,"28":30.5799999237,"29":30.2399997711,"30":30.4200000763,"31":30.1499996185,"32":30.2999992371,"33":29.8199996948,"34":29.8099994659,"35":28.5100002289,"36":28.3400001526,"37":27.6299991608,"38":25.3899993896,"39":24.1399993896,"40":25.8899993896,"41":26.1700000763,"42":26.4799995422,"43":25.7399997711,"44":24.3400001526,"45":23.9400005341,"46":24.4799995422,"47":24.4099998474,"48":22.6100006104,"49":23.3600006104,"50":19.8700008392,"51":21.1599998474,"52":20.1100006104,"53":19.5,"54":21.3999996185,"55":19.2299995422,"56":19.4500007629,"57":20.25,"58":21.5900001526,"59":19.9799995422,"60":18.7900009155,"61":20.1200008392,"62":18.7600002289,"63":19.1800003052,"64":18.5499992371,"65":19.1800003052,"66":20.8999996185,"67":20.8400001526,"68":22.2700004578,"69":22.0,"70":22.0499992371,"71":21.3299999237,"72":21.4099998474,"73":22.1100006104,"74":21.5200004578,"75":21.4300003052,"76":21.25,"77":20.3500003815,"78":20.5,"79":21.2099990845,"80":21.2099990845},"High":{"0":32.8400001526,"1":32.2299995422,"2":32.0800018311,"3":32.5400009155,"4":32.3899993896,"5":32.5699996948,"6":32.2900009155,"7":31.9400005341,"8":31.9899997711,"9":32.2400016785,"10":32.8699989319,"11":32.8899993896,"12":32.3899993896,"13":32.4599990845,"14":32.0299987793,"15":30.4200000763,"16":30.3999996185,"17":30.7600002289,"18":30.5599994659,"19":29.9599990845,"20":30.0799999237,"21":29.9400005341,"22":29.7999992371,"23":30.8400001526,"24":30.8799991608,"25":30.0699996948,"26":29.8600006104,"27":30.4300003052,"28":30.6000003815,"29":30.5100002289,"30":30.4799995422,"31":30.5799999237,"32":30.7700004578,"33":30.0900001526,"34":29.8899993896,"35":28.6599998474,"36":28.5,"37":28.3299999237,"38":25.3899993896,"39":25.8999996185,"40":26.4300003052,"41":26.9300003052,"42":26.5200004578,"43":25.9699993134,"44":25.5599994659,"45":24.7800006866,"46":25.0900001526,"47":24.7900009155,"48":22.7700004578,"49":24.0400009155,"50":21.2399997711,"51":21.6000003815,"52":20.8099994659,"53":21.7700004578,"54":21.9699993134,"55":19.2299995422,"56":21.1000003815,"57":22.2000007629,"58":22.0799999237,"59":20.4899997711,"60":20.1700000763,"61":20.4599990845,"62":20.0100002289,"63":20.0499992371,"64":18.9200000763,"65":20.1299991608,"66":21.75,"67":22.0599994659,"68":22.75,"69":22.2999992371,"70":22.7900009155,"71":21.5699996948,"72":21.6100006104,"73":22.4300003052,"74":22.3199996948,"75":21.5900001526,"76":21.4200000763,"77":21.0699996948,"78":21.1700000763,"79":22.3700008392,"80":22.3700008392},"Low":{"0":32.0099983215,"1":31.7700004578,"2":31.5699996948,"3":31.7600002289,"4":31.9599990845,"5":32.0200004578,"6":31.7399997711,"7":31.4599990845,"8":31.6499996185,"9":31.6700000763,"10":32.25,"11":32.3600006104,"12":31.8500003815,"13":31.9300003052,"14":30.3999996185,"15":29.8999996185,"16":29.8899993896,"17":30.2399997711,"18":29.5900001526,"19":29.5,"20":29.0699996948,"21":29.1100006104,"22":29.3500003815,"23":30.0699996948,"24":29.9099998474,"25":29.6000003815,"26":29.4099998474,"27":29.7199993134,"28":29.8500003815,"29":30.0200004578,"30":30.0100002289,"31":30.1299991608,"32":30.1100006104,"33":29.3799991608,"34":29.1200008392,"35":27.9599990845,"36":27.0400009155,"37":26.3999996185,"38":23.8899993896,"39":24.0,"40":24.9400005341,"41":25.6200008392,"42":25.7600002289,"43":24.9799995422,"44":24.25,"45":23.6000003815,"46":23.5300006866,"47":23.8099994659,"48":20.8799991608,"49":20.8799991608,"50":19.2900009155,"51":19.75,"52":17.7000007629,"53":19.2399997711,"54":18.5699996948,"55":17.1200008392,"56":18.8500003815,"57":18.7999992371,"58":20.0699996948,"59":18.9300003052,"60":18.1000003815,"61":19.3700008392,"62":18.5499992371,"63":18.4599990845,"64":17.6900005341,"65":19.0,"66":20.5200004578,"67":20.6399993896,"68":21.9899997711,"69":20.8899993896,"70":22.0,"71":20.9300003052,"72":20.6399993896,"73":21.8299999237,"74":21.4599990845,"75":20.7700004578,"76":20.3099994659,"77":20.0300006866,"78":20.1100006104,"79":21.2000007629,"80":21.2000007629},"Close":{"0":32.2200012207,"1":32.0299987793,"2":31.9599990845,"3":32.0699996948,"4":32.1100006104,"5":32.25,"6":31.8500003815,"7":31.7900009155,"8":31.8999996185,"9":32.2400016785,"10":32.7700004578,"11":32.4300003052,"12":31.9699993134,"13":32.0299987793,"14":30.4500007629,"15":30.3199996948,"16":30.2000007629,"17":30.5200004578,"18":29.7000007629,"19":29.9200000763,"20":29.2600002289,"21":29.1499996185,"22":29.7399997711,"23":30.6299991608,"24":30.0499992371,"25":29.7900009155,"26":29.8299999237,"27":30.2099990845,"28":30.3500003815,"29":30.3299999237,"30":30.2099990845,"31":30.2999992371,"32":30.4799995422,"33":29.9799995422,"34":29.2099990845,"35":28.3099994659,"36":27.4200000763,"37":26.4699993134,"38":24.6700000763,"39":25.7000007629,"40":26.3999996185,"41":26.2399997711,"42":26.5100002289,"43":25.2299995422,"44":25.4400005341,"45":23.6499996185,"46":25.0799999237,"47":24.0599994659,"48":22.2800006866,"49":22.8899993896,"50":20.6299991608,"51":21.5100002289,"52":19.8799991608,"53":21.2199993134,"54":18.7600002289,"55":18.4899997711,"56":20.0300006866,"57":21.0599994659,"58":20.9300003052,"59":19.0300006866,"60":20.0100002289,"61":19.4400005341,"62":19.4500007629,"63":18.6800003052,"64":18.3600006104,"65":19.6499996185,"66":20.6700000763,"67":21.5799999237,"68":22.3199996948,"69":21.9899997711,"70":22.2999992371,"71":21.3500003815,"72":21.4699993134,"73":22.1399993896,"74":21.7000007629,"75":20.7800006866,"76":20.3700008392,"77":20.3899993896,"78":21.0200004578,"79":22.1800003052,"80":22.1800003052},"Volume":{"0":3249300,"1":3599600,"2":2416900,"3":3102000,"4":3674100,"5":6465100,"6":4092000,"7":3618500,"8":3799500,"9":3134500,"10":4272700,"11":3296400,"12":3268200,"13":2400300,"14":7597700,"15":6040900,"16":3653300,"17":3693000,"18":5557600,"19":3519300,"20":3863200,"21":3865000,"22":4309700,"23":3434600,"24":3190800,"25":2607700,"26":4993900,"27":4671200,"28":3582700,"29":2513800,"30":3877300,"31":2385200,"32":3124400,"33":5705100,"34":4574600,"35":7157200,"36":8349800,"37":6230400,"38":17025100,"39":12545600,"40":8373200,"41":9827100,"42":6581000,"43":6480700,"44":6481800,"45":8612200,"46":6338600,"47":7673800,"48":6020300,"49":6133500,"50":6406400,"51":6561000,"52":7042400,"53":6371600,"54":6594900,"55":6725700,"56":7552300,"57":8722100,"58":6920700,"59":4376900,"60":4938100,"61":4748900,"62":7346300,"63":5788700,"64":4396200,"65":4996400,"66":6925000,"67":5039500,"68":4954600,"69":4384700,"70":3237200,"71":3826200,"72":3689000,"73":3620100,"74":3475600,"75":3079400,"76":3465700,"77":4573000,"78":4155500,"79":1191871,"80":1191871}}