{"Open":{"0":35.8699989319,"1":35.2799987793,"2":35.5699996948,"3":35.3600006104,"4":35.4399986267,"5":35.6800003052,"6":35.6800003052,"7":35.3699989319,"8":35.8899993896,"9":36.6599998474,"10":36.6800003052,"11":36.75,"12":36.75,"13":36.8499984741,"14":36.5999984741,"15":36.9000015259,"16":36.2700004578,"17":36.8400001526,"18":36.75,"19":36.6399993896,"20":37.0299987793,"21":37.1199989319,"22":37.0299987793,"23":37.1199989319,"24":38.1300010681,"25":36.7900009155,"26":36.75,"27":41.3899993896,"28":40.0699996948,"29":39.9799995422,"30":40.0900001526,"31":39.8899993896,"32":42.0,"33":41.7599983215,"34":40.8199996948,"35":39.8400001526,"36":38.5699996948,"37":37.8699989319,"38":35.7799987793,"39":32.4700012207,"40":33.4199981689,"41":34.2799987793,"42":33.1399993896,"43":32.8699989319,"44":30.7999992371,"45":26.9799995422,"46":25.8799991608,"47":25.3299999237,"48":21.6700000763,"49":21.1200008392,"50":19.0699996948,"51":19.25,"52":19.2600002289,"53":18.5300006866,"54":20.1499996185,"55":20.5300006866,"56":19.3999996185,"57":20.7099990845,"58":20.7399997711,"59":21.2399997711,"60":20.9300003052,"61":20.6700000763,"62":19.0699996948,"63":18.6499996185,"64":18.9699993134,"65":20.1800003052,"66":22.1499996185,"67":21.0900001526,"68":22.3600006104,"69":23.2600002289,"70":22.4300003052,"71":21.4799995422,"72":21.0300006866,"73":22.0,"74":21.9099998474,"75":21.5400009155,"76":22.1399993896,"77":22.5200004578,"78":22.8899993896,"79":23.6299991608,"80":23.6299991608},"High":{"0":36.1300010681,"1":35.9500007629,"2":35.7799987793,"3":36.0800018311,"4":35.6300010681,"5":35.7000007629,"6":35.7400016785,"7":36.1199989319,"8":36.8499984741,"9":36.7200012207,"10":37.0400009155,"11":36.9000015259,"12":36.9399986267,"13":36.8699989319,"14":36.9399986267,"15":36.9000015259,"16":36.8400001526,"17":37.3499984741,"18":37.1500015259,"19":37.1599998474,"20":37.0800018311,"21":37.4199981689,"22":37.1599998474,"23":38.25,"24":38.4700012207,"25":36.9399986267,"26":36.9000015259,"27":41.5,"28":42.0099983215,"29":40.5499992371,"30":40.2599983215,"31":41.5600013733,"32":42.6199989319,"33":41.8499984741,"34":40.8800010681,"35":39.9799995422,"36":38.9799995422,"37":38.4799995422,"38":35.7799987793,"39":33.7099990845,"40":34.3300018311,"41":35.4099998474,"42":33.9199981689,"43":33.1500015259,"44":31.0,"45":27.1599998474,"46":26.4699993134,"47":25.6900005341,"48":21.6700000763,"49":21.6100006104,"50":21.3999996185,"51":23.7000007629,"52":19.4799995422,"53":23.3099994659,"54":21.1599998474,"55":20.5300006866,"56":21.2099990845,"57":22.2800006866,"58":22.5,"59":21.75,"60":21.0100002289,"61":20.8700008392,"62":19.2299995422,"63":19.5900001526,"64":19.4699993134,"65":21.3099994659,"66":22.9099998474,"67":22.4099998474,"68":23.6000003815,"69":23.2600002289,"70":22.75,"71":21.5,"72":21.3500003815,"73":22.6599998474,"74":22.6499996185,"75":22.0,"76":22.5400009155,"77":23.0599994659,"78":23.6200008392,"79":24.4899997711,"80":24.4899997711},"Low":{"0":35.2999992371,"1":35.2799987793,"2":35.4300003052,"3":35.3600006104,"4":34.9700012207,"5":35.2700004578,"6":35.2099990845,"7":35.2599983215,"8":35.8199996948,"9":36.3300018311,"10":36.2099990845,"11":36.2200012207,"12":36.3300018311,"13":36.3300018311,"14":36.2599983215,"15":36.2400016785,"16":36.2099990845,"17":36.6300010681,"18":36.3499984741,"19":36.3499984741,"20":36.6100006104,"21":36.6699981689,"22":36.6599998474,"23":37.0499992371,"24":36.8100013733,"25":36.5200004578,"26":36.3600006104,"27":38.1699981689,"28":39.5999984741,"29":39.8300018311,"30":39.6899986267,"31":39.8199996948,"32":40.8899993896,"33":40.8300018311,"34":40.4300003052,"35":38.3199996948,"36":37.1199989319,"37":36.2799987793,"38":33.4799995422,"39":31.6900005341,"40":32.4199981689,"41":32.7000007629,"42":32.5600013733,"43":31.1700000763,"44":28.5100002289,"45":24.8799991608,"46":24.3899993896,"47":23.4300003052,"48":19.6000003815,"49":19.6000003815,"50":18.5100002289,"51":17.9699993134,"52":17.0900001526,"53":17.5,"54":18.9400005341,"55":17.1499996185,"56":19.3899993896,"57":19.4899997711,"58":20.5100002289,"59":20.5400009155,"60":19.7700004578,"61":19.7999992371,"62":18.0699996948,"63":18.1800003052,"64":18.3400001526,"65":19.9599990845,"66":20.5499992371,"67":20.8299999237,"68":22.2600002289,"69":21.4899997711,"70":21.6900005341,"71":20.5400009155,"72":20.4099998474,"73":21.6299991608,"74":21.5799999237,"75":21.4099998474,"76":21.6100006104,"77":22.3400001526,"78":22.7600002289,"79":23.6200008392,"80":23.6200008392},"Close":{"0":35.7400016785,"1":35.8800010681,"2":35.6399993896,"3":35.5400009155,"4":35.4900016785,"5":35.5800018311,"6":35.3600006104,"7":36.0600013733,"8":36.5900001526,"9":36.6599998474,"10":36.8199996948,"11":36.7900009155,"12":36.75,"13":36.75,"14":36.8899993896,"15":36.7400016785,"16":36.75,"17":36.75,"18":36.75,"19":37.0999984741,"20":36.7599983215,"21":36.75,"22":36.7799987793,"23":37.9399986267,"24":36.9000015259,"25":36.7799987793,"26":36.8499984741,"27":39.4799995422,"28":40.1100006104,"29":40.1800003052,"30":39.9700012207,"31":41.2900009155,"32":41.25,"33":41.0,"34":40.7299995422,"35":38.3600006104,"36":37.6199989319,"37":36.3199996948,"38":33.4799995422,"39":33.5200004578,"40":34.3300018311,"41":32.8199996948,"42":33.8699989319,"43":31.4300003052,"44":29.2099990845,"45":24.9300003052,"46":26.3400001526,"47":23.5799999237,"48":19.8500003815,"49":21.5900001526,"50":18.7900009155,"51":20.8799991608,"52":18.7399997711,"53":21.8700008392,"54":19.9699993134,"55":18.1499996185,"56":20.7399997711,"57":20.6399993896,"58":22.3199996948,"59":20.9799995422,"60":20.7299995422,"61":19.9899997711,"62":18.7000007629,"63":18.9599990845,"64":18.9799995422,"65":21.1100006104,"66":20.7700004578,"67":21.7800006866,"68":23.0699996948,"69":22.0,"70":22.3099994659,"71":21.0900001526,"72":21.3400001526,"73":22.5200004578,"74":22.2099990845,"75":21.5699996948,"76":22.3799991608,"77":22.8799991608,"78":23.3999996185,"79":24.3899993896,"80":24.3899993896},"Volume":{"0":1763500,"1":1277600,"2":1833900,"3":2108800,"4":1829100,"5":1341600,"6":1656800,"7":1305700,"8":2426500,"9":1547600,"10":1326700,"11":3427500,"12":3111400,"13":2177600,"14":1895300,"15":3801200,"16":3666700,"17":2278300,"18":2437200,"19":2099000,"20":2880400,"21":1865600,"22":2413800,"23":3596500,"24":2459900,"25":2712800,"26":2790900,"27":15537300,"28":9039600,"29":5598800,"30":3277900,"31":5293000,"32":5084700,"33":3135500,"34":2387500,"35":3718200,"36":3702600,"37":2622900,"38":6592600,"39":7459000,"40":3272200,"41":3534000,"42":4409600,"43":3994400,"44":6281400,"45":6161800,"46":3380400,"47":4436800,"48":5897100,"49":5995900,"50":4947700,"51":5977400,"52":3880600,"53":5842300,"54":7205500,"55":4815400,"56":3781000,"57":5072300,"58":5171400,"59":2741700,"60":3242900,"61":4078300,"62":3652500,"63":3260500,"64":3043700,"65":3539600,"66":4803200,"67":2345200,"68":3272800,"69":2399200,"70":2898500,"71":2250100,"72":2961600,"73":5026700,"74":2805800,"75":3606400,"76":3884300,"77":2922900,"78":3401100,"79":867463,"80":867463}}