{"Open":{"0":119.0722920855,"1":116.3140213811,"2":118.5365163835,"3":117.4550273815,"4":116.9192429132,"5":117.3756571752,"6":118.1297121552,"7":119.6676088489,"8":121.016979576,"9":120.0148675768,"10":121.8901046134,"11":122.8525235725,"12":123.4577589708,"13":125.1147105785,"14":125.1345512452,"15":126.4442427479,"16":126.5236145893,"17":128.121037749,"18":129.2025182574,"19":126.2160378813,"20":124.6285381308,"21":122.4060397615,"22":122.6739317678,"23":124.1423689363,"24":122.9815039793,"25":123.2196352286,"26":122.8227561134,"27":125.4520552492,"28":124.3804916323,"29":125.5016553247,"30":124.9262002672,"31":130.5121924062,"32":132.0004791583,"33":132.3378332582,"34":135.4632158271,"35":135.9096887363,"36":135.3143876881,"37":132.4568837991,"38":128.2103304116,"39":120.1835355836,"40":119.9553413708,"41":129.7085303013,"42":130.6610367101,"43":131.5837524035,"44":125.2337705353,"45":119.5485408444,"46":123.3883025923,"47":129.9764165948,"48":126.989938132,"49":132.3279011649,"50":132.4199981689,"51":131.6799926758,"52":131.8099975586,"53":137.1999969482,"54":125.9499969482,"55":120.4800033569,"56":111.5500030518,"57":116.9800033569,"58":121.8099975586,"59":130.3300018311,"60":134.5800018311,"61":139.1699981689,"62":132.8500061035,"63":132.3000030518,"64":133.9600067139,"65":141.1499938965,"66":142.8500061035,"67":140.75,"68":146.9700012207,"69":146.8500061035,"70":143.9600067139,"71":142.6499938965,"72":141.4700012207,"73":144.8999938965,"74":147.4799957275,"75":142.1000061035,"76":146.9600067139,"77":148.9700012207,"78":149.0800018311,"79":151.9299926758,"80":151.9299926758},"High":{"0":119.4195558119,"1":119.2409683937,"2":118.7151102473,"3":117.6038568606,"4":118.0205704338,"5":118.7349477336,"6":119.727132889,"7":121.2451816776,"8":121.7412714279,"9":120.9673656246,"10":123.0211965677,"11":123.8050216378,"12":124.8269735322,"13":126.1763497836,"14":126.5236061466,"15":128.1508046414,"16":128.4583827365,"17":129.291810462,"18":129.4208004834,"19":127.2975250522,"20":125.1543957278,"21":123.5371316599,"22":124.4995587675,"23":124.1721333181,"24":123.3684560783,"25":123.3188523577,"26":125.1246282726,"27":126.6426759432,"28":126.8907220923,"29":126.7021999575,"30":130.799942268,"31":132.1889898447,"32":132.6850902338,"33":135.2945446337,"34":137.3781435626,"35":136.1577353361,"36":136.1081247059,"37":132.9033646492,"38":128.3492359048,"39":120.1835355836,"40":129.7482241983,"41":132.1790800108,"42":133.974935837,"43":133.260549802,"44":128.1210366369,"45":122.991428968,"46":134.6496244052,"47":137.1201555477,"48":129.6986103969,"49":142.4878957996,"50":139.6199951172,"51":139.75,"52":139.6699981689,"53":137.3500061035,"54":129.6300048828,"55":120.4800033569,"56":118.2099990845,"57":128.9900054932,"58":134.8600006104,"59":135.9400024414,"60":140.9799957275,"61":139.5299987793,"62":135.1600036621,"63":136.2799987793,"64":137.5700073242,"65":142.3999938965,"66":144.0599975586,"67":147.1100006104,"68":152.5899963379,"69":146.9799957275,"70":147.8200073242,"71":144.0899963379,"72":142.8800048828,"73":149.7400054932,"74":148.0,"75":146.1600036621,"76":150.5099945068,"77":151.6499938965,"78":150.4199981689,"79":152.3500061035,"80":152.3500061035},"Low":{"0":116.5422137355,"1":116.165191899,"2":117.1276134413,"3":115.8476902024,"4":116.3239325812,"5":117.1474509666,"6":117.5244778364,"7":118.8242518768,"8":119.0425307081,"9":119.67752783,"10":121.1459647714,"11":122.1877604805,"12":122.8326842391,"13":124.8269755979,"14":125.0650985001,"15":125.9779139084,"16":126.5236145893,"17":128.121037749,"18":126.5037699539,"19":124.539240352,"20":121.4436205976,"21":121.7611170829,"22":122.3663563914,"23":122.4953358278,"24":122.3068169096,"25":121.8901014754,"26":122.1381450709,"27":124.3308797331,"28":124.3110388849,"29":125.4421265632,"30":124.2217412223,"31":130.1450882829,"32":131.0182242583,"33":131.8417400343,"34":134.9671225983,"35":133.6177405763,"36":131.8814160418,"37":129.3017383284,"38":122.0190892699,"39":114.498311766,"40":119.6676063966,"41":126.1664325492,"42":129.5299447567,"43":127.0494685356,"44":123.090644245,"45":118.0701851831,"46":122.4457285304,"47":128.0813369636,"48":123.6462747319,"49":126.632753097,"50":127.5100021362,"51":128.9400024414,"52":128.3300018311,"53":121.3899993896,"54":119.0100021362,"55":105.0,"56":107.6299972534,"57":116.9800033569,"58":121.2099990845,"59":129.6399993896,"60":134.3099975586,"61":130.0200042725,"62":127.1200027466,"63":131.0599975586,"64":132.1900024414,"65":138.9600067139,"66":139.2299957275,"67":139.0299987793,"68":146.6300048828,"69":140.1900024414,"70":143.5299987793,"71":138.8500061035,"72":139.3000030518,"73":142.6900024414,"74":143.1900024414,"75":140.8899993896,"76":146.5099945068,"77":148.2400054932,"78":147.6000061035,"79":149.8500061035,"80":149.8500061035},"Close":{"0":117.0779953003,"1":119.0028457642,"2":117.9312820435,"3":116.7704238892,"4":117.7824478149,"5":117.7923736572,"6":119.4294815063,"7":121.0169830322,"8":119.8065109253,"9":120.044631958,"10":122.7036972046,"11":123.4676818848,"12":124.7476043701,"13":125.2933044434,"14":126.1168136597,"15":127.2578277588,"16":128.0119018555,"17":128.8056488037,"18":126.6327514648,"19":124.757522583,"20":122.029006958,"21":122.1778335571,"22":124.013381958,"23":122.8922119141,"24":123.0509567261,"25":122.3167419434,"26":125.0948638916,"27":124.5392379761,"28":126.0572891235,"29":125.541343689,"30":130.4725189209,"31":132.1592254639,"32":131.3754119873,"33":135.2350158691,"34":137.0507202148,"35":134.2130584717,"36":132.4965667725,"37":129.3612670898,"38":122.2274475098,"39":119.1715087891,"40":129.470413208,"41":128.5774383545,"42":133.9253234863,"43":128.8552398682,"44":127.237991333,"45":119.7271347046,"46":133.3994598389,"47":135.9295349121,"48":127.3669662476,"49":142.2200012207,"50":128.3099975586,"51":138.2400054932,"52":137.3399963379,"53":125.2699966431,"54":121.1999969482,"55":107.9000015259,"56":116.7200012207,"57":121.4300003052,"58":134.1300048828,"59":132.8500061035,"60":139.8099975586,"61":138.9100036621,"62":134.4799957275,"63":135.0099945068,"64":136.4900054932,"65":139.5,"66":140.5,"67":145.8099975586,"68":148.2899932861,"69":140.7100067139,"70":144.8800048828,"71":140.8999938965,"72":141.9499969482,"73":149.1999969482,"74":143.7200012207,"75":144.6999969482,"76":149.1799926758,"77":148.5299987793,"78":150.0299987793,"79":152.0599975586,"80":152.0599975586},"Volume":{"0":1071900,"1":869400,"2":1151000,"3":1006400,"4":2553900,"5":980000,"6":2048800,"7":2072100,"8":2408200,"9":1443700,"10":2232100,"11":1355000,"12":1286400,"13":1648000,"14":1258900,"15":1916300,"16":1527000,"17":1678100,"18":1895900,"19":1594700,"20":1923000,"21":1396000,"22":1222500,"23":1748300,"24":1127800,"25":922800,"26":1854200,"27":1869900,"28":1829700,"29":1610100,"30":3785900,"31":3167800,"32":2250500,"33":3939700,"34":3346800,"35":3314000,"36":5027100,"37":2665400,"38":2844900,"39":5045700,"40":6312700,"41":4144400,"42":2950400,"43":2408700,"44":3622100,"45":2708400,"46":9935000,"47":34673400,"48":9406200,"49":6545900,"50":6914100,"51":8061000,"52":7986500,"53":4429300,"54":4732000,"55":3915400,"56":4666500,"57":3729600,"58":3885100,"59":3703000,"60":3774600,"61":3774200,"62":2542100,"63":2551500,"64":2819800,"65":2425800,"66":2359500,"67":2104300,"68":3032600,"69":2361200,"70":3636300,"71":4310800,"72":4086300,"73":1799400,"74":2077900,"75":2560700,"76":2087200,"77":1927400,"78":1448200,"79":694734,"80":694734}}