{"Open":{"0":94.6900024414,"1":93.0100021362,"2":91.5899963379,"3":92.6100006104,"4":91.9499969482,"5":89.2699966431,"6":91.3600006104,"7":90.7600021362,"8":89.8300018311,"9":90.0400009155,"10":91.1699981689,"11":91.0,"12":91.2399978638,"13":89.9599990845,"14":89.1999969482,"15":88.0,"16":86.7300033569,"17":88.5199966431,"18":87.1299972534,"19":85.6999969482,"20":87.4199981689,"21":87.5599975586,"22":88.25,"23":88.8399963379,"24":88.9800033569,"25":87.8899993896,"26":87.1800003052,"27":87.3000030518,"28":88.4899978638,"29":89.2099990845,"30":88.8899993896,"31":88.9000015259,"32":91.1100006104,"33":91.9100036621,"34":92.7099990845,"35":92.3399963379,"36":91.6200027466,"37":89.4499969482,"38":86.7600021362,"39":83.3700027466,"40":83.2300033569,"41":84.0999984741,"42":81.2200012207,"43":78.6299972534,"44":76.0,"45":75.4400024414,"46":85.0800018311,"47":86.3199996948,"48":80.1200027466,"49":73.2300033569,"50":68.5699996948,"51":68.5500030518,"52":73.0899963379,"53":65.6299972534,"54":72.0800018311,"55":76.7099990845,"56":82.1999969482,"57":79.8300018311,"58":76.7699966431,"59":76.5800018311,"60":77.0,"61":76.8700027466,"62":71.3300018311,"63":72.1200027466,"64":70.5199966431,"65":72.4000015259,"66":78.0400009155,"67":76.6200027466,"68":79.6399993896,"69":77.2200012207,"70":77.1299972534,"71":78.5199966431,"72":77.6800003052,"73":81.8199996948,"74":80.2399978638,"75":77.9800033569,"76":79.0500030518,"77":76.2200012207,"78":75.6500015259,"79":75.2900009155,"80":75.2900009155},"High":{"0":94.6900024414,"1":93.5800018311,"2":93.0599975586,"3":93.3899993896,"4":91.9499969482,"5":91.1600036621,"6":91.9800033569,"7":91.5199966431,"8":90.7300033569,"9":90.9199981689,"10":91.9199981689,"11":91.7300033569,"12":91.5500030518,"13":90.75,"14":89.5500030518,"15":88.6500015259,"16":88.8799972534,"17":88.9100036621,"18":87.4000015259,"19":87.75,"20":87.5500030518,"21":88.25,"22":89.5400009155,"23":89.0800018311,"24":88.9800033569,"25":87.8899993896,"26":87.4199981689,"27":88.7099990845,"28":89.6299972534,"29":89.4599990845,"30":88.9499969482,"31":91.1699981689,"32":92.5500030518,"33":93.6100006104,"34":94.0800018311,"35":92.7200012207,"36":92.3600006104,"37":89.8700027466,"38":88.1900024414,"39":83.7399978638,"40":84.7099990845,"41":84.75,"42":82.4899978638,"43":79.7300033569,"44":80.5400009155,"45":84.6600036621,"46":88.9499969482,"47":87.7900009155,"48":81.9000015259,"49":74.8499984741,"50":74.9100036621,"51":77.9800033569,"52":77.3399963379,"53":77.6399993896,"54":78.7699966431,"55":83.7600021362,"56":82.9899978638,"57":82.8000030518,"58":79.5400009155,"59":78.7900009155,"60":80.5599975586,"61":77.6299972534,"62":75.0,"63":72.9400024414,"64":71.3899993896,"65":76.4100036621,"66":80.1200027466,"67":80.3000030518,"68":80.7200012207,"69":77.4300003052,"70":80.4300003052,"71":78.6100006104,"72":82.1900024414,"73":81.9700012207,"74":80.8499984741,"75":78.7300033569,"76":79.1100006104,"77":76.4899978638,"78":75.8000030518,"79":80.0100021362,"80":80.0100021362},"Low":{"0":93.3000030518,"1":92.5,"2":90.8799972534,"3":91.7699966431,"4":89.7900009155,"5":89.1200027466,"6":90.6399993896,"7":90.4599990845,"8":88.6200027466,"9":89.8600006104,"10":90.8300018311,"11":90.8700027466,"12":89.4499969482,"13":89.6900024414,"14":87.9100036621,"15":87.3399963379,"16":86.1900024414,"17":86.6399993896,"18":86.0400009155,"19":85.3700027466,"20":86.2300033569,"21":87.1399993896,"22":87.8600006104,"23":88.1299972534,"24":87.8700027466,"25":86.6600036621,"26":86.7699966431,"27":87.3000030518,"28":88.25,"29":88.0400009155,"30":88.0100021362,"31":88.9000015259,"32":90.5199966431,"33":91.8000030518,"34":92.4000015259,"35":90.0999984741,"36":88.5100021362,"37":87.6600036621,"38":84.8099975586,"39":80.6900024414,"40":80.9100036621,"41":80.7099990845,"42":78.0699996948,"43":77.5100021362,"44":75.5599975586,"45":75.1200027466,"46":84.3199996948,"47":83.0599975586,"48":70.0999984741,"49":69.4899978638,"50":66.8499984741,"51":68.0,"52":60.2000007629,"53":64.2600021362,"54":71.3199996948,"55":73.1900024414,"56":77.0299987793,"57":76.1299972534,"58":76.0599975586,"59":75.2300033569,"60":77.0,"61":72.7600021362,"62":70.5800018311,"63":68.8099975586,"64":68.4300003052,"65":71.3099975586,"66":75.7200012207,"67":76.3499984741,"68":76.9700012207,"69":75.0100021362,"70":77.0199966431,"71":76.5800018311,"72":77.6800003052,"73":79.2600021362,"74":79.0,"75":76.4700012207,"76":77.1100006104,"77":74.0599975586,"78":74.2799987793,"79":75.1100006104,"80":75.1100006104},"Close":{"0":93.7799987793,"1":93.0299987793,"2":93.0299987793,"3":91.9300003052,"4":89.7900009155,"5":91.0599975586,"6":91.3499984741,"7":90.7699966431,"8":90.5699996948,"9":90.75,"10":91.0800018311,"11":91.5500030518,"12":89.5,"13":89.8700027466,"14":87.9400024414,"15":87.7099990845,"16":88.4000015259,"17":86.7600021362,"18":86.1100006104,"19":87.6100006104,"20":87.0699996948,"21":87.5100021362,"22":88.3099975586,"23":88.7099990845,"24":87.9400024414,"25":87.1399993896,"26":87.1800003052,"27":88.1900024414,"28":89.5199966431,"29":89.2699966431,"30":88.6800003052,"31":91.0800018311,"32":91.9899978638,"33":93.2200012207,"34":93.8899993896,"35":91.0400009155,"36":88.6699981689,"37":87.75,"38":85.3000030518,"39":83.0299987793,"40":84.5599975586,"41":81.8199996948,"42":78.9100036621,"43":77.9899978638,"44":80.2399978638,"45":83.5100021362,"46":88.0599975586,"47":83.6699981689,"48":70.3499984741,"49":74.6999969482,"50":67.0199966431,"51":76.4499969482,"52":65.5699996948,"53":70.8700027466,"54":75.9700012207,"55":76.3700027466,"56":79.6600036621,"57":76.3700027466,"58":78.1399993896,"59":77.0500030518,"60":79.8499984741,"61":73.4700012207,"62":72.9400024414,"63":70.4599990845,"64":70.2399978638,"65":76.2799987793,"66":76.2399978638,"67":79.2200012207,"68":77.5599975586,"69":76.1699981689,"70":79.8799972534,"71":78.0899963379,"72":80.4300003052,"73":81.7300033569,"74":79.1900024414,"75":77.7399978638,"76":77.25,"77":74.9300003052,"78":74.5400009155,"79":79.9400024414,"80":79.9400024414},"Volume":{"0":2191500,"1":2102600,"2":3431600,"3":2969000,"4":5911500,"5":4131400,"6":2682400,"7":3509100,"8":4549100,"9":3945100,"10":2141900,"11":2447300,"12":9623800,"13":3153500,"14":3679600,"15":4061100,"16":2805500,"17":3821200,"18":2028400,"19":2497000,"20":2704700,"21":1906000,"22":1588100,"23":1315000,"24":1815700,"25":1286500,"26":1201900,"27":1708200,"28":1370600,"29":1200400,"30":1690300,"31":2078300,"32":2154500,"33":1979500,"34":2279000,"35":2805300,"36":2739600,"37":2372100,"38":3271100,"39":4580400,"40":3936600,"41":3248600,"42":7807300,"43":4237300,"44":3879900,"45":5052700,"46":4897100,"47":3444800,"48":6504200,"49":5591600,"50":5182600,"51":5021600,"52":4355600,"53":4218400,"54":5334700,"55":4496200,"56":3509300,"57":3022100,"58":3506500,"59":2863400,"60":2910500,"61":5920600,"62":4847000,"63":4696700,"64":2416800,"65":3555700,"66":2967600,"67":2425400,"68":2498300,"69":2374300,"70":2313600,"71":1726100,"72":2057000,"73":2609500,"74":1832200,"75":2556300,"76":1466700,"77":4372700,"78":2541400,"79":929803,"80":929803}}