{"Open":{"0":54.3319530955,"1":52.2464251243,"2":51.4692692667,"3":51.4397573089,"4":51.5578041114,"5":51.8922767362,"6":52.0004882461,"7":50.6626019311,"8":51.3413815994,"9":51.3413811035,"10":51.7250432596,"11":51.6758523355,"12":52.1185388527,"13":51.8726034582,"14":49.4034151841,"15":49.0689434702,"16":46.5407328406,"17":46.6292724433,"18":48.1835789263,"19":47.5244750904,"20":46.9243932101,"21":45.5569949109,"22":46.8752059526,"23":48.0852036611,"24":48.8033347156,"25":47.7507328587,"26":47.0227637232,"27":47.7507347987,"28":48.882032917,"29":48.1048793301,"30":47.7212200576,"31":47.4064212254,"32":47.0424375704,"33":46.7473200926,"34":47.7900828837,"35":45.8521151719,"36":45.7439026687,"37":43.7272357223,"38":41.3300018311,"39":38.1199989319,"40":41.0499992371,"41":41.3499984741,"42":41.4500007629,"43":40.0299987793,"44":38.7200012207,"45":34.75,"46":32.5099983215,"47":30.1900005341,"48":25.4500007629,"49":27.9300003052,"50":23.1000003815,"51":25.6700000763,"52":24.8400001526,"53":26.2800006866,"54":28.5900001526,"55":27.1399993896,"56":28.6599998474,"57":29.1800003052,"58":30.2800006866,"59":28.0,"60":28.3099994659,"61":28.5499992371,"62":27.8400001526,"63":27.1100006104,"64":27.7800006866,"65":29.5300006866,"66":32.7599983215,"67":32.9700012207,"68":35.75,"69":36.4700012207,"70":36.3699989319,"71":33.8499984741,"72":32.6899986267,"73":33.0400009155,"74":32.1800003052,"75":30.3999996185,"76":31.7999992371,"77":32.0999984741,"78":33.0400009155,"79":33.3100013733,"80":33.3100013733},"High":{"0":54.6369138092,"1":52.7284555594,"2":52.0201649403,"3":52.2021534359,"4":52.3054447277,"5":52.2070731859,"6":52.0103239933,"7":51.5479692912,"8":52.1087012369,"9":51.7939042837,"10":52.0103249649,"11":52.4923581999,"12":52.2857765852,"13":51.9414649496,"14":49.9247960902,"15":49.4526014011,"16":46.8063430458,"17":46.944068909,"18":49.1378078118,"19":48.1835790106,"20":47.0867111916,"21":46.2062630776,"22":47.5933356019,"23":48.9312205104,"24":48.8525209577,"25":47.7507328587,"26":47.9278063297,"27":49.1968298742,"28":49.5509763306,"29":48.1934160651,"30":48.1442285073,"31":47.7310571718,"32":47.5047964835,"33":48.0163454533,"34":47.976992101,"35":46.2751236091,"36":45.7783334131,"37":44.1502441449,"38":41.4599990845,"39":40.4900016785,"40":41.4199981689,"41":42.7439994812,"42":41.9700012207,"43":40.6300010681,"44":39.6899986267,"45":34.9399986267,"46":33.3300018311,"47":30.3299999237,"48":26.3899993896,"49":28.0100002289,"50":25.4300003052,"51":27.6000003815,"52":28.2900009155,"53":31.3500003815,"54":29.6900005341,"55":28.4300003052,"56":29.9599990845,"57":32.4249992371,"58":31.2999992371,"59":29.2619991302,"60":29.3899993896,"61":30.0799999237,"62":28.2700004578,"63":29.8400001526,"64":28.5699996948,"65":30.9799995422,"66":35.0699996948,"67":34.9399986267,"68":37.7400016785,"69":36.9000015259,"70":37.1399993896,"71":33.8499984741,"72":32.6899986267,"73":34.0600013733,"74":32.8300018311,"75":31.1599998474,"76":32.0250015259,"77":33.3300018311,"78":33.3499984741,"79":33.7200012207,"80":33.7200012207},"Low":{"0":52.767806537,"1":51.5578064644,"2":51.1544728112,"3":51.1446361065,"4":51.0757699457,"5":50.9675626345,"6":50.5642289886,"7":50.6330909367,"8":51.1052861361,"9":50.8593506815,"10":51.3217063174,"11":51.5725601031,"12":51.3512229404,"13":49.8579038523,"14":48.3508138722,"15":47.258862044,"16":45.8816252012,"17":46.2554502331,"18":47.8097567207,"19":46.8850426655,"20":45.173333665,"21":44.9864239828,"22":46.6686177294,"23":47.7310567239,"24":47.7704086203,"25":46.6784562802,"26":47.0227637232,"27":47.7113843027,"28":48.1934180084,"29":47.2391872264,"30":47.5933365747,"31":46.4610486865,"32":46.6391043971,"33":46.6686191,"34":47.2982129673,"35":45.0552845396,"36":42.8713841304,"37":42.3204874804,"38":39.5,"39":38.0499992371,"40":39.7799987793,"41":39.7400016785,"42":40.2099990845,"43":39.6599998474,"44":38.3100013733,"45":30.4300003052,"46":29.3150005341,"47":27.8500003815,"48":22.3899993896,"49":22.5799999237,"50":21.9500007629,"51":22.7399997711,"52":24.5100002289,"53":25.9300003052,"54":26.5900001526,"55":26.0100002289,"56":26.8999996185,"57":28.6000003815,"58":28.9500007629,"59":26.9200000763,"60":27.8099994659,"61":28.4500007629,"62":26.9400005341,"63":26.9249992371,"64":27.4200000763,"65":29.5,"66":31.8099994659,"67":32.3600006104,"68":35.5400009155,"69":34.5699996948,"70":35.0900001526,"71":31.8700008392,"72":30.6499996185,"73":32.5999984741,"74":31.5,"75":29.6200008392,"76":30.8799991608,"77":32.0099983215,"78":32.2400016785,"79":32.8100013733,"80":32.8100013733},"Close":{"0":52.8760185242,"1":51.5676422119,"2":51.3610572815,"3":51.341381073,"4":51.8726005554,"5":51.341381073,"6":50.6626014709,"7":51.4987792969,"8":51.3905715942,"9":51.4200820923,"10":51.6266670227,"11":52.4726829529,"12":51.7447166443,"13":50.0428466797,"14":49.432926178,"15":47.7015457153,"16":46.4128456116,"17":46.3931732178,"18":48.8623580933,"19":47.6818733215,"20":45.3208961487,"21":45.9800033569,"22":47.268699646,"23":48.8033332825,"24":48.4000015259,"25":47.2490234375,"26":47.4064216614,"27":47.9966697693,"28":48.5770759583,"29":47.5146331787,"30":47.8392715454,"31":46.9637413025,"32":46.7866668701,"33":47.9671554565,"34":47.5146331787,"35":45.4881324768,"36":43.2353668213,"37":42.3499984741,"38":39.5499992371,"39":40.4099998474,"40":41.4199981689,"41":40.5600013733,"42":41.9099998474,"43":40.0999984741,"44":38.9700012207,"45":30.5300006866,"46":31.3999996185,"47":27.9899997711,"48":23.6700000763,"49":25.6900005341,"50":22.0,"51":26.6000003815,"52":26.4400005341,"53":28.1200008392,"54":27.4400005341,"55":26.5799999237,"56":28.4699993134,"57":30.3799991608,"58":29.6800003052,"59":28.5599994659,"60":28.6499996185,"61":29.2399997711,"62":27.0400009155,"63":28.0300006866,"64":27.9699993134,"65":30.5400009155,"66":32.3300018311,"67":34.7900009155,"68":36.5600013733,"69":35.2299995422,"70":35.3699989319,"71":32.2299995422,"72":31.6299991608,"73":33.4199981689,"74":31.5300006866,"75":30.8799991608,"76":31.8400001526,"77":32.5600013733,"78":33.1199989319,"79":33.6800003052,"80":33.6800003052},"Volume":{"0":5145200,"1":5004300,"2":4293100,"3":5122800,"4":3629700,"5":2667800,"6":3277300,"7":2665500,"8":3689800,"9":2235400,"10":3765600,"11":3897500,"12":4156000,"13":5149600,"14":5797600,"15":5919300,"16":4827000,"17":5813800,"18":6828000,"19":5644800,"20":7532200,"21":6366300,"22":5287000,"23":5403200,"24":5985200,"25":3802100,"26":2488300,"27":3705400,"28":2964200,"29":3302600,"30":3207000,"31":3594300,"32":5644900,"33":4154200,"34":3972800,"35":5075900,"36":5529300,"37":6470700,"38":10009300,"39":10281600,"40":7706700,"41":6765300,"42":4967000,"43":5447400,"44":6928400,"45":15081500,"46":12975400,"47":12444100,"48":18163300,"49":17350800,"50":12345400,"51":19873300,"52":16955900,"53":13893400,"54":12649100,"55":11703100,"56":12333600,"57":10539200,"58":14298600,"59":9101400,"60":6817000,"61":7599900,"62":10339900,"63":10680300,"64":8005100,"65":8021100,"66":15028000,"67":7220700,"68":9892300,"69":7170600,"70":7348800,"71":7586700,"72":6918500,"73":6544100,"74":7140700,"75":7315100,"76":5338100,"77":7724700,"78":4979100,"79":1495909,"80":1495909}}