{"Open":{"0":108.9513036918,"1":110.6976986313,"2":111.2533730987,"3":111.3426758994,"4":111.3823698461,"5":113.4199981689,"6":114.5800018311,"7":114.5500030518,"8":112.8399963379,"9":112.2099990845,"10":111.1200027466,"11":113.2799987793,"12":113.1100006104,"13":114.8199996948,"14":114.9499969482,"15":117.75,"16":115.9000015259,"17":116.8399963379,"18":117.8099975586,"19":118.4700012207,"20":118.3000030518,"21":117.1299972534,"22":115.8899993896,"23":115.9100036621,"24":117.9800033569,"25":121.5,"26":120.6200027466,"27":121.8899993896,"28":122.6500015259,"29":122.1200027466,"30":122.4800033569,"31":121.1600036621,"32":120.8099975586,"33":120.4000015259,"34":119.9800033569,"35":119.0899963379,"36":118.4400024414,"37":111.9000015259,"38":104.25,"39":96.5199966431,"40":97.75,"41":98.4700012207,"42":96.5500030518,"43":94.4100036621,"44":84.4700012207,"45":82.0699996948,"46":80.8600006104,"47":79.0500030518,"48":62.9700012207,"49":63.9599990845,"50":58.2400016785,"51":49.9000015259,"52":37.1699981689,"53":33.7299995422,"54":45.5,"55":39.8800010681,"56":45.1300010681,"57":56.6599998474,"58":58.4799995422,"59":56.5699996948,"60":53.0400009155,"61":56.9000015259,"62":50.2999992371,"63":46.2799987793,"64":44.2400016785,"65":49.2000007629,"66":57.6399993896,"67":62.1599998474,"68":67.9700012207,"69":65.0,"70":63.3699989319,"71":57.8600006104,"72":58.6899986267,"73":63.7799987793,"74":61.3400001526,"75":62.5999984741,"76":64.9800033569,"77":69.4800033569,"78":67.6900024414,"79":70.0,"80":70.0},"High":{"0":111.392288208,"1":111.6502774379,"2":112.27541052,"3":112.6028637192,"4":113.1883019542,"5":115.5,"6":114.8300018311,"7":114.8899993896,"8":112.8399963379,"9":112.6399993896,"10":113.8499984741,"11":113.75,"12":114.6900024414,"13":115.4499969482,"14":117.7200012207,"15":117.7699966431,"16":116.9899978638,"17":117.8700027466,"18":119.5899963379,"19":118.5699996948,"20":118.4899978638,"21":117.1299972534,"22":116.7399978638,"23":117.6299972534,"24":121.8000030518,"25":121.9499969482,"26":121.9700012207,"27":122.4199981689,"28":124.0100021362,"29":122.4300003052,"30":122.6299972534,"31":121.4100036621,"32":121.2200012207,"33":121.0,"34":121.3899993896,"35":119.7699966431,"36":118.4400024414,"37":112.5100021362,"38":104.5100021362,"39":100.7600021362,"40":98.8700027466,"41":100.4000015259,"42":96.9400024414,"43":94.4100036621,"44":90.5100021362,"45":82.6299972534,"46":82.6900024414,"47":79.2900009155,"48":67.3499984741,"49":65.4000015259,"50":58.3600006104,"51":50.1599998474,"52":39.0699996948,"53":46.5400009155,"54":45.8199996948,"55":42.2400016785,"56":55.2000007629,"57":67.7200012207,"58":62.4399986267,"59":57.7099990845,"60":57.8400001526,"61":59.0,"62":51.1500015259,"63":49.6500015259,"64":46.3899993896,"65":55.8800010681,"66":63.3400001526,"67":65.3499984741,"68":69.1699981689,"69":65.1900024414,"70":64.6999969482,"71":59.6699981689,"72":59.9900016785,"73":65.4300003052,"74":64.5500030518,"75":63.7400016785,"76":69.4599990845,"77":69.5,"78":69.3000030518,"79":71.3399963379,"80":71.3399963379},"Low":{"0":108.5444691538,"1":110.0229543637,"2":110.7671550946,"3":110.8663902818,"4":110.9556932045,"5":112.6500015259,"6":113.5599975586,"7":113.0500030518,"8":111.6600036621,"9":111.25,"10":110.7300033569,"11":112.9599990845,"12":113.0100021362,"13":114.6399993896,"14":114.6999969482,"15":116.5599975586,"16":115.8799972534,"17":116.6299972534,"18":116.4400024414,"19":116.3300018311,"20":115.8300018311,"21":114.8799972534,"22":115.5500030518,"23":115.5500030518,"24":117.8600006104,"25":120.2099990845,"26":120.2399978638,"27":120.6699981689,"28":122.2399978638,"29":121.2699966431,"30":121.3300018311,"31":119.0100021362,"32":119.9599990845,"33":119.4199981689,"34":119.9599990845,"35":117.3399963379,"36":111.6600036621,"37":107.0400009155,"38":99.3000030518,"39":94.2300033569,"40":95.5599975586,"41":94.4599990845,"42":93.4300003052,"43":87.3799972534,"44":83.7900009155,"45":77.2300033569,"46":76.3600006104,"47":69.6999969482,"48":57.2700004578,"49":59.2900009155,"50":46.1699981689,"51":35.9399986267,"52":26.1499996185,"53":30.5,"54":37.0600013733,"55":37.1500015259,"56":45.0,"57":54.0,"58":56.2999992371,"59":52.5,"60":51.0200004578,"61":53.1100006104,"62":45.0,"63":43.1100006104,"64":43.1800003052,"65":49.0,"66":56.5999984741,"67":59.3800010681,"68":62.1300010681,"69":59.7999992371,"70":60.7200012207,"71":57.0699996948,"72":56.5099983215,"73":60.3400001526,"74":61.0099983215,"75":61.3199996948,"76":64.9700012207,"77":66.3000030518,"78":65.75,"79":68.6999969482,"80":68.6999969482},"Close":{"0":111.392288208,"1":111.5113601685,"2":112.2456436157,"3":111.2831420898,"4":112.9700012207,"5":114.3899993896,"6":114.5500030518,"7":113.25,"8":112.2099990845,"9":111.2900009155,"10":113.0100021362,"11":113.5199966431,"12":114.5500030518,"13":114.9800033569,"14":117.6200027466,"15":117.0899963379,"16":116.3799972534,"17":117.4499969482,"18":119.2099990845,"19":118.2099990845,"20":116.4300003052,"21":114.9199981689,"22":115.5599975586,"23":117.4800033569,"24":121.5,"25":120.7099990845,"26":121.7900009155,"27":122.2300033569,"28":122.4499969482,"29":122.2699966431,"30":121.7099990845,"31":120.4899978638,"32":120.6800003052,"33":120.6800003052,"34":121.0999984741,"35":117.8899993896,"36":111.75,"37":107.0699996948,"38":99.3600006104,"39":97.5,"40":98.8000030518,"41":95.3099975586,"42":95.0599975586,"43":87.9499969482,"44":88.1500015259,"45":77.4300003052,"46":82.5999984741,"47":70.2099990845,"48":59.1699981689,"49":65.3199996948,"50":49.2099990845,"51":41.9300003052,"52":34.1599998474,"53":42.4199981689,"54":39.0,"55":41.0299987793,"56":53.8899993896,"57":58.4500007629,"58":60.5600013733,"59":54.6599998474,"60":56.8499984741,"61":54.4599990845,"62":46.0200004578,"63":44.3100013733,"64":45.4799995422,"65":52.4000015259,"66":58.9599990845,"67":63.5699996948,"68":64.3399963379,"69":60.8899993896,"70":61.1500015259,"71":58.7900009155,"72":57.9799995422,"73":63.3499984741,"74":61.7900009155,"75":63.3199996948,"76":68.3000030518,"77":66.8700027466,"78":68.8199996948,"79":71.0100021362,"80":71.0100021362},"Volume":{"0":2745500,"1":1371300,"2":1595900,"3":1901800,"4":1675800,"5":1906700,"6":1146100,"7":1517400,"8":2080700,"9":1511300,"10":2681700,"11":1050200,"12":1502800,"13":1423000,"14":1525100,"15":1080200,"16":1133500,"17":1391800,"18":1124700,"19":1336100,"20":1081700,"21":1343600,"22":1511700,"23":1700800,"24":2089300,"25":1555400,"26":979800,"27":1565100,"28":1150400,"29":1081100,"30":736900,"31":1062800,"32":905300,"33":757400,"34":1372200,"35":1177500,"36":1481600,"37":2085200,"38":3096600,"39":2593000,"40":2405300,"41":1693800,"42":1789200,"43":2700400,"44":2449200,"45":2492100,"46":2301300,"47":3773100,"48":4078700,"49":4062300,"50":4490200,"51":9908500,"52":8833600,"53":10989700,"54":8879200,"55":7799000,"56":8707600,"57":7946600,"58":4744200,"59":6019800,"60":4062600,"61":6167900,"62":6602900,"63":4708200,"64":3640600,"65":4857900,"66":6526200,"67":4056600,"68":4873200,"69":2192100,"70":3110800,"71":3735800,"72":2995500,"73":4037500,"74":2397700,"75":7066000,"76":6673500,"77":4055100,"78":3508600,"79":1297965,"80":1297965}}