{"Open":{"0":128.5557170487,"1":126.993264397,"2":127.5272759086,"3":127.65582019,"4":127.3591505656,"5":126.9042705298,"6":127.5668230572,"7":127.8041660621,"8":128.2095968633,"9":129.2677107369,"10":130.7609312517,"11":131.5223895334,"12":132.4420471191,"13":132.5607272017,"14":131.1169403609,"15":132.2245071421,"16":131.4432723249,"17":130.8598275212,"18":130.9883982079,"19":130.5038322165,"20":131.6014983112,"21":131.4630523677,"22":132.1453873954,"23":132.5112707922,"24":133.4111684237,"25":132.9958384911,"26":132.2442691264,"27":132.2047161014,"28":132.3233843376,"29":132.1849461706,"30":132.2937125864,"31":133.0452742142,"32":132.7881638459,"33":132.5310520579,"34":132.5013924431,"35":133.1342813838,"36":131.3542732285,"37":126.9438207111,"38":122.6421451905,"39":115.0178090535,"40":111.8138017917,"41":115.3639255138,"42":113.1191367518,"43":116.0066986391,"44":111.6456980857,"45":108.2834647884,"46":103.3489051411,"47":104.8223556574,"48":94.9037843116,"49":95.1699981689,"50":81.0,"51":85.1699981689,"52":83.8399963379,"53":76.9000015259,"54":86.6100006104,"55":81.3600006104,"56":80.5100021362,"57":85.8899993896,"58":91.6900024414,"59":94.7699966431,"60":98.4100036621,"61":98.1399993896,"62":92.0199966431,"63":87.0699996948,"64":87.8199996948,"65":91.4599990845,"66":99.7799987793,"67":97.8600006104,"68":104.9400024414,"69":109.9800033569,"70":110.4599990845,"71":105.2399978638,"72":105.7399978638,"73":103.8899993896,"74":103.1999969482,"75":98.5199966431,"76":101.3000030518,"77":102.4499969482,"78":102.0500030518,"79":104.3199996948,"80":104.3199996948},"High":{"0":128.5557170487,"1":128.219493549,"2":127.9920403807,"3":127.65582019,"4":127.5569406589,"5":127.6162726212,"6":128.001937116,"7":128.6644956482,"8":128.8326024618,"9":130.8202602953,"10":131.5124973708,"11":132.481614183,"12":132.9463907397,"13":133.2232817894,"14":132.6299410717,"15":132.817832172,"16":132.1651578841,"17":132.0959401346,"18":131.3938317087,"19":131.8091593472,"20":132.0959433687,"21":132.3134984577,"22":132.8178254129,"23":133.3122693431,"24":134.0044934364,"25":133.312275485,"26":132.3233821453,"27":132.7782741537,"28":132.9167244443,"29":132.6200602562,"30":132.9958311766,"31":133.8462879112,"32":133.4309363869,"33":132.7683760187,"34":134.1627205998,"35":134.152836998,"36":131.7893872849,"37":127.6063752852,"38":122.9981462251,"39":115.0178090535,"40":115.5616961253,"41":118.1624788314,"42":118.0240306911,"43":116.4813692208,"44":115.3243706061,"45":108.2834647884,"46":106.9385734421,"47":105.4750267764,"48":98.0880116477,"49":96.4400024414,"50":91.6100006104,"51":89.6100006104,"52":83.8399963379,"53":86.25,"54":87.6699981689,"55":84.7699966431,"56":87.1699981689,"57":96.7099990845,"58":99.0800018311,"59":100.5500030518,"60":100.2600021362,"61":99.2300033569,"62":92.0199966431,"63":91.9800033569,"64":89.3700027466,"65":97.1299972534,"66":101.4899978638,"67":104.7099990845,"68":113.3000030518,"69":110.3099975586,"70":111.2300033569,"71":105.6800003052,"72":107.3600006104,"73":106.6500015259,"74":104.0899963379,"75":100.2799987793,"76":103.1699981689,"77":104.2300033569,"78":103.5400009155,"79":104.5599975586,"80":104.5599975586},"Low":{"0":126.3307142536,"1":126.9734823701,"2":126.6965967439,"3":126.2021580713,"4":126.7856075806,"5":126.9042705298,"6":127.3294840008,"7":127.7349365101,"8":127.3789327914,"9":129.1984811894,"10":130.6126037752,"11":131.0872754545,"12":131.5718340704,"13":131.1070574787,"14":130.8796163839,"15":130.7510554026,"16":130.2566072043,"17":130.6818194584,"18":130.4741710959,"19":129.9500561557,"20":130.6323902235,"21":131.2257133115,"22":131.6212768555,"23":131.5124972429,"24":132.4420452512,"25":132.0366138616,"26":131.443270558,"27":131.7992675505,"28":131.9179357676,"29":131.5916211268,"30":131.878380567,"31":132.7881682072,"32":132.5310578473,"33":131.4432669398,"34":132.3530498717,"35":131.3048286303,"36":126.6570452737,"37":123.2948212746,"38":116.619808186,"39":108.9756897321,"40":110.1623571578,"41":110.8150249066,"42":112.7829177427,"43":113.4256947984,"44":109.3415822535,"45":100.5503445911,"46":99.7394548133,"47":101.4601276463,"48":86.4784364162,"49":89.5800018311,"50":79.9199981689,"51":83.2600021362,"52":71.2099990845,"53":73.8199996948,"54":81.1900024414,"55":74.5699996948,"56":79.1399993896,"57":84.0,"58":91.0500030518,"59":91.2799987793,"60":96.0,"61":94.9100036621,"62":85.5299987793,"63":86.75,"64":86.2600021362,"65":90.9300003052,"66":97.3399963379,"67":97.1299972534,"68":104.9400024414,"69":107.1999969482,"70":106.7799987793,"71":102.6800003052,"72":101.5100021362,"73":102.2699966431,"74":99.5500030518,"75":98.1600036621,"76":99.6699981689,"77":100.7900009155,"78":100.8000030518,"79":102.1299972534,"80":102.1299972534},"Close":{"0":127.2701568604,"1":127.5767059326,"2":127.5470428467,"3":127.1218261719,"4":127.0525970459,"5":127.2306060791,"6":127.5074920654,"7":128.1502685547,"8":128.8128204346,"9":130.5236053467,"10":131.4432678223,"11":132.343170166,"12":132.4420471191,"13":131.1466064453,"14":132.4123840332,"15":131.2850494385,"16":130.8202667236,"17":130.9883880615,"18":130.4840545654,"19":131.670715332,"20":131.13671875,"21":132.2937164307,"22":131.6212768555,"23":132.9562683105,"24":132.7189483643,"25":132.1256103516,"26":131.9772796631,"27":132.5310516357,"28":132.2640533447,"29":132.0662841797,"30":132.5310516357,"31":133.1540527344,"32":132.5805053711,"33":132.4618225098,"34":133.4606170654,"35":131.3839416504,"36":126.6965942383,"37":123.3442687988,"38":116.6989212036,"39":110.429359436,"40":115.3441390991,"41":111.7643585205,"42":117.9844741821,"43":114.9683685303,"44":114.8299255371,"45":101.3908996582,"46":106.8100204468,"47":102.9533538818,"48":90.1669998169,"49":96.4400024414,"50":83.0299987793,"51":88.3799972534,"52":77.0,"53":85.4100036621,"54":83.0,"55":76.8099975586,"56":86.5199966431,"57":92.4800033569,"58":97.9800033569,"59":97.5299987793,"60":99.4300003052,"61":94.9700012207,"62":88.0800018311,"63":89.1699981689,"64":87.1299972534,"65":96.0400009155,"66":97.4499969482,"67":103.8399963379,"68":111.25,"69":108.6399993896,"70":108.3399963379,"71":104.8000030518,"72":101.5699996948,"73":105.8499984741,"74":100.7600021362,"75":99.1399993896,"76":102.3600006104,"77":101.0100021362,"78":103.0199966431,"79":103.3499984741,"80":103.3499984741},"Volume":{"0":933600,"1":1163900,"2":955500,"3":733800,"4":716100,"5":807500,"6":1214400,"7":1010800,"8":1179900,"9":907900,"10":641800,"11":1015400,"12":1284100,"13":1421800,"14":1117400,"15":1248900,"16":938100,"17":812800,"18":1029500,"19":1459000,"20":1234600,"21":962300,"22":1405800,"23":1510700,"24":1238700,"25":850100,"26":805800,"27":819000,"28":858100,"29":1733300,"30":1625000,"31":1269300,"32":941400,"33":1117000,"34":1715500,"35":2081800,"36":1444500,"37":1499900,"38":2247800,"39":2907800,"40":2517000,"41":3049400,"42":1837900,"43":2002500,"44":2678100,"45":3072400,"46":3275200,"47":3070700,"48":2626600,"49":2238600,"50":2782100,"51":3017400,"52":2669900,"53":2920400,"54":4536900,"55":2192800,"56":2128300,"57":2268200,"58":1607000,"59":1704100,"60":1480100,"61":1916700,"62":2145300,"63":1636300,"64":1815600,"65":1103100,"66":1285100,"67":1357100,"68":2435100,"69":1149900,"70":1139100,"71":1208900,"72":1265600,"73":1186600,"74":1088500,"75":1253600,"76":975400,"77":1082100,"78":936900,"79":269848,"80":269848}}