{"Open":{"0":25.9295111,"1":26.2164091612,"2":26.0482289387,"3":25.9690848593,"4":26.1669452188,"5":25.6129371233,"6":25.4249717551,"7":24.742354855,"8":25.2370046274,"9":25.7217608637,"10":26.2065152533,"11":26.2757671824,"12":25.3755053505,"13":24.4752431662,"14":23.7827355262,"15":24.0795246788,"16":22.9517246159,"17":22.6549340688,"18":22.7044007905,"19":21.5864928251,"20":21.7151022627,"21":21.4677781083,"22":21.5172408693,"23":22.2394293468,"24":23.228727837,"25":22.4867545292,"26":22.4570756724,"27":22.7538638933,"28":23.1001187052,"29":22.72418504,"30":23.1891562766,"31":22.2592150933,"32":22.2790014891,"33":22.0910340735,"34":21.4677776221,"35":19.716718643,"36":19.0044226228,"37":17.6787637321,"38":15.6605945408,"39":14.7702255875,"40":16.35310487,"41":16.0464199092,"42":15.9771693812,"43":15.4627350216,"44":14.9977643109,"45":9.0520804614,"46":9.2796192892,"47":8.3298929056,"48":7.7600002289,"49":8.1300001144,"50":7.0999999046,"51":7.5999999046,"52":5.8800001144,"53":5.5100002289,"54":6.7399997711,"55":6.0199999809,"56":6.8000001907,"57":7.3800001144,"58":7.3099999428,"59":6.9400000572,"60":6.1599998474,"61":6.6799998283,"62":6.5700001717,"63":7.2899999619,"64":8.3000001907,"65":8.4600000381,"66":9.5900001526,"67":9.029999733,"68":10.1000003815,"69":10.2600002289,"70":9.4200000763,"71":8.3500003815,"72":8.6000003815,"73":8.1800003052,"74":8.3900003433,"75":8.6899995804,"76":9.5799999237,"77":10.1300001144,"78":10.8999996185,"79":10.3000001907,"80":10.3000001907},"High":{"0":25.9987635755,"1":26.2559820053,"2":26.2658739253,"3":26.2856600681,"4":26.2065161762,"5":25.6624031796,"6":25.4249717551,"7":25.1578602861,"8":26.0779087186,"9":25.9789786988,"10":26.6912712588,"11":26.2757671824,"12":25.494221997,"13":24.5840665983,"14":24.3268489163,"15":24.0894178899,"16":23.1693695939,"17":22.7340778692,"18":22.8330087622,"19":22.2987889481,"20":21.8140306006,"21":21.5568151239,"22":22.0910338837,"23":23.3573376844,"24":23.2979784287,"25":22.8429025943,"26":22.5955768523,"27":22.9022582804,"28":23.5354105425,"29":23.1199059352,"30":23.3375506673,"31":22.3185724719,"32":22.7835439237,"33":22.3779315266,"34":21.4974553686,"35":19.716718643,"36":19.1528189023,"37":17.7381211094,"38":16.5509627771,"39":16.1453497758,"40":16.4916060561,"41":16.6301061358,"42":16.3728883787,"43":15.9277055613,"44":15.0571226329,"45":9.6654463321,"46":9.2994047669,"47":8.8443276017,"48":8.1000003815,"49":8.7100000381,"50":8.3599996567,"51":7.8699998856,"52":5.9600000381,"53":6.5500001907,"54":7.3400001526,"55":6.5900001526,"56":7.6300001144,"57":7.7899999619,"58":7.5999999046,"59":6.9600000381,"60":6.5199999809,"61":7.4499998093,"62":6.9400000572,"63":9.0399999619,"64":8.5699996948,"65":8.8900003433,"66":10.0799999237,"67":9.4399995804,"68":10.5600004196,"69":10.3400001526,"70":9.720000267,"71":8.7299995422,"72":8.6300001144,"73":9.25,"74":9.5799999237,"75":9.2700004578,"76":9.8199996948,"77":11.0,"78":11.2299995422,"79":10.4399995804,"80":10.4399995804},"Low":{"0":25.3557180826,"1":25.6426161305,"2":25.8107975296,"3":25.8206904661,"4":24.9402134586,"5":24.9303225285,"6":24.7522484851,"7":24.3763135924,"8":25.098503443,"9":25.5832596782,"10":26.1075850326,"11":25.4447563057,"12":24.7126753008,"13":23.9212365684,"14":23.347443682,"15":23.3078712004,"16":22.1998575733,"17":22.2987879109,"18":21.8832831305,"19":21.4282052172,"20":21.0423789984,"21":20.9236628036,"22":21.4380970703,"23":22.160285544,"24":22.6945076395,"25":22.2592163263,"26":22.091034414,"27":22.4273954868,"28":22.8725805193,"29":22.5461129015,"30":22.318572581,"31":21.7744590799,"32":21.9228534442,"33":21.823923042,"34":20.6268735425,"35":18.8956009953,"36":17.4215465871,"37":16.5113912856,"38":15.2351959012,"39":14.6317234702,"40":15.2450897207,"41":15.314339295,"42":15.5220920624,"43":15.2945542081,"44":12.8707730265,"45":7.944066308,"46":7.7363138112,"47":8.0034244973,"48":7.0100002289,"49":7.1900000572,"50":6.5,"51":6.3600001335,"52":4.6999998093,"53":5.2600002289,"54":5.9400000572,"55":5.6999998093,"56":6.3699998856,"57":6.6399998665,"58":6.75,"59":6.2100000381,"60":5.4600000381,"61":6.6799998283,"62":6.2199997902,"63":7.0700001717,"64":7.5599999428,"65":8.1999998093,"66":8.6400003433,"67":8.6199998856,"68":8.8599996567,"69":9.4300003052,"70":8.8699998856,"71":8.0500001907,"72":8.0799999237,"73":8.1300001144,"74":8.3000001907,"75":8.5799999237,"76":9.3299999237,"77":10.0500001907,"78":10.1899995804,"79":9.8800001144,"80":9.8800001144},"Close":{"0":25.5140075684,"1":25.820690155,"2":26.1273727417,"3":26.2065162659,"4":25.2765750885,"5":25.5733661652,"6":24.8313922882,"7":25.0886096954,"8":25.9492988586,"9":25.959192276,"10":26.1570510864,"11":25.5733661652,"12":24.722568512,"13":24.0399513245,"14":24.1388816833,"15":23.6936988831,"16":22.3779315948,"17":22.4768600464,"18":21.9525337219,"19":22.2493228912,"20":21.4875621796,"21":20.9533424377,"22":21.6260643005,"23":23.1594772339,"24":22.8824729919,"25":22.7241859436,"26":22.2987880707,"27":22.457075119,"28":23.0110816956,"29":23.0506534576,"30":22.5757904053,"31":21.9228534698,"32":22.4768600464,"33":21.9129600525,"34":20.7455883026,"35":18.9747447968,"36":17.5897274017,"37":16.5410690308,"38":15.5023069382,"39":16.0662059784,"40":16.1354579926,"41":15.6210222244,"42":16.0859928131,"43":15.7793102264,"44":13.2269201279,"45":8.2804279327,"46":8.9135789871,"47":8.3199996948,"48":7.2699999809,"49":8.6999998093,"50":7.5700001717,"51":6.4600000381,"52":5.4099998474,"53":6.5500001907,"54":6.0799999237,"55":6.1799998283,"56":7.4099998474,"57":7.1599998474,"58":7.3600001335,"59":6.2899999619,"60":6.3499999046,"61":6.9099998474,"62":6.7899999619,"63":7.7899999619,"64":8.3800001144,"65":8.8000001907,"66":8.7100000381,"67":9.4099998474,"68":9.6700000763,"69":9.7100000381,"70":9.1099996567,"71":8.6700000763,"72":8.0900001526,"73":9.220000267,"74":9.1599998474,"75":9.0500001907,"76":9.7399997711,"77":10.5699996948,"78":10.5200004578,"79":10.4099998474,"80":10.4099998474},"Volume":{"0":5091400,"1":6983500,"2":4389700,"3":6457400,"4":8227400,"5":7500200,"6":5205900,"7":4744200,"8":6388500,"9":5669200,"10":6293500,"11":5842600,"12":5810100,"13":8146500,"14":5921300,"15":5564900,"16":6349000,"17":5050200,"18":5954000,"19":5609200,"20":7340500,"21":5867400,"22":6171000,"23":6787400,"24":5152800,"25":3338500,"26":3741400,"27":3700800,"28":4484100,"29":5176500,"30":7211000,"31":9680000,"32":10966700,"33":7706300,"34":9274000,"35":10968800,"36":10388900,"37":10340400,"38":13203400,"39":13850500,"40":11012000,"41":11433000,"42":8787200,"43":9800200,"44":13648400,"45":24783100,"46":20134700,"47":15483400,"48":14551000,"49":18626600,"50":14135800,"51":13441300,"52":14374600,"53":14057900,"54":18814900,"55":13426500,"56":14859800,"57":12033100,"58":13399600,"59":13563100,"60":19194700,"61":14607600,"62":16931500,"63":24076400,"64":17941900,"65":13542100,"66":14770900,"67":11611300,"68":24421200,"69":11422400,"70":11435600,"71":10246900,"72":6949200,"73":12742900,"74":12798900,"75":14497600,"76":7396700,"77":12396400,"78":16016800,"79":2880506,"80":2880506}}