{"Open":{"0":193.1545299719,"1":188.1077447403,"2":187.8384391153,"3":186.6216214068,"4":187.0106024342,"5":187.4195456255,"6":189.9529113624,"7":188.7759866583,"8":190.4515938596,"9":189.3644557624,"10":191.8180285264,"11":192.9749941592,"12":194.8899833302,"13":195.9571994777,"14":196.5456559425,"15":198.0317631187,"16":195.6779295377,"17":196.3760934737,"18":198.480597633,"19":197.084252642,"20":197.7524950581,"21":196.5456485352,"22":201.7919355713,"23":204.2854028809,"24":205.9610190287,"25":206.4397550247,"26":204.4549628713,"27":204.2654603422,"28":205.1032539148,"29":205.8213766353,"30":206.978364223,"31":206.6392292514,"32":208.0754712947,"33":209.4518861849,"34":205.2728131726,"35":203.3079560721,"36":201.4727628498,"37":194.9897303943,"38":190.8804881482,"39":177.8745106144,"40":182.2231351198,"41":191.6983370199,"42":197.3934459,"43":198.7698364552,"44":193.4038776856,"45":182.2730018738,"46":188.4668013817,"47":184.8762006289,"48":174.1742099302,"49":173.3962397251,"50":163.3000030518,"51":167.5899963379,"52":164.9799957275,"53":155.5700073242,"54":159.4199981689,"55":141.3200073242,"56":135.4100036621,"57":151.0200042725,"58":154.6900024414,"59":154.9700012207,"60":160.0200042725,"61":160.1399993896,"62":150.4199981689,"63":147.2100067139,"64":151.3000030518,"65":154.9700012207,"66":162.9100036621,"67":159.9799957275,"68":173.3399963379,"69":176.3399963379,"70":180.0,"71":178.0899963379,"72":175.3500061035,"73":176.6600036621,"74":175.7700042725,"75":170.0,"76":173.0700073242,"77":175.4299926758,"78":177.1300048828,"79":180.7299957275,"80":180.7299957275},"High":{"0":193.3839253856,"1":191.0400583171,"2":188.7959248835,"3":189.4043324809,"4":188.3371328004,"5":189.7933233129,"6":190.032704384,"7":190.9702413483,"8":191.3093497621,"9":191.897819529,"10":192.9849728566,"11":195.0894711023,"12":196.4957817023,"13":196.9745414609,"14":197.9420109671,"15":198.7698218875,"16":196.8947464495,"17":198.3509211809,"18":199.148847065,"19":199.1588102657,"20":198.7299328756,"21":201.2932341336,"22":204.0460313078,"23":205.9610105771,"24":206.6292684506,"25":206.9584020284,"26":205.1830532433,"27":205.3426432909,"28":206.9583996967,"29":208.1053927684,"30":207.586772694,"31":209.1227355461,"32":210.1600277043,"33":210.6886551821,"34":208.2849349362,"35":204.9735953994,"36":202.8790862827,"37":197.1241442257,"38":192.2070185708,"39":180.1385899424,"40":190.7807424494,"41":196.5257005157,"42":203.9961624067,"43":202.2108439581,"44":195.2390714351,"45":189.4741580764,"46":191.2295604351,"47":187.1502484837,"48":177.9243906223,"49":180.387937426,"50":173.2899932861,"51":176.6999969482,"52":170.8999938965,"53":164.4499969482,"54":159.4299926758,"55":141.3200073242,"56":154.4600067139,"57":157.0099945068,"58":163.2100067139,"59":162.1999969482,"60":162.5800018311,"61":160.6999969482,"62":151.2200012207,"63":152.9700012207,"64":154.7200012207,"65":158.6300048828,"66":164.7899932861,"67":171.7799987793,"68":180.3399963379,"69":180.1000061035,"70":181.5399932861,"71":178.3800048828,"72":176.1900024414,"73":179.2599945068,"74":176.8899993896,"75":172.3899993896,"76":175.6000061035,"77":178.0800018311,"78":180.2200012207,"79":184.4499969482,"80":184.4499969482},"Low":{"0":189.3544769217,"1":186.8709757624,"2":187.1901265578,"3":185.8436585165,"4":185.7040241269,"5":187.4195456255,"6":188.2274310245,"7":188.7759866583,"8":188.9654926839,"9":189.3245668609,"10":191.3691909064,"11":191.7482088399,"12":194.2017970727,"13":195.1592844951,"14":195.2291091569,"15":196.4858057656,"16":194.9498391622,"17":195.6480031204,"18":197.1939713095,"19":195.7577222332,"20":195.0595454355,"21":195.6878926243,"22":201.2134475924,"23":201.9614826302,"24":204.7641541653,"25":204.5746408018,"26":203.7966818789,"27":203.9861923798,"28":204.2754184897,"29":204.7741142155,"30":205.9510538042,"31":204.1756902347,"32":207.6765214314,"33":204.4848885738,"34":205.0533861768,"35":201.7320781844,"36":193.2143755703,"37":193.3340594658,"38":182.9512260929,"39":173.5558105332,"40":181.6147266606,"41":190.5014721757,"42":194.8899874203,"43":197.0343876822,"44":188.3870077444,"45":180.7769170431,"46":180.4378096778,"47":181.8241898353,"48":164.5693399469,"49":164.0207655595,"50":157.4100036621,"51":163.6399993896,"52":143.6100006104,"53":151.4799957275,"54":140.5700073242,"55":124.5999984741,"56":132.0299987793,"57":148.2100067139,"58":153.0200042725,"59":153.4199981689,"60":157.2599945068,"61":155.3800048828,"62":145.3099975586,"63":145.7700042725,"64":146.5700073242,"65":153.9600067139,"66":158.1300048828,"67":158.4199981689,"68":172.0099945068,"69":171.7799987793,"70":177.3600006104,"71":173.6499938965,"72":170.3500061035,"73":175.0,"74":172.75,"75":168.5599975586,"76":171.9499969482,"77":175.0099945068,"78":174.9400024414,"79":181.0299987793,"80":181.0299987793},"Close":{"0":189.7334747314,"1":188.8258666992,"2":187.2200622559,"3":186.980682373,"4":187.050491333,"5":189.5439758301,"6":188.4368743896,"7":190.9104003906,"8":189.4641876221,"9":190.950302124,"10":192.4962463379,"11":195.069519043,"12":195.0296173096,"13":195.8873748779,"14":197.7824249268,"15":197.4931640625,"16":196.2364654541,"17":197.6627197266,"18":197.2937011719,"19":198.9593353271,"20":195.5981292725,"21":201.0039825439,"22":202.9189758301,"23":205.7615356445,"24":206.5694274902,"25":205.1032562256,"26":204.405090332,"27":204.0859222412,"28":206.2801818848,"29":206.5195465088,"30":206.7689056396,"31":207.1379241943,"32":209.7610626221,"33":205.7715148926,"34":206.958404541,"35":201.9914093018,"36":194.2716064453,"37":193.9225158691,"38":183.0010986328,"39":179.9790039062,"40":190.7209014893,"41":193.413848877,"42":203.8066558838,"43":198.390838623,"44":193.9025726318,"45":183.3601531982,"46":190.3518676758,"47":186.0930175781,"48":164.6291809082,"49":179.6000061035,"50":166.1199951172,"51":169.5,"52":156.5299987793,"53":159.5800018311,"54":141.8800048828,"55":125.2200012207,"56":152.9700012207,"57":151.7799987793,"58":161.6900024414,"59":157.4799957275,"60":161.3999938965,"61":155.8300018311,"62":146.6999969482,"63":152.1600036621,"64":147.2599945068,"65":157.3899993896,"66":159.1100006104,"67":170.8099975586,"68":179.8600006104,"69":174.6600036621,"70":180.8000030518,"71":174.6600036621,"72":172.4900054932,"73":178.75,"74":172.9600067139,"75":170.1600036621,"76":174.7599945068,"77":175.0399932861,"78":180.0800018311,"79":183.6199951172,"80":183.6199951172},"Volume":{"0":1590500,"1":1251100,"2":1294800,"3":1556700,"4":1185900,"5":1115600,"6":828600,"7":645400,"8":1212600,"9":657000,"10":1393700,"11":1157300,"12":1273100,"13":1408200,"14":1253300,"15":891100,"16":1156700,"17":894900,"18":587700,"19":654100,"20":1095000,"21":1612700,"22":1388800,"23":1443900,"24":1235600,"25":832200,"26":877500,"27":901100,"28":1100000,"29":1088300,"30":1377300,"31":1355800,"32":1200800,"33":1200200,"34":1053800,"35":1307000,"36":1285800,"37":1716300,"38":2116600,"39":3424800,"40":1778700,"41":3065700,"42":1897700,"43":1599100,"44":1864400,"45":2081600,"46":2935700,"47":2145400,"48":2583500,"49":1908600,"50":2419400,"51":2791100,"52":2395700,"53":2084600,"54":2746200,"55":3445300,"56":3078900,"57":2236400,"58":2426000,"59":1800600,"60":1773800,"61":2442800,"62":2659600,"63":2486500,"64":1635000,"65":1708100,"66":1464700,"67":1723200,"68":2170900,"69":1287800,"70":1748400,"71":1069800,"72":921300,"73":1265900,"74":1011100,"75":875200,"76":985400,"77":1296900,"78":1272900,"79":532634,"80":532634}}