{"Open":{"0":89.8154220453,"1":87.8415636539,"2":87.9506691361,"3":87.2861030841,"4":86.3735735729,"5":86.1156753268,"6":86.3934073662,"7":86.7604084696,"8":87.1174837561,"9":87.3456190495,"10":88.3573432515,"11":88.446615145,"12":89.6368799165,"13":90.4601400333,"14":90.4601470328,"15":91.8091086191,"16":92.9497834106,"17":92.7117305956,"18":93.30686514,"19":93.7333770154,"20":93.8722418457,"21":93.3961362244,"22":92.9696247464,"23":91.6504158656,"24":92.810918199,"25":93.0192160715,"26":92.0570838817,"27":92.5331957666,"28":92.037247216,"29":92.0471663083,"30":93.1580815311,"31":93.7200012207,"32":94.2699966431,"33":93.8700027466,"34":91.2099990845,"35":89.4599990845,"36":89.1999969482,"37":88.4300003052,"38":87.3499984741,"39":81.2600021362,"40":79.5899963379,"41":84.3899993896,"42":84.8099975586,"43":86.6500015259,"44":85.2900009155,"45":85.5500030518,"46":89.4100036621,"47":87.5699996948,"48":80.6299972534,"49":86.3399963379,"50":82.6500015259,"51":81.4199981689,"52":88.9100036621,"53":92.5599975586,"54":81.2399978638,"55":72.5,"56":67.5,"57":69.3499984741,"58":70.6200027466,"59":74.2600021362,"60":79.7200012207,"61":79.75,"62":75.7099990845,"63":76.0,"64":78.2200012207,"65":80.7099990845,"66":82.9400024414,"67":80.5599975586,"68":83.8899993896,"69":86.1800003052,"70":87.0100021362,"71":87.9899978638,"72":87.6800003052,"73":89.5299987793,"74":88.9599990845,"75":84.4700012207,"76":84.7300033569,"77":84.1200027466,"78":82.1900024414,"79":82.8600006104,"80":82.8600006104},"High":{"0":89.9146092883,"1":88.5061340989,"2":88.3375046836,"3":87.8613996706,"4":86.6711353108,"5":86.5421872688,"6":87.0381358116,"7":87.4745687432,"8":87.3456136507,"9":88.4763703005,"10":88.5953941405,"11":89.6864746403,"12":90.1328236876,"13":90.8568965603,"14":92.0372522683,"15":92.9597018021,"16":93.3961373583,"17":93.9119136241,"18":93.8524063406,"19":94.1598889807,"20":94.3285092336,"21":93.5548342988,"22":93.2969418913,"23":92.7315697185,"24":93.19775374,"25":93.1977561387,"26":92.3348111933,"27":92.8605204931,"28":92.3943273415,"29":92.9795354456,"30":93.7135437327,"31":94.5800018311,"32":94.5800018311,"33":94.6500015259,"34":91.6800003052,"35":90.1299972534,"36":89.4000015259,"37":89.1500015259,"38":87.8899993896,"39":81.2799987793,"40":84.8199996948,"41":86.4300003052,"42":88.3399963379,"43":88.0800018311,"44":88.5,"45":89.9300003052,"46":91.5299987793,"47":88.0,"48":86.0100021362,"49":89.1600036621,"50":86.6399993896,"51":94.6299972534,"52":93.8799972534,"53":92.5599975586,"54":81.5,"55":72.6900024414,"56":71.2099990845,"57":74.4599990845,"58":76.7300033569,"59":79.7200012207,"60":81.0899963379,"61":80.0,"62":78.4400024414,"63":79.6299972534,"64":78.9300003052,"65":83.0,"66":83.2200012207,"67":84.7399978638,"68":89.3700027466,"69":87.1500015259,"70":89.4899978638,"71":88.0800018311,"72":89.3099975586,"73":90.0,"74":89.4300003052,"75":85.0,"76":85.0500030518,"77":84.7900009155,"78":82.8499984741,"79":83.3799972534,"80":83.3799972534},"Low":{"0":87.7522940937,"1":87.7423764072,"2":87.3852935232,"3":86.4727556081,"4":85.9867380163,"5":86.0065670928,"6":86.3636519493,"7":86.5818684012,"8":86.4231579432,"9":87.2365108088,"10":88.2383140233,"11":88.2085642408,"12":89.1508495722,"13":90.2716865479,"14":90.4601470328,"15":91.7694322092,"16":92.374486803,"17":92.7117305956,"18":92.7910869237,"19":93.1481669712,"20":92.7910879943,"21":92.5827811609,"22":91.7495997124,"23":91.4321993825,"24":92.4736800628,"25":92.0273284912,"26":91.5413056698,"27":92.2554684474,"28":91.7000015119,"29":91.4817907158,"30":92.9894624554,"31":93.6299972534,"32":93.7399978638,"33":93.6299972534,"34":89.2699966431,"35":88.5999984741,"36":88.0199966431,"37":87.6699981689,"38":83.1699981689,"39":77.8000030518,"40":79.2799987793,"41":83.5699996948,"42":84.8099975586,"43":86.0699996948,"44":85.1600036621,"45":83.5199966431,"46":87.4000015259,"47":84.6900024414,"48":78.4300003052,"49":84.0199966431,"50":78.8199996948,"51":81.4199981689,"52":86.4300003052,"53":79.5599975586,"54":71.0699996948,"55":62.0299987793,"56":64.5800018311,"57":67.8000030518,"58":70.1999969482,"59":74.0100021362,"60":78.0400009155,"61":77.3399963379,"62":75.25,"63":76.0,"64":76.9899978638,"65":79.5699996948,"66":79.6500015259,"67":79.5199966431,"68":83.8600006104,"69":84.0699996948,"70":86.0800018311,"71":86.0999984741,"72":87.3600006104,"73":87.6500015259,"74":85.3300018311,"75":82.7099990845,"76":83.5400009155,"77":81.5599975586,"78":80.9100036621,"79":82.5254974365,"80":82.5254974365},"Close":{"0":88.1391296387,"1":87.9109954834,"2":87.6233444214,"3":86.9587783813,"4":86.264465332,"5":86.1751861572,"6":86.7802429199,"7":87.0778121948,"8":87.0678863525,"9":88.238319397,"10":88.4466094971,"11":89.5079345703,"12":90.0931472778,"13":90.4204711914,"14":92.0174102783,"15":92.8505935669,"16":92.6522216797,"17":93.4159698486,"18":93.673866272,"19":93.9714279175,"20":93.2374343872,"21":93.0886459351,"22":91.789276123,"23":92.6423034668,"24":92.711730957,"25":92.0273284912,"26":92.3248977661,"27":92.4240875244,"28":92.1166000366,"29":92.8803482056,"30":93.5350036621,"31":94.3499984741,"32":93.8799972534,"33":94.5800018311,"34":90.1800003052,"35":88.8899993896,"36":88.25,"37":87.6900024414,"38":83.1900024414,"39":78.8199996948,"40":84.5299987793,"41":83.8399963379,"42":88.0100021362,"43":87.5800018311,"44":87.9000015259,"45":88.6600036621,"46":89.4000015259,"47":86.5,"48":83.7900009155,"49":88.0699996948,"50":79.5500030518,"51":93.8799972534,"52":92.1999969482,"53":80.0899963379,"54":72.5899963379,"55":65.3499984741,"56":70.5100021362,"57":70.9300003052,"58":75.9199981689,"59":77.9000015259,"60":80.7300033569,"61":78.0,"62":77.6100006104,"63":78.9300003052,"64":77.9000015259,"65":81.0500030518,"66":79.9199981689,"67":83.8300018311,"68":87.9400024414,"69":84.8399963379,"70":89.3000030518,"71":86.9700012207,"72":88.4100036621,"73":89.5599975586,"74":85.4700012207,"75":83.4899978638,"76":84.1200027466,"77":81.7799987793,"78":82.6399993896,"79":83.3199996948,"80":83.3199996948},"Volume":{"0":1335100,"1":1379600,"2":1395300,"3":1897700,"4":2255000,"5":1523200,"6":1453400,"7":1351800,"8":2134500,"9":1944200,"10":1707100,"11":2538400,"12":2140900,"13":1581700,"14":1741900,"15":1455900,"16":1999400,"17":1496500,"18":1640800,"19":1429700,"20":3781500,"21":1434400,"22":1631900,"23":1270800,"24":1212700,"25":1098300,"26":1029900,"27":1141700,"28":1552200,"29":1244300,"30":1249200,"31":2172700,"32":1029900,"33":1319000,"34":3976900,"35":2393400,"36":2328700,"37":2455200,"38":2752600,"39":5357400,"40":3615400,"41":3129700,"42":2415100,"43":2282900,"44":4705400,"45":5398100,"46":4040400,"47":4162800,"48":6073000,"49":5699300,"50":5037300,"51":5432000,"52":4117600,"53":5082100,"54":4902400,"55":5017900,"56":3372200,"57":3122100,"58":2771000,"59":2291500,"60":2557200,"61":3389300,"62":6352500,"63":3021800,"64":3904500,"65":2608100,"66":2173300,"67":1974700,"68":2111900,"69":1095900,"70":1814000,"71":1425700,"72":1594500,"73":1211900,"74":1551000,"75":2118100,"76":1497200,"77":1868100,"78":1748600,"79":395364,"80":395364}}