{"Open":{"0":140.3063717942,"1":139.8276065819,"2":141.7426466581,"3":143.2088519236,"4":143.1889006032,"5":146.6998056976,"6":147.9266149435,"7":146.4304894106,"8":147.8667713674,"9":146.859384383,"10":150.4201595584,"11":151.0285759305,"12":152.1357060966,"13":154.2801492287,"14":153.6916762125,"15":154.9185038652,"16":151.2280558846,"17":153.1630501477,"18":154.8486845544,"19":152.91369235,"20":151.2280519031,"21":150.3104396714,"22":153.791424856,"23":156.0156587831,"24":156.4844382079,"25":155.1279533869,"26":154.6791231165,"27":155.5867764918,"28":152.8239323662,"29":155.4571106659,"30":162.5786472283,"31":162.1796852202,"32":159.7060876809,"33":161.142364132,"34":160.0651559583,"35":154.5494546027,"36":156.3348261915,"37":152.953594594,"38":150.1707964423,"39":139.5782586597,"40":143.597838336,"41":150.3300018311,"42":153.9700012207,"43":158.9299926758,"44":153.4199981689,"45":144.2700042725,"46":145.7700042725,"47":148.4400024414,"48":134.6000061035,"49":140.4199981689,"50":128.6799926758,"51":131.8099975586,"52":123.8499984741,"53":122.6999969482,"54":117.0,"55":104.5999984741,"56":108.3799972534,"57":113.3399963379,"58":117.4199981689,"59":118.1900024414,"60":120.7099990845,"61":121.2399978638,"62":115.4400024414,"63":112.0400009155,"64":108.25,"65":111.2900009155,"66":120.6299972534,"67":117.4100036621,"68":123.3899993896,"69":123.2300033569,"70":123.3099975586,"71":126.6900024414,"72":124.9400024414,"73":124.1900024414,"74":126.4400024414,"75":126.0,"76":130.8899993896,"77":132.4199981689,"78":131.3600006104,"79":132.8500061035,"80":132.8500061035},"High":{"0":142.2114381725,"1":142.6802139947,"2":143.1589741358,"3":143.4382531192,"4":146.8593958618,"5":147.8767481378,"6":147.9266149435,"7":148.4652244736,"8":148.3255889565,"9":149.7818029144,"10":150.7891982526,"11":153.2228858642,"12":154.0806622691,"13":155.0282104997,"14":154.6392174342,"15":154.9982836715,"16":153.1131696065,"17":154.8486839898,"18":155.2975182774,"19":153.7914224267,"20":152.0459394785,"21":152.115758413,"22":155.417216214,"23":156.6839250338,"24":156.5442806726,"25":155.8062034995,"26":155.2875468875,"27":155.5867764918,"28":154.5594400002,"29":164.3440824348,"30":163.9650534885,"31":162.1796852202,"32":161.8704764419,"33":161.6709928617,"34":160.9029961303,"35":157.5217471066,"36":156.5941486019,"37":155.1578731961,"38":151.696840139,"39":143.1589748859,"40":150.6395857797,"41":154.3699951172,"42":163.0399932861,"43":161.0299987793,"44":155.9700012207,"45":148.3200073242,"46":152.8699951172,"47":152.0299987793,"48":139.7599945068,"49":142.4199981689,"50":131.7400054932,"51":136.3399963379,"52":127.1699981689,"53":122.6999969482,"54":118.0,"55":110.9800033569,"56":114.9300003052,"57":119.4700012207,"58":122.2099990845,"59":123.2200012207,"60":124.6100006104,"61":122.9100036621,"62":117.2099990845,"63":114.2399978638,"64":112.0899963379,"65":114.9599990845,"66":123.3399963379,"67":124.1699981689,"68":128.0,"69":124.0699996948,"70":130.5099945068,"71":127.7399978638,"72":125.6100006104,"73":128.1199951172,"74":130.6699981689,"75":133.5599975586,"76":132.9100036621,"77":133.7899932861,"78":131.7100067139,"79":136.3200073242,"80":136.3200073242},"Low":{"0":139.1294293528,"1":139.8276065819,"2":141.3436867448,"3":141.9920043687,"4":143.1390268073,"5":146.1711769447,"6":146.1013436829,"7":146.4304894106,"8":146.7297188945,"9":146.3506930123,"10":149.0138007012,"11":150.0710660631,"12":151.3676922985,"13":153.3226393246,"14":152.2354588115,"15":152.803973733,"16":150.0112083795,"17":152.6344213974,"18":153.6418056627,"19":150.6196347891,"20":148.5948770081,"21":150.1508496164,"22":153.3425911395,"23":154.6990788439,"24":155.3473857205,"25":154.7988046114,"26":153.282732957,"27":152.8139639174,"28":151.2280622278,"29":153.1231630961,"30":161.6311060091,"31":158.8782287832,"32":159.3570015565,"33":158.7884641354,"34":158.3695534913,"35":154.0108571874,"36":150.3702737772,"37":151.2081183639,"38":144.6351402783,"39":138.141978613,"40":142.680218365,"41":148.8999938965,"42":152.6000061035,"43":155.6799926758,"44":149.3600006104,"45":141.2400054932,"46":143.0599975586,"47":140.9900054932,"48":129.4400024414,"49":130.7100067139,"50":120.6800003052,"51":128.9700012207,"52":107.8099975586,"53":107.2200012207,"54":105.3499984741,"55":103.0100021362,"56":107.1500015259,"57":108.3099975586,"58":117.0299987793,"59":117.0699996948,"60":119.6200027466,"61":119.0400009155,"62":112.5500030518,"63":107.0400009155,"64":105.6600036621,"65":110.2600021362,"66":116.0199966431,"67":115.6800003052,"68":123.1999969482,"69":118.5800018311,"70":121.1299972534,"71":124.0299987793,"72":120.5500030518,"73":124.1900024414,"74":123.4100036621,"75":122.1900024414,"76":128.2299957275,"77":131.0800018311,"78":129.3899993896,"79":132.4299926758,"80":132.4299926758},"Close":{"0":142.0219268799,"1":142.5006713867,"2":143.1091003418,"3":142.8398132324,"4":145.9018707275,"5":147.5974731445,"6":146.3407287598,"7":148.2058868408,"8":146.7995300293,"9":149.3828430176,"10":150.6296234131,"11":152.6344146729,"12":153.9410247803,"13":154.3499755859,"14":154.5494537354,"15":153.6118774414,"16":152.6344146729,"17":154.2502288818,"18":154.0208282471,"19":152.3351898193,"20":149.5124969482,"21":151.8763885498,"22":154.9384460449,"23":155.4870300293,"24":155.5668182373,"25":155.2077484131,"26":154.3200531006,"27":152.9136962891,"28":154.1205749512,"29":161.8405609131,"30":162.5387573242,"31":159.2173614502,"32":161.4615478516,"33":161.0126953125,"34":159.1176147461,"35":155.2975158691,"36":151.796585083,"37":152.9934844971,"38":144.7149353027,"39":141.6728210449,"40":150.4799957275,"41":151.2700042725,"42":162.8699951172,"43":158.25,"44":154.1799926758,"45":141.6900024414,"46":152.8600006104,"47":145.4799957275,"48":135.4700012207,"49":140.7100067139,"50":128.9299926758,"51":134.0,"52":124.1100006104,"53":115.4100036621,"54":105.6500015259,"55":104.6200027466,"56":113.6600036621,"57":115.7200012207,"58":121.6500015259,"59":119.5500030518,"60":122.0999984741,"61":119.4499969482,"62":113.4700012207,"63":109.3099975586,"64":106.6200027466,"65":113.8499984741,"66":116.2399978638,"67":122.6800003052,"68":124.2200012207,"69":121.4199981689,"70":129.7899932861,"71":124.2600021362,"72":122.0,"73":127.9700012207,"74":125.8099975586,"75":130.0399932861,"76":132.4900054932,"77":131.3200073242,"78":131.4199981689,"79":136.0850067139,"80":136.0850067139},"Volume":{"0":832900,"1":710600,"2":729200,"3":578100,"4":1165600,"5":703100,"6":591200,"7":571300,"8":662900,"9":681100,"10":560900,"11":836700,"12":910000,"13":678100,"14":474000,"15":589000,"16":476900,"17":1033400,"18":487800,"19":760000,"20":751400,"21":527400,"22":579600,"23":493000,"24":472800,"25":479900,"26":606900,"27":571000,"28":1285600,"29":1751900,"30":900200,"31":923100,"32":789800,"33":565600,"34":786600,"35":988500,"36":951300,"37":873200,"38":1003000,"39":1611500,"40":1220000,"41":1529100,"42":1500700,"43":1703300,"44":1496700,"45":1331800,"46":1249700,"47":1627200,"48":2160400,"49":1713400,"50":1559300,"51":1669000,"52":1862200,"53":1724700,"54":1240400,"55":1525600,"56":1390900,"57":1392300,"58":902600,"59":749900,"60":940900,"61":1161800,"62":1087600,"63":1164800,"64":792400,"65":1030300,"66":1279400,"67":747900,"68":873400,"69":1160100,"70":1210300,"71":849600,"72":950300,"73":1046100,"74":1469300,"75":2590700,"76":1136200,"77":785500,"78":615100,"79":188396,"80":188396}}