{"Open":{"0":206.0162424847,"1":204.0113411243,"2":203.2931666915,"3":205.4875892476,"4":206.9538709316,"5":208.5099070481,"6":211.5920752225,"7":211.0833655928,"8":213.207963079,"9":215.4522675214,"10":217.9359526997,"11":218.5045055209,"12":214.8637627204,"13":215.7115997914,"14":208.5597753617,"15":208.4700126966,"16":191.5230958341,"17":197.4580191124,"18":198.1562443794,"19":197.1787189361,"20":197.0989304201,"21":195.1837832374,"22":198.8943559332,"23":203.0837111086,"24":210.4449829798,"25":209.3377955521,"26":207.0436472421,"27":209.8864180045,"28":210.8240358784,"29":213.1979997931,"30":214.9236076748,"31":214.2951958993,"32":211.9611364104,"33":212.1007786898,"34":209.4275868288,"35":199.0539455105,"36":199.0539536493,"37":193.5080451442,"38":185.0800018311,"39":176.7700042725,"40":185.0200042725,"41":192.6300048828,"42":192.2799987793,"43":189.1699981689,"44":184.4499969482,"45":179.3999938965,"46":182.8699951172,"47":182.5099945068,"48":159.8000030518,"49":165.2899932861,"50":150.5,"51":151.4100036621,"52":143.1799926758,"53":150.5299987793,"54":158.5500030518,"55":149.7799987793,"56":151.0800018311,"57":158.8899993896,"58":169.6000061035,"59":167.4799957275,"60":160.3800048828,"61":163.5500030518,"62":153.0299987793,"63":151.8099975586,"64":148.5700073242,"65":158.3200073242,"66":165.3399963379,"67":163.5500030518,"68":167.9799957275,"69":164.1300048828,"70":166.0800018311,"71":160.0,"72":158.4100036621,"73":167.1499938965,"74":171.9400024414,"75":165.0099945068,"76":163.8899993896,"77":164.9700012207,"78":163.3300018311,"79":167.7299957275,"80":167.7299957275},"High":{"0":207.3329024916,"1":206.0262229663,"2":206.9738118532,"3":206.6845584339,"4":208.8590312338,"5":211.4823612852,"6":211.5920752225,"7":212.9885258357,"8":216.0307884633,"9":218.5543817968,"10":218.7339118622,"11":219.8610574436,"12":217.3773614961,"13":217.0681516958,"14":211.0434665732,"15":209.0585129074,"16":197.7373087674,"17":198.6250503964,"18":199.8020542443,"19":198.4854098441,"20":198.2859000236,"21":198.8045830775,"22":201.7072122905,"23":203.7320567311,"24":212.9087206581,"25":209.4674707616,"26":208.5099055849,"27":210.8140676376,"28":214.4647741542,"29":215.6317996129,"30":215.063252051,"31":214.3351029888,"32":212.9386470367,"33":213.3176861845,"34":210.0958860059,"35":203.3829363159,"36":200.7097478769,"37":195.5328961516,"38":188.7400054932,"39":183.7299957275,"40":193.7799987793,"41":195.6399993896,"42":193.6199951172,"43":193.1399993896,"44":193.1199951172,"45":182.3600006104,"46":187.6900024414,"47":184.5500030518,"48":166.6799926758,"49":172.5500030518,"50":156.4900054932,"51":159.4499969482,"52":157.0,"53":163.0899963379,"54":159.25,"55":151.9700012207,"56":159.7299957275,"57":174.8200073242,"58":176.4799957275,"59":168.7899932861,"60":167.9199981689,"61":163.6199951172,"62":155.5299987793,"63":155.1199951172,"64":154.3899993896,"65":162.0,"66":166.6399993896,"67":166.7599945068,"68":169.2400054932,"69":164.1300048828,"70":167.3300018311,"71":162.9900054932,"72":162.3699951172,"73":175.0500030518,"74":172.9700012207,"75":166.6000061035,"76":167.2599945068,"77":168.9100036621,"78":168.0,"79":168.1399993896,"80":168.1399993896},"Low":{"0":205.2880979039,"1":203.2133667612,"2":202.9340789874,"3":204.6596921558,"4":205.477628156,"5":206.584808472,"6":209.7068685859,"7":209.9163343248,"8":212.7291845463,"9":215.4522675214,"10":216.6492153929,"11":217.8461754952,"12":212.1905508029,"13":210.9935984444,"14":206.1858210356,"15":203.811856823,"16":190.5854922697,"17":194.6052709005,"18":197.4480380908,"19":194.6351973611,"20":194.1763524231,"21":194.5454067716,"22":197.9567523676,"23":200.041442346,"24":204.5898732654,"25":204.1210623276,"26":205.4177757575,"27":208.5099125193,"28":210.6245460806,"29":212.4299481111,"30":213.277797869,"31":210.6444734308,"32":209.8864091076,"33":208.3503189219,"34":208.1408495078,"35":197.8071153094,"36":190.2363737594,"37":188.6703379276,"38":182.2400054932,"39":176.4400024414,"40":182.6199951172,"41":186.8300018311,"42":186.8200073242,"43":187.4499969482,"44":183.2799987793,"45":174.9299926758,"46":177.5099945068,"47":169.5599975586,"48":152.4700012207,"49":157.1100006104,"50":146.9799957275,"51":140.9400024414,"52":137.0099945068,"53":139.8399963379,"54":148.9700012207,"55":140.3200073242,"56":147.2700042725,"57":156.6499938965,"58":166.1699981689,"59":159.0700073242,"60":160.1300048828,"61":158.4900054932,"62":151.0599975586,"63":147.3399963379,"64":147.1600036621,"65":157.0299987793,"66":162.3399963379,"67":162.1300048828,"68":163.7899932861,"69":159.7200012207,"70":162.6300048828,"71":156.7400054932,"72":156.3099975586,"73":166.3200073242,"74":166.6199951172,"75":160.8600006104,"76":163.5299987793,"77":162.5299987793,"78":162.4100036621,"79":165.9049987793,"80":165.9049987793},"Close":{"0":205.7369537354,"1":204.1809082031,"2":206.8341674805,"3":205.5274963379,"4":207.1932678223,"5":211.4225158691,"6":211.0833587646,"7":212.9286804199,"8":215.1530151367,"9":217.9359588623,"10":217.3873443604,"11":219.3224334717,"12":217.1778717041,"13":212.1007843018,"14":208.3403320312,"15":204.8192901611,"16":196.4904785156,"17":196.610168457,"18":198.22605896,"19":198.1662139893,"20":194.6651153564,"21":195.7024688721,"22":199.9117736816,"23":200.8094940186,"24":210.9935913086,"25":208.4301147461,"26":208.1508178711,"27":209.2879486084,"28":214.2453308105,"29":214.3450775146,"30":214.4647674561,"31":210.9038238525,"32":212.5795593262,"33":210.7841339111,"34":208.7393341064,"35":198.2759246826,"36":190.9445648193,"37":188.8099822998,"38":182.2799987793,"39":183.6000061035,"40":193.3300018311,"41":188.3899993896,"42":193.3999938965,"43":189.6199951172,"44":191.9499969482,"45":177.8999938965,"46":187.3800048828,"47":172.5099945068,"48":157.3500061035,"49":172.2200012207,"50":148.9799957275,"51":153.7400054932,"52":156.2400054932,"53":156.5099945068,"54":151.0,"55":144.3800048828,"56":157.8300018311,"57":167.7599945068,"58":172.9799957275,"59":160.6799926758,"60":165.2299957275,"61":159.3399963379,"62":153.3800048828,"63":149.2100067139,"64":154.0800018311,"65":160.5,"66":163.1699981689,"67":165.7299957275,"68":164.8300018311,"69":162.2200012207,"70":165.0,"71":157.7899932861,"72":161.8699951172,"73":174.2599945068,"74":167.7899932861,"75":161.1100006104,"76":165.9799957275,"77":162.75,"78":166.3099975586,"79":167.2200012207,"80":167.2200012207},"Volume":{"0":1138700,"1":1076200,"2":2428900,"3":1180600,"4":1614300,"5":1277100,"6":1212800,"7":1235500,"8":1434500,"9":1696500,"10":1623800,"11":1147000,"12":2104100,"13":2528600,"14":2781200,"15":2420800,"16":4042600,"17":2035600,"18":1446100,"19":1497600,"20":1620600,"21":2301600,"22":2252200,"23":2293800,"24":4056300,"25":3386200,"26":1689900,"27":1468700,"28":2141100,"29":1818700,"30":1442800,"31":2122600,"32":1768500,"33":2379900,"34":1709000,"35":2494300,"36":2767800,"37":2982500,"38":4176000,"39":4084300,"40":3350100,"41":3149900,"42":2815600,"43":2851600,"44":2384600,"45":3035900,"46":2340300,"47":3040400,"48":3958500,"49":2880600,"50":3512100,"51":3612800,"52":4214500,"53":4292300,"54":3681100,"55":2868200,"56":2702900,"57":2988000,"58":2553700,"59":1882100,"60":1890000,"61":2209200,"62":1822200,"63":1888700,"64":1589400,"65":1792900,"66":1827100,"67":1749000,"68":2976800,"69":1937100,"70":3991400,"71":2103800,"72":3303800,"73":4430900,"74":1805600,"75":1247600,"76":1190500,"77":1976400,"78":1278600,"79":760066,"80":760066}}