{"Open":{"0":79.148789692,"1":76.1954749756,"2":74.4628664692,"3":73.458742702,"4":73.9706450062,"5":74.0789320407,"6":74.3151943379,"7":73.9312620914,"8":75.3980760016,"9":74.6499077788,"10":75.2701011926,"11":75.9296702064,"12":75.7918554667,"13":74.4825564893,"14":71.8442608923,"15":72.996055639,"16":69.9836722224,"17":69.1961245055,"18":69.4127024131,"19":68.7432850868,"20":68.6054600542,"21":70.5349569431,"22":72.2084981004,"23":72.8090064101,"24":74.6203750247,"25":71.8639474835,"26":70.9582654762,"27":72.5825933577,"28":74.3250439613,"29":73.9214219508,"30":73.9214225189,"31":72.7499407818,"32":71.863947859,"33":72.0509902706,"34":72.3955488737,"35":69.9541336896,"36":70.2494689259,"37":66.1049855396,"38":63.2107404053,"39":59.4797200911,"40":61.2418644063,"41":61.8029952577,"42":61.0646668605,"43":59.5683186925,"44":56.831584838,"45":52.2736393434,"46":51.9192444962,"47":49.0053037408,"48":42.5178601545,"49":46.3699989319,"50":38.2900009155,"51":41.1599998474,"52":37.3899993896,"53":37.5,"54":42.1100006104,"55":39.9799995422,"56":41.8699989319,"57":43.0999984741,"58":47.0200004578,"59":45.9599990845,"60":45.0600013733,"61":47.4399986267,"62":44.4300003052,"63":45.8800010681,"64":45.0299987793,"65":47.5999984741,"66":52.6500015259,"67":53.0200004578,"68":58.6199989319,"69":59.5200004578,"70":58.7900009155,"71":53.5200004578,"72":51.9599990845,"73":53.8499984741,"74":53.8899993896,"75":52.1899986267,"76":54.1300010681,"77":54.6800003052,"78":56.7599983215,"79":57.4300003052,"80":57.4300003052},"High":{"0":79.148789692,"1":76.3726740516,"2":75.644188696,"3":74.6006865101,"4":74.3151966843,"5":74.5022405242,"6":74.8664845161,"7":75.1224306834,"8":76.2053220847,"9":75.4669928196,"10":75.7426345653,"11":76.4415819699,"12":75.8607658044,"13":74.777883279,"14":73.0157365541,"15":72.996055639,"16":70.3774488031,"17":69.7080287876,"18":70.5251142795,"19":68.831880873,"20":72.0312987615,"21":71.6178368225,"22":73.0354296088,"23":74.334887745,"24":74.6991243267,"25":72.582590263,"26":72.2577228347,"27":74.2561344073,"28":75.5654375264,"29":74.5416224974,"30":74.0001793366,"31":73.0157356314,"32":72.2872563454,"33":73.3307546428,"34":72.7794789733,"35":70.4660454493,"36":70.2494689259,"37":66.8433137307,"38":64.9433527668,"39":61.0646652839,"40":62.0294137636,"41":63.1516775593,"42":62.0195725926,"43":60.3558717923,"44":58.5543507181,"45":55.1678885281,"46":52.2834853835,"47":49.3203234802,"48":43.4333874566,"49":46.3899993896,"50":43.9300003052,"51":42.0699996948,"52":38.8499984741,"53":43.1599998474,"54":43.0,"55":41.9799995422,"56":42.8699989319,"57":48.5900001526,"58":50.1300010681,"59":47.7099990845,"60":48.0400009155,"61":48.2299995422,"62":46.0299987793,"63":48.1300010681,"64":46.4799995422,"65":50.5699996948,"66":54.1399993896,"67":57.0,"68":61.0999984741,"69":59.6399993896,"70":59.1399993896,"71":54.1800003052,"72":52.4399986267,"73":55.6399993896,"74":55.3199996948,"75":53.7200012207,"76":54.4000015259,"77":56.8400001526,"78":57.5600013733,"79":59.0190010071,"80":59.0190010071},"Low":{"0":77.3472669642,"1":74.7483504405,"2":74.2266035259,"3":73.0255877175,"4":73.1141815401,"5":73.2027831463,"6":73.4882703365,"7":73.6949991709,"8":74.9353966151,"9":74.4825551831,"10":74.7877288511,"11":75.4866762859,"12":74.0494040643,"13":72.2872572167,"14":70.5054251267,"15":71.7655085363,"16":68.7235931729,"17":68.6645272641,"18":69.3634775252,"19":67.5127379852,"20":68.556235169,"21":70.062423581,"22":71.6769008831,"23":72.4743012201,"24":72.1691199293,"25":70.9877985876,"26":70.7810664042,"27":72.3955477954,"28":73.8328251271,"29":73.2815434659,"30":72.6022796197,"31":70.6629303476,"32":71.2634402966,"33":71.9427015338,"34":71.9722403652,"35":69.3044087769,"36":65.1599282503,"37":64.7267714142,"38":61.5076637268,"39":58.3869974709,"40":59.2040788011,"41":59.4009687128,"42":59.5584784421,"43":58.3968392775,"44":55.6896373192,"45":48.9757746152,"46":49.143126805,"47":46.3571678831,"48":35.9811948512,"49":41.6300010681,"50":38.0,"51":39.0,"52":34.4399986267,"53":35.9300003052,"54":39.0999984741,"55":38.1199989319,"56":40.0099983215,"57":42.5,"58":46.2599983215,"59":45.0099983215,"60":44.5,"61":46.0900001526,"62":43.7700004578,"63":44.8100013733,"64":44.9799995422,"65":47.2900009155,"66":52.2000007629,"67":52.7700004578,"68":57.4799995422,"69":56.8699989319,"70":55.4700012207,"71":51.6800003052,"72":50.3699989319,"73":53.8499984741,"74":52.9500007629,"75":51.5499992371,"76":52.8300018311,"77":54.6100006104,"78":55.7200012207,"79":57.4150009155,"80":57.4150009155},"Close":{"0":77.4457092285,"1":74.7680358887,"2":74.3348922729,"3":73.8131408691,"4":74.0297088623,"5":74.1970672607,"6":73.6260910034,"7":75.0043029785,"8":75.339012146,"9":75.0141448975,"10":75.7327880859,"11":76.2446899414,"12":74.5317764282,"13":72.3955459595,"14":72.9074478149,"15":72.0313034058,"16":68.7432861328,"17":69.058303833,"18":69.727722168,"19":68.4676437378,"20":70.1608657837,"21":71.0763931274,"22":71.9427032471,"23":74.2955093384,"24":72.7597885132,"25":71.2535934448,"26":71.9919204712,"27":73.1437225342,"28":74.502243042,"29":73.8623580933,"30":73.5670318604,"31":71.568611145,"32":72.0214614868,"33":72.9763565063,"34":72.4546127319,"35":69.9344482422,"36":65.5340118408,"37":64.7858352661,"38":61.5076637268,"39":60.5527572632,"40":61.9506607056,"41":60.0014762878,"42":61.930973053,"43":58.7807693481,"44":56.8808059692,"45":49.2907943726,"46":50.9348068237,"47":46.7706298828,"48":41.75,"49":46.3100013733,"50":40.0099983215,"51":40.7700004578,"52":38.6199989319,"53":41.25,"54":40.8100013733,"55":38.3899993896,"56":41.5800018311,"57":46.5800018311,"58":47.9500007629,"59":46.4700012207,"60":47.6100006104,"61":46.5800018311,"62":45.5099983215,"63":45.3800010681,"64":45.0900001526,"65":50.1800003052,"66":52.8699989319,"67":56.5400009155,"68":59.7099990845,"69":57.9300003052,"70":56.3800010681,"71":52.0,"72":52.2299995422,"73":55.0999984741,"74":53.6100006104,"75":52.7200012207,"76":53.8699989319,"77":56.0,"78":57.2700004578,"79":58.8899993896,"80":58.8899993896},"Volume":{"0":1187000,"1":1461500,"2":1274600,"3":1431800,"4":965900,"5":1013900,"6":707500,"7":828800,"8":1172100,"9":604100,"10":713900,"11":1343000,"12":715900,"13":1213800,"14":1356000,"15":1472500,"16":1960400,"17":1576200,"18":1315300,"19":2051800,"20":2693200,"21":1431000,"22":1198500,"23":1485100,"24":1113700,"25":891900,"26":1079500,"27":703300,"28":772200,"29":654900,"30":799800,"31":1439700,"32":801200,"33":664200,"34":679500,"35":1511600,"36":1417200,"37":1106100,"38":2797000,"39":3081300,"40":2238700,"41":1541600,"42":1261700,"43":1641900,"44":1990800,"45":2000900,"46":2367100,"47":2452000,"48":4118200,"49":1955100,"50":2060600,"51":2340800,"52":2030600,"53":1497200,"54":2037800,"55":1704100,"56":1531900,"57":1566200,"58":1365900,"59":991300,"60":1295200,"61":2126600,"62":1842900,"63":2045000,"64":1414900,"65":1718300,"66":2548700,"67":1773400,"68":2011900,"69":2318400,"70":1857100,"71":1767400,"72":1394600,"73":1563800,"74":1053400,"75":914000,"76":568700,"77":895200,"78":1099200,"79":233616,"80":233616}}