{"Open":{"0":83.2942427826,"1":84.5389193917,"2":84.8550263572,"3":87.5518140346,"4":88.154391946,"5":85.497120919,"6":86.4849551189,"7":84.8352659737,"8":84.3314721409,"9":84.6377041228,"10":86.1877962657,"11":86.2968177686,"12":84.3443165452,"13":83.2937261346,"14":81.3709544938,"15":80.4789406582,"16":76.9010031877,"17":76.782067535,"18":76.9802877966,"19":73.4717256043,"20":73.6600409346,"21":72.1832708536,"22":72.2625684699,"23":74.829559927,"24":76.7126939102,"25":74.1853335802,"26":73.24377604,"27":74.4628469398,"28":75.9197923341,"29":74.3340031568,"30":75.3251264726,"31":73.8681716919,"32":74.2646269824,"33":76.1081074782,"34":74.2051606217,"35":70.6965961377,"36":69.5270691563,"37":67.1186492812,"38":60.0519621963,"39":56.7911789532,"40":63.2433722141,"41":62.37118564,"42":63.0550567857,"43":61.2313938343,"44":58.3967905338,"45":37.8806104495,"46":39.5258669775,"47":39.0996879088,"48":34.8775145714,"49":34.9369830359,"50":29.7236896218,"51":31.1112578877,"52":27.9396750668,"53":29.6741360974,"54":34.3819525446,"55":34.2927525952,"56":36.1164113665,"57":38.7428843912,"58":35.7992549509,"59":37.4940721921,"60":34.6991125807,"61":36.5723293656,"62":34.2630189214,"63":36.3047274656,"64":39.6448018557,"65":40.3187645844,"66":41.6270422428,"67":41.8847324472,"68":46.8304229386,"69":45.7897453274,"70":42.4694929188,"71":39.3699989319,"72":39.5499992371,"73":37.5499992371,"74":39.0299987793,"75":39.2700004578,"76":42.6899986267,"77":45.25,"78":45.0,"79":42.8600006104,"80":42.8600006104},"High":{"0":83.5807158229,"1":85.7934665001,"2":88.2037863391,"3":88.243303062,"4":88.4507454561,"5":87.2949802892,"6":86.5442228057,"7":84.9241750415,"8":85.6057801269,"9":85.7144406682,"10":87.3077591692,"11":86.3661958659,"12":85.4048147189,"13":83.3531909152,"14":81.5097106957,"15":80.4888539754,"16":77.5749651429,"17":77.2379818272,"18":77.2478944284,"19":75.3152094777,"20":74.13578188,"21":72.3517594375,"22":74.1357848111,"23":77.2875408518,"24":76.7126939102,"25":74.6511612095,"26":73.4816427439,"27":74.7403669067,"28":76.2270446835,"29":75.364768908,"30":75.5431741012,"31":74.4033773942,"32":76.9802938509,"33":76.6829589063,"34":74.2051606217,"35":70.6965961377,"36":69.6955577407,"37":67.1682007454,"38":62.9955898672,"39":62.6982536316,"40":63.3325731705,"41":64.8291667145,"42":63.927243492,"43":63.1739919535,"44":59.3680914934,"45":39.8232048877,"46":41.3396146261,"47":39.5952479487,"48":35.6307679563,"49":35.5019211825,"50":35.7695222132,"51":32.9448322559,"52":29.8822694802,"53":34.2431984381,"54":36.9093116505,"55":36.2056146152,"56":39.6447999206,"57":41.2008617557,"58":39.8430265475,"59":38.0490969839,"60":35.1550306942,"61":38.2671436514,"62":35.1550284552,"63":43.0641657134,"64":40.9233476229,"65":40.5764541379,"66":42.5586937319,"67":44.9869393215,"68":47.1574943739,"69":46.5628177272,"70":43.0938996132,"71":40.4000015259,"72":39.6500015259,"73":42.1300010681,"74":43.0299987793,"75":41.6399993896,"76":43.3300018311,"77":46.1199989319,"78":45.3300018311,"79":43.5349998474,"80":43.5349998474},"Low":{"0":82.5237327265,"1":83.0374060017,"2":84.7364834463,"3":86.1688510528,"4":85.9120098463,"5":83.6795006286,"6":85.1019846459,"7":83.3139991892,"8":83.5313207089,"9":84.2129347662,"10":85.9003705518,"11":83.5514187062,"12":83.2838183715,"13":82.0449128109,"14":79.9338334477,"15":78.2687473014,"16":75.9297097462,"17":75.8900580235,"18":74.3736449455,"19":72.9365198771,"20":71.8661160852,"21":70.6371185237,"22":72.2526551518,"23":74.6115123174,"24":74.5520518838,"25":73.2437725656,"26":72.4112312338,"27":73.6501287979,"28":74.5024903972,"29":74.0862231463,"30":73.184303459,"31":72.8770517013,"32":74.2646269824,"33":75.0178769651,"34":72.9959929548,"35":68.7837341075,"36":64.967918692,"37":62.5198529716,"38":58.327411697,"39":55.8397045984,"40":59.6257824928,"41":60.3492998115,"42":61.7269557619,"43":60.1708957117,"44":53.391635123,"45":34.5801787873,"46":35.4920088474,"47":37.2264715627,"48":31.3788618671,"49":29.9813826053,"50":27.8603847879,"51":29.3569768289,"52":26.7602416641,"53":29.4957341783,"54":33.2223439221,"55":32.8159858217,"56":35.4028075389,"57":36.3741079858,"58":35.7992549509,"59":34.5702673754,"60":33.2223457684,"61":34.8676017626,"62":33.2520760434,"63":35.9677465069,"64":38.0887436853,"65":37.3255815316,"66":40.2493859735,"67":41.7955314898,"68":42.1721578901,"69":42.360470992,"70":41.3990852235,"71":38.7799987793,"72":36.4000015259,"73":37.4900016785,"74":38.8400001526,"75":39.2700004578,"76":41.5900001526,"77":44.0800018311,"78":42.8100013733,"79":42.0600013733,"80":42.0600013733},"Close":{"0":83.1164321899,"1":83.9560928345,"2":87.3641281128,"3":88.2037887573,"4":86.2775039673,"5":87.1764373779,"6":85.2205200195,"7":84.4796447754,"8":85.2797927856,"9":85.6848068237,"10":86.2472610474,"11":84.552444458,"12":83.2937316895,"13":82.3521575928,"14":81.1033554077,"15":79.1409301758,"16":75.9594421387,"17":76.3657989502,"18":74.4727554321,"19":75.1467208862,"20":72.2625656128,"21":70.7362365723,"22":72.9662628174,"23":76.3657989502,"24":75.1962814331,"25":73.6897735596,"26":73.0455474854,"27":74.125869751,"28":74.7106246948,"29":75.0079650879,"30":74.2547149658,"31":73.8681716919,"32":76.5937576294,"33":75.3152084351,"34":73.5510177612,"35":69.2892074585,"36":66.3951263428,"37":62.6387863159,"38":59.4672012329,"39":62.6982536316,"40":62.3018074036,"41":61.8756256104,"42":63.510974884,"43":61.3205947876,"44":54.8089370728,"45":37.2661132812,"46":41.2305908203,"47":38.5149269104,"48":32.2114028931,"49":34.490978241,"50":30.8238334656,"51":30.6156978607,"52":29.4957332611,"53":32.9250106812,"54":34.5801773071,"55":34.2332878113,"56":39.4465751648,"57":39.3375549316,"58":39.1789741516,"59":35.6803207397,"60":34.669380188,"61":35.6010284424,"62":34.2927513123,"63":37.9598960876,"64":39.5357780457,"65":39.079864502,"66":40.9629936218,"67":44.8878288269,"68":44.422000885,"69":42.9055862427,"70":41.8549995422,"71":39.8899993896,"72":36.5200004578,"73":41.8400001526,"74":41.1699981689,"75":40.5,"76":43.1500015259,"77":44.2200012207,"78":43.3600006104,"79":43.5099983215,"80":43.5099983215},"Volume":{"0":2496400,"1":3716200,"2":8485500,"3":4320000,"4":5337300,"5":6908200,"6":2950600,"7":3399700,"8":4281700,"9":2562500,"10":5128600,"11":4542600,"12":4522700,"13":4030400,"14":3369400,"15":3128800,"16":2968300,"17":2794300,"18":2701000,"19":4535800,"20":5004100,"21":3803200,"22":4725200,"23":3724800,"24":2128800,"25":2257800,"26":2865400,"27":2191500,"28":2860000,"29":2197600,"30":2087700,"31":2520800,"32":2765200,"33":2447100,"34":2963700,"35":3854400,"36":6558100,"37":5371300,"38":7699300,"39":11081600,"40":8008500,"41":6432200,"42":5455100,"43":4905100,"44":9915000,"45":18938200,"46":13804500,"47":13208700,"48":12384000,"49":13961100,"50":10311100,"51":10122100,"52":7759600,"53":9407700,"54":12411400,"55":8642100,"56":10485900,"57":9492500,"58":9263100,"59":10078900,"60":9148200,"61":7816000,"62":6250300,"63":12694000,"64":13593900,"65":9030700,"66":7531800,"67":7217500,"68":11001900,"69":5758200,"70":5410700,"71":6256000,"72":6638800,"73":10886100,"74":6680800,"75":6313900,"76":5274100,"77":7565400,"78":5192300,"79":2252483,"80":2252483}}