{"Open":{"0":581.5015775724,"1":573.096382166,"2":582.7165571678,"3":582.0592637065,"4":580.5953406693,"5":580.545542727,"6":590.8727998148,"7":592.4363239093,"8":593.3524683228,"9":586.132398575,"10":585.1265604073,"11":591.5499591438,"12":589.0702488166,"13":592.8944005346,"14":592.0379467444,"15":594.9060302753,"16":587.4768077437,"17":593.5317181468,"18":597.5849642595,"19":600.2140669438,"20":601.5784255454,"21":590.1159093132,"22":605.5818956255,"23":605.9801887064,"24":603.7594009468,"25":602.6440500311,"26":606.6773025161,"27":610.5711525837,"28":613.6882306649,"29":612.5628965244,"30":636.4539827458,"31":641.512988727,"32":645.516474996,"33":641.3437298025,"34":649.2708947948,"35":645.50649088,"36":643.049987793,"37":634.549987793,"38":623.9199829102,"39":586.5300292969,"40":577.8800048828,"41":621.7199707031,"42":626.0,"43":629.0200195312,"44":599.5900268555,"45":571.0,"46":600.0,"47":591.6400146484,"48":556.9099731445,"49":585.2899780273,"50":582.5900268555,"51":558.6199951172,"52":545.0,"53":571.8900146484,"54":549.75,"55":505.0400085449,"56":509.8399963379,"57":535.799987793,"58":559.5300292969,"59":573.5200195312,"60":605.9899902344,"61":640.0,"62":608.1799926758,"63":594.7899780273,"64":626.3099975586,"65":639.7800292969,"66":678.9199829102,"67":624.0200195312,"68":666.8900146484,"69":681.6099853516,"70":677.3599853516,"71":677.7600097656,"72":659.0300292969,"73":681.8499755859,"74":684.0,"75":658.4099731445,"76":679.9099731445,"77":683.6400146484,"78":685.4899902344,"79":691.8699951172,"80":691.8699951172},"High":{"0":582.4974529715,"1":587.9249813282,"2":585.5747146026,"3":584.080919937,"4":583.7422800936,"5":587.5664517308,"6":593.3127067022,"7":596.0613249082,"8":594.5375623776,"9":590.0860553556,"10":593.9400938856,"11":594.2288662723,"12":592.0976880541,"13":596.708620371,"14":601.2099809043,"15":600.8613451905,"16":592.5060269459,"17":602.1759085708,"18":601.7576844365,"19":605.6017256751,"20":602.7734881133,"21":603.6399139144,"22":606.9561477497,"23":606.7071582693,"24":605.3229325443,"25":605.044082984,"26":611.2085231692,"27":617.1937479726,"28":622.0038260796,"29":633.8049345183,"30":651.6211443649,"31":647.3089903912,"32":647.4285387359,"33":645.8451058661,"34":654.2900845201,"35":651.7406804298,"36":645.9099731445,"37":637.8300170898,"38":630.7299804688,"39":589.9600219727,"40":620.2899780273,"41":634.0399780273,"42":646.5200195312,"43":641.8300170898,"44":609.9899902344,"45":601.9400024414,"46":615.0399780273,"47":604.9799804688,"48":595.0,"49":623.8400268555,"50":586.2800292969,"51":598.2299804688,"52":585.0399780273,"53":590.1099853516,"54":559.9799804688,"55":506.0,"56":552.950012207,"57":593.6900024414,"58":604.25,"59":605.0,"60":649.0,"61":644.9299926758,"62":620.0,"63":629.0399780273,"64":636.2100219727,"65":658.9799804688,"66":679.6599731445,"67":668.7299804688,"68":692.6300048828,"69":681.6099853516,"70":695.8699951172,"71":685.1900024414,"72":688.0,"73":696.7899780273,"74":687.0,"75":681.0900268555,"76":698.7399902344,"77":698.9899902344,"78":689.549987793,"79":704.7100219727,"80":704.7100219727},"Low":{"0":573.6541353478,"1":573.096382166,"2":577.3587428416,"3":572.6482898381,"4":572.6383061889,"5":573.0366037476,"6":584.8975474128,"7":589.8171667773,"8":580.5255894175,"9":582.6368663413,"10":584.1904351299,"11":585.4751438094,"12":581.5314649847,"13":588.3532111001,"14":590.1159145491,"15":587.6062472189,"16":583.1945558461,"17":592.9342172723,"18":594.3284323916,"19":600.2140669438,"20":584.9373266872,"21":588.6121277728,"22":602.7635512386,"23":597.5252166166,"24":592.1076471656,"25":599.6464553722,"26":604.566051652,"27":608.4898071416,"28":609.8043533764,"29":609.465738809,"30":634.5617953311,"31":636.7128623842,"32":638.7545029431,"33":636.6631034687,"34":641.4432685929,"35":635.0597679604,"36":627.5,"37":624.8800048828,"38":597.2600097656,"39":563.549987793,"40":577.2600097656,"41":600.0,"42":621.9199829102,"43":611.049987793,"44":582.5200195312,"45":570.1300048828,"46":571.049987793,"47":584.8900146484,"48":546.1500244141,"49":566.7399902344,"50":530.0,"51":554.7199707031,"52":534.4400024414,"53":535.549987793,"54":493.200012207,"55":477.8699951172,"56":496.6600036621,"57":535.3699951172,"58":551.2600097656,"59":553.9000244141,"60":594.0200195312,"61":611.0599975586,"62":580.6900024414,"63":590.700012207,"64":604.4099731445,"65":630.0,"66":621.7199707031,"67":621.549987793,"68":666.2100219727,"69":644.7600097656,"70":671.8099975586,"71":665.5,"72":659.0300292969,"73":669.299987793,"74":665.799987793,"75":654.950012207,"76":673.200012207,"77":681.0100097656,"78":672.9099731445,"79":685.2399902344,"80":685.2399902344},"Close":{"0":576.9603881836,"1":582.7066040039,"2":582.0692138672,"3":579.4799804688,"4":581.3920288086,"5":586.5606079102,"6":591.549987793,"7":592.5060424805,"8":584.080871582,"9":583.8219604492,"10":592.6653442383,"11":585.5747070312,"12":587.5664672852,"13":589.0902099609,"14":593.5516967773,"15":589.518371582,"16":591.5001831055,"17":600.0845947266,"18":600.194152832,"19":600.5128173828,"20":587.2975463867,"21":601.1103515625,"22":605.3428344727,"23":598.7800292969,"24":601.2398071289,"25":603.5004882812,"26":609.5056152344,"27":611.0392456055,"28":620.5697631836,"29":633.127746582,"30":645.9745483398,"31":640.9354248047,"32":641.0648803711,"33":645.715637207,"34":653.2842407227,"35":642.2400512695,"36":631.9799804688,"37":629.8400268555,"38":597.4899902344,"39":572.799987793,"40":618.8800048828,"41":615.1599731445,"42":645.4899902344,"43":616.6699829102,"44":608.6699829102,"45":574.0599975586,"46":610.2800292969,"47":598.799987793,"48":565.1300048828,"49":621.0900268555,"50":542.4299926758,"51":575.1799926758,"52":572.1400146484,"53":550.0,"54":506.5199890137,"55":489.1400146484,"56":545.8900146484,"57":553.9199829102,"58":587.5800170898,"59":594.2700195312,"60":644.8699951172,"61":624.5700073242,"62":595.4600219727,"63":626.1500244141,"64":624.6900024414,"65":652.2199707031,"66":623.6199951172,"67":664.2600097656,"68":686.9400024414,"69":657.1900024414,"70":688.8900146484,"71":675.5300292969,"72":682.7399902344,"73":694.950012207,"74":670.75,"75":672.200012207,"76":684.7899780273,"77":685.4899902344,"78":685.0999755859,"79":703.3300170898,"80":703.3300170898},"Volume":{"0":448500,"1":385200,"2":284200,"3":252600,"4":261000,"5":229600,"6":307900,"7":396300,"8":385400,"9":394300,"10":522100,"11":794200,"12":680900,"13":444100,"14":352200,"15":329000,"16":233200,"17":318100,"18":243200,"19":348400,"20":488700,"21":445700,"22":325900,"23":327400,"24":215000,"25":186900,"26":270300,"27":345000,"28":566400,"29":508300,"30":438600,"31":427900,"32":405000,"33":353600,"34":604900,"35":543200,"36":677700,"37":414600,"38":718200,"39":1132000,"40":757100,"41":678800,"42":586400,"43":578100,"44":826300,"45":724500,"46":706400,"47":897900,"48":1003900,"49":1081100,"50":1018900,"51":1215500,"52":1027900,"53":985200,"54":1230300,"55":882100,"56":914300,"57":723800,"58":754700,"59":616200,"60":778600,"61":1135000,"62":714800,"63":801500,"64":557200,"65":698800,"66":621200,"67":533700,"68":904300,"69":541000,"70":549800,"71":361100,"72":521700,"73":502600,"74":519500,"75":420700,"76":434000,"77":382400,"78":459800,"79":104505,"80":104505}}