{"Open":{"0":84.5141112484,"1":82.6256431049,"2":82.5461330683,"3":82.7946163928,"4":82.1087976932,"5":82.0491633791,"6":83.1325479671,"7":83.9773853759,"8":84.7427229263,"9":85.677014569,"10":86.6610128658,"11":87.366707117,"12":88.3904559778,"13":88.8277834259,"14":89.4738401115,"15":90.4578337082,"16":91.1237677094,"17":90.9647347643,"18":91.3126183719,"19":91.6903107916,"20":92.6544244545,"21":92.0779426652,"22":91.4616987022,"23":89.8217195376,"24":90.2689877596,"25":90.5572244926,"26":90.1497101401,"27":90.8752837578,"28":90.2292305712,"29":90.805707255,"30":92.2270343781,"31":93.5589046572,"32":94.2645918444,"33":96.4810698395,"34":95.1392582155,"35":95.2883464373,"36":94.7317445202,"37":92.8730919028,"38":92.8432735378,"39":87.4660976829,"40":86.0845301166,"41":93.0299987793,"42":93.1900024414,"43":97.25,"44":95.1900024414,"45":91.4000015259,"46":93.3399963379,"47":89.2300033569,"48":83.7200012207,"49":85.8899993896,"50":81.3399963379,"51":78.6299972534,"52":83.1999969482,"53":86.7200012207,"54":77.5100021362,"55":67.6900024414,"56":64.6999969482,"57":70.2399978638,"58":71.9899978638,"59":76.4300003052,"60":82.6399993896,"61":82.5500030518,"62":75.5,"63":74.5299987793,"64":78.1999969482,"65":78.0100021362,"66":83.25,"67":80.2399978638,"68":84.4499969482,"69":88.7300033569,"70":88.9000015259,"71":89.8099975586,"72":89.4400024414,"73":91.4899978638,"74":92.0199966431,"75":86.5199966431,"76":88.5,"77":87.8300018311,"78":86.7200012207,"79":87.0100021362,"80":87.0100021362},"High":{"0":84.5141112484,"1":83.0033424777,"2":83.2418830877,"3":82.7946163928,"4":82.665397692,"5":83.0132719158,"6":84.0469644242,"7":84.8122929231,"8":85.3887808412,"9":87.1977383046,"10":87.2772464169,"11":88.2811236037,"12":89.3048724556,"13":89.7123830746,"14":90.7162562891,"15":91.5710336828,"16":91.5809759291,"17":91.5213423392,"18":91.9586686913,"19":92.7240019262,"20":92.9923579944,"21":92.2071512115,"22":91.7201233698,"23":90.0403784074,"24":90.7758956736,"25":90.676499167,"26":90.8156509399,"27":91.1933419769,"28":91.1237717288,"29":91.9884897922,"30":93.240842596,"31":94.3242372655,"32":94.3540497479,"33":98.8168107236,"34":96.650032884,"35":95.8548878667,"36":95.5865274411,"37":94.145324792,"38":93.3601152965,"39":87.4660976829,"40":93.1414522753,"41":95.0899963379,"42":98.6399993896,"43":98.9199981689,"44":96.8099975586,"45":94.5899963379,"46":94.3399963379,"47":89.5899963379,"48":84.4499969482,"49":88.6900024414,"50":84.0999984741,"51":90.1600036621,"52":88.7399978638,"53":86.7200012207,"54":77.75,"55":67.8899993896,"56":72.4599990845,"57":74.5500030518,"58":79.4800033569,"59":83.6299972534,"60":84.0,"61":82.7399978638,"62":77.1800003052,"63":79.8899993896,"64":79.0899963379,"65":82.8799972534,"66":83.9899978638,"67":84.0299987793,"68":91.0,"69":89.8000030518,"70":91.7300033569,"71":90.8399963379,"72":90.3099975586,"73":92.1399993896,"74":93.5,"75":88.4300003052,"76":89.0800018311,"77":88.4800033569,"78":87.1800003052,"79":87.3799972534,"80":87.3799972534},"Low":{"0":82.575945173,"1":82.1982516346,"2":82.4964333885,"3":81.5919508702,"4":81.8404315629,"5":82.0392219269,"6":83.1325479671,"7":83.8978765101,"8":84.6333896984,"9":85.6273224729,"10":86.6610128658,"11":86.869740646,"12":88.0624562902,"13":88.1121505454,"14":89.3744483339,"15":90.3981925788,"16":90.5870430385,"17":90.5274094491,"18":90.8554101473,"19":91.5412193388,"20":91.4517665775,"21":91.2927347692,"22":89.8912905421,"23":89.2352951793,"24":90.0503213032,"25":89.8714083849,"26":90.0503183677,"27":90.5373426345,"28":90.0702052449,"29":90.4478908165,"30":92.2270343781,"31":93.181212871,"32":93.7278747559,"33":94.1950210524,"34":94.8808335388,"35":94.5329553371,"36":92.5252122165,"37":92.4755172292,"38":88.9172341298,"39":83.9674571122,"40":86.0845301166,"41":91.5999984741,"42":93.1800003052,"43":96.4400024414,"44":93.3000030518,"45":90.0,"46":87.4499969482,"47":86.2600021362,"48":73.9000015259,"49":81.4300003052,"50":76.4700012207,"51":78.6299972534,"52":78.4400024414,"53":75.4599990845,"54":67.4199981689,"55":60.6899986267,"56":61.9599990845,"57":68.0100021362,"58":71.5,"59":75.4199981689,"60":79.6600036621,"61":78.0400009155,"62":75.0,"63":74.5299987793,"64":74.4000015259,"65":77.1299972534,"66":79.4499969482,"67":78.8899993896,"68":84.1399993896,"69":85.4800033569,"70":88.5599975586,"71":87.4199981689,"72":88.8000030518,"73":89.1600036621,"74":87.5299987793,"75":86.1699981689,"76":87.4700012207,"77":85.1399993896,"78":84.7699966431,"79":85.6399993896,"80":85.6399993896},"Close":{"0":82.7250366211,"1":82.3572845459,"2":82.8045501709,"3":82.1783752441,"4":82.2479476929,"5":82.8940048218,"6":83.8978805542,"7":84.6333847046,"8":85.3291397095,"9":86.790222168,"10":87.2275543213,"11":88.1916732788,"12":89.2551803589,"13":89.404258728,"14":90.6864395142,"15":91.2529754639,"16":90.8156509399,"17":91.2331008911,"18":91.829460144,"19":92.6444854736,"20":91.87915802,"21":91.8493423462,"22":90.0503158569,"23":89.9409866333,"24":90.318687439,"25":90.0304412842,"26":90.8156509399,"27":90.6268005371,"28":90.7063217163,"29":91.9189147949,"30":93.091758728,"31":94.2347793579,"32":93.7278747559,"33":95.0696868896,"34":95.3777999878,"35":94.6323471069,"36":92.8134536743,"37":92.8929672241,"38":88.9768676758,"39":85.9354400635,"40":93.0520019531,"41":92.4000015259,"42":98.5400009155,"43":97.4400024414,"44":96.3600006104,"45":92.5599975586,"46":91.1399993896,"47":87.7900009155,"48":82.6200027466,"49":88.5299987793,"50":77.1800003052,"51":87.2099990845,"52":86.25,"53":77.0500030518,"54":68.3399963379,"55":62.2299995422,"56":71.4400024414,"57":71.9000015259,"58":78.7399978638,"59":80.9599990845,"60":83.6500015259,"61":78.2099990845,"62":75.9899978638,"63":79.2900009155,"64":75.0599975586,"65":82.0899963379,"66":79.7799987793,"67":83.3499984741,"68":90.0999984741,"69":86.7200012207,"70":91.4000015259,"71":88.9199981689,"72":89.7900009155,"73":91.5599975586,"74":87.7699966431,"75":87.1999969482,"76":88.0100021362,"77":86.5599975586,"78":86.5699996948,"79":86.5699996948,"80":86.5699996948},"Volume":{"0":3278200,"1":2199100,"2":2717500,"3":2432800,"4":1548900,"5":1372100,"6":2028500,"7":1691100,"8":2317900,"9":2196900,"10":1908700,"11":2209600,"12":2227700,"13":1521400,"14":1809800,"15":2008400,"16":1727100,"17":1743600,"18":1376200,"19":1508300,"20":4749800,"21":1399200,"22":2599000,"23":2132000,"24":1286200,"25":1243900,"26":1246200,"27":940800,"28":1267100,"29":1426400,"30":1160300,"31":1628400,"32":1695000,"33":2063200,"34":2462300,"35":2160400,"36":2102400,"37":2277500,"38":2295200,"39":3405900,"40":3191500,"41":2409300,"42":1989600,"43":1990400,"44":2262700,"45":3900000,"46":3524400,"47":2653800,"48":3492200,"49":4368900,"50":4690200,"51":5763000,"52":4556400,"53":3691500,"54":4340500,"55":3432000,"56":2697800,"57":2181000,"58":2771100,"59":1749800,"60":2672600,"61":2981600,"62":2425700,"63":3084200,"64":2394000,"65":1736800,"66":2830600,"67":2055600,"68":2348700,"69":2258500,"70":2359700,"71":1767100,"72":1771400,"73":1586600,"74":1996300,"75":1764000,"76":1434300,"77":1434300,"78":1571700,"79":432796,"80":432796}}