{"Open":{"0":299.4827097134,"1":294.4587822854,"2":297.8873084754,"3":295.5983345411,"4":294.1317573384,"5":295.3703935781,"6":297.4810584219,"7":299.3439551833,"8":301.6329501044,"9":299.7502225356,"10":300.8600420743,"11":302.6833107174,"12":307.1721429234,"13":310.0457910973,"14":306.6172311804,"15":310.0557046007,"16":306.3497152597,"17":302.9706825534,"18":306.4190744262,"19":301.6626762057,"20":308.7675148774,"21":308.1828976418,"22":309.0647790767,"23":308.5495269571,"24":307.9747799221,"25":312.8599855332,"26":313.6328804112,"27":314.1382223931,"28":315.0399576727,"29":315.7137701284,"30":319.9350656235,"31":322.5114230402,"32":320.6485348237,"33":319.3702352244,"34":323.0266881279,"35":324.6419026877,"36":323.3338905128,"37":315.9615205784,"38":310.2736833583,"39":288.7709716908,"40":282.082314683,"41":290.3861231653,"42":292.5859608919,"43":295.9352218122,"44":288.6916783168,"45":275.9287516736,"46":283.9650511184,"47":283.994760926,"48":259.5094068006,"49":271.6282216037,"50":248.6391044423,"51":226.046357136,"52":222.95472856,"53":203.3545312357,"54":210.072889493,"55":192.8310669748,"56":187.6882472838,"57":184.4875904594,"58":200.2628952213,"59":210.2809909488,"60":228.6000061035,"61":223.8000030518,"62":206.2200012207,"63":190.0,"64":193.0299987793,"65":202.0,"66":223.0500030518,"67":215.2899932861,"68":239.7599945068,"69":244.5899963379,"70":246.6300048828,"71":242.6999969482,"72":246.8600006104,"73":251.7100067139,"74":257.3800048828,"75":234.8500061035,"76":242.9700012207,"77":244.1399993896,"78":243.0099945068,"79":245.1999969482,"80":245.1999969482},"High":{"0":300.5528790989,"1":298.848505777,"2":299.1953167096,"3":296.9657950632,"4":296.8666782,"5":297.084678498,"6":300.5231591319,"7":303.2976758374,"8":302.2275020581,"9":302.5644028142,"10":303.4661398031,"11":306.1217690656,"12":309.7683219612,"13":311.4726734309,"14":310.6502415743,"15":310.501626156,"16":309.2035406749,"17":307.538762385,"18":306.587512172,"19":311.819502095,"20":310.8385128322,"21":310.5610753535,"22":318.3793257063,"23":310.7889929895,"24":312.9491668946,"25":313.4842333523,"26":314.7526133591,"27":317.2596125396,"28":317.5073437337,"29":319.1324211782,"30":322.4519851663,"31":322.9771518691,"32":320.6683421355,"33":323.7599888791,"34":326.7426000171,"35":326.6930934768,"36":323.6212628531,"37":319.191896574,"38":312.8995883786,"39":290.0492236682,"40":291.2482306128,"41":298.3926917903,"42":300.4637068439,"43":299.5619555062,"44":292.9526089081,"45":284.1632102066,"46":291.7535882475,"47":284.0442943211,"48":279.4167829534,"49":274.5018543149,"50":254.8521136027,"51":236.748186871,"52":230.8027331909,"53":212.8969984275,"54":212.926714717,"55":192.8310669748,"56":191.6716941846,"57":210.9250733841,"58":216.7615388751,"59":232.6656413667,"60":232.1300048828,"61":224.9499969482,"62":207.0299987793,"63":202.9299926758,"64":201.5,"65":214.8500061035,"66":225.8300018311,"67":236.1399993896,"68":254.6699981689,"69":248.4799957275,"70":253.9900054932,"71":249.0800018311,"72":247.6300048828,"73":262.2300109863,"74":257.3800048828,"75":241.3500061035,"76":247.1600036621,"77":244.1399993896,"78":245.0200042725,"79":249.4299926758,"80":249.4299926758},"Low":{"0":293.170588254,"1":293.8047781386,"2":296.0343119303,"3":291.8626150453,"4":293.2003299008,"5":294.448854679,"6":296.4802599666,"7":299.3439551833,"8":297.4612281334,"9":298.5413113375,"10":299.7601466624,"11":301.5635777617,"12":306.1416184248,"13":304.5858682593,"14":304.6156041467,"15":305.5867214727,"16":305.3687241133,"17":301.226671564,"18":300.7411499023,"19":301.2068661452,"20":305.0416841697,"21":306.2109663777,"22":307.1721376165,"23":306.2109638875,"24":307.2415162846,"25":310.9376179576,"26":311.9384028266,"27":313.7022196501,"28":313.1869611132,"29":315.7137701284,"30":319.7369017931,"31":316.7344320466,"32":317.7550948149,"33":316.7938937851,"34":323.0266881279,"35":321.9664640516,"36":314.2571823773,"37":313.9797007509,"38":293.9930419922,"39":275.6711418152,"40":281.0914048527,"41":286.5414182998,"42":292.5859608919,"43":290.3266684104,"44":281.8444874764,"45":272.6984060872,"46":277.4646847351,"47":272.0344721214,"48":247.965297457,"49":256.41774833,"50":221.1017256222,"51":217.7524462733,"52":199.4206183231,"53":199.3413431098,"54":190.4726937489,"55":174.2118620285,"56":176.1540566836,"57":182.0995091883,"58":196.2001586161,"59":207.5064402785,"60":211.8899993896,"61":211.6100006104,"62":190.8999938965,"63":189.3399963379,"64":188.5299987793,"65":201.1999969482,"66":213.3000030518,"67":212.9400024414,"68":237.9600067139,"69":236.0500030518,"70":243.9400024414,"71":239.1199951172,"72":240.0599975586,"73":250.7599945068,"74":241.6900024414,"75":234.1699981689,"76":240.8699951172,"77":238.1300048828,"78":235.5200042725,"79":242.4400024414,"80":242.4400024414},"Close":{"0":295.5686035156,"1":298.4620666504,"2":297.2729492188,"3":293.6363220215,"4":295.3307800293,"5":296.7378540039,"6":299.6511535645,"7":302.7229614258,"8":299.0764160156,"9":300.0772094727,"10":303.2481384277,"11":306.0623168945,"12":308.6684265137,"13":307.033416748,"14":309.6692504883,"15":306.6568908691,"16":306.1317138672,"17":305.6065063477,"18":300.7411499023,"19":309.2926940918,"20":306.9442443848,"21":308.5594482422,"22":308.7476806641,"23":307.2018737793,"24":311.8789672852,"25":311.928527832,"26":314.4553222656,"27":314.9408569336,"28":316.2785949707,"29":318.5874328613,"30":321.2232666016,"31":320.9755249023,"32":318.7063598633,"33":323.1455993652,"34":326.0390625,"35":322.8483581543,"36":315.0201721191,"37":314.0589904785,"38":293.9930419922,"39":280.7842102051,"40":290.7725830078,"41":289.2366943359,"42":300.1168823242,"43":294.379486084,"44":291.9815063477,"45":276.7016601562,"46":291.4860534668,"47":275.0171203613,"48":260.3219299316,"49":273.2236022949,"50":221.6368103027,"51":233.9241027832,"52":204.3751678467,"53":207.1695404053,"54":194.5453338623,"55":180.5735015869,"56":186.3009643555,"57":198.9449768066,"58":216.7119903564,"59":226.5220031738,"60":225.5099945068,"61":220.2400054932,"62":200.3200073242,"63":194.4700012207,"64":190.8600006104,"65":212.6100006104,"66":214.6300048828,"67":234.1199951172,"68":246.9600067139,"69":239.8000030518,"70":252.6199951172,"71":245.3999938965,"72":246.0299987793,"73":260.8399963379,"74":241.8999938965,"75":238.7899932861,"76":244.7200012207,"77":241.25,"78":241.6100006104,"79":248.7799987793,"80":248.7799987793},"Volume":{"0":412400,"1":400700,"2":369200,"3":327200,"4":450500,"5":505900,"6":736400,"7":420300,"8":335100,"9":428600,"10":292100,"11":383700,"12":410600,"13":429300,"14":487300,"15":279800,"16":560800,"17":516500,"18":584200,"19":1170700,"20":1736600,"21":532500,"22":395100,"23":409000,"24":440600,"25":328200,"26":667500,"27":269600,"28":339300,"29":328800,"30":477300,"31":446300,"32":243400,"33":378500,"34":463100,"35":412600,"36":435800,"37":520600,"38":635200,"39":1030500,"40":751100,"41":645900,"42":416700,"43":591500,"44":368200,"45":758700,"46":855600,"47":790100,"48":1176800,"49":767900,"50":724700,"51":637500,"52":676000,"53":562700,"54":819900,"55":967500,"56":914500,"57":813700,"58":654000,"59":786100,"60":590200,"61":785800,"62":765000,"63":707900,"64":477600,"65":555500,"66":569100,"67":687200,"68":801800,"69":484800,"70":635000,"71":624500,"72":657200,"73":621400,"74":435000,"75":438500,"76":428600,"77":864300,"78":634000,"79":52069,"80":52069}}