{"Open":{"0":45.5501515413,"1":45.3606528044,"2":44.9018624377,"3":45.4504150999,"4":45.7695777607,"5":46.5475293765,"6":46.4777131234,"7":46.4777147797,"8":46.7869004564,"9":46.0787663252,"10":46.0687886348,"11":47.3254836396,"12":46.3779783564,"13":46.2981835723,"14":45.8992362784,"15":44.8918857634,"16":44.3333562062,"17":44.5328328511,"18":44.552777756,"19":43.3060586861,"20":43.9842715603,"21":42.8572414678,"22":42.8971345362,"23":44.1139340848,"24":44.9218103928,"25":43.2861116854,"26":43.3858480291,"27":43.365900724,"28":44.0840136329,"29":43.9044837541,"30":44.4430674334,"31":43.9942507677,"32":43.8246919118,"33":55.5338878266,"34":54.3769307857,"35":50.9300003052,"36":50.5499992371,"37":48.6199989319,"38":46.1599998474,"39":44.2599983215,"40":45.5800018311,"41":46.8499984741,"42":45.6599998474,"43":44.1800003052,"44":40.7799987793,"45":37.75,"46":39.0400009155,"47":38.4500007629,"48":34.0,"49":33.1800003052,"50":30.0,"51":30.1200008392,"52":30.2800006866,"53":28.8999996185,"54":30.2999992371,"55":29.0499992371,"56":29.3400001526,"57":33.6199989319,"58":34.4799995422,"59":33.7099990845,"60":33.6300010681,"61":34.8699989319,"62":32.2200012207,"63":31.6499996185,"64":34.1100006104,"65":36.3899993896,"66":39.9000015259,"67":37.8699989319,"68":40.7599983215,"69":41.3800010681,"70":40.8899993896,"71":37.9300003052,"72":38.2799987793,"73":40.8800010681,"74":38.8699989319,"75":38.0099983215,"76":38.7099990845,"77":39.0200004578,"78":38.6500015259,"79":39.1800003052,"80":39.1800003052},"High":{"0":45.9790234451,"1":45.4603926714,"2":45.430470435,"3":45.7895230256,"4":46.4876895998,"5":46.8168213142,"6":46.5874250758,"7":46.7869026741,"8":46.7869004564,"9":46.4178742759,"10":46.6273204743,"11":47.6845395453,"12":46.7669543403,"13":46.8267953422,"14":46.1286322633,"15":45.5501536785,"16":44.9617040416,"17":44.9617047674,"18":44.7223336304,"19":44.4829625235,"20":44.0241675057,"21":43.405797424,"22":43.8446423745,"23":44.8021220625,"24":45.2409703689,"25":43.6152437243,"26":43.5952960375,"27":44.123908487,"28":44.7123614881,"29":44.5428036658,"30":44.762227388,"31":44.3732546682,"32":44.9517276473,"33":57.149635644,"34":54.5764067129,"35":51.2900009155,"36":50.9599990845,"37":49.1800003052,"38":47.8699989319,"39":46.0900001526,"40":47.0999984741,"41":47.5,"42":46.0499992371,"43":44.4000015259,"44":42.5,"45":38.9500007629,"46":39.9900016785,"47":38.9000015259,"48":34.3800010681,"49":37.3499984741,"50":34.4300003052,"51":34.1699981689,"52":31.5200004578,"53":32.2400016785,"54":30.8700008392,"55":29.2099990845,"56":33.1100006104,"57":35.4300003052,"58":36.9099998474,"59":34.8800010681,"60":35.8100013733,"61":35.7099990845,"62":32.6599998474,"63":34.3600006104,"64":34.7099990845,"65":38.1199989319,"66":40.1599998474,"67":40.3300018311,"68":42.4700012207,"69":41.5900001526,"70":41.3800010681,"71":40.0200004578,"72":39.5900001526,"73":40.9399986267,"74":40.2999992371,"75":38.9199981689,"76":39.0200004578,"77":39.2000007629,"78":38.9300003052,"79":40.0800018311,"80":40.0800018311},"Low":{"0":45.2609154472,"1":44.7323049591,"2":44.4929384804,"3":45.2808630395,"4":45.3706296981,"5":46.1984493488,"6":46.0787650659,"7":46.1785027747,"8":46.1785005858,"9":45.9291584216,"10":46.0687886348,"11":46.5575037981,"12":45.8892625018,"13":46.0189195612,"14":45.0514645378,"15":44.4131458073,"16":43.6451644515,"17":44.2635409173,"18":43.5554018979,"19":43.1365066135,"20":42.3984438753,"21":42.1191816651,"22":42.7475304383,"23":44.0241701047,"24":43.355930571,"25":42.8971319234,"26":42.8971322049,"27":43.2063207431,"28":44.0840136329,"29":43.8546157244,"30":43.8645876377,"31":43.3858508709,"32":43.7050078794,"33":54.4467479941,"34":53.000551073,"35":49.9300003052,"36":48.1699981689,"37":47.5800018311,"38":45.6599998474,"39":44.1199989319,"40":45.0499992371,"41":44.4000015259,"42":44.9000015259,"43":42.5099983215,"44":40.3800010681,"45":36.8400001526,"46":36.8400001526,"47":36.4000015259,"48":30.75,"49":32.7900009155,"50":28.3899993896,"51":28.4200000763,"52":25.7600002289,"53":27.4699993134,"54":28.5,"55":27.1599998474,"56":28.7099990845,"57":32.0299987793,"58":33.2400016785,"59":33.0499992371,"60":33.0499992371,"61":33.9300003052,"62":31.4099998474,"63":31.5100002289,"64":33.1800003052,"65":36.3100013733,"66":37.1899986267,"67":37.8699989319,"68":40.7599983215,"69":39.7599983215,"70":38.8699989319,"71":37.7599983215,"72":37.6199989319,"73":38.9700012207,"74":38.5299987793,"75":37.3199996948,"76":38.2000007629,"77":38.0600013733,"78":38.0200004578,"79":39.0900001526,"80":39.0900001526},"Close":{"0":45.9690513611,"1":45.2808647156,"2":45.4105224609,"3":45.7296791077,"4":46.2483177185,"5":46.3380813599,"6":46.1785011292,"7":46.6372947693,"8":46.4378204346,"9":46.0687904358,"10":46.4378204346,"11":46.6173477173,"12":46.3979263306,"13":46.3779754639,"14":45.9491043091,"15":45.5102615356,"16":44.2236442566,"17":44.3732528687,"18":43.6152458191,"19":44.423122406,"20":42.5081558228,"21":42.1391296387,"22":43.3559303284,"23":44.7622299194,"24":43.5155105591,"25":43.4955596924,"26":43.0766601562,"27":43.8047447205,"28":44.1937255859,"29":44.4829597473,"30":44.0740356445,"31":43.6750907898,"32":44.8120956421,"33":54.5863800049,"34":53.2099990845,"35":50.3800010681,"36":48.5200004578,"37":47.7700004578,"38":45.9500007629,"39":45.7799987793,"40":47.0299987793,"41":45.0,"42":45.9900016785,"43":42.8600006104,"44":42.2000007629,"45":36.9500007629,"46":39.6399993896,"47":36.8499984741,"48":30.8600006104,"49":36.1100006104,"50":29.5,"51":32.8699989319,"52":29.3600006104,"53":30.2800006866,"54":28.9799995422,"55":27.2700004578,"56":32.8800010681,"57":33.8800010681,"58":35.7900009155,"59":33.9799995422,"60":35.3100013733,"61":34.3199996948,"62":31.9799995422,"63":34.25,"64":34.2900009155,"65":37.5400009155,"66":37.4000015259,"67":39.9199981689,"68":41.7599983215,"69":40.1599998474,"70":40.5200004578,"71":39.0,"72":39.1100006104,"73":39.8699989319,"74":39.25,"75":37.6399993896,"76":38.6300010681,"77":38.2200012207,"78":38.6599998474,"79":40.0099983215,"80":40.0099983215},"Volume":{"0":1742200,"1":1931700,"2":2225900,"3":2284700,"4":2997900,"5":1966700,"6":3624800,"7":2724000,"8":1598700,"9":1700000,"10":2205900,"11":3550600,"12":3409900,"13":2190200,"14":2269600,"15":5631400,"16":3645500,"17":2404300,"18":2166500,"19":2173200,"20":4657600,"21":4083900,"22":3623800,"23":2063400,"24":2616100,"25":2201700,"26":2790600,"27":2019600,"28":2006600,"29":1362100,"30":2323900,"31":3131200,"32":2036100,"33":42360400,"34":17220000,"35":12165800,"36":8518600,"37":7787400,"38":9153600,"39":10812700,"40":8540000,"41":7987600,"42":7843600,"43":7799700,"44":12162600,"45":6861600,"46":7598400,"47":5054300,"48":6737200,"49":10981100,"50":6985200,"51":7726400,"52":7522600,"53":7358700,"54":7934900,"55":8122600,"56":7696600,"57":7842700,"58":5814800,"59":5880700,"60":5173900,"61":4089800,"62":7196000,"63":5113200,"64":6325300,"65":6357900,"66":8165700,"67":4352900,"68":6810600,"69":3364100,"70":2906800,"71":3008600,"72":5169800,"73":5902200,"74":4618100,"75":2852500,"76":2357400,"77":2184700,"78":1452500,"79":483539,"80":483539}}