{"Open":{"0":94.4159429996,"1":93.4146858518,"2":93.7220021489,"3":93.3452924518,"4":94.0194006897,"5":94.7827429536,"6":94.6935242002,"7":93.8112246904,"8":94.2275971837,"9":92.740569531,"10":93.8905315408,"11":93.969843541,"12":94.5249916445,"13":97.4692952145,"14":95.4965172908,"15":97.4098174256,"16":94.0392341573,"17":94.0194071698,"18":96.0318450928,"19":94.7926626288,"20":95.5460807982,"21":94.2375004418,"22":97.1223238114,"23":101.434689925,"24":102.6044787403,"25":101.0183261273,"26":100.958835468,"27":102.525167467,"28":103.5958250278,"29":102.5152608565,"30":102.0691460988,"31":103.1298904476,"32":103.5958215332,"33":103.3579072921,"34":103.3281620721,"35":100.7903085484,"36":101.0678825758,"37":98.0343648131,"38":93.523731302,"39":90.0341918445,"40":90.7083089034,"41":95.4370302098,"42":93.8905277561,"43":94.0987172286,"44":89.5286014284,"45":84.3537611561,"46":85.4839055363,"47":85.6623493929,"48":78.25,"49":80.8199996948,"50":75.8099975586,"51":76.9000015259,"52":68.1299972534,"53":67.5199966431,"54":73.8600006104,"55":63.8300018311,"56":61.6399993896,"57":72.0899963379,"58":76.2900009155,"59":73.0299987793,"60":74.4199981689,"61":77.6699981689,"62":72.5699996948,"63":72.4400024414,"64":74.1200027466,"65":75.2099990845,"66":81.1699981689,"67":77.2399978638,"68":80.6900024414,"69":79.4000015259,"70":80.5100021362,"71":77.7600021362,"72":75.5999984741,"73":78.5800018311,"74":77.5299987793,"75":76.7099990845,"76":78.9199981689,"77":78.7799987793,"78":78.9800033569,"79":79.2900009155,"80":79.2900009155},"High":{"0":95.0504048565,"1":94.4159414626,"2":94.6043008997,"3":94.1780207947,"4":94.7331721562,"5":94.8124821709,"6":94.7827494217,"7":94.2077652601,"8":94.3663852497,"9":93.4741646256,"10":94.0194040077,"11":95.1198028684,"12":94.6637797027,"13":98.9563166066,"14":97.1223267696,"15":97.4593802676,"16":94.3267258695,"17":96.1805453419,"18":96.6365677361,"19":96.5671757852,"20":96.0219309832,"21":95.972358742,"22":100.6614343764,"23":102.3169887169,"24":102.6044787403,"25":102.0493285815,"26":102.0394082798,"27":103.4867758537,"28":104.0617596136,"29":103.0803286965,"30":102.703607946,"31":103.7346130936,"32":104.0716716968,"33":104.8647523804,"34":104.2302844411,"35":101.7618325231,"36":101.5734719585,"37":98.8770087712,"38":95.7939182706,"39":91.3031156063,"40":94.9215363661,"41":98.4011649821,"42":97.350328669,"43":95.5659150801,"44":93.1172825471,"45":85.7218256441,"46":88.7454324334,"47":86.742914642,"48":80.4899978638,"49":87.0400009155,"50":81.2799987793,"51":77.9800033569,"52":69.4400024414,"53":72.6800003052,"54":73.8600006104,"55":64.3099975586,"56":72.4100036621,"57":79.3099975586,"58":78.9599990845,"59":76.5100021362,"60":78.7099990845,"61":79.0400009155,"62":74.0400009155,"63":75.0899963379,"64":74.1200027466,"65":77.8899993896,"66":82.25,"67":80.6999969482,"68":84.8399963379,"69":79.9300003052,"70":81.2399978638,"71":78.0100021362,"72":76.2399978638,"73":80.8799972534,"74":79.4499969482,"75":77.8600006104,"76":79.6800003052,"77":80.2900009155,"78":79.3799972534,"79":82.2099990845,"80":82.2099990845},"Low":{"0":93.4245954029,"1":92.8991808743,"2":93.4543340639,"3":93.196588801,"4":93.831049793,"5":93.9995774559,"6":93.8806194298,"7":93.4345153091,"8":93.1767635313,"9":92.5323798826,"10":93.1668520186,"11":93.8013162577,"12":93.5039048321,"13":95.7542605476,"14":94.5844793028,"15":95.5956494999,"16":93.1470198025,"17":93.8607954793,"18":95.28833439,"19":94.663782597,"20":93.2164154062,"21":94.1284516008,"22":97.0132749723,"23":100.8002280423,"24":100.9786692475,"25":100.2549842082,"26":100.6217809161,"27":102.118718882,"28":102.9018847276,"29":101.9303618286,"30":101.6230427125,"31":102.6243010498,"32":103.2587669883,"33":103.199288039,"34":102.9117903384,"35":100.2450719071,"36":97.2511959123,"37":95.744354248,"38":91.828527771,"39":88.3092490786,"40":90.2225506784,"41":91.6897374886,"42":93.6129516457,"43":92.5125624995,"44":89.3005957106,"45":77.3251105106,"46":83.8977433504,"47":82.3908993011,"48":75.0100021362,"49":78.1900024414,"50":74.8700027466,"51":70.2799987793,"52":58.7200012207,"53":62.0999984741,"54":64.4700012207,"55":56.4199981689,"56":61.1699981689,"57":69.4100036621,"58":73.8199996948,"59":71.9199981689,"60":74.0,"61":75.8700027466,"62":71.1299972534,"63":71.5800018311,"64":70.3399963379,"65":75.1299972534,"66":75.9400024414,"67":76.1299972534,"68":80.5,"69":76.7399978638,"70":78.6800003052,"71":75.3899993896,"72":74.3499984741,"73":78.1200027466,"74":76.7099990845,"75":75.8000030518,"76":77.5,"77":78.0299987793,"78":77.6999969482,"79":79.4400024414,"80":79.4400024414},"Close":{"0":95.0404968262,"1":94.3366394043,"2":94.5150756836,"3":94.0194015503,"4":94.306892395,"5":94.3663787842,"6":94.158203125,"7":94.0392379761,"8":93.2858123779,"9":93.0875396729,"10":93.9995803833,"11":94.852142334,"12":93.7021713257,"13":96.3193359375,"14":97.0529327393,"15":96.0020980835,"16":93.8211364746,"17":95.4370346069,"18":96.0318450928,"19":96.3887329102,"20":93.6526107788,"21":94.6637802124,"22":100.0368881226,"23":101.4545135498,"24":101.5933074951,"25":101.0778045654,"26":102.0195846558,"27":102.6342163086,"28":103.1298904419,"29":101.9997558594,"30":102.654045105,"31":103.5660858154,"32":103.4074630737,"33":104.1906356812,"34":104.022102356,"35":100.7704849243,"36":97.360244751,"37":95.744354248,"38":92.4332504272,"39":89.9350585938,"40":94.852142334,"41":92.04662323,"42":97.2710266113,"43":92.8496246338,"44":91.9673156738,"45":82.4107208252,"46":88.2894134521,"47":83.6399993896,"48":75.9199981689,"49":85.5599975586,"50":75.3199996948,"51":73.7399978638,"52":68.8199996948,"53":72.4499969482,"54":64.9300003052,"55":57.7700004578,"56":71.2099990845,"57":74.5999984741,"58":78.25,"59":74.5400009155,"60":78.3199996948,"61":77.6900024414,"62":73.1399993896,"63":73.5899963379,"64":71.25,"65":77.4000015259,"66":76.1600036621,"67":80.1399993896,"68":81.4400024414,"69":78.3899993896,"70":79.8399963379,"71":75.7399978638,"72":75.8199996948,"73":79.2600021362,"74":77.8899993896,"75":76.9100036621,"76":77.6500015259,"77":78.1500015259,"78":78.8600006104,"79":82.1200027466,"80":82.1200027466},"Volume":{"0":2380800,"1":1557900,"2":3665200,"3":2631000,"4":2480500,"5":2736900,"6":2213000,"7":1638300,"8":2349900,"9":2653200,"10":1677000,"11":2978600,"12":3505200,"13":5604100,"14":3081300,"15":2626000,"16":2194200,"17":3394200,"18":2108100,"19":2680500,"20":4701800,"21":2745700,"22":4735400,"23":3339400,"24":2507900,"25":3064000,"26":2039600,"27":2481300,"28":2006200,"29":2059500,"30":1991900,"31":2298400,"32":1873100,"33":1755700,"34":2465700,"35":4177700,"36":4140900,"37":4108600,"38":5546400,"39":6790100,"40":5188800,"41":5114600,"42":4269000,"43":3980400,"44":4760000,"45":5205800,"46":4974000,"47":4422800,"48":5814900,"49":5711900,"50":4825300,"51":5774000,"52":5784500,"53":4599000,"54":4540900,"55":6096900,"56":5155900,"57":5259100,"58":3073400,"59":2621400,"60":2873400,"61":5641200,"62":3769700,"63":3162500,"64":2606700,"65":3109300,"66":3372100,"67":3272800,"68":4472100,"69":2238200,"70":1943400,"71":2040500,"72":2961000,"73":2450900,"74":2181200,"75":2400300,"76":2639300,"77":2289100,"78":2083600,"79":687461,"80":687461}}