{"Open":{"0":230.0,"1":228.5,"2":230.9499969482,"3":234.25,"4":234.0,"5":232.9199981689,"6":235.6900024414,"7":233.4799957275,"8":233.9499969482,"9":236.0,"10":238.3899993896,"11":239.8099975586,"12":238.6600036621,"13":243.4700012207,"14":241.5,"15":232.1399993896,"16":226.9900054932,"17":229.2899932861,"18":233.0,"19":230.4199981689,"20":242.4600067139,"21":219.5,"22":223.3899993896,"23":227.3099975586,"24":232.8399963379,"25":235.6499938965,"26":230.7799987793,"27":230.2599945068,"28":231.3699951172,"29":225.1699981689,"30":228.2700042725,"31":228.5700073242,"32":230.8200073242,"33":235.3000030518,"34":232.8000030518,"35":224.1600036621,"36":227.6399993896,"37":225.1600036621,"38":217.5299987793,"39":207.7599945068,"40":207.0,"41":213.7400054932,"42":213.3699951172,"43":219.1300048828,"44":202.5200042725,"45":190.6799926758,"46":198.0700073242,"47":196.9600067139,"48":185.8300018311,"49":194.9299926758,"50":170.0,"51":169.0800018311,"52":166.3000030518,"53":172.75,"54":181.3600006104,"55":163.8999938965,"56":165.7799987793,"57":185.1499938965,"58":193.6600036621,"59":191.9700012207,"60":198.1000061035,"61":195.6600036621,"62":180.8399963379,"63":171.1499938965,"64":182.4400024414,"65":195.3099975586,"66":201.0,"67":197.1399993896,"68":209.6399993896,"69":212.9900054932,"70":209.8099975586,"71":212.2400054932,"72":216.9100036621,"73":223.5700073242,"74":226.0599975586,"75":220.8800048828,"76":219.3999938965,"77":218.8300018311,"78":235.2799987793,"79":223.5,"80":223.5},"High":{"0":233.75,"1":232.5,"2":235.0599975586,"3":235.8000030518,"4":234.0,"5":235.6499938965,"6":236.0,"7":234.8099975586,"8":236.5399932861,"9":237.9199981689,"10":239.5,"11":239.9700012207,"12":243.3099975586,"13":245.7100067139,"14":242.3999938965,"15":234.0500030518,"16":230.3399963379,"17":233.9499969482,"18":236.0700073242,"19":234.5099945068,"20":242.9799957275,"21":224.2799987793,"22":228.3600006104,"23":231.4299926758,"24":236.6799926758,"25":235.8600006104,"26":232.0,"27":231.7799987793,"28":231.9400024414,"29":229.4299926758,"30":230.7700042725,"31":230.2100067139,"32":237.3200073242,"33":235.6399993896,"34":232.8000030518,"35":228.1100006104,"36":228.4199981689,"37":229.4299926758,"38":220.5099945068,"39":207.7599945068,"40":212.9299926758,"41":216.8399963379,"42":217.3999938965,"43":219.1300048828,"44":206.7899932861,"45":196.8699951172,"46":202.9400024414,"47":202.4900054932,"48":197.5099945068,"49":196.0,"50":176.3300018311,"51":176.8099975586,"52":174.8200073242,"53":186.5299987793,"54":188.0,"55":164.2899932861,"56":185.9799957275,"57":198.3800048828,"58":201.4900054932,"59":202.0,"60":202.5,"61":196.8099975586,"62":183.0299987793,"63":185.3200073242,"64":191.6999969482,"65":196.2100067139,"66":206.9299926758,"67":208.6699981689,"68":218.0,"69":213.6499938965,"70":216.7599945068,"71":216.2400054932,"72":219.5399932861,"73":228.6799926758,"74":227.6300048828,"75":221.4600067139,"76":219.7200012207,"77":223.4499969482,"78":235.2799987793,"79":224.9900054932,"80":224.9900054932},"Low":{"0":229.8899993896,"1":228.3200073242,"2":230.0099945068,"3":232.1499938965,"4":229.8399963379,"5":232.0800018311,"6":232.3399963379,"7":232.5500030518,"8":233.1100006104,"9":235.1300048828,"10":235.5800018311,"11":238.0200042725,"12":238.4700012207,"13":242.8500061035,"14":228.5,"15":229.1000061035,"16":224.7400054932,"17":227.1600036621,"18":232.4799957275,"19":229.3999938965,"20":215.1600036621,"21":219.0,"22":222.8600006104,"23":227.3099975586,"24":230.4799957275,"25":230.9299926758,"26":227.0700073242,"27":228.3300018311,"28":224.6699981689,"29":225.1699981689,"30":227.0299987793,"31":227.2799987793,"32":230.4499969482,"33":229.7100067139,"34":230.1300048828,"35":223.5700073242,"36":223.1699981689,"37":220.4499969482,"38":212.7599945068,"39":199.1499938965,"40":205.8800048828,"41":205.3899993896,"42":208.7899932861,"43":206.8600006104,"44":199.7599945068,"45":190.5,"46":192.6100006104,"47":194.5700073242,"48":178.6100006104,"49":173.3300018311,"50":165.1900024414,"51":162.1900024414,"52":162.2200012207,"53":168.2299957275,"54":162.6000061035,"55":154.5200042725,"56":164.5899963379,"57":184.0,"58":191.9900054932,"59":191.7100067139,"60":186.0299987793,"61":187.1199951172,"62":169.3300018311,"63":170.9900054932,"64":182.2700042725,"65":189.5500030518,"66":194.3000030518,"67":194.3500061035,"68":207.2299957275,"69":202.0099945068,"70":208.8699951172,"71":211.1399993896,"72":214.75,"73":221.3399963379,"74":223.3000030518,"75":215.1699981689,"76":212.4199981689,"77":217.0700073242,"78":220.4600067139,"79":218.2449951172,"80":218.2449951172},"Close":{"0":232.5,"1":231.6300048828,"2":234.8000030518,"3":233.0099945068,"4":231.4600067139,"5":233.9199981689,"6":232.8399963379,"7":233.3999938965,"8":236.0299987793,"9":236.7899932861,"10":238.5800018311,"11":238.6399993896,"12":242.1199951172,"13":242.9900054932,"14":231.2700042725,"15":230.4499969482,"16":228.9199981689,"17":232.9199981689,"18":232.7299957275,"19":233.9700012207,"20":219.8600006104,"21":219.9199981689,"22":226.3500061035,"23":231.1300048828,"24":236.6399993896,"25":232.4100036621,"26":228.4400024414,"27":231.1499938965,"28":226.8099975586,"29":226.5399932861,"30":230.5500030518,"31":229.5399932861,"32":235.3099975586,"33":233.9100036621,"34":231.25,"35":226.2899932861,"36":224.0700073242,"37":221.5800018311,"38":212.9600067139,"39":204.8399963379,"40":212.9199981689,"41":208.5599975586,"42":217.3800048828,"43":208.9600067139,"44":205.8500061035,"45":191.0599975586,"46":202.8699951172,"47":197.3699951172,"48":187.0200042725,"49":185.5,"50":165.7299957275,"51":176.3999938965,"52":173.1399993896,"53":180.3699951172,"54":166.4499969482,"55":157.2299957275,"56":184.8899993896,"57":190.9299926758,"58":199.4400024414,"59":198.1499938965,"60":196.0599975586,"61":188.6199951172,"62":172.6300048828,"63":184.8600006104,"64":189.0700073242,"65":195.4199981689,"66":194.7299957275,"67":207.0500030518,"68":215.4400024414,"69":207.1900024414,"70":216.1600036621,"71":214.6499938965,"72":217.5200042725,"73":228.4100036621,"74":224.6000061035,"75":216.0200042725,"76":216.5200042725,"77":221.0399932861,"78":223.4799957275,"79":218.5500030518,"80":218.5500030518},"Volume":{"0":1379000,"1":997900,"2":1081400,"3":873800,"4":1439800,"5":1379200,"6":1155200,"7":1113900,"8":1232300,"9":955300,"10":708200,"11":1357800,"12":845800,"13":1297900,"14":3278100,"15":1670300,"16":1935100,"17":1305400,"18":1519900,"19":1189700,"20":4140500,"21":2274500,"22":1373600,"23":1719200,"24":1496200,"25":1096400,"26":1234900,"27":859600,"28":1368400,"29":1389400,"30":679700,"31":1357100,"32":1571500,"33":1024200,"34":844700,"35":1413000,"36":1409900,"37":1041000,"38":2284600,"39":3356400,"40":2022200,"41":2331500,"42":2360200,"43":1890100,"44":1789900,"45":1945500,"46":2134200,"47":1892900,"48":3102000,"49":3869600,"50":2519000,"51":2648500,"52":2468400,"53":2592700,"54":2354500,"55":2636000,"56":2515400,"57":1979300,"58":1558800,"59":1200100,"60":1855700,"61":3022700,"62":1893100,"63":1528800,"64":1979900,"65":1800400,"66":1635900,"67":1579200,"68":1554300,"69":967100,"70":1126400,"71":979100,"72":1445300,"73":1962700,"74":962500,"75":1144200,"76":1281700,"77":1320000,"78":1794800,"79":442881,"80":442881}}