{"Open":{"0":45.4319705932,"1":44.9853946079,"2":45.1937953372,"3":45.1838681634,"4":45.3327317945,"5":45.5709051782,"6":45.9480182019,"7":45.8785487483,"8":45.7396125604,"9":45.699918495,"10":46.2953581203,"11":46.6030003881,"12":47.0793495518,"13":47.208363946,"14":47.3076019595,"15":47.4862322118,"16":47.396917334,"17":46.9007173708,"18":47.2976796462,"19":47.2579798651,"20":47.6350933871,"21":47.3175251025,"22":47.7442594213,"23":47.6450146839,"24":47.9824319504,"25":48.0022784445,"26":47.9228891697,"27":47.9427400565,"28":49.0641452101,"29":49.0740705235,"30":49.2229303674,"31":49.5404957881,"32":49.8300018311,"33":49.4799995422,"34":49.8400001526,"35":50.0499992371,"36":48.7700004578,"37":48.1899986267,"38":47.1100006104,"39":44.3400001526,"40":43.1899986267,"41":45.0800018311,"42":44.6100006104,"43":45.75,"44":44.0099983215,"45":42.9900016785,"46":42.6800003052,"47":42.0800018311,"48":37.5,"49":36.1500015259,"50":33.1699981689,"51":31.2800006866,"52":33.8499984741,"53":32.9799995422,"54":32.6699981689,"55":31.4500007629,"56":31.4599990845,"57":34.0299987793,"58":34.5699996948,"59":35.0,"60":35.6899986267,"61":36.7999992371,"62":35.2000007629,"63":33.3800010681,"64":34.1899986267,"65":34.1199989319,"66":37.5600013733,"67":35.7999992371,"68":37.9700012207,"69":39.6699981689,"70":38.8600006104,"71":38.1699981689,"72":37.1500015259,"73":38.0200004578,"74":37.6599998474,"75":36.3400001526,"76":36.6800003052,"77":37.0099983215,"78":36.5999984741,"79":36.9799995422,"80":36.9799995422},"High":{"0":45.4319705932,"1":45.4220482821,"2":45.4121202722,"3":45.3426516514,"4":45.8289306944,"5":45.8388530385,"6":46.0770309782,"7":46.2258902415,"8":45.7495348722,"9":46.5533812192,"10":46.6724665524,"11":47.1091253927,"12":47.2480591438,"13":47.5457793559,"14":47.6350950552,"15":47.8037991982,"16":47.8038002812,"17":47.5457774414,"18":47.9129652307,"19":47.7839532476,"20":47.7938768803,"21":47.9328106486,"22":48.1412162753,"23":48.0717460226,"24":48.2007606771,"25":48.2106848506,"26":47.9923567107,"27":49.0939213765,"28":49.2427771146,"29":49.3221699662,"30":49.4015622779,"31":50.1557851427,"32":50.0400009155,"33":49.9300003052,"34":50.0400009155,"35":50.4700012207,"36":48.8800010681,"37":48.2999992371,"38":47.1399993896,"39":44.3600006104,"40":45.4399986267,"41":46.5800018311,"42":46.8699989319,"43":46.3899993896,"44":45.3699989319,"45":44.6100006104,"46":43.6800003052,"47":42.0800018311,"48":38.2299995422,"49":38.0,"50":35.5900001526,"51":36.25,"52":34.7299995422,"53":34.3400001526,"54":33.4799995422,"55":31.9400005341,"56":34.5699996948,"57":36.3100013733,"58":36.9900016785,"59":36.8699989319,"60":37.4799995422,"61":37.9599990845,"62":35.7799987793,"63":35.2900009155,"64":34.4500007629,"65":36.5999984741,"66":37.8899993896,"67":37.9300003052,"68":39.8300018311,"69":39.6699981689,"70":39.1399993896,"71":38.2900009155,"72":37.6199989319,"73":38.5600013733,"74":37.8499984741,"75":36.7099990845,"76":37.5999984741,"77":37.6199989319,"78":36.9000015259,"79":37.7900009155,"80":37.7900009155},"Low":{"0":44.9060009646,"1":44.9754685098,"2":45.0449341574,"3":44.776985239,"4":45.2831126617,"5":45.2334935603,"6":45.7693862919,"7":45.7693843872,"8":45.2235652748,"9":45.660221674,"10":46.1961160705,"11":46.3747493454,"12":46.8709469255,"13":47.1388964015,"14":47.0793509167,"15":47.1885136353,"16":46.83125089,"17":46.8709466488,"18":47.2182897897,"19":47.039654934,"20":46.890795053,"21":47.2381314653,"22":47.5259306909,"23":47.4564604728,"24":47.8335745524,"25":47.7839535123,"26":47.6946381371,"27":47.9427400565,"28":48.637413859,"29":48.8358933928,"30":48.9549862873,"31":49.2725517166,"32":49.4000015259,"33":49.4199981689,"34":49.6500015259,"35":48.7999992371,"36":47.5099983215,"37":47.0299987793,"38":45.1199989319,"39":42.3199996948,"40":42.9000015259,"41":44.0400009155,"42":44.5099983215,"43":45.2900009155,"44":43.5600013733,"45":41.1300010681,"46":40.8800010681,"47":39.3699989319,"48":34.4199981689,"49":34.0999984741,"50":29.7800006866,"51":29.4200000763,"52":30.9200000763,"53":30.5100002289,"54":30.8199996948,"55":29.2800006866,"56":31.3600006104,"57":33.2000007629,"58":34.2599983215,"59":34.6800003052,"60":35.5,"61":36.2299995422,"62":32.9399986267,"63":32.9599990845,"64":32.3899993896,"65":34.0699996948,"66":35.6500015259,"67":35.5800018311,"68":37.9700012207,"69":37.2000007629,"70":38.1100006104,"71":36.7999992371,"72":36.4199981689,"73":37.4099998474,"74":37.0200004578,"75":35.2200012207,"76":36.0200004578,"77":35.9500007629,"78":35.8699989319,"79":36.8800010681,"80":36.8800010681},"Close":{"0":45.0846328735,"1":45.2235679626,"2":45.2930335999,"3":45.3327293396,"4":45.6602210999,"5":45.7991600037,"6":45.9083213806,"7":45.8388519287,"8":45.4617424011,"9":46.1961174011,"10":46.3846740723,"11":47.0297317505,"12":47.2182884216,"13":47.2976799011,"14":47.5854759216,"15":47.3671455383,"16":46.9106445312,"17":47.3671455383,"18":47.4465408325,"19":47.6946372986,"20":47.2282104492,"21":47.8335723877,"22":47.7244110107,"23":47.9625854492,"24":47.8931159973,"25":47.8236465454,"26":47.9427375793,"27":48.9649085999,"28":48.8855133057,"29":49.193157196,"30":49.3817138672,"31":49.9970016479,"32":49.5999984741,"33":49.8499984741,"34":49.7200012207,"35":48.8199996948,"36":47.6300010681,"37":47.0499992371,"38":45.1399993896,"39":43.1100006104,"40":45.4300003052,"41":44.1899986267,"42":46.8199996948,"43":46.1300010681,"44":45.1699981689,"45":41.9099998474,"46":43.1199989319,"47":39.8100013733,"48":35.2700004578,"49":36.3600006104,"50":30.5100002289,"51":36.0,"52":33.0400009155,"53":32.4099998474,"54":31.0,"55":29.9799995422,"56":34.5099983215,"57":34.5499992371,"58":36.5900001526,"59":35.5,"60":37.2299995422,"61":36.8100013733,"62":33.4799995422,"63":34.6800003052,"64":32.75,"65":36.3199996948,"66":35.7900009155,"67":37.5900001526,"68":39.1500015259,"69":37.75,"70":39.0699996948,"71":37.0299987793,"72":37.0999984741,"73":38.4399986267,"74":37.0699996948,"75":35.6800003052,"76":37.2000007629,"77":36.3199996948,"78":36.5999984741,"79":37.7249984741,"80":37.7249984741},"Volume":{"0":5011800,"1":5385600,"2":5551500,"3":6777300,"4":6139500,"5":5320900,"6":5738500,"7":6653900,"8":6279700,"9":5877300,"10":5763900,"11":7566300,"12":5097400,"13":8751200,"14":6076000,"15":4801200,"16":5451100,"17":5118500,"18":6525100,"19":5240500,"20":6880700,"21":6122900,"22":6091400,"23":5063000,"24":4162500,"25":4831400,"26":4227400,"27":6187400,"28":5279700,"29":5165500,"30":3643100,"31":5163100,"32":4023500,"33":3745300,"34":7352300,"35":5989500,"36":7610200,"37":6901200,"38":8275200,"39":14879100,"40":9653800,"41":11652000,"42":8139800,"43":8488900,"44":9421600,"45":12448000,"46":13291200,"47":9142300,"48":13262300,"49":11414400,"50":8626600,"51":13613400,"52":9679700,"53":7480900,"54":8645000,"55":9696500,"56":11154300,"57":9018500,"58":6956200,"59":6617400,"60":7186100,"61":10587800,"62":5835500,"63":4312200,"64":6410400,"65":6897600,"66":6199400,"67":6604500,"68":9360900,"69":5644200,"70":5024300,"71":5905500,"72":4541500,"73":5713600,"74":4945300,"75":7887700,"76":4088200,"77":4590500,"78":5363000,"79":1185292,"80":1185292}}