{"Open":{"0":104.8902587641,"1":103.6024164644,"2":105.5143774434,"3":104.9001695265,"4":104.9992278811,"5":104.8902587891,"6":105.0784827174,"7":106.7625948727,"8":106.9904466741,"9":107.8225854708,"10":108.7835217122,"11":110.0812842732,"12":110.8143649945,"13":111.943702634,"14":108.912312578,"15":109.5859589857,"16":109.6453939186,"17":109.8237107713,"18":109.6156747665,"19":108.2782920353,"20":109.6453933716,"21":109.6850223228,"22":108.3872693944,"23":108.8132375385,"24":108.4367990245,"25":109.3977313926,"26":109.8534323184,"27":110.1902547611,"28":110.2893214204,"29":111.270058953,"30":112.3102490652,"31":114.539218513,"32":111.6167915164,"33":106.4356820269,"34":106.1186711819,"35":107.9018419207,"36":108.0504439245,"37":105.6728743132,"38":106.029511049,"39":99.2732603931,"40":100.2143857023,"41":104.4048428426,"42":106.2573610713,"43":107.7433426015,"44":107.267829017,"45":104.6425996029,"46":106.5149270631,"47":104.3057750409,"48":98.8670973998,"49":99.0599975586,"50":89.7300033569,"51":82.8300018311,"52":81.6399993896,"53":89.2600021362,"54":86.7300033569,"55":79.7200012207,"56":76.4800033569,"57":77.5299987793,"58":82.9400024414,"59":87.9000015259,"60":96.6999969482,"61":95.6800003052,"62":92.5500030518,"63":92.6699981689,"64":95.2399978638,"65":97.9000015259,"66":101.0,"67":96.8899993896,"68":98.7099990845,"69":101.9899978638,"70":97.3399963379,"71":95.5100021362,"72":93.3000030518,"73":91.3199996948,"74":92.5599975586,"75":88.0699996948,"76":89.9199981689,"77":91.1699981689,"78":88.75,"79":89.3300018311,"80":89.3300018311},"High":{"0":104.9397944005,"1":105.5936220901,"2":106.019604669,"3":105.2667135917,"4":105.4153075624,"5":105.821474334,"6":106.8517511327,"7":107.2183015811,"8":107.3768004602,"9":108.7835193467,"10":109.9227733172,"11":110.9530555603,"12":111.9139896335,"13":112.2309926893,"14":109.7939924904,"15":110.0119397725,"16":110.5072641173,"17":110.4973546143,"18":109.6751114839,"19":109.6156710375,"20":110.0614655104,"21":110.1506301065,"22":109.556231827,"23":109.2788452968,"24":109.5661420332,"25":110.0317482461,"26":110.210067749,"27":110.9926806772,"28":111.7059544995,"29":112.2409014708,"30":114.370800015,"31":114.7274373054,"32":111.6267001556,"33":107.0994172322,"34":108.7736195003,"35":110.2595991274,"36":108.0504439245,"37":108.7339937139,"38":106.8319369676,"39":100.5809210519,"40":104.8902579952,"41":106.3861473961,"42":111.388939962,"43":109.833619488,"44":109.3680145979,"45":107.2480199859,"46":107.3074518899,"47":104.9298832299,"48":101.9282092191,"49":100.2699966431,"50":92.5,"51":88.25,"52":92.4100036621,"53":90.7099990845,"54":86.7300033569,"55":80.2300033569,"56":79.4800033569,"57":87.1800003052,"58":90.2900009155,"59":97.1600036621,"60":98.8099975586,"61":97.0199966431,"62":96.6900024414,"63":96.9599990845,"64":97.5699996948,"65":100.2900009155,"66":102.4100036621,"67":98.7300033569,"68":105.0199966431,"69":102.3300018311,"70":99.4499969482,"71":96.25,"72":94.5,"73":93.8899993896,"74":93.3300018311,"75":89.3799972534,"76":91.6699981689,"77":91.5899963379,"78":89.5999984741,"79":90.2095031738,"80":90.2095031738},"Low":{"0":103.2556885785,"1":103.424098753,"2":104.7218525887,"3":104.2760613098,"4":104.1670836347,"5":104.6525043624,"6":104.9100736507,"7":106.0790499263,"8":106.0196041102,"9":107.6541764051,"10":108.416985215,"11":109.1797870689,"12":110.457729568,"13":108.1693200346,"14":108.3773594473,"15":109.2194149177,"16":109.3779211303,"17":109.1500669284,"18":108.0207240133,"19":107.9910019809,"20":108.942031168,"21":108.4467069652,"22":108.3872693944,"23":108.1594109955,"24":108.4367990245,"25":109.0510046069,"26":109.3382964509,"27":110.0515564906,"28":110.1308134259,"29":111.1313682445,"30":112.112114079,"31":113.7070666736,"32":105.4648417126,"33":104.2364327841,"34":106.0790441852,"35":107.2876423591,"36":104.7218516576,"37":104.949702399,"38":99.728962019,"39":96.1725215925,"40":100.1747587052,"41":103.0674637806,"42":105.6332453248,"43":106.8121270525,"44":105.4846594255,"45":103.0773747149,"46":100.343167751,"47":102.5523163472,"48":95.0134607587,"49":92.8199996948,"50":81.3899993896,"51":81.9599990845,"52":80.5999984741,"53":84.3000030518,"54":77.6999969482,"55":72.6999969482,"56":74.8700027466,"57":77.1500015259,"58":82.1800003052,"59":87.6200027466,"60":93.6299972534,"61":93.5999984741,"62":91.8099975586,"63":91.1399993896,"64":94.3600006104,"65":97.0199966431,"66":97.2099990845,"67":95.6699981689,"68":98.3899993896,"69":95.7799987793,"70":95.2399978638,"71":91.8799972534,"72":91.2799987793,"73":91.3199996948,"74":89.3000030518,"75":86.6500015259,"76":89.5,"77":87.75,"78":88.0,"79":88.1900024414,"80":88.1900024414},"Close":{"0":103.7510147095,"1":105.5242767334,"2":105.4549331665,"3":104.9794235229,"4":105.1874542236,"5":104.8902587891,"6":106.762588501,"7":107.1093292236,"8":107.3371734619,"9":108.565574646,"10":109.8732452393,"11":110.5171661377,"12":111.6960449219,"13":108.6844558716,"14":109.526512146,"15":109.8930587769,"16":109.9624023438,"17":109.4868850708,"18":108.4268875122,"19":109.5463256836,"20":109.6453933716,"21":108.5556793213,"22":109.1797866821,"23":108.4467010498,"24":108.9915618896,"25":109.1797866821,"26":110.210067749,"27":110.5072631836,"28":111.1115646362,"29":111.9833297729,"30":114.3509902954,"31":114.3212738037,"32":106.4753112793,"33":106.306892395,"34":108.1792221069,"35":107.7928695679,"36":105.9997940063,"37":106.6536254883,"38":99.7487792969,"39":99.4218597412,"40":104.4147491455,"41":104.6624145508,"42":108.763710022,"43":109.526512146,"44":108.9915618896,"45":104.9100799561,"46":106.5743713379,"47":103.4240951538,"48":95.3799972534,"49":96.5800018311,"50":81.6399993896,"51":86.2300033569,"52":89.9700012207,"53":86.6999969482,"54":79.7200012207,"55":74.6100006104,"56":78.3199996948,"57":83.0400009155,"58":89.8300018311,"59":96.0199966431,"60":96.75,"61":95.7600021362,"62":94.0,"63":95.9599990845,"64":96.1299972534,"65":99.8799972534,"66":97.4700012207,"67":98.1900024414,"68":102.9100036621,"69":96.4499969482,"70":95.6200027466,"71":93.0,"72":91.3799972534,"73":93.0999984741,"74":89.3600006104,"75":88.8199996948,"76":91.5,"77":87.9199981689,"78":88.8899993896,"79":90.0299987793,"80":90.0299987793},"Volume":{"0":950900,"1":745000,"2":1207800,"3":893600,"4":791200,"5":639800,"6":817400,"7":1045700,"8":1062600,"9":1268300,"10":863800,"11":1616400,"12":728900,"13":1184000,"14":790600,"15":353500,"16":427800,"17":593000,"18":1283400,"19":568200,"20":668300,"21":611700,"22":511800,"23":803000,"24":426600,"25":387900,"26":413700,"27":449400,"28":620200,"29":596100,"30":665400,"31":857200,"32":2034300,"33":1284200,"34":929500,"35":1114600,"36":1138300,"37":1376200,"38":1480900,"39":2162400,"40":1287500,"41":1211800,"42":1457600,"43":979600,"44":972100,"45":1380900,"46":1597100,"47":1371100,"48":2108700,"49":2030500,"50":2025200,"51":1931300,"52":2893700,"53":2297200,"54":2037600,"55":1702900,"56":1945200,"57":1057700,"58":1469600,"59":1769000,"60":2442400,"61":2695600,"62":2317900,"63":2234900,"64":1733400,"65":1448700,"66":1406800,"67":1788900,"68":1660000,"69":1313000,"70":1680000,"71":1456900,"72":1198600,"73":1106100,"74":1099100,"75":955900,"76":793800,"77":1211200,"78":1285900,"79":218615,"80":218615}}