{"Open":{"0":9.1346488139,"1":9.1543155,"2":8.9478264557,"3":9.0461537728,"4":9.0756518384,"5":9.1444822446,"6":9.1149838428,"7":9.0953175054,"8":9.0658201417,"9":9.1149837567,"10":9.0756520545,"11":9.0363206512,"12":8.9969902854,"13":9.0658196541,"14":8.9871578217,"15":8.9576589515,"16":8.7315057282,"17":8.7905016443,"18":8.8500003815,"19":8.8100004196,"20":8.779999733,"21":8.8500003815,"22":9.0799999237,"23":8.4099998474,"24":8.3699998856,"25":8.2100000381,"26":8.1499996185,"27":8.1000003815,"28":8.1400003433,"29":8.2100000381,"30":8.2700004578,"31":8.1199998856,"32":8.0600004196,"33":8.0,"34":8.0200004578,"35":7.6999998093,"36":7.6799998283,"37":7.3000001907,"38":7.1300001144,"39":6.8400001526,"40":7.1100001335,"41":7.2899999619,"42":7.0900001526,"43":6.9600000381,"44":6.5999999046,"45":5.9699997902,"46":6.2600002289,"47":6.0599999428,"48":5.3800001144,"49":5.8699998856,"50":5.0399999619,"51":5.0799999237,"52":4.75,"53":4.3299999237,"54":4.5399999619,"55":4.2699999809,"56":4.4699997902,"57":5.7699999809,"58":5.3600001335,"59":5.0700001717,"60":5.1100001335,"61":5.0300002098,"62":4.6300001144,"63":4.3899998665,"64":4.4000000954,"65":4.5399999619,"66":4.8499999046,"67":4.8600001335,"68":5.5100002289,"69":5.4299998283,"70":5.2699999809,"71":5.0599999428,"72":5.0599999428,"73":5.1700000763,"74":5.0100002289,"75":4.8899998665,"76":4.8699998856,"77":4.8000001907,"78":4.9299998283,"79":4.9099998474,"80":4.9099998474},"High":{"0":9.2624750137,"1":9.2133116349,"2":9.016655587,"3":9.0953178406,"4":9.1444819083,"5":9.154315246,"6":9.2034780395,"7":9.1051505062,"8":9.173980345,"9":9.1444818219,"10":9.1248161234,"11":9.0756517174,"12":9.0658203598,"13":9.0953177193,"14":9.0068228865,"15":8.9674919529,"16":8.8101678659,"17":8.849498715,"18":8.9600000381,"19":8.8400001526,"20":8.8400001526,"21":9.1400003433,"22":9.2399997711,"23":8.4799995422,"24":8.3800001144,"25":8.2100000381,"26":8.1499996185,"27":8.1499996185,"28":8.3299999237,"29":8.3599996567,"30":8.2700004578,"31":8.1499996185,"32":8.1000003815,"33":8.0699996948,"34":8.029999733,"35":7.7199997902,"36":7.6799998283,"37":7.4600000381,"38":7.2800002098,"39":6.9600000381,"40":7.2300000191,"41":7.3400001526,"42":7.0900001526,"43":6.9699997902,"44":6.6799998283,"45":6.1399998665,"46":6.2899999619,"47":6.1100001335,"48":5.6900000572,"49":5.9000000954,"50":5.2199997902,"51":5.1399998665,"52":4.8400001526,"53":4.5799999237,"54":4.75,"55":4.5199999809,"56":4.9899997711,"57":5.8699998856,"58":5.6500000954,"59":5.3000001907,"60":5.1199998856,"61":5.1900000572,"62":4.7699999809,"63":4.5700001717,"64":4.4200000763,"65":4.6700000763,"66":5.0300002098,"67":5.0900001526,"68":5.75,"69":5.4299998283,"70":5.4400000572,"71":5.1399998665,"72":5.0700001717,"73":5.2800002098,"74":5.0900001526,"75":4.9200000763,"76":4.8899998665,"77":4.9800000191,"78":4.9600000381,"79":5.0999999046,"80":5.0999999046},"Low":{"0":9.0363206794,"1":8.9969902854,"2":8.9084953896,"3":8.9674916395,"4":9.0166557072,"5":9.0264890402,"6":9.0953178406,"7":8.9576583083,"8":9.0559871402,"9":9.0264886231,"10":8.9969899193,"11":8.9773245209,"12":8.9478271522,"13":8.9969895851,"14":8.7806694831,"15":8.8101676807,"16":8.6331775872,"17":8.7118395085,"18":8.8400001526,"19":8.7299995422,"20":8.7399997711,"21":8.8500003815,"22":9.0699996948,"23":8.2600002289,"24":8.25,"25":8.0200004578,"26":8.0500001907,"27":8.0799999237,"28":8.1300001144,"29":8.2100000381,"30":8.0799999237,"31":8.0200004578,"32":8.0,"33":7.9899997711,"34":7.8899998665,"35":7.5500001907,"36":7.2199997902,"37":7.2100000381,"38":6.9200000763,"39":6.6700000763,"40":6.8800001144,"41":6.8899998665,"42":6.9200000763,"43":6.7100000381,"44":6.4000000954,"45":5.8699998856,"46":5.8000001907,"47":5.8800001144,"48":5.1999998093,"49":5.1199998856,"50":5.0,"51":4.6999998093,"52":4.0999999046,"53":4.0999999046,"54":4.25,"55":3.9600000381,"56":4.2600002289,"57":5.1199998856,"58":5.1599998474,"59":4.9099998474,"60":4.9299998283,"61":4.75,"62":4.3600001335,"63":4.25,"64":4.1700000763,"65":4.4099998474,"66":4.6300001144,"67":4.8000001907,"68":5.2399997711,"69":5.0199999809,"70":5.1599998474,"71":4.9499998093,"72":4.8899998665,"73":5.0300002098,"74":4.9099998474,"75":4.7199997902,"76":4.75,"77":4.7699999809,"78":4.8000001907,"79":4.8800001144,"80":4.8800001144},"Close":{"0":9.2624750137,"1":9.0559873581,"2":9.0068225861,"3":9.0953178406,"4":9.0953178406,"5":9.1051511765,"6":9.0953178406,"7":9.0854845047,"8":9.1346492767,"9":9.0363206863,"10":9.0166559219,"11":9.0068225861,"12":9.0559873581,"13":9.0068225861,"14":8.9871578217,"15":8.8494987488,"16":8.7413387299,"17":8.8200006485,"18":8.8599996567,"19":8.8400001526,"20":8.8199996948,"21":8.9799995422,"22":9.1800003052,"23":8.3100004196,"24":8.25,"25":8.1099996567,"26":8.0600004196,"27":8.1000003815,"28":8.2399997711,"29":8.25,"30":8.1000003815,"31":8.0600004196,"32":8.0,"33":8.029999733,"34":7.8899998665,"35":7.5700001717,"36":7.2300000191,"37":7.2100000381,"38":6.9699997902,"39":6.9600000381,"40":7.1999998093,"41":6.9699997902,"42":7.0799999237,"43":6.7399997711,"44":6.4899997711,"45":5.9000000954,"46":6.2600002289,"47":5.9000000954,"48":5.3499999046,"49":5.6300001144,"50":5.0100002289,"51":5.0100002289,"52":4.5,"53":4.4699997902,"54":4.3299999237,"55":4.0100002289,"56":4.9499998093,"57":5.3899998665,"58":5.25,"59":5.1900000572,"60":5.0300002098,"61":4.8299999237,"62":4.4000000954,"63":4.3600001335,"64":4.2399997711,"65":4.5300002098,"66":4.7100000381,"67":5.0300002098,"68":5.3699998856,"69":5.1599998474,"70":5.2899999619,"71":5.0300002098,"72":4.9400000572,"73":5.1199998856,"74":4.9800000191,"75":4.7699999809,"76":4.7699999809,"77":4.8899998665,"78":4.8699998856,"79":5.0949997902,"80":5.0949997902},"Volume":{"0":43425700,"1":45040800,"2":43372300,"3":44984100,"4":45994900,"5":51817400,"6":39796300,"7":48553700,"8":42935600,"9":55923900,"10":44310400,"11":41644900,"12":49556400,"13":39914800,"14":75848700,"15":68100900,"16":60769300,"17":85163400,"18":59057400,"19":42827800,"20":59813700,"21":71432700,"22":86196400,"23":145792500,"24":68823400,"25":98256500,"26":71834900,"27":80164500,"28":111536800,"29":67648800,"30":46359700,"31":65094800,"32":69668200,"33":52318200,"34":58326300,"35":110048200,"36":108888300,"37":92469500,"38":118642400,"39":116546700,"40":96766000,"41":97457800,"42":70588100,"43":78070900,"44":109932200,"45":103901700,"46":101873600,"47":98587100,"48":89453100,"49":125375300,"50":110310900,"51":104233500,"52":125954700,"53":126603800,"54":129378600,"55":134925000,"56":146192100,"57":198999400,"58":138227600,"59":106324000,"60":97879700,"61":231800800,"62":119174500,"63":90891700,"64":85659900,"65":102205300,"66":115150400,"67":117022200,"68":175833700,"69":99320000,"70":74877000,"71":74727700,"72":58951200,"73":91989300,"74":71079400,"75":82400200,"76":62398600,"77":61959800,"78":54320400,"79":35124415,"80":35124415}}