{"Open":{"0":92.7853856239,"1":94.4254018018,"2":95.0814170235,"3":94.0775238221,"4":95.8964519283,"5":92.7257445458,"6":93.1133901021,"7":91.4336083897,"8":90.0221940563,"9":90.2209861568,"10":91.1553040434,"11":90.3402615057,"12":88.8791499886,"13":87.338528045,"14":84.3069752875,"15":83.5018803055,"16":80.7486307348,"17":79.7646192289,"18":79.4664323025,"19":75.7987543776,"20":75.0433498804,"21":73.7512061756,"22":74.1090292675,"23":74.4966683132,"24":77.2002213491,"25":74.8544978321,"26":72.8367709764,"27":72.6876791715,"28":72.4292549682,"29":73.7909685754,"30":74.5463731221,"31":74.0593386453,"32":76.9020395156,"33":79.9137105795,"34":76.8423963778,"35":72.7572581043,"36":70.9283854153,"37":66.8034891218,"38":60.0644978885,"39":56.7844567068,"40":62.75,"41":62.0999984741,"42":62.4799995422,"43":60.1500015259,"44":55.5499992371,"45":29.0599994659,"46":30.0,"47":28.3099994659,"48":23.6599998474,"49":27.8700008392,"50":22.8299999237,"51":23.6800003052,"52":18.3799991608,"53":15.8800001144,"54":19.3400001526,"55":18.6900005341,"56":22.25,"57":24.6000003815,"58":24.1599998474,"59":24.7800006866,"60":22.7600002289,"61":24.6299991608,"62":25.1900005341,"63":26.5900001526,"64":31.2199993134,"65":32.2000007629,"66":33.6500015259,"67":34.25,"68":40.3800010681,"69":36.9500007629,"70":32.7900009155,"71":29.4799995422,"72":30.4899997711,"73":28.3799991608,"74":29.0,"75":29.4699993134,"76":33.2000007629,"77":35.4500007629,"78":37.8800010681,"79":34.8199996948,"80":34.8199996948},"High":{"0":93.093515794,"1":95.1708655003,"2":95.3299049322,"3":95.9560918066,"4":96.3337854676,"5":94.0675776728,"6":93.1133901021,"7":91.5528853154,"8":91.20499886,"9":91.1652447557,"10":92.1790730198,"11":91.095666855,"12":89.1375795272,"13":87.5373153277,"14":85.6587500842,"15":83.5018803055,"16":81.0070602897,"17":79.9236551315,"18":80.0131087496,"19":76.673429093,"20":75.3614141064,"21":74.0593363302,"22":74.7054062973,"23":77.8761052211,"24":77.3691913063,"25":75.2222626799,"26":73.3337467691,"27":73.0256266653,"28":74.6258870683,"29":74.4767976424,"30":74.8048026722,"31":75.1129249546,"32":79.4863122091,"33":81.0965078332,"34":76.8423963778,"35":72.866593393,"36":71.2166322837,"37":67.3004649441,"38":62.1517948152,"39":61.7542147713,"40":62.7799987793,"41":64.2399978638,"42":62.6100006104,"43":60.2599983215,"44":55.9300003052,"45":29.5,"46":31.8799991608,"47":28.3099994659,"48":26.4899997711,"49":28.1800003052,"50":27.2800006866,"51":24.0,"52":18.9099998474,"53":19.3600006104,"54":20.8099994659,"55":21.4899997711,"56":24.6800003052,"57":25.9699993134,"58":26.8199996948,"59":24.8299999237,"60":23.8899993896,"61":27.2800006866,"62":25.6200008392,"63":33.1800003052,"64":32.8800010681,"65":32.4900016785,"66":38.0999984741,"67":37.6599998474,"68":41.0,"69":37.1899986267,"70":33.8699989319,"71":30.4799995422,"72":30.5,"73":31.5799999237,"74":32.4799995422,"75":31.5400009155,"76":34.6500015259,"77":37.8300018311,"78":39.4900016785,"79":35.5400009155,"80":35.5400009155},"Low":{"0":90.936634936,"1":92.8648980964,"2":93.401636334,"3":94.0775238221,"4":92.0498565776,"5":91.4733634217,"6":91.3540990329,"7":89.7737109863,"8":89.3661899585,"9":89.0282472336,"10":89.8731055171,"11":88.7698161371,"12":86.9807063816,"13":84.7641895101,"14":82.5079252994,"15":81.3748243795,"16":78.6911511019,"17":78.233932791,"18":77.0511294618,"19":73.92018638,"20":73.1051471883,"21":72.0714331171,"22":72.5485255505,"23":74.2283047217,"24":75.2620187022,"25":73.3735119673,"26":71.2862089295,"27":71.6440345215,"28":72.4292549682,"29":73.2542337729,"30":73.4729035291,"31":73.4331442603,"32":76.7330619771,"33":77.7767131115,"34":75.0731637291,"35":69.9344390444,"36":65.9884448452,"37":62.7084094078,"38":57.2814340558,"39":56.6552419355,"40":59.6100006104,"41":61.0600013733,"42":59.75,"43":57.1699981689,"44":47.5,"45":23.3700008392,"46":25.9899997711,"47":25.0100002289,"48":22.5599994659,"49":25.3500003815,"50":20.2399997711,"51":19.9200000763,"52":14.5500001907,"53":15.2700004578,"54":17.5100002289,"55":17.4899997711,"56":22.0799999237,"57":22.1700000763,"58":23.9699993134,"59":23.2999992371,"60":22.0,"61":24.3299999237,"62":23.7000007629,"63":26.4400005341,"64":27.7900009155,"65":29.6299991608,"66":32.4799995422,"67":33.6699981689,"68":33.2299995422,"69":32.7200012207,"70":31.1000003815,"71":28.6000003815,"72":27.4599990845,"73":28.2700004578,"74":28.5499992371,"75":29.1499996185,"76":32.9799995422,"77":34.8499984741,"78":35.1599998474,"79":33.1199989319,"80":33.1199989319},"Close":{"0":92.0896224976,"1":93.838973999,"2":94.3260116577,"3":95.8368148804,"4":92.7655029297,"5":93.5805435181,"6":91.7019805908,"7":89.9327468872,"8":90.7080230713,"9":90.7577209473,"10":90.1911697388,"11":88.9984283447,"12":87.7858047485,"13":84.9232254028,"14":84.1876983643,"15":82.3389511108,"16":78.8899459839,"17":78.641456604,"18":77.1008300781,"19":76.0273590088,"20":73.9500045776,"21":72.6379852295,"22":72.7771377563,"23":76.931854248,"24":75.7689361572,"25":73.7909698486,"26":71.5645141602,"27":72.071434021,"28":73.9002990723,"29":74.0891571045,"30":74.5165557861,"31":74.1090316772,"32":78.8104248047,"33":78.0053253174,"34":75.9379043579,"35":70.6500854492,"36":66.7537918091,"37":62.7581062317,"38":59.1202430725,"39":61.625,"40":62.1399993896,"41":61.7599983215,"42":61.0699996948,"43":58.2099990845,"44":48.5600013733,"45":26.8799991608,"46":29.6800003052,"47":26.2000007629,"48":25.6200008392,"49":27.1900005341,"50":23.4899997711,"51":20.2299995422,"52":15.5600004196,"53":18.6900005341,"54":18.5900001526,"55":20.3700008392,"56":24.1200008392,"57":24.1700000763,"58":25.9500007629,"59":23.8700008392,"60":23.5900001526,"61":26.2000007629,"62":25.0699996948,"63":29.0499992371,"64":31.5900001526,"65":32.0999984741,"66":33.0099983215,"67":37.4799995422,"68":34.8600006104,"69":33.0800018311,"70":31.6499996185,"71":30.2299995422,"72":28.0300006866,"73":31.5200004578,"74":30.8600006104,"75":31.3999996185,"76":34.2400016785,"77":37.0999984741,"78":35.7799987793,"79":35.0299987793,"80":35.0299987793},"Volume":{"0":1822000,"1":2168500,"2":2018200,"3":2196900,"4":1991100,"5":1458900,"6":1684400,"7":2451800,"8":2048500,"9":1538700,"10":1586900,"11":1930400,"12":2215800,"13":2112200,"14":2058300,"15":1608500,"16":2338600,"17":2815100,"18":1379400,"19":3936700,"20":2437700,"21":2569400,"22":2249200,"23":2996200,"24":1309600,"25":1549500,"26":3973100,"27":1898200,"28":1999300,"29":2526600,"30":2084200,"31":2282400,"32":4359300,"33":2429400,"34":2015200,"35":2522700,"36":3401300,"37":3366500,"38":4306000,"39":4762200,"40":3284100,"41":3101200,"42":2453500,"43":2460900,"44":6880600,"45":19434300,"46":11259800,"47":7510100,"48":7646900,"49":6709900,"50":5636300,"51":6335400,"52":7658200,"53":7577400,"54":8186000,"55":6731200,"56":6282000,"57":5472600,"58":5156700,"59":3532600,"60":4627000,"61":5978800,"62":5043300,"63":10438900,"64":9649600,"65":5645200,"66":6543400,"67":5067400,"68":8914200,"69":5231200,"70":5110200,"71":5506700,"72":5225200,"73":5523300,"74":4717700,"75":4822500,"76":4616600,"77":5175800,"78":5357000,"79":1734533,"80":1734533}}