{"Open":{"0":65.2575181594,"1":64.6298547094,"2":65.0283649122,"3":65.2774460543,"4":65.5962597918,"5":66.9412633333,"6":66.4829681459,"7":66.931300419,"8":68.0172629834,"9":67.7681846273,"10":69.4021216102,"11":69.7408578073,"12":68.973717481,"13":69.7408622524,"14":69.4718608102,"15":70.2190882189,"16":67.977419875,"17":67.7482652651,"18":68.00730727,"19":66.4929269649,"20":70.019822636,"21":68.6947445674,"22":69.960044373,"23":71.5939792072,"24":72.2316069367,"25":70.7670451071,"26":70.2689000628,"27":72.1220115437,"28":72.4009766392,"29":71.8330842884,"30":72.3013442694,"31":72.391019725,"32":72.490649071,"33":71.8330830015,"34":72.2614910324,"35":68.3659695746,"36":69.4021198568,"37":67.2700405348,"38":63.3800010681,"39":60.1399993896,"40":62.2700004578,"41":63.3600006104,"42":64.5800018311,"43":65.0400009155,"44":61.5099983215,"45":56.1599998474,"46":58.0299987793,"47":57.4399986267,"48":51.4099998474,"49":50.1699981689,"50":43.9599990845,"51":41.6699981689,"52":38.4700012207,"53":35.9000015259,"54":38.8600006104,"55":36.0400009155,"56":36.9900016785,"57":40.4300003052,"58":43.0699996948,"59":42.5600013733,"60":43.2200012207,"61":44.0600013733,"62":41.0499992371,"63":38.6599998474,"64":38.3600006104,"65":37.5299987793,"66":42.8600006104,"67":44.2099990845,"68":48.2700004578,"69":50.0699996948,"70":48.1699981689,"71":44.1899986267,"72":42.7099990845,"73":47.0499992371,"74":45.0,"75":42.5,"76":43.3400001526,"77":43.5999984741,"78":43.5900001526,"79":44.2599983215,"80":44.2599983215},"High":{"0":65.566368103,"1":65.2575197199,"2":65.6460723877,"3":65.6560441848,"4":66.8814851851,"5":67.0309265024,"6":66.8715237535,"7":67.8777804853,"8":68.1866394249,"9":68.9936344759,"10":69.900270605,"11":69.8504511919,"12":69.7109759112,"13":70.5877140595,"14":70.5179691183,"15":70.3685268419,"16":68.4357160697,"17":68.1467859928,"18":68.6250071985,"19":71.5142698404,"20":70.4083782502,"21":69.8404887961,"22":71.1954517223,"23":72.0423102938,"24":72.2316069367,"25":71.0559724367,"26":71.5043075132,"27":72.4507917077,"28":72.4906474153,"29":72.7297540087,"30":73.0087149247,"31":72.6201640191,"32":72.8692395979,"33":72.9987498165,"34":72.6301240202,"35":69.5017486546,"36":69.4021198568,"37":67.8777829493,"38":65.3000030518,"39":62.5299987793,"40":63.6699981689,"41":65.4599990845,"42":67.1999969482,"43":65.8000030518,"44":62.3400001526,"45":57.2099990845,"46":59.4300003052,"47":58.1699981689,"48":52.3400001526,"49":50.4700012207,"50":44.9099998474,"51":44.2200012207,"52":39.0099983215,"53":38.8300018311,"54":39.6800003052,"55":38.1399993896,"56":40.6300010681,"57":44.4700012207,"58":44.9199981689,"59":44.7599983215,"60":44.8100013733,"61":44.7700004578,"62":41.9300003052,"63":40.1199989319,"64":39.1399993896,"65":41.0099983215,"66":45.5200004578,"67":48.0600013733,"68":51.8199996948,"69":50.6399993896,"70":48.2999992371,"71":44.6300010681,"72":44.0099983215,"73":47.75,"74":45.75,"75":43.0900001526,"76":43.5200004578,"77":45.2999992371,"78":44.3100013733,"79":45.9150009155,"80":45.9150009155},"Low":{"0":64.4604767292,"1":64.3110396499,"2":64.8390734674,"3":65.1778177678,"4":65.4468211657,"5":66.1342568052,"6":66.0346294902,"7":66.6921910256,"8":67.379632854,"9":67.6187460126,"10":68.545304731,"11":69.0534097765,"12":68.8940118126,"13":69.5515631939,"14":69.1729683787,"15":68.8541571868,"16":66.7619350274,"17":66.8615606367,"18":66.8416327703,"19":66.4929269649,"20":68.1467851214,"21":68.5751936712,"22":69.7209349896,"23":71.026089617,"24":71.0659400697,"25":70.1792329408,"26":70.2689000628,"27":71.5541219883,"28":71.7434238863,"29":71.5939748967,"30":72.1419405448,"31":71.9327159345,"32":71.9327169879,"33":71.6936018921,"34":70.458194127,"35":68.0770422506,"36":66.4929240236,"37":64.5601162422,"38":62.25,"39":59.9399986267,"40":61.1399993896,"41":61.9099998474,"42":64.3700027466,"43":63.1899986267,"44":59.1399993896,"45":55.5,"46":56.0400009155,"47":54.6100006104,"48":47.6199989319,"49":44.7599983215,"50":40.1399993896,"51":39.9300003052,"52":34.1300010681,"53":34.1500015259,"54":36.2999992371,"55":33.9000015259,"56":36.8100013733,"57":39.1899986267,"58":42.5099983215,"59":41.4700012207,"60":41.7299995422,"61":43.1800003052,"62":38.9799995422,"63":37.1899986267,"64":35.2099990845,"65":37.0,"66":42.8600006104,"67":43.5600013733,"68":48.0299987793,"69":46.1100006104,"70":45.7099990845,"71":42.5200004578,"72":41.4399986267,"73":45.9700012207,"74":43.75,"75":41.7999992371,"76":42.4500007629,"77":43.4599990845,"78":42.9500007629,"79":44.25,"80":44.25},"Close":{"0":65.566368103,"1":65.1479263306,"2":65.6460723877,"3":65.3172988892,"4":66.5427474976,"5":66.3833312988,"6":66.7121124268,"7":67.8478927612,"8":67.7681884766,"9":68.8143005371,"10":69.342338562,"11":69.1530456543,"12":69.6412353516,"13":69.7209396362,"14":70.2987823486,"15":69.2526779175,"16":67.2102661133,"17":67.638671875,"18":67.0110092163,"19":70.7471237183,"20":68.4556350708,"21":68.7246398926,"22":70.9762649536,"23":71.7932357788,"24":71.2751617432,"25":70.4880828857,"26":71.4644622803,"27":72.1020889282,"28":72.2116851807,"29":72.3710861206,"30":72.7197875977,"31":72.3412017822,"32":72.0622406006,"33":72.7197875977,"34":70.7670440674,"35":69.0832977295,"36":66.8615570068,"37":64.5900039673,"38":62.2999992371,"39":61.75,"40":63.6699981689,"41":62.8199996948,"42":67.1800003052,"43":63.8699989319,"44":60.4199981689,"45":56.1699981689,"46":59.3600006104,"47":54.9399986267,"48":47.6500015259,"49":48.5999984741,"50":40.9000015259,"51":41.7000007629,"52":36.5,"53":37.7200012207,"54":36.5999984741,"55":34.8300018311,"56":40.3699989319,"57":42.4099998474,"58":44.4500007629,"59":43.4399986267,"60":44.5099983215,"61":43.25,"62":39.3800010681,"63":38.4599990845,"64":35.4199981689,"65":40.6199989319,"66":43.6500015259,"67":47.2900009155,"68":50.8300018311,"69":46.8600006104,"70":46.1500015259,"71":43.3300018311,"72":43.7900009155,"73":46.5999984741,"74":43.9199981689,"75":42.25,"76":43.0800018311,"77":43.7999992371,"78":43.7200012207,"79":45.5900001526,"80":45.5900001526},"Volume":{"0":1070600,"1":739700,"2":934700,"3":1157600,"4":1130700,"5":859200,"6":796300,"7":902600,"8":767700,"9":1128000,"10":1102600,"11":1219300,"12":1058600,"13":1069400,"14":830900,"15":826200,"16":2085000,"17":2675100,"18":1724500,"19":3575500,"20":3051400,"21":1845500,"22":1153600,"23":831600,"24":976100,"25":1132700,"26":1018700,"27":1322900,"28":831100,"29":1129700,"30":967800,"31":1355100,"32":741000,"33":586600,"34":1076300,"35":1133000,"36":1714500,"37":1499900,"38":2096300,"39":2820000,"40":1904900,"41":1592900,"42":2544500,"43":1314100,"44":1496600,"45":2749300,"46":1770300,"47":1781900,"48":2857900,"49":2800800,"50":2285800,"51":2591400,"52":1708900,"53":1792500,"54":2254000,"55":1692700,"56":898000,"57":1208000,"58":1617300,"59":1081700,"60":896700,"61":1801500,"62":1583700,"63":1975300,"64":2083400,"65":2269600,"66":2124800,"67":1520700,"68":2544100,"69":1378700,"70":1502600,"71":1390800,"72":2025600,"73":1469600,"74":1325600,"75":1164300,"76":1676800,"77":1205800,"78":1336500,"79":553056,"80":553056}}