{"Open":{"0":151.6574958588,"1":151.7370901454,"2":150.4933487159,"3":152.5927904117,"4":153.796742406,"5":157.1598173191,"6":157.2792341211,"7":155.9359788836,"8":158.3538209391,"9":162.2044708358,"10":159.7866172966,"11":158.5926274469,"12":158.3040811955,"13":156.7021281935,"14":154.2245889152,"15":154.8613779663,"16":149.3590527127,"17":149.0008451971,"18":148.4138085794,"19":145.2696068397,"20":146.3641124511,"21":144.7721062561,"22":145.6377526147,"23":148.7520986051,"24":150.6227020328,"25":146.5631084107,"26":158.0055806407,"27":157.4782330002,"28":158.4035763631,"29":157.0006182062,"30":159.6572837396,"31":158.5130217035,"32":158.2045687167,"33":160.2642207646,"34":162.4432635997,"35":155.4782826451,"36":154.8812829297,"37":146.6825026994,"38":140.0558211102,"39":134.3246437391,"40":141.4687089564,"41":139.2996297029,"42":134.3843324158,"43":131.3495950953,"44":125.75,"45":120.4000015259,"46":120.1399993896,"47":117.3899993896,"48":103.1999969482,"49":102.4599990845,"50":92.0,"51":92.9000015259,"52":90.3899993896,"53":98.8499984741,"54":113.8799972534,"55":110.9400024414,"56":118.0,"57":121.3600006104,"58":119.3600006104,"59":120.0500030518,"60":122.3799972534,"61":122.5,"62":116.0100021362,"63":112.5299987793,"64":115.2399978638,"65":113.0400009155,"66":124.9100036621,"67":123.0,"68":129.6100006104,"69":125.1900024414,"70":125.7399978638,"71":121.6900024414,"72":119.7300033569,"73":121.0,"74":122.5299987793,"75":120.6299972534,"76":122.5199966431,"77":118.6399993896,"78":121.4100036621,"79":124.1600036621,"80":124.1600036621},"High":{"0":154.3240966797,"1":152.5728842441,"2":152.7818456502,"3":154.443486044,"4":156.9608265829,"5":157.5180169472,"6":157.6374185822,"7":158.731918882,"8":163.6770627928,"9":162.2044708358,"10":160.6622198038,"11":160.373666028,"12":158.363778606,"13":158.0553251111,"14":154.5628843696,"15":154.8613779663,"16":149.4286946323,"17":149.19984162,"18":149.319259813,"19":147.6575943038,"20":146.5531491895,"21":146.6625950414,"22":147.4984079239,"23":150.0953510534,"24":150.6227020328,"25":156.6523806378,"26":159.4881169607,"27":158.7617728865,"28":159.0105253588,"29":161.0204158239,"30":160.4831181913,"31":160.1050234994,"32":160.8811138493,"33":164.4233021486,"34":163.3188661353,"35":156.9309854769,"36":155.020581944,"37":148.6426486291,"38":144.7621694933,"39":140.493624341,"40":141.8070195774,"41":141.4587721414,"42":135.7773377402,"43":132.4739469625,"44":130.6499938965,"45":121.5800018311,"46":121.75,"47":118.3000030518,"48":105.1800003052,"49":106.6800003052,"50":99.8700027466,"51":100.1500015259,"52":100.6999969482,"53":116.1600036621,"54":118.6999969482,"55":115.0500030518,"56":121.8000030518,"57":126.9400024414,"58":127.0,"59":124.3499984741,"60":125.6100006104,"61":124.8499984741,"62":118.75,"63":117.3000030518,"64":116.0,"65":119.8099975586,"66":125.4800033569,"67":127.2300033569,"68":130.0,"69":125.1900024414,"70":126.9800033569,"71":121.6900024414,"72":121.0,"73":124.9599990845,"74":125.6699981689,"75":122.1800003052,"76":122.9700012207,"77":122.4199981689,"78":123.1900024414,"79":125.4800033569,"80":125.4800033569},"Low":{"0":150.8416059181,"1":151.0803882754,"2":149.4187497594,"3":151.5778888888,"4":153.1599295486,"5":155.8066204112,"6":155.358881393,"7":155.9260343762,"8":157.8264735623,"9":157.876226328,"10":158.0453719722,"11":157.7667778222,"12":156.0255288088,"13":154.6922294227,"14":151.9659406845,"15":151.5480351611,"16":146.7720535315,"17":146.3740529408,"18":147.1700618902,"19":142.6428145562,"20":142.8716621267,"21":142.8816174707,"22":145.2696084653,"23":148.0755077184,"24":147.7471603304,"25":145.6875059099,"26":155.4185814836,"27":156.085227617,"28":156.4434303531,"29":155.6971741648,"30":157.2095835434,"31":155.6076313311,"32":158.0354209997,"33":158.702067732,"34":160.8811256387,"35":151.8564928471,"36":144.0855561818,"37":142.8418124472,"38":135.7972336793,"39":133.3893437905,"40":134.6032336531,"41":131.8968469524,"42":131.5187353439,"43":128.1059091904,"44":123.7900009155,"45":113.8499984741,"46":113.8700027466,"47":108.5299987793,"48":96.1999969482,"49":96.0,"50":90.4899978638,"51":88.6900024414,"52":89.8000030518,"53":97.3700027466,"54":106.5899963379,"55":107.25,"56":115.4300003052,"57":114.9300003052,"58":119.0100021362,"59":116.0,"60":119.25,"61":119.2600021362,"62":112.3000030518,"63":111.5899963379,"64":107.6900024414,"65":113.0100021362,"66":115.75,"67":119.9199981689,"68":120.1600036621,"69":121.7399978638,"70":122.0500030518,"71":118.1500015259,"72":117.1200027466,"73":120.7300033569,"74":121.8300018311,"75":119.6200027466,"76":118.4499969482,"77":118.5,"78":119.4800033569,"79":122.3150024414,"80":122.3150024414},"Close":{"0":154.3240966797,"1":152.4136810303,"2":152.5330963135,"3":154.0255889893,"4":156.3439331055,"5":157.2593231201,"6":155.8464355469,"7":158.4831695557,"8":161.3189239502,"9":158.3538208008,"10":158.7418670654,"11":159.1796722412,"12":156.7419281006,"13":154.7618713379,"14":154.1051940918,"15":153.2992401123,"16":147.7471618652,"17":147.6575927734,"18":147.3193054199,"19":147.5182952881,"20":143.9164123535,"21":143.1204071045,"22":146.7720489502,"23":149.1998443604,"24":147.8864593506,"25":154.8812866211,"26":155.9956817627,"27":157.2095794678,"28":157.7170257568,"29":160.6622161865,"30":157.8264770508,"31":157.7767333984,"32":160.3338623047,"33":164.0850067139,"34":162.4333190918,"35":154.0753479004,"36":144.8716125488,"37":143.8069610596,"38":138.065826416,"39":140.4637756348,"40":139.0508728027,"41":132.4241943359,"42":135.7275848389,"43":129.2799987793,"44":127.6800003052,"45":115.6999969482,"46":120.6699981689,"47":111.0100021362,"48":97.0,"49":106.6299972534,"50":90.4899978638,"51":94.9599990845,"52":99.6800003052,"53":111.6800003052,"54":111.0599975586,"55":111.7600021362,"56":120.0400009155,"57":118.3099975586,"58":125.5999984741,"59":120.5800018311,"60":124.3099975586,"61":121.2600021362,"62":113.4800033569,"63":116.6399993896,"64":109.2200012207,"65":119.0199966431,"66":115.9499969482,"67":125.5400009155,"68":122.2900009155,"69":123.5299987793,"70":125.0800018311,"71":119.9000015259,"72":119.0800018311,"73":124.8499984741,"74":122.6399993896,"75":120.4800033569,"76":118.5400009155,"77":120.8799972534,"78":123.0599975586,"79":125.0599975586,"80":125.0599975586},"Volume":{"0":3027600,"1":2216500,"2":2389700,"3":2140100,"4":3053200,"5":2240200,"6":2449600,"7":1985300,"8":5076600,"9":2971800,"10":2343700,"11":1846100,"12":2460400,"13":1911100,"14":2059100,"15":1973600,"16":3368400,"17":2190000,"18":2521600,"19":3380200,"20":3286200,"21":1988400,"22":2573700,"23":2013700,"24":1706800,"25":6532600,"26":3948600,"27":2016800,"28":1607500,"29":2624400,"30":1679000,"31":1924000,"32":1699300,"33":2602500,"34":1645300,"35":3116300,"36":4223800,"37":2766300,"38":3535000,"39":4395600,"40":4418600,"41":4373300,"42":2854700,"43":3150000,"44":3886300,"45":4048100,"46":3564900,"47":4746400,"48":5156500,"49":4275000,"50":4417400,"51":5548700,"52":6997700,"53":4646900,"54":4479200,"55":3933900,"56":3014400,"57":4133200,"58":2713900,"59":2619400,"60":2281000,"61":2643800,"62":2569600,"63":2336100,"64":3205200,"65":3512600,"66":3189300,"67":5576500,"68":4750500,"69":2821800,"70":3084200,"71":2945000,"72":2238700,"73":2464000,"74":2242000,"75":1605600,"76":2085800,"77":2021100,"78":2111000,"79":837536,"80":837536}}