{"Open":{"0":48.1951691326,"1":47.0438849052,"2":47.1431330595,"3":46.9644847824,"4":47.292007104,"5":47.202684532,"6":47.6393775413,"7":47.3416323201,"8":47.3614816063,"9":47.8080957928,"10":47.7981760885,"11":48.5028389252,"12":48.5425380746,"13":49.1578789469,"14":49.4655511415,"15":49.9419457475,"16":50.0411944721,"17":49.9419468153,"18":50.3389410894,"19":50.5076646932,"20":50.5771377245,"21":50.5771389721,"22":51.1230034516,"23":51.043607148,"24":51.5299987793,"25":51.0299987793,"26":51.25,"27":51.5299987793,"28":51.5299987793,"29":51.5800018311,"30":52.0200004578,"31":52.3899993896,"32":52.2599983215,"33":52.1300010681,"34":51.7000007629,"35":51.2200012207,"36":50.7099990845,"37":48.9199981689,"38":48.0600013733,"39":45.2299995422,"40":44.7900009155,"41":47.2000007629,"42":46.6599998474,"43":47.5200004578,"44":45.7299995422,"45":43.5200004578,"46":43.9399986267,"47":43.6899986267,"48":40.1500015259,"49":40.6899986267,"50":37.7000007629,"51":35.2599983215,"52":37.4900016785,"53":37.3199996948,"54":35.9700012207,"55":34.0200004578,"56":34.2099990845,"57":35.3300018311,"58":35.4700012207,"59":37.3600006104,"60":39.1899986267,"61":40.0299987793,"62":38.3300018311,"63":38.2299995422,"64":39.5800018311,"65":39.3699989319,"66":42.4300003052,"67":40.7200012207,"68":43.7700004578,"69":44.1100006104,"70":44.8600006104,"71":44.3199996948,"72":43.9900016785,"73":45.7299995422,"74":45.8199996948,"75":43.7700004578,"76":44.0699996948,"77":44.4500007629,"78":39.9900016785,"79":42.5999984741,"80":42.5999984741},"High":{"0":48.1951691326,"1":47.3019298571,"2":47.3515544233,"3":47.3317039143,"4":47.5004284655,"5":47.6195272675,"6":47.9172726988,"7":47.7088514629,"8":47.6989273431,"9":48.2944160767,"10":48.6020919605,"11":48.7708108711,"12":48.9494575853,"13":49.5350250597,"14":49.9915680284,"15":50.3687154621,"16":50.3885672059,"17":50.4481173184,"18":50.6863100198,"19":50.6565392632,"20":50.6664617079,"21":51.1428562856,"22":51.867368698,"23":51.6688750234,"24":51.6399993896,"25":51.5200004578,"26":51.4199981689,"27":51.6899986267,"28":51.75,"29":52.0400009155,"30":52.2400016785,"31":52.5200004578,"32":52.2900009155,"33":52.2000007629,"34":51.8800010681,"35":51.4799995422,"36":50.8699989319,"37":49.3800010681,"38":48.3600006104,"39":45.2299995422,"40":47.4199981689,"41":48.1699981689,"42":48.5099983215,"43":48.2700004578,"44":46.6899986267,"45":44.25,"46":45.1699981689,"47":44.3499984741,"48":41.6100006104,"49":41.25,"50":39.7599983215,"51":40.4900016785,"52":38.6899986267,"53":37.3600006104,"54":36.7000007629,"55":35.75,"56":36.0200004578,"57":37.2900009155,"58":39.2700004578,"59":40.3300018311,"60":40.9099998474,"61":40.8300018311,"62":39.3199996948,"63":40.5200004578,"64":40.2700004578,"65":41.9000015259,"66":42.7599983215,"67":43.5900001526,"68":45.3199996948,"69":44.5,"70":45.7700004578,"71":44.6500015259,"72":44.9599990845,"73":46.3600006104,"74":45.8199996948,"75":43.9399986267,"76":44.5499992371,"77":44.6399993896,"78":43.2999992371,"79":43.75,"80":43.75},"Low":{"0":46.8453862335,"1":46.9644841286,"2":46.9744120847,"3":46.8850877908,"4":47.1530557436,"5":47.1729073466,"6":47.2423812141,"7":47.3416323201,"8":47.0935096577,"9":47.788249385,"10":47.7981760885,"11":48.135619793,"12":48.4730642889,"13":49.0685549672,"14":49.3861503659,"15":49.7037509866,"16":49.6541251343,"17":49.8923232212,"18":50.1801433233,"19":50.1305185592,"20":50.0014972205,"21":50.4580415866,"22":50.9642056839,"23":51.0138337493,"24":51.2299995422,"25":50.7900009155,"26":50.8800010681,"27":51.3600006104,"28":51.2999992371,"29":51.3899993896,"30":51.8600006104,"31":52.1300010681,"32":51.9900016785,"33":51.7099990845,"34":51.3899993896,"35":50.6199989319,"36":48.8300018311,"37":48.2900009155,"38":46.2299995422,"39":43.5699996948,"40":44.6699981689,"41":45.8199996948,"42":46.2700004578,"43":46.5600013733,"44":44.7299995422,"45":39.25,"46":42.9199981689,"47":42.4799995422,"48":37.9500007629,"49":38.7200012207,"50":33.8699989319,"51":32.9099998474,"52":33.5600013733,"53":33.5,"54":33.9799995422,"55":32.0,"56":33.9099998474,"57":33.5800018311,"58":35.4199981689,"59":37.1100006104,"60":38.3100013733,"61":39.1100006104,"62":38.1399993896,"63":38.2299995422,"64":37.5600013733,"65":39.3699989319,"66":40.3899993896,"67":40.4000015259,"68":43.7700004578,"69":43.0600013733,"70":44.5999984741,"71":43.6300010681,"72":43.3800010681,"73":44.7999992371,"74":44.3199996948,"75":42.6300010681,"76":43.1699981689,"77":42.7799987793,"78":39.3400001526,"79":42.4399986267,"80":42.4399986267},"Close":{"0":47.1729049683,"1":47.1034317017,"2":47.1927566528,"3":47.1629829407,"4":47.2622299194,"5":47.5103530884,"6":47.282081604,"7":47.4111061096,"8":47.6790771484,"9":48.0859947205,"10":48.4135169983,"11":48.6914138794,"12":48.9296073914,"13":49.5151748657,"14":49.9717178345,"15":50.0908203125,"16":49.882396698,"17":50.3091659546,"18":50.5870628357,"19":50.596988678,"20":50.408416748,"21":51.1130828857,"22":51.1031570435,"23":51.5200004578,"24":51.25,"25":51.2299995422,"26":51.3600006104,"27":51.5400009155,"28":51.4799995422,"29":51.9799995422,"30":52.2299995422,"31":52.2700004578,"32":52.1500015259,"33":51.7900009155,"34":51.5699996948,"35":50.6300010681,"36":48.8899993896,"37":48.2999992371,"38":46.2299995422,"39":44.5299987793,"40":47.3199996948,"41":45.9199981689,"42":48.5,"43":47.1300010681,"44":46.4799995422,"45":42.9300003052,"46":44.9500007629,"47":43.1300010681,"48":38.5200004578,"49":41.2400016785,"50":34.2999992371,"51":40.1100006104,"52":37.2000007629,"53":35.9900016785,"54":34.2799987793,"55":33.1899986267,"56":35.4799995422,"57":35.5,"58":38.6699981689,"59":38.5999984741,"60":40.4900016785,"61":40.0699996948,"62":38.8600006104,"63":40.0,"64":37.9500007629,"65":41.3600006104,"66":40.4700012207,"67":43.2299995422,"68":44.75,"69":43.9300003052,"70":45.4700012207,"71":43.9500007629,"72":44.8600006104,"73":46.2099990845,"74":44.4900016785,"75":43.2000007629,"76":44.2200012207,"77":43.0299987793,"78":42.3199996948,"79":43.7200012207,"80":43.7200012207},"Volume":{"0":4639300,"1":2970900,"2":2474900,"3":2187700,"4":2700000,"5":2249100,"6":4093200,"7":2537200,"8":3167800,"9":2789400,"10":3425700,"11":3251200,"12":2854100,"13":3359100,"14":3138600,"15":2428700,"16":2647000,"17":2614700,"18":2948400,"19":4560600,"20":5893300,"21":3456000,"22":4569100,"23":3103400,"24":3346500,"25":2784800,"26":4385400,"27":2588700,"28":2566100,"29":2374400,"30":2453900,"31":2501800,"32":2511900,"33":2594500,"34":5933300,"35":4427600,"36":4461100,"37":4162500,"38":5322800,"39":9412800,"40":5894500,"41":7906700,"42":5367300,"43":6141800,"44":5994900,"45":10151900,"46":7231900,"47":8592200,"48":7357000,"49":6070100,"50":6701900,"51":9171700,"52":7253200,"53":5291200,"54":5393500,"55":6180400,"56":5400200,"57":5194400,"58":4915500,"59":5803000,"60":6295900,"61":7704500,"62":6979900,"63":4823500,"64":3445000,"65":5157800,"66":6177600,"67":3674700,"68":5735700,"69":3006200,"70":3512100,"71":2454200,"72":2752700,"73":2451700,"74":2836900,"75":3796200,"76":2465200,"77":3190600,"78":5716700,"79":1463336,"80":1463336}}