{"Open":{"0":139.5018032115,"1":137.527022438,"2":137.766387813,"3":139.2923645191,"4":138.4246474804,"5":140.6188652771,"6":143.0025722617,"7":142.1149200715,"8":142.4839365773,"9":142.6435221979,"10":144.9175135365,"11":146.9222266668,"12":146.3736627955,"13":148.6376967314,"14":148.5479289999,"15":149.1064517177,"16":145.3064844132,"17":146.2141054925,"18":148.0292979304,"19":146.7825917107,"20":146.9421670171,"21":144.7180501316,"22":146.7925629316,"23":148.0492517426,"24":146.084443437,"25":146.4335158292,"26":145.7752534645,"27":150.1137921616,"28":148.7573808584,"29":148.4581706911,"30":153.9436962187,"31":157.035529663,"32":156.137903747,"33":156.5867164055,"34":155.3699243135,"35":150.1736431386,"36":150.6523838831,"37":144.5883851166,"38":140.8582285639,"39":135.5123319919,"40":139.6912999752,"41":148.6676192072,"42":144.8576826132,"43":145.4062125436,"44":139.5716220805,"45":129.7774688475,"46":134.6346671516,"47":136.1705949701,"48":123.2600021362,"49":124.5199966431,"50":111.5,"51":110.0100021362,"52":105.2300033569,"53":102.0,"54":106.3000030518,"55":100.5800018311,"56":109.0100021362,"57":119.4599990845,"58":121.7600021362,"59":119.9199981689,"60":123.0999984741,"61":123.9800033569,"62":116.2799987793,"63":113.2900009155,"64":116.5400009155,"65":121.7300033569,"66":128.8300018311,"67":121.8799972534,"68":126.4199981689,"69":124.1699981689,"70":122.9000015259,"71":121.1699981689,"72":122.2200012207,"73":125.7399978638,"74":125.8600006104,"75":120.0899963379,"76":120.3099975586,"77":123.2799987793,"78":122.5,"79":126.6399993896,"80":126.6399993896},"High":{"0":140.469251014,"1":139.9506337022,"2":139.9805450439,"3":139.6314658552,"4":140.3794947428,"5":142.6734401255,"6":143.5311758755,"7":142.5737006621,"8":142.852957721,"9":144.6183058371,"10":145.9448009343,"11":146.9222266668,"12":148.2686703576,"13":149.3358510289,"14":149.1463404135,"15":150.0240280559,"16":146.8025357755,"17":149.0765458156,"18":149.2161678139,"19":147.7500395255,"20":146.9421670171,"21":145.595723303,"22":148.4481968775,"23":148.7374378345,"24":147.1715705418,"25":146.7027941192,"26":149.9841459943,"27":150.5326847279,"28":149.1862568673,"29":156.4071915384,"30":157.7935357902,"31":157.1651923244,"32":157.5042925146,"33":156.8759463192,"34":155.9583675481,"35":152.5573510352,"36":151.2807151427,"37":147.7400704488,"38":144.9973134313,"39":140.7485119325,"40":148.4781058669,"41":150.0439914317,"42":149.6051471369,"43":146.7626330588,"44":140.3296159653,"45":133.4777093855,"46":140.6288413651,"47":138.374784026,"48":129.3500061035,"49":130.7299957275,"50":118.5599975586,"51":116.3899993896,"52":108.1500015259,"53":108.5,"54":109.2799987793,"55":104.7900009155,"56":120.2600021362,"57":124.7399978638,"58":124.3000030518,"59":124.2600021362,"60":125.8899993896,"61":125.1100006104,"62":117.5100021362,"63":118.4499969482,"64":117.1800003052,"65":123.7200012207,"66":130.8300018311,"67":126.0599975586,"68":128.6600036621,"69":124.6500015259,"70":124.8499984741,"71":121.2200012207,"72":123.0599975586,"73":128.2200012207,"74":125.9199981689,"75":120.6399993896,"76":123.6399993896,"77":123.8600006104,"78":126.1900024414,"79":127.0,"80":127.0},"Low":{"0":138.8335687368,"1":137.4472312011,"2":137.4572063002,"3":137.7364734774,"4":138.2052406016,"5":140.1501012814,"6":141.1075646785,"7":141.0576975927,"8":140.9878851707,"9":142.0750153459,"10":143.9600339561,"11":144.4687107605,"12":146.2041121305,"13":148.1390129162,"14":147.4907218057,"15":146.8424230726,"16":144.7479610063,"17":146.2141054925,"18":147.4608063099,"19":146.224068275,"20":142.5836755735,"21":143.9201529787,"22":146.5033330103,"23":144.5584650775,"24":145.4860167492,"25":145.5159242605,"26":145.6256391919,"27":148.8072430392,"28":147.061858875,"29":147.0917667549,"30":153.46494881,"31":150.811965417,"32":155.938433267,"33":152.5573579152,"34":153.3353010952,"35":149.1662921475,"36":144.0099118004,"37":143.1820931196,"38":138.3847610599,"39":134.7942260969,"40":138.923322682,"41":141.227265074,"42":143.6807808753,"43":140.6786999624,"44":135.2430504203,"45":126.665686767,"46":130.8945383919,"47":131.113949235,"48":118.4000015259,"49":119.25,"50":108.3499984741,"51":105.5999984741,"52":91.6800003052,"53":96.9300003052,"54":99.0999984741,"55":98.3300018311,"56":108.6399993896,"57":115.0500030518,"58":118.3399963379,"59":117.0299987793,"60":120.6800003052,"61":119.0999984741,"62":113.1900024414,"63":112.4700012207,"64":112.1999969482,"65":119.3499984741,"66":119.9100036621,"67":120.3399963379,"68":123.8799972534,"69":120.4100036621,"70":118.0100021362,"71":117.6800003052,"72":119.9499969482,"73":124.3600006104,"74":122.3300018311,"75":117.0500030518,"76":120.0100021362,"77":120.8799972534,"78":121.6999969482,"79":124.1800003052,"80":124.1800003052},"Close":{"0":139.5317230225,"1":138.6540527344,"2":139.9805450439,"3":137.8262329102,"4":139.8508911133,"5":142.5437774658,"6":141.5663604736,"7":142.3542785645,"8":142.075012207,"9":144.0996704102,"10":145.8550415039,"11":146.7028045654,"12":147.2313995361,"13":148.1988525391,"14":148.6177368164,"15":147.5306091309,"16":146.0046386719,"17":147.570526123,"18":147.7001647949,"19":147.1117248535,"20":143.281829834,"21":145.3663330078,"22":147.0319366455,"23":145.7353515625,"24":146.9521484375,"25":146.0744628906,"26":149.5851898193,"27":149.1164245605,"28":147.570526123,"29":153.913772583,"30":157.0255584717,"31":155.2402648926,"32":156.8759460449,"33":156.3672943115,"34":154.5221557617,"35":150.3232421875,"36":144.2792053223,"37":143.521194458,"38":138.5044403076,"39":139.3522033691,"40":148.2187957764,"41":142.7133331299,"42":149.5353240967,"43":142.3742218018,"44":139.5417022705,"45":129.6976776123,"46":140.5290985107,"47":132.6100006104,"48":118.4599990845,"49":129.8999938965,"50":108.3499984741,"51":113.9599990845,"52":102.9400024414,"53":105.2300033569,"54":102.8199996948,"55":102.4499969482,"56":119.1600036621,"57":120.3700027466,"58":123.6399993896,"59":120.0999984741,"60":125.2900009155,"61":121.6399993896,"62":114.5599975586,"63":117.1100006104,"64":115.2200012207,"65":123.0199966431,"66":120.1399993896,"67":124.7699966431,"68":125.1200027466,"69":123.5999984741,"70":123.7900009155,"71":120.1600036621,"72":122.9899978638,"73":127.9599990845,"74":122.6200027466,"75":117.4700012207,"76":122.5500030518,"77":121.1800003052,"78":125.7300033569,"79":125.9599990845,"80":125.9599990845},"Volume":{"0":3002300,"1":2365700,"2":3685700,"3":3568500,"4":3206700,"5":4133200,"6":2170800,"7":4227700,"8":1936700,"9":2941200,"10":3871300,"11":3715800,"12":3844900,"13":3017800,"14":1902200,"15":2359000,"16":1985000,"17":2391500,"18":1661200,"19":3983100,"20":3984700,"21":2868400,"22":1957300,"23":2968100,"24":2310000,"25":2494500,"26":4263000,"27":2908800,"28":3407000,"29":7114800,"30":4133600,"31":4518900,"32":2328500,"33":2326700,"34":2759400,"35":3651200,"36":5343900,"37":4085900,"38":4392500,"39":8619900,"40":6618600,"41":4561500,"42":2692500,"43":4238000,"44":5042700,"45":6199900,"46":6580800,"47":4872900,"48":8314700,"49":6787400,"50":8147000,"51":7426100,"52":10211800,"53":8058800,"54":10109400,"55":8300700,"56":7863600,"57":5841200,"58":6534500,"59":3940600,"60":3758400,"61":8623600,"62":5207300,"63":3565700,"64":3741300,"65":5708200,"66":5157200,"67":3645500,"68":4682600,"69":4525600,"70":6022800,"71":4517600,"72":5082900,"73":3901100,"74":4281200,"75":3654000,"76":3016200,"77":2160100,"78":4006700,"79":1002363,"80":1002363}}