{"Open":{"0":30.4627414399,"1":30.0296673109,"2":29.7934468715,"3":29.5473819766,"4":29.4883267309,"5":29.6556501328,"6":29.7048631241,"7":29.3800593238,"8":29.4194276577,"9":29.0650977308,"10":28.7599758104,"11":29.0847808904,"12":28.9666706468,"13":28.7895047557,"14":28.691078885,"15":28.8190330416,"16":27.8839878054,"17":28.1989505134,"18":28.2580051799,"19":27.7855623973,"20":28.3958022409,"21":28.2383206991,"22":29.0650964457,"23":29.4686412509,"24":29.9115572465,"25":29.0650974827,"26":28.9371433258,"27":29.0060408991,"28":29.3406883342,"29":28.9961967971,"30":29.2324210893,"31":29.0847801822,"32":28.8584028318,"33":28.9863558838,"34":29.1143098121,"35":28.051312867,"36":27.9036746392,"37":26.8898882797,"38":25.679253207,"39":24.0257023947,"40":23.8091673591,"41":25.3150783024,"42":24.3898775075,"43":23.7501099895,"44":22.0965604311,"45":19.7048167041,"46":18.8878837292,"47":18.2579591302,"48":15.8071600859,"49":17.1260632365,"50":14.6358949197,"51":13.9862860407,"52":12.8740753209,"53":11.5945420844,"54":13.110296856,"55":12.8150204824,"56":12.9036032188,"57":14.4882572241,"58":14.8130613359,"59":15.9941686568,"60":16.75,"61":15.6300001144,"62":14.0,"63":13.2100000381,"64":14.25,"65":14.4200000763,"66":16.6100006104,"67":16.1599998474,"68":17.6000003815,"69":18.1800003052,"70":17.8500003815,"71":16.1700000763,"72":15.7100000381,"73":15.6800003052,"74":16.0,"75":16.0400009155,"76":16.9200000763,"77":16.6399993896,"78":17.0,"79":17.2900009155,"80":17.2900009155},"High":{"0":30.5316390991,"1":30.1379361312,"2":29.7934468715,"3":29.6851772923,"4":29.6851788011,"5":29.7737617493,"6":29.7245487058,"7":29.399744906,"8":29.5276964789,"9":29.074940522,"10":28.9371422903,"11":29.1635213409,"12":28.9666706468,"13":28.9371428662,"14":29.0060406897,"15":28.9174571968,"16":28.2087923897,"17":28.5631262724,"18":28.5335976949,"19":28.759976172,"20":28.54344035,"21":28.7206061791,"22":29.2324201334,"23":29.7836030425,"24":29.9902976988,"25":29.1635216388,"26":29.0158837778,"27":29.3013190011,"28":29.5769096898,"29":29.3800581247,"30":29.4194284873,"31":29.193049003,"32":29.2717906735,"33":29.6064366786,"34":29.2324214287,"35":28.2087937715,"36":28.1989508646,"37":27.057211966,"38":26.1713814757,"39":24.370192565,"40":25.3249215265,"41":25.6300419817,"42":24.8131062388,"43":23.8190095257,"44":22.7953816847,"45":19.9016668889,"46":19.3012715555,"47":18.5138660708,"48":16.9292138592,"49":17.7461459013,"50":14.7441628033,"51":14.4587287486,"52":13.0906120201,"53":13.5236849913,"54":13.4547870216,"55":12.864232558,"56":14.3799880651,"57":15.2953473251,"58":17.2441752888,"59":17.441025084,"60":16.8500003815,"61":15.8599996567,"62":14.0500001907,"63":14.6000003815,"64":14.529999733,"65":15.6099996567,"66":17.3400001526,"67":16.7900009155,"68":18.3500003815,"69":18.1800003052,"70":18.0,"71":16.2700004578,"72":15.75,"73":16.7600002289,"74":16.9400005341,"75":17.0799999237,"76":17.0499992371,"77":17.1900005341,"78":17.3999996185,"79":18.0900001526,"80":18.0900001526},"Low":{"0":30.078880103,"1":29.7147055179,"2":29.419428323,"3":29.2324201821,"4":29.3406886169,"5":29.4587999419,"6":29.2521041327,"7":29.1536807607,"8":29.2225774742,"9":28.4843861935,"10":28.5926521212,"11":28.8387167479,"12":28.5631256104,"13":28.1103671948,"14":28.1398957267,"15":28.0611550323,"16":27.7757189849,"17":28.1300528535,"18":28.0021001241,"19":27.6379242879,"20":27.824933509,"21":28.2284779084,"22":28.9174564621,"23":29.3111603552,"24":29.1635220109,"25":28.8485598336,"26":28.6123387267,"27":28.976514403,"28":29.0552549001,"29":28.917456349,"30":28.976514154,"31":28.4843849657,"32":28.7993479622,"33":28.9863558838,"34":28.7009219698,"35":27.6477678145,"36":26.5257157918,"37":26.2009098305,"38":24.793422699,"39":23.3564076359,"40":23.6713701604,"41":23.7205837104,"42":23.7993232136,"43":22.9430199099,"44":21.5158489129,"45":17.9626821492,"46":17.4508681893,"47":17.1063788362,"48":14.6555807555,"49":15.9055853653,"50":13.4941574614,"51":12.844548558,"52":11.3189500806,"53":10.9252482578,"54":11.9193464011,"55":11.437060776,"56":12.7953353347,"57":13.7599066363,"58":14.4784139571,"59":15.8858998374,"60":15.5200004578,"61":14.7299995422,"62":13.1499996185,"63":13.1999998093,"64":13.1499996185,"65":14.3999996185,"66":15.7399997711,"67":15.970000267,"68":17.4400005341,"69":17.0100002289,"70":16.5499992371,"71":15.5200004578,"72":14.470000267,"73":15.6400003433,"74":15.6999998093,"75":15.6199998856,"76":16.3199996948,"77":16.5200004578,"78":16.7800006866,"79":17.2399997711,"80":17.2399997711},"Close":{"0":30.5316390991,"1":29.9607696533,"2":29.7147064209,"3":29.3800582886,"4":29.4489574432,"5":29.7737617493,"6":29.291475296,"7":29.3899021149,"8":29.2717895508,"9":28.5729694366,"10":28.9272994995,"11":28.9863567352,"12":28.5631256104,"13":28.8780879974,"14":28.8977737427,"15":28.3859596252,"16":28.0513114929,"17":28.4056453705,"18":28.0217838287,"19":28.7304496765,"20":28.0020999908,"21":28.5237541199,"22":29.0158824921,"23":29.7048625946,"24":29.1930503845,"25":29.0257263184,"26":28.9371433258,"27":29.0454120636,"28":29.1733646393,"29":29.3603725433,"30":29.1339950562,"31":28.7796611786,"32":29.1733646393,"33":29.3603725433,"34":28.9371433258,"35":27.8643035889,"36":26.643825531,"37":26.2304363251,"38":24.793422699,"39":24.0158596039,"40":25.3150787354,"41":24.0552310944,"42":24.7737369537,"43":23.3071956635,"44":21.8504962921,"45":18.0118942261,"46":18.9567813873,"47":17.3819713593,"48":15.649679184,"49":17.3524417877,"50":13.5728979111,"51":13.7303791046,"52":11.4862737656,"53":12.864233017,"54":12.7067518234,"55":11.9685592651,"56":14.18313694,"57":14.5866823196,"58":17.0473232269,"59":16.8799991608,"60":15.8699998856,"61":14.8500003815,"62":13.4600000381,"63":14.279999733,"64":13.4399995804,"65":15.470000267,"66":15.8599996567,"67":16.6900005341,"68":17.8199996948,"69":17.3700008392,"70":17.1499996185,"71":15.7299995422,"72":14.7700004578,"73":16.6299991608,"74":16.6800003052,"75":16.2600002289,"76":16.5,"77":16.8600006104,"78":17.1200008392,"79":18.0200004578,"80":18.0200004578},"Volume":{"0":4618500,"1":4245300,"2":3652200,"3":4057900,"4":4795400,"5":5780300,"6":3832100,"7":3959800,"8":5539300,"9":4408700,"10":3426000,"11":5281600,"12":6437600,"13":7553000,"14":5503600,"15":4796400,"16":4688600,"17":4751100,"18":3459300,"19":8450100,"20":7780200,"21":4578500,"22":4715700,"23":5655100,"24":4520600,"25":3666400,"26":3189900,"27":4473700,"28":2652700,"29":2838400,"30":1918000,"31":2790500,"32":3505200,"33":3588200,"34":3598900,"35":5932000,"36":6472500,"37":5840200,"38":8155600,"39":11606900,"40":10718100,"41":11051300,"42":8068700,"43":7761200,"44":11039000,"45":9538800,"46":14120200,"47":16402500,"48":15085900,"49":9912600,"50":14846100,"51":12165700,"52":11484600,"53":11965200,"54":14914800,"55":11559300,"56":11749600,"57":11039700,"58":11896400,"59":11708800,"60":9791000,"61":9932600,"62":9353400,"63":8708100,"64":7931600,"65":10118200,"66":8668800,"67":7163600,"68":10667500,"69":8256400,"70":9040400,"71":12250900,"72":10716500,"73":10250400,"74":8585600,"75":11306500,"76":8011200,"77":8536600,"78":8428200,"79":2249295,"80":2249295}}