{"Open":{"0":52.1319267337,"1":52.0024725183,"2":52.2115939305,"3":52.5601373397,"4":52.4406366044,"5":53.9841774199,"6":54.3625985815,"7":53.9742213522,"8":54.2928892498,"9":54.0240153551,"10":54.1733885151,"11":54.1933024714,"12":54.2430993536,"13":54.7708880494,"14":54.0937214733,"15":55.0298033033,"16":52.9783875975,"17":52.8688456779,"18":53.7252633518,"19":52.1120139963,"20":52.1916769248,"21":51.6638877823,"22":52.2912614311,"23":54.0140568473,"24":54.272973336,"25":53.4265128821,"26":52.7294279766,"27":54.7708879361,"28":56.7127677641,"29":57.88785066,"30":58.5650192063,"31":57.3401451355,"32":56.5135978945,"33":57.439727455,"34":57.5492687814,"35":56.0953495849,"36":57.0115177022,"37":54.2331388973,"38":47.8000470162,"39":42.8308346795,"40":42.7611249023,"41":42.9702543841,"42":41.7951670325,"43":39.6399993896,"44":38.4599990845,"45":36.7999992371,"46":37.2099990845,"47":36.0299987793,"48":32.7099990845,"49":33.0299987793,"50":28.6900005341,"51":32.7200012207,"52":32.0400009155,"53":33.3400001526,"54":31.5900001526,"55":25.6000003815,"56":30.5499992371,"57":30.0300006866,"58":31.6100006104,"59":32.5,"60":32.4099998474,"61":31.6499996185,"62":30.5499992371,"63":30.4599990845,"64":32.4900016785,"65":32.5999984741,"66":36.1199989319,"67":34.3600006104,"68":33.0699996948,"69":34.6500015259,"70":35.4500007629,"71":34.0,"72":34.0200004578,"73":34.5600013733,"74":36.0999984741,"75":41.5999984741,"76":41.8600006104,"77":39.7200012207,"78":39.1599998474,"79":40.1100006104,"80":40.1100006104},"High":{"0":52.5501791363,"1":52.5302635239,"2":52.5601344245,"3":52.6895968727,"4":53.6754728672,"5":54.4223469507,"6":54.4024328682,"7":54.4422609033,"8":54.3426802076,"9":54.3227649107,"10":54.4422604385,"11":54.7111367794,"12":54.6314741501,"13":55.1194285448,"14":54.8007629486,"15":55.0795980587,"16":53.3368885674,"17":53.6455952536,"18":53.7949714517,"19":52.370929259,"20":52.6298426611,"21":52.410763554,"22":53.4165553401,"23":54.1733901914,"24":54.3028471516,"25":53.6555543203,"26":53.7153018255,"27":56.3243908524,"28":58.1866021663,"29":59.1923912009,"30":58.6148101638,"31":57.4795613402,"32":57.5990574597,"33":58.0770608517,"34":58.3160616972,"35":57.2306001123,"36":57.2106853361,"37":55.5078094745,"38":47.8000470162,"39":43.8963809528,"40":43.6573773218,"41":44.7627554819,"42":41.9146660855,"43":41.3800010681,"44":39.7900009155,"45":38.4599990845,"46":38.0999984741,"47":36.2200012207,"48":32.7799987793,"49":34.75,"50":34.2599983215,"51":37.8100013733,"52":33.8699989319,"53":33.3499984741,"54":32.8699989319,"55":29.3299999237,"56":31.6599998474,"57":33.1899986267,"58":34.5900001526,"59":33.1599998474,"60":32.5200004578,"61":33.1100006104,"62":31.2299995422,"63":33.1599998474,"64":33.2799987793,"65":35.3100013733,"66":36.8600006104,"67":35.5499992371,"68":35.2299995422,"69":35.3300018311,"70":36.0900001526,"71":34.0,"72":34.0499992371,"73":35.1599998474,"74":39.6800003052,"75":43.9000015259,"76":42.2599983215,"77":40.6300010681,"78":40.1300010681,"79":41.4799995422,"80":41.4799995422},"Low":{"0":51.8232205162,"1":51.6838058208,"2":51.8232191518,"3":52.1120149079,"4":52.380885176,"5":53.5958026441,"6":53.635639945,"7":53.4862608599,"8":53.8049287465,"9":53.4763072034,"10":53.8646785084,"11":54.0538862729,"12":54.0339712488,"13":53.964260876,"14":53.6256781142,"15":53.9045132476,"16":52.2215513725,"17":52.5203051757,"18":52.5203047133,"19":51.5244715707,"20":51.2456335544,"21":51.4248858638,"22":51.6937623248,"23":53.2870944284,"24":53.575888515,"25":52.7891757252,"26":52.6398027359,"27":54.4323041132,"28":56.4140182148,"29":57.7086001767,"30":57.2106838891,"31":56.1750169414,"32":56.5135978945,"33":57.1011436132,"34":57.1808073317,"35":55.9260557736,"36":53.7451821831,"37":53.8646812439,"38":42.9403745059,"39":40.839165935,"40":42.3229591633,"41":40.8789999376,"42":40.4109579552,"43":38.4300003052,"44":37.3899993896,"45":35.6599998474,"46":35.9700012207,"47":34.6699981689,"48":29.6299991608,"49":30.7199993134,"50":28.4799995422,"51":32.0999984741,"52":29.6299991608,"53":30.4200000763,"54":24.75,"55":23.8500003815,"56":29.0300006866,"57":27.7199993134,"58":31.6100006104,"59":31.5599994659,"60":30.2999992371,"61":31.5499992371,"62":30.0100002289,"63":30.1299991608,"64":30.7900009155,"65":32.5299987793,"66":33.5999984741,"67":33.8699989319,"68":33.0,"69":33.0,"70":34.5800018311,"71":32.9500007629,"72":32.7599983215,"73":33.9199981689,"74":35.0099983215,"75":40.5200004578,"76":38.8100013733,"77":38.5900001526,"78":38.4000015259,"79":40.0649986267,"80":40.0649986267},"Close":{"0":52.5302619934,"1":52.4804725647,"2":52.450592041,"3":52.4804725647,"4":53.4065971375,"5":54.3327217102,"6":53.7352218628,"7":54.3128051758,"8":54.0240135193,"9":53.7153053284,"10":54.2032623291,"11":54.4323043823,"12":54.6115570068,"13":54.0638465881,"14":54.6513900757,"15":54.0638465881,"16":52.5501785278,"17":53.4065971375,"18":52.5501785278,"19":52.2613868713,"20":51.325302124,"21":51.5145111084,"22":53.3568077087,"23":54.0240135193,"24":53.7352218628,"25":52.8290100098,"26":53.7053451538,"27":56.1849708557,"28":58.1069335938,"29":58.5451011658,"30":57.2704315186,"31":56.3443107605,"32":57.559223175,"33":57.9476013184,"34":58.1069335938,"35":56.5534324646,"36":53.8646812439,"37":53.8646812439,"38":44.2449188232,"39":42.2930870056,"40":43.468170166,"41":41.0582504272,"42":40.6399993896,"43":39.9799995422,"44":39.4900016785,"45":36.0800018311,"46":37.4500007629,"47":35.1500015259,"48":31.0400009155,"49":32.0800018311,"50":32.0200004578,"51":34.8199996948,"52":33.6699981689,"53":31.3999996185,"54":25.5200004578,"55":28.9699993134,"56":29.3700008392,"57":31.4699993134,"58":33.7700004578,"59":32.5200004578,"60":32.1399993896,"61":31.8899993896,"62":30.6800003052,"63":32.5900001526,"64":31.0900001526,"65":35.0900001526,"66":33.7900009155,"67":34.8499984741,"68":34.5,"69":34.7099990845,"70":34.8800010681,"71":33.7999992371,"72":33.6899986267,"73":34.1500015259,"74":38.9700012207,"75":40.6500015259,"76":39.8400001526,"77":38.7299995422,"78":39.6599998474,"79":41.4399986267,"80":41.4399986267},"Volume":{"0":593100,"1":546900,"2":371900,"3":568600,"4":636100,"5":607800,"6":262400,"7":458500,"8":456300,"9":500000,"10":517300,"11":677900,"12":498300,"13":558100,"14":548900,"15":507100,"16":572500,"17":451500,"18":395500,"19":386600,"20":806500,"21":364800,"22":681300,"23":380800,"24":257600,"25":556500,"26":291900,"27":1106000,"28":1253700,"29":1575400,"30":703000,"31":627300,"32":742500,"33":436200,"34":714600,"35":782400,"36":739300,"37":1114600,"38":3981000,"39":3544500,"40":2178500,"41":2287400,"42":2896500,"43":2927300,"44":2568500,"45":2527300,"46":2414700,"47":2400400,"48":2989700,"49":2928600,"50":2476300,"51":2488800,"52":1650500,"53":1470700,"54":3129400,"55":2360700,"56":1786200,"57":2714600,"58":1668200,"59":1443600,"60":1532700,"61":1386900,"62":1159300,"63":1790100,"64":1949700,"65":1218600,"66":1233700,"67":1280900,"68":1644600,"69":1812400,"70":1609400,"71":1254900,"72":823200,"73":1419000,"74":5843100,"75":8405800,"76":4732900,"77":2281000,"78":2754000,"79":814560,"80":814560}}