{"Open":{"0":289.8800048828,"1":284.1700134277,"2":289.2099914551,"3":289.2799987793,"4":292.9100036621,"5":298.9299926758,"6":300.1499938965,"7":291.8800048828,"8":299.3900146484,"9":297.0199890137,"10":304.6799926758,"11":309.799987793,"12":310.0299987793,"13":313.8099975586,"14":318.2900085449,"15":317.5,"16":315.6400146484,"17":314.8999938965,"18":318.0299987793,"19":317.700012207,"20":320.8699951172,"21":317.25,"22":322.9899902344,"23":326.4599914551,"24":327.6600036621,"25":310.0100097656,"26":305.6199951172,"27":315.2399902344,"28":315.6300048828,"29":314.6300048828,"30":317.9899902344,"31":318.0,"32":321.0400085449,"33":320.7699890137,"34":315.0,"35":298.7799987793,"36":299.2900085449,"37":290.6600036621,"38":278.2300109863,"39":255.5500030518,"40":267.4400024414,"41":281.1000061035,"42":270.8999938965,"43":260.7200012207,"44":244.9799957275,"45":228.9799957275,"46":229.3200073242,"47":230.8200073242,"48":208.5399932861,"49":227.9900054932,"50":210.0,"51":214.7799987793,"52":207.1699981689,"53":197.3899993896,"54":197.6999969482,"55":186.0,"56":183.8999938965,"57":191.9400024414,"58":216.5800018311,"59":210.2700042725,"60":194.6799926758,"61":192.4400024414,"62":178.3300018311,"63":172.6799926758,"64":181.5200042725,"65":197.3399963379,"66":216.3699951172,"67":213.6300048828,"68":226.0800018311,"69":223.0,"70":223.4299926758,"71":212.3000030518,"72":213.1100006104,"73":216.5399932861,"74":219.0399932861,"75":207.6499938965,"76":208.6499938965,"77":215.0899963379,"78":220.5,"79":224.3600006104,"80":224.3600006104},"High":{"0":291.4100036621,"1":291.6700134277,"2":290.4800109863,"3":295.0899963379,"4":299.1400146484,"5":300.3299865723,"6":300.1499938965,"7":301.3299865723,"8":299.9700012207,"9":305.4299926758,"10":309.6900024414,"11":310.6400146484,"12":313.8599853516,"13":319.3900146484,"14":318.9599914551,"15":320.9599914551,"16":318.6000061035,"17":318.8200073242,"18":322.2900085449,"19":321.4200134277,"20":322.3800048828,"21":321.8399963379,"22":325.7300109863,"23":327.4800109863,"24":329.8500061035,"25":310.0400085449,"26":313.950012207,"27":317.7799987793,"28":317.2200012207,"29":320.2099914551,"30":320.0400085449,"31":323.6000061035,"32":325.5199890137,"33":322.2600097656,"34":315.2200012207,"35":303.3099975586,"36":299.4599914551,"37":296.700012207,"38":280.0299987793,"39":268.7900085449,"40":282.8999938965,"41":283.3800048828,"42":272.5799865723,"43":261.450012207,"44":249.8200073242,"45":234.7899932861,"46":237.9199981689,"47":233.3999938965,"48":223.9700012207,"49":236.8200073242,"50":214.1199951172,"51":225.7299957275,"52":220.4100036621,"53":209.5599975586,"54":210.1499938965,"55":186.2299957275,"56":202.8300018311,"57":224.7400054932,"58":238.6000061035,"59":210.2700042725,"60":200.5899963379,"61":196.6600036621,"62":180.5099945068,"63":197.6199951172,"64":188.8099975586,"65":207.3699951172,"66":221.3200073242,"67":221.7200012207,"68":232.8999938965,"69":223.0,"70":227.7200012207,"71":217.0599975586,"72":213.1100006104,"73":224.8200073242,"74":221.4100036621,"75":209.7899932861,"76":215.3999938965,"77":221.2400054932,"78":224.2899932861,"79":227.3399963379,"80":227.3399963379},"Low":{"0":286.7300109863,"1":283.8699951172,"2":287.6099853516,"3":289.1000061035,"4":292.1199951172,"5":292.3999938965,"6":291.8299865723,"7":291.0199890137,"8":295.6300048828,"9":296.5700073242,"10":303.8299865723,"11":307.1199951172,"12":309.1900024414,"13":312.5199890137,"14":314.8500061035,"15":316.3699951172,"16":312.6099853516,"17":314.4599914551,"18":317.1199951172,"19":316.6400146484,"20":315.2099914551,"21":315.4299926758,"22":322.2900085449,"23":323.549987793,"24":326.8599853516,"25":302.3699951172,"26":304.6199951172,"27":311.2900085449,"28":314.2399902344,"29":314.0100097656,"30":315.2799987793,"31":317.4599914551,"32":320.799987793,"33":312.9899902344,"34":306.4400024414,"35":295.1300048828,"36":286.8299865723,"37":284.1000061035,"38":265.3999938965,"39":253.8399963379,"40":267.4400024414,"41":264.4899902344,"42":264.2699890137,"43":251.3800048828,"44":242.1499938965,"45":220.0,"46":221.1100006104,"47":218.2799987793,"48":204.2599945068,"49":214.7899932861,"50":200.2200012207,"51":198.6300048828,"52":169.2400054932,"53":183.8999938965,"54":185.7200012207,"55":168.5099945068,"56":179.6300048828,"57":188.0099945068,"58":204.4499969482,"59":194.7700042725,"60":182.25,"61":182.8099975586,"62":169.1399993896,"63":170.0,"64":180.5800018311,"65":193.9900054932,"66":209.9700012207,"67":210.4700012207,"68":222.5500030518,"69":213.9299926758,"70":219.4199981689,"71":209.8500061035,"72":203.7100067139,"73":216.3999938965,"74":213.0899963379,"75":203.1799926758,"76":207.1499938965,"77":214.3099975586,"78":215.9799957275,"79":222.6992034912,"80":222.6992034912},"Close":{"0":287.7399902344,"1":290.8099975586,"2":289.1900024414,"3":291.75,"4":297.0199890137,"5":298.5100097656,"6":292.3999938965,"7":299.3999938965,"8":296.1799926758,"9":303.0799865723,"10":308.9700012207,"11":310.0400085449,"12":310.9800109863,"13":318.299987793,"14":316.700012207,"15":320.6300048828,"16":313.25,"17":317.450012207,"18":319.549987793,"19":321.1799926758,"20":315.2300109863,"21":319.0799865723,"22":323.9299926758,"23":326.8699951172,"24":328.8500061035,"25":306.7600097656,"26":313.6799926758,"27":315.75,"28":316.3800048828,"29":317.5799865723,"30":318.4299926758,"31":320.5700073242,"32":321.1099853516,"33":317.3900146484,"34":308.9200134277,"35":298.4200134277,"36":288.3800048828,"37":284.200012207,"38":265.6700134277,"39":265.7900085449,"40":282.0400085449,"41":266.4100036621,"42":268.25,"43":252.7200012207,"44":249.1600036621,"45":222.5899963379,"46":237.6699981689,"47":222.4700012207,"48":214.4299926758,"49":235.4600067139,"50":210.9100036621,"51":224.3399963379,"52":200.5099945068,"53":193.3000030518,"54":187.0299987793,"55":171.7200012207,"56":190.4299926758,"57":212.3300018311,"58":212.3600006104,"59":196.1799926758,"60":194.0200042725,"61":186.5399932861,"62":173.2200012207,"63":181.5200042725,"64":184.7799987793,"65":206.0899963379,"66":210.3600006104,"67":220.3099975586,"68":224.9900054932,"69":218.2299957275,"70":221.8399963379,"71":211.4700012207,"72":209.2400054932,"73":223.5899963379,"74":214.1300048828,"75":204.3000030518,"76":213.6900024414,"77":218.6100006104,"78":222.6199951172,"79":226.8399963379,"80":226.8399963379},"Volume":{"0":814000,"1":859100,"2":988200,"3":1574300,"4":1058200,"5":955600,"6":983700,"7":1359300,"8":936600,"9":988200,"10":1001700,"11":1005600,"12":820100,"13":826800,"14":649600,"15":731600,"16":593900,"17":499400,"18":367100,"19":498900,"20":897200,"21":650900,"22":478400,"23":571600,"24":582100,"25":2258000,"26":1084800,"27":919200,"28":657900,"29":655700,"30":830000,"31":756100,"32":854300,"33":1047600,"34":905300,"35":832600,"36":962000,"37":1079800,"38":2044300,"39":1680300,"40":1452700,"41":1444700,"42":1213700,"43":1250700,"44":1936200,"45":2406400,"46":2659200,"47":1452800,"48":2677000,"49":1779600,"50":1759900,"51":1768000,"52":1921000,"53":1441900,"54":1591600,"55":1289900,"56":2032600,"57":1564600,"58":1825300,"59":1271300,"60":1690800,"61":1904400,"62":2410000,"63":1595400,"64":1007200,"65":1595900,"66":1419200,"67":983600,"68":913900,"69":527100,"70":752900,"71":798400,"72":702400,"73":1464400,"74":610900,"75":632800,"76":559200,"77":559700,"78":732400,"79":140041,"80":140041}}