{"Open":{"0":36.2359242794,"1":35.7494647833,"2":35.679974542,"3":35.6303368813,"4":36.3153439842,"5":36.2359237671,"6":36.2855609064,"7":35.8288890331,"8":35.8686012586,"9":36.3054170792,"10":36.6429577287,"11":38.0328277677,"12":38.1221769828,"13":38.1321031076,"14":37.8342746763,"15":36.6727373161,"16":35.5509151517,"17":36.2359222093,"18":36.1167920045,"19":35.3424342207,"20":36.0870058978,"21":36.2359233224,"22":37.0003530906,"23":37.5364478678,"24":37.9831885619,"25":36.1862841304,"26":35.9579509437,"27":36.583388584,"28":36.5039698656,"29":36.6826670457,"30":37.2584715034,"31":36.9904218327,"32":36.9705696608,"33":36.9110037729,"34":36.0274416683,"35":35.0148215672,"36":34.1610425796,"37":33.1186418956,"38":31.7585521247,"39":29.9815031217,"40":30.259477814,"41":31.1900005341,"42":31.0400009155,"43":29.8299999237,"44":27.7099990845,"45":26.75,"46":27.9599990845,"47":27.8199996948,"48":26.5499992371,"49":26.3999996185,"50":23.2999992371,"51":23.5,"52":22.5400009155,"53":21.4300003052,"54":22.2999992371,"55":20.1299991608,"56":20.8199996948,"57":21.6499996185,"58":23.4599990845,"59":23.7099990845,"60":22.1100006104,"61":23.9500007629,"62":21.8500003815,"63":21.5599994659,"64":21.7299995422,"65":22.7800006866,"66":25.6900005341,"67":25.0400009155,"68":25.9200000763,"69":25.4599990845,"70":25.7999992371,"71":25.1499996185,"72":25.1599998474,"73":25.75,"74":25.4599990845,"75":24.9099998474,"76":25.6800003052,"77":24.6299991608,"78":24.4799995422,"79":24.8299999237,"80":24.8299999237},"High":{"0":36.4841155416,"1":36.0870050234,"2":35.8785283095,"3":36.3153471865,"4":36.6528804344,"5":36.4046920052,"6":36.3252724163,"7":36.2061407939,"8":36.5039702659,"9":36.5933198487,"10":37.9831890271,"11":38.5589919955,"12":38.2611634749,"13":38.3207270923,"14":37.8541304307,"15":36.6727373161,"16":36.1564986059,"17":36.5536067038,"18":36.3649832562,"19":36.216068524,"20":36.3054154077,"21":36.9804970893,"22":37.2981818419,"23":37.9335516151,"24":38.1618865711,"25":36.1962101138,"26":36.5784290935,"27":36.583388584,"28":36.9507148775,"29":37.4669522948,"30":37.3180387704,"31":37.1343732106,"32":37.4470963986,"33":37.0698460248,"34":36.5734616443,"35":35.1835897973,"36":34.30002907,"37":33.1682793895,"38":32.3244297653,"39":31.0933988378,"40":31.5600013733,"41":32.2799987793,"42":31.2700004578,"43":30.0400009155,"44":28.7900009155,"45":27.6299991608,"46":28.9799995422,"47":28.2800006866,"48":26.6599998474,"49":27.7800006866,"50":24.3799991608,"51":24.4400005341,"52":23.2600002289,"53":22.7299995422,"54":22.7700004578,"55":20.5499992371,"56":21.7299995422,"57":24.5400009155,"58":24.7800006866,"59":23.9500007629,"60":23.9699993134,"61":24.3199996948,"62":22.1830005646,"63":22.7099990845,"64":21.9699993134,"65":24.6200008392,"66":26.4400005341,"67":26.0300006866,"68":26.5599994659,"69":25.5100002289,"70":26.1800003052,"71":25.25,"72":25.2900009155,"73":26.3299999237,"74":26.4400005341,"75":25.3799991608,"76":25.8799991608,"77":25.1000003815,"78":24.6749992371,"79":25.7399997711,"80":25.7399997711},"Low":{"0":35.7047951298,"1":35.7494647833,"2":35.4714947904,"3":35.5707734023,"4":36.0969344816,"5":35.9380950141,"6":35.7296149162,"7":35.5608420284,"8":35.6521761815,"9":36.2160680745,"10":36.6032462179,"11":38.0328277677,"12":37.8144184737,"13":37.8541301223,"14":36.4344761807,"15":35.3821435883,"16":35.4019988905,"17":35.9083079442,"18":35.6154446157,"19":35.2729409702,"20":35.5896311828,"21":36.1465743189,"22":36.7223800943,"23":37.1790518442,"24":35.9182392589,"25":35.6303343805,"26":35.8388164123,"27":35.9182378545,"28":36.4543323726,"29":36.6826670457,"30":36.7323072333,"31":36.6727373391,"32":36.831579382,"33":35.6402657583,"34":35.2233006793,"35":33.8433585789,"36":32.4088130077,"37":31.8479038733,"38":30.7657871246,"39":29.6439628774,"40":29.8524443011,"41":30.3400001526,"42":30.1299991608,"43":28.9099998474,"44":27.5499992371,"45":26.3799991608,"46":26.7700004578,"47":27.2999992371,"48":24.2900009155,"49":24.2430000305,"50":22.6800003052,"51":22.1700000763,"52":20.6399993896,"53":20.1000003815,"54":19.9200000763,"55":19.1299991608,"56":20.1700000763,"57":21.2600002289,"58":23.4599990845,"59":21.9500007629,"60":21.5200004578,"61":22.7600002289,"62":21.2600002289,"63":21.2199993134,"64":21.2000007629,"65":22.6900005341,"66":24.8999996185,"67":25.0,"68":25.1700000763,"69":24.3199996948,"70":25.3899993896,"71":24.5499992371,"72":24.4200000763,"73":25.5200004578,"74":25.4599990845,"75":24.7800006866,"76":24.5300006866,"77":23.9099998474,"78":24.1299991608,"79":24.7800006866,"80":24.7800006866},"Close":{"0":36.1962127686,"1":35.8388137817,"2":35.7544326782,"3":36.2061424255,"4":36.1564979553,"5":36.2359237671,"6":35.8239250183,"7":36.0373687744,"8":36.2756347656,"9":36.5238265991,"10":37.9534072876,"11":38.2959098816,"12":38.1321029663,"13":38.122177124,"14":36.6330299377,"15":35.7792510986,"16":36.1068611145,"17":36.355052948,"18":35.7296142578,"19":36.1962127686,"20":36.0671539307,"21":36.5635375977,"22":37.1294136047,"23":37.6555786133,"24":36.2359237671,"25":36.1068611145,"26":36.5138969421,"27":36.3451271057,"28":36.8911476135,"29":37.2485427856,"30":37.0400657654,"31":36.9507141113,"32":37.2584686279,"33":36.2756347656,"34":35.2431564331,"35":34.0220565796,"36":32.5924758911,"37":32.1655883789,"38":30.7657871246,"39":30.2296943665,"40":31.5600013733,"41":30.7099990845,"42":30.6700000763,"43":29.1200008392,"44":28.5200004578,"45":27.1299991608,"46":28.7600002289,"47":27.5200004578,"48":25.5599994659,"49":25.3799991608,"50":23.1900005341,"51":23.7900009155,"52":21.4099998474,"53":21.9400005341,"54":20.0499992371,"55":19.8099994659,"56":21.6499996185,"57":23.3400001526,"58":24.6000003815,"59":22.0400009155,"60":23.7700004578,"61":22.8799991608,"62":21.5650005341,"63":21.8400001526,"64":21.5900001526,"65":24.4500007629,"66":24.9699993134,"67":25.8199996948,"68":25.6399993896,"69":25.3999996185,"70":26.0100002289,"71":25.1700000763,"72":25.1299991608,"73":26.2299995422,"74":25.6900005341,"75":25.0499992371,"76":24.5900001526,"77":24.4500007629,"78":24.5200004578,"79":25.6700000763,"80":25.6700000763},"Volume":{"0":1153800,"1":940300,"2":792600,"3":955700,"4":1799500,"5":851000,"6":1067100,"7":1207000,"8":1441500,"9":889600,"10":1835100,"11":1662700,"12":1416700,"13":1321200,"14":2407400,"15":2762300,"16":1838800,"17":1353100,"18":876100,"19":978500,"20":1604300,"21":1084600,"22":1072200,"23":1984500,"24":2530200,"25":1047900,"26":1442000,"27":926900,"28":907700,"29":1059400,"30":750500,"31":965600,"32":674100,"33":1605200,"34":1593500,"35":1503900,"36":1922800,"37":2761100,"38":2763400,"39":3917400,"40":2871300,"41":4065400,"42":2778700,"43":2206300,"44":2821300,"45":4129700,"46":3554900,"47":3077300,"48":3106700,"49":2710400,"50":3320300,"51":3157000,"52":3549300,"53":2025500,"54":3236800,"55":2577600,"56":2434900,"57":3077500,"58":2435300,"59":1979800,"60":1575000,"61":2087600,"62":1584700,"63":2515500,"64":1208700,"65":1489800,"66":1670400,"67":1529100,"68":1596300,"69":1554400,"70":967100,"71":1167800,"72":1872800,"73":1085600,"74":1896900,"75":1442400,"76":1501900,"77":1512000,"78":1423000,"79":463716,"80":463716}}