{"Open":{"0":117.6928385122,"1":116.5048265864,"2":116.1853632208,"3":115.6063426497,"4":115.5564233964,"5":115.9657373434,"6":115.5564205558,"7":114.258592248,"8":118.8109696669,"9":117.8026587966,"10":117.8026546602,"11":119.6096321516,"12":117.2136492238,"13":116.9740468117,"14":116.6545787724,"15":115.5963579697,"16":111.1737602223,"17":112.5414726313,"18":113.3899993896,"19":111.0899963379,"20":111.9800033569,"21":111.9199981689,"22":114.2699966431,"23":115.6500015259,"24":117.3300018311,"25":115.4899978638,"26":114.4000015259,"27":116.4800033569,"28":118.0,"29":117.4000015259,"30":117.8899993896,"31":117.1200027466,"32":117.2399978638,"33":116.9400024414,"34":116.9199981689,"35":113.5,"36":114.6699981689,"37":110.8600006104,"38":105.4000015259,"39":101.4599990845,"40":100.4100036621,"41":105.1399993896,"42":102.1699981689,"43":101.0400009155,"44":95.4400024414,"45":86.5199966431,"46":90.7300033569,"47":89.4499969482,"48":81.2099990845,"49":93.0299987793,"50":85.8099975586,"51":83.6299972534,"52":86.1100006104,"53":84.2900009155,"54":90.5100021362,"55":79.5,"56":79.5599975586,"57":82.3600006104,"58":84.7600021362,"59":78.4499969482,"60":82.3700027466,"61":85.9199981689,"62":80.0800018311,"63":80.8700027466,"64":82.7600021362,"65":85.6800003052,"66":92.5599975586,"67":90.1900024414,"68":95.3000030518,"69":97.3799972534,"70":97.1500015259,"71":95.9300003052,"72":95.0,"73":98.0100021362,"74":97.8199996948,"75":97.4100036621,"76":99.1299972534,"77":98.4400024414,"78":100.0100021362,"79":101.4000015259,"80":101.4000015259},"High":{"0":118.0222884436,"1":117.6129708195,"2":116.3750479019,"3":116.3650661649,"4":116.6246336579,"5":116.9041601054,"6":115.6961858115,"7":115.3068392881,"8":122.1353947823,"9":118.2319399765,"10":118.8708648682,"11":119.6096321516,"12":118.0622261754,"13":117.9723744437,"14":117.0938453547,"15":116.2852064763,"16":112.4216697007,"17":113.869242538,"18":113.8899993896,"19":113.1299972534,"20":112.2300033569,"21":113.0,"22":115.3300018311,"23":116.8199996948,"24":117.5,"25":115.9400024414,"26":116.1100006104,"27":117.7300033569,"28":118.8000030518,"29":118.3600006104,"30":118.1699981689,"31":117.5699996948,"32":118.2600021362,"33":118.7099990845,"34":117.3300018311,"35":114.7399978638,"36":114.8300018311,"37":111.3000030518,"38":110.6600036621,"39":102.8499984741,"40":105.7399978638,"41":106.8700027466,"42":104.8099975586,"43":101.9300003052,"44":97.9300003052,"45":90.0,"46":92.2900009155,"47":91.6200027466,"48":93.3099975586,"49":97.1500015259,"50":91.0299987793,"51":93.7099990845,"52":91.8899993896,"53":92.7799987793,"54":91.7699966431,"55":80.0899963379,"56":83.5400009155,"57":88.1399993896,"58":87.7699966431,"59":85.0,"60":87.1999969482,"61":86.5500030518,"62":82.7799987793,"63":84.7399978638,"64":85.3399963379,"65":89.9599990845,"66":93.5500030518,"67":94.0999984741,"68":100.1399993896,"69":98.9800033569,"70":100.5199966431,"71":97.2099990845,"72":95.3199996948,"73":101.0999984741,"74":101.6699981689,"75":100.2399978638,"76":100.0800018311,"77":100.0599975586,"78":100.6200027466,"79":102.7699966431,"80":102.7699966431},"Low":{"0":116.534782473,"1":116.1953474712,"2":115.1670724212,"3":115.2868781127,"4":115.3268046897,"5":115.5164853547,"6":113.7793986333,"7":113.3900520994,"8":118.2519010322,"9":116.4449326283,"10":117.5131387475,"11":117.8026615599,"12":116.8043312447,"13":116.1953524774,"14":115.6562511704,"15":112.9707590271,"16":111.1537894053,"17":112.1521178637,"18":111.8499984741,"19":111.0199966431,"20":110.5400009155,"21":111.5999984741,"22":114.1800003052,"23":115.5500030518,"24":116.1399993896,"25":114.2799987793,"26":114.4000015259,"27":116.2099990845,"28":117.4199981689,"29":117.1800003052,"30":116.9199981689,"31":116.3000030518,"32":116.8700027466,"33":116.9400024414,"34":115.0400009155,"35":112.4100036621,"36":109.7200012207,"37":107.5199966431,"38":104.5899963379,"39":98.8300018311,"40":99.3600006104,"41":100.3799972534,"42":100.3300018311,"43":98.5400009155,"44":92.7799987793,"45":84.9000015259,"46":86.6200027466,"47":87.3000030518,"48":81.2099990845,"49":89.1699981689,"50":82.5299987793,"51":82.5199966431,"52":82.2300033569,"53":81.9400024414,"54":77.5599975586,"55":70.0599975586,"56":77.6100006104,"57":79.75,"58":80.9199981689,"59":77.5800018311,"60":80.9800033569,"61":81.4899978638,"62":78.3099975586,"63":80.5999984741,"64":80.6200027466,"65":84.7699966431,"66":89.0299987793,"67":89.2300033569,"68":95.3000030518,"69":92.4800033569,"70":95.5999984741,"71":93.1999969482,"72":92.9899978638,"73":97.6999969482,"74":96.0100021362,"75":97.0,"76":97.5,"77":97.9300003052,"78":98.1100006104,"79":100.7300033569,"80":100.7300033569},"Close":{"0":117.7826919556,"1":117.4732055664,"2":116.0256347656,"3":115.4266433716,"4":115.8958511353,"5":115.5564193726,"6":114.1088485718,"7":115.2569198608,"8":120.5480575562,"9":117.1836929321,"10":118.8708648682,"11":117.9823608398,"12":116.9241333008,"13":117.1437606812,"14":115.7161560059,"15":113.5597686768,"16":111.8027038574,"17":113.4199981689,"18":112.0699996948,"19":112.9800033569,"20":110.8799972534,"21":112.2799987793,"22":114.3899993896,"23":116.6299972534,"24":116.2200012207,"25":115.0100021362,"26":115.8899993896,"27":117.1699981689,"28":117.9300003052,"29":118.1100006104,"30":117.7300033569,"31":116.8099975586,"32":117.2699966431,"33":117.6900024414,"34":116.6200027466,"35":114.3399963379,"36":109.9700012207,"37":107.8199996948,"38":104.5899963379,"39":100.5699996948,"40":105.6800003052,"41":101.7600021362,"42":104.7099990845,"43":99.8700027466,"44":94.9100036621,"45":86.3499984741,"46":92.1299972534,"47":89.2200012207,"48":87.4300003052,"49":96.8099975586,"50":82.9199981689,"51":93.5999984741,"52":85.3499984741,"53":90.0599975586,"54":79.5699996948,"55":75.5999984741,"56":82.7900009155,"57":84.4499969482,"58":81.3899993896,"59":82.3399963379,"60":86.4000015259,"61":82.2799987793,"62":81.6600036621,"63":83.9599990845,"64":81.7799987793,"65":88.5699996948,"66":90.1900024414,"67":93.4000015259,"68":99.5,"69":93.4100036621,"70":99.5899963379,"71":94.5299987793,"72":95.1900024414,"73":100.0199966431,"74":100.4199981689,"75":97.7300033569,"76":98.1200027466,"77":99.0800018311,"78":100.0500030518,"79":102.5100021362,"80":102.5100021362},"Volume":{"0":1031400,"1":526800,"2":1297300,"3":686200,"4":979900,"5":1297400,"6":1623900,"7":1609100,"8":2439700,"9":2617600,"10":1901300,"11":1624500,"12":1407700,"13":1232600,"14":1186100,"15":1254000,"16":1525700,"17":1234700,"18":630800,"19":954700,"20":1242900,"21":892400,"22":1010000,"23":567900,"24":720300,"25":983500,"26":819200,"27":606900,"28":719300,"29":520200,"30":487200,"31":1125200,"32":667300,"33":649500,"34":914400,"35":865600,"36":1151100,"37":940400,"38":1096700,"39":2214000,"40":1655600,"41":1665300,"42":1348800,"43":1233700,"44":1890600,"45":2050000,"46":5448700,"47":1670600,"48":2606900,"49":2495900,"50":2368900,"51":2565100,"52":1943400,"53":1812200,"54":2644200,"55":2090500,"56":1606600,"57":1834500,"58":3816100,"59":2908700,"60":1796900,"61":1921200,"62":1769800,"63":2242400,"64":1435100,"65":1715500,"66":1300600,"67":1098000,"68":1708700,"69":1172400,"70":1589300,"71":1809100,"72":986100,"73":1163000,"74":1587500,"75":888000,"76":751300,"77":576700,"78":649000,"79":288841,"80":288841}}