{"Open":{"0":76.9238153582,"1":76.1246076106,"2":76.2345003664,"3":76.7439935148,"4":76.9837533292,"5":77.3633882463,"6":78.0327204527,"7":77.9228267409,"8":78.7220409172,"9":78.5022566655,"10":78.3923627218,"11":78.0826751669,"12":78.3024525862,"13":78.5721864047,"14":77.2834611986,"15":77.7130346558,"16":75.4153074325,"17":74.6360816805,"18":75.5052260328,"19":74.8658554264,"20":75.725007455,"21":75.4053285813,"22":75.5951334776,"23":77.4732764899,"24":77.6830679136,"25":77.0836654397,"26":78.4922626877,"27":79.3913720862,"28":79.9208474461,"29":78.3823760824,"30":77.2934574605,"31":77.4832586069,"32":77.8928608557,"33":76.6840583053,"34":76.1945369535,"35":73.6870276799,"36":72.8078905401,"37":70.8897916176,"38":69.5500030518,"39":68.2900009155,"40":69.25,"41":70.3099975586,"42":70.0899963379,"43":70.2900009155,"44":66.1399993896,"45":63.0999984741,"46":63.4799995422,"47":60.5099983215,"48":55.6500015259,"49":58.0600013733,"50":53.3400001526,"51":52.8600006104,"52":49.1500015259,"53":44.6699981689,"54":47.25,"55":44.3400001526,"56":44.3600006104,"57":50.4399986267,"58":50.7299995422,"59":49.2999992371,"60":49.0,"61":51.5699996948,"62":53.4399986267,"63":54.6899986267,"64":56.2099990845,"65":55.7900009155,"66":59.75,"67":58.5099983215,"68":61.3499984741,"69":60.9199981689,"70":60.5800018311,"71":59.4300003052,"72":56.8699989319,"73":58.3100013733,"74":59.4900016785,"75":56.7400016785,"76":57.1699981689,"77":58.2400016785,"78":59.0,"79":60.8499984741,"80":60.8499984741},"High":{"0":77.4832588491,"1":77.2734713694,"2":76.9148263761,"3":77.0237152616,"4":77.2235213577,"5":78.5821824757,"6":78.5522026236,"7":78.8019533244,"8":79.3164458414,"9":78.911847058,"10":78.8618989216,"11":79.1016626646,"12":78.3723830273,"13":78.8269313676,"14":77.7829665024,"15":77.8628877685,"16":75.7599673061,"17":75.5451849932,"18":75.8948395728,"19":76.2045259473,"20":75.864868331,"21":76.0347025583,"22":76.6291131509,"23":77.6031451264,"24":77.9527974272,"25":80.5302491347,"26":79.291474218,"27":79.8309391808,"28":80.020746981,"29":78.6021596488,"30":77.7929627902,"31":77.9128334637,"32":77.9028530962,"33":77.2634786797,"34":76.434304991,"35":73.7070045393,"36":72.9377667975,"37":71.8388562655,"38":72.3899993896,"39":69.3249969482,"40":70.7399978638,"41":72.6500015259,"42":72.1500015259,"43":70.5149993896,"44":67.4400024414,"45":63.6599998474,"46":64.0,"47":61.2599983215,"48":57.8600006104,"49":59.75,"50":56.0600013733,"51":53.5499992371,"52":49.1500015259,"53":47.1100006104,"54":47.5900001526,"55":45.0400009155,"56":50.2099990845,"57":51.9500007629,"58":52.4399986267,"59":50.9399986267,"60":52.5900001526,"61":55.8400001526,"62":55.5900001526,"63":56.4799995422,"64":58.3100013733,"65":57.9799995422,"66":61.0200004578,"67":61.4900016785,"68":62.9500007629,"69":61.0299987793,"70":61.7610015869,"71":59.8300018311,"72":57.0,"73":60.4599990845,"74":59.7050018311,"75":58.1199989319,"76":58.25,"77":59.4500007629,"78":60.7900009155,"79":62.5900001526,"80":62.5900001526},"Low":{"0":76.4442869219,"1":75.9547776313,"2":75.8948404034,"3":76.1046273445,"4":76.3244103058,"5":77.3633882463,"6":77.5731764803,"7":77.7430045282,"8":78.1326206804,"9":77.543207381,"10":77.4233212237,"11":78.0826751669,"12":77.4033490919,"13":77.5332144503,"14":76.743994556,"15":76.1745574336,"16":74.5161963756,"17":74.3663521697,"18":75.0956280117,"19":74.636079639,"20":74.4862288081,"21":74.5022159862,"22":75.5851488589,"23":76.858879472,"24":76.8039336903,"25":77.0237196179,"26":78.0926569226,"27":79.0217354274,"28":78.5472078806,"29":76.9737750041,"30":77.1436043372,"31":76.7240160493,"32":76.6540897957,"33":76.1745607485,"34":75.5951321033,"35":72.1485503643,"36":69.8907813871,"37":70.2204563415,"38":69.1610031128,"39":67.4599990845,"40":68.0,"41":69.0100021362,"42":69.3000030518,"43":67.5899963379,"44":65.7399978638,"45":59.0299987793,"46":59.3100013733,"47":58.8899993896,"48":52.4049987793,"49":54.9300003052,"50":50.7999992371,"51":49.4199981689,"52":37.3100013733,"53":42.5,"54":43.9000015259,"55":40.6380004883,"56":43.7980003357,"57":48.4199981689,"58":49.2599983215,"59":47.7000007629,"60":48.9700012207,"61":51.5699996948,"62":52.5499992371,"63":54.3400001526,"64":53.4099998474,"65":54.8950004578,"66":58.3300018311,"67":58.0200004578,"68":60.4300003052,"69":58.5999984741,"70":60.4099998474,"71":57.3899993896,"72":55.5099983215,"73":58.2400016785,"74":57.9900016785,"75":55.7340011597,"76":56.1699981689,"77":57.8600006104,"78":58.5699996948,"79":60.5,"80":60.5},"Close":{"0":77.473274231,"1":77.1535949707,"2":76.7539901733,"3":77.0037384033,"4":76.933807373,"5":77.9028549194,"6":77.9228286743,"7":78.722038269,"8":78.2624893188,"9":77.9228286743,"10":78.1825714111,"11":78.7020568848,"12":78.1026535034,"13":77.5831680298,"14":77.5132293701,"15":76.8339080811,"16":74.5461730957,"17":74.9557647705,"18":75.2354888916,"19":76.1246032715,"20":74.8558654785,"21":74.7060165405,"22":76.4143218994,"23":77.4832611084,"24":77.7529983521,"25":78.9418182373,"26":79.2614974976,"27":79.3214416504,"28":78.921836853,"29":77.1635818481,"30":77.7330169678,"31":77.5731735229,"32":76.7839584351,"33":76.7140274048,"34":75.734992981,"35":72.478225708,"36":70.2104644775,"37":70.6800003052,"38":70.2900009155,"39":69.1600036621,"40":70.6500015259,"41":69.3799972534,"42":72.0699996948,"43":68.1600036621,"44":66.8099975586,"45":62.1100006104,"46":62.4599990845,"47":59.4300003052,"48":55.7299995422,"49":59.7299995422,"50":51.8400001526,"51":52.6599998474,"52":45.0600013733,"53":46.0499992371,"54":45.5800018311,"55":42.0099983215,"56":49.9199981689,"57":49.8899993896,"58":51.6699981689,"59":49.6500015259,"60":52.0999984741,"61":55.1899986267,"62":54.9700012207,"63":56.0,"64":54.2799987793,"65":57.25,"66":58.4500007629,"67":60.6399993896,"68":61.0400009155,"69":59.4199981689,"70":61.0099983215,"71":57.4900016785,"72":56.7799987793,"73":60.3600006104,"74":58.7000007629,"75":55.8400001526,"76":57.7400016785,"77":58.5999984741,"78":60.3400001526,"79":62.5699996948,"80":62.5699996948},"Volume":{"0":1622600,"1":1143500,"2":1986100,"3":1677200,"4":2287200,"5":2785100,"6":2112000,"7":2350600,"8":1917100,"9":1192700,"10":1071300,"11":1451200,"12":1480300,"13":1403200,"14":936900,"15":1153500,"16":1397700,"17":1824200,"18":1396500,"19":1608100,"20":2004500,"21":1618600,"22":2095100,"23":1165200,"24":1979200,"25":3676900,"26":1514900,"27":1839700,"28":1746500,"29":2093500,"30":1168700,"31":1110000,"32":1326500,"33":1417400,"34":1128400,"35":1808300,"36":2618200,"37":3169800,"38":4059900,"39":3845700,"40":2548200,"41":2231300,"42":5390100,"43":2517900,"44":2727300,"45":3301000,"46":5852200,"47":3531900,"48":5198100,"49":3340200,"50":3044100,"51":3610200,"52":5951000,"53":4527100,"54":4091300,"55":3677000,"56":3345500,"57":3886200,"58":3996200,"59":3945300,"60":3703700,"61":3168300,"62":3819100,"63":2357900,"64":2324000,"65":2683400,"66":2360700,"67":2320600,"68":1419600,"69":1626100,"70":2089600,"71":2698800,"72":2144800,"73":1823200,"74":2010900,"75":2167700,"76":1226400,"77":1857900,"78":1645800,"79":496369,"80":496369}}