{"Open":{"0":11.2188588763,"1":11.5585213733,"2":11.8282538263,"3":12.1379461057,"4":11.9781045776,"5":12.0580258992,"6":11.8282538922,"7":11.7283528332,"8":12.1479366013,"9":12.008075675,"10":11.9281539649,"11":11.8382448113,"12":11.7283532927,"13":11.6983826677,"14":11.718362438,"15":11.8682147619,"16":11.4386411645,"17":11.5085720531,"18":12.5575293513,"19":12.8772130623,"20":12.6674210969,"21":12.4476394251,"22":12.4776092722,"23":12.7473411821,"24":12.9271625543,"25":13.0070842342,"26":12.8272617523,"27":12.9371528409,"28":12.9371523452,"29":13.0670236233,"30":12.9571336451,"31":12.6973911375,"32":12.687400221,"33":12.6374503835,"34":12.4376487267,"35":11.6784027456,"36":11.9581249386,"37":11.3587199067,"38":10.6094644044,"39":9.9401287457,"40":11.1988792419,"41":11.2388392495,"42":11.0490279858,"43":10.5894842673,"44":9.7399997711,"45":8.3299999237,"46":8.779999733,"47":8.6199998856,"48":7.2300000191,"49":7.8000001907,"50":6.9899997711,"51":6.9099998474,"52":6.5100002289,"53":6.4000000954,"54":7.0100002289,"55":6.4499998093,"56":6.6599998474,"57":7.4499998093,"58":7.6300001144,"59":7.6799998283,"60":7.5399999619,"61":7.8699998856,"62":7.5199999809,"63":7.0199999809,"64":7.0300002098,"65":7.0700001717,"66":7.6900000572,"67":7.1799998283,"68":7.4499998093,"69":7.1300001144,"70":7.0999999046,"71":6.7300000191,"72":6.4800000191,"73":6.4699997902,"74":6.6100001335,"75":6.3899998665,"76":6.5900001526,"77":6.4600000381,"78":6.5900001526,"79":6.3800001144,"80":6.3800001144},"High":{"0":11.9481351788,"1":11.9880950854,"2":12.1978866393,"3":12.2278569728,"4":12.0380454712,"5":12.0780065159,"6":11.8981841416,"7":12.1379459308,"8":12.1779065732,"9":12.008075675,"10":11.968114243,"11":11.9181653726,"12":11.7882941899,"13":11.6983826677,"14":11.8382442268,"15":11.8782050702,"16":11.5785026244,"17":11.8082736763,"18":12.9871030653,"19":12.9771132875,"20":12.7273610403,"21":12.6674214467,"22":12.6074804222,"23":12.8472414017,"24":12.987103451,"25":13.0770144873,"26":12.9571328953,"27":12.9671228128,"28":13.2468452189,"29":13.1469441814,"30":13.0570338706,"31":12.9371528179,"32":12.9271618899,"33":12.6674213084,"34":12.4476390348,"35":12.0480365327,"36":11.9880949091,"37":11.5285513288,"38":10.9391369545,"39":11.1788983543,"40":11.3287503907,"41":11.3687103952,"42":11.1089679273,"43":10.7193544577,"44":9.7600002289,"45":8.6599998474,"46":8.8500003815,"47":8.6599998474,"48":7.7800002098,"49":8.0399999619,"50":7.1500000954,"51":7.3299999237,"52":6.8000001907,"53":6.9099998474,"54":7.0500001907,"55":6.6300001144,"56":7.0599999428,"57":8.0,"58":8.3000001907,"59":7.8699998856,"60":7.9400000572,"61":8.1800003052,"62":7.5500001907,"63":7.3899998665,"64":7.0500001907,"65":7.3000001907,"66":7.75,"67":7.3800001144,"68":7.5399999619,"69":7.1300001144,"70":7.2399997711,"71":6.7300000191,"72":6.5399999619,"73":6.9400000572,"74":6.75,"75":6.5799999237,"76":6.6399998665,"77":6.7399997711,"78":6.5999999046,"79":6.4499998093,"80":6.4499998093},"Low":{"0":11.2188588763,"1":11.5185610944,"2":11.8282538263,"3":11.9081747365,"4":11.8582237431,"5":11.8182642149,"6":11.5785019129,"7":11.6684128911,"8":11.9781051724,"9":11.8182636363,"10":11.8082731306,"11":11.7483339417,"12":11.5984821428,"13":11.338740163,"14":11.5884922469,"15":11.6084724618,"16":11.3687109108,"17":11.458621465,"18":12.4776087933,"19":12.4875996114,"20":12.3277582418,"21":12.2378477119,"22":12.3777090472,"23":12.5575291454,"24":12.8172720219,"25":12.7972925223,"26":12.7573315033,"27":12.7673214121,"28":12.8672220958,"29":12.8872018914,"30":12.7373516249,"31":12.6574308574,"32":12.5775096943,"33":12.3976887004,"34":12.2078773566,"35":11.5884928286,"36":11.1689087285,"37":10.7892856986,"38":10.2997724709,"39":9.8502178793,"40":10.7493258516,"41":10.6594147244,"42":10.6893845258,"43":9.9401285517,"44":9.1800003052,"45":8.1099996567,"46":8.1599998474,"47":8.1599998474,"48":6.8299999237,"49":7.1900000572,"50":6.6500000954,"51":6.3000001907,"52":5.9000000954,"53":6.1500000954,"54":6.4499998093,"55":6.0300002098,"56":6.4699997902,"57":6.9600000381,"58":7.5100002289,"59":7.5399999619,"60":7.3499999046,"61":7.8200001717,"62":7.0,"63":6.7699999809,"64":6.5799999237,"65":6.9400000572,"66":7.0,"67":7.0599999428,"68":7.0900001526,"69":6.7600002289,"70":6.8400001526,"71":6.3499999046,"72":6.1999998093,"73":6.3400001526,"74":6.4600000381,"75":6.3000001907,"76":6.4000000954,"77":6.4299998283,"78":6.25,"79":6.3299999237,"80":6.3299999237},"Close":{"0":11.9181652069,"1":11.9581251144,"2":12.1279563904,"3":12.0380458832,"4":11.9281539917,"5":11.8981847763,"6":11.6584224701,"7":12.1079759598,"8":12.0180654526,"9":11.8582239151,"10":11.828253746,"11":11.7982845306,"12":11.6484327316,"13":11.3587198257,"14":11.7583236694,"15":11.6983833313,"16":11.428650856,"17":11.7183628082,"18":12.9271621704,"19":12.7173709869,"20":12.4376487732,"21":12.2478380203,"22":12.5675201416,"23":12.8472414017,"24":12.9371528625,"25":12.8172721863,"26":12.8971920013,"27":12.8372526169,"28":13.146944046,"29":12.9271621704,"30":12.8172721863,"31":12.7373514175,"32":12.597489357,"33":12.5175695419,"34":12.2378473282,"35":11.8482341766,"36":11.3087692261,"37":10.9391365051,"38":10.3796930313,"39":10.8692064285,"40":11.1988792419,"41":10.8692064285,"42":10.9391365051,"43":10.0699996948,"44":9.3999996185,"45":8.2100000381,"46":8.8500003815,"47":8.2100000381,"48":7.2300000191,"49":7.8499999046,"50":6.6599998474,"51":7.0799999237,"52":6.5999999046,"53":6.4800000191,"54":6.5199999809,"55":6.1100001335,"56":7.0100002289,"57":7.5599999428,"58":8.1199998856,"59":7.6199998856,"60":7.8899998665,"61":7.9400000572,"62":7.0399999619,"63":6.9000000954,"64":6.7300000191,"65":7.2300000191,"66":7.0300002098,"67":7.3000001907,"68":7.1399998665,"69":7.0199999809,"70":6.9299998283,"71":6.5,"72":6.2399997711,"73":6.8400001526,"74":6.5100002289,"75":6.4800000191,"76":6.4299998283,"77":6.5199999809,"78":6.2600002289,"79":6.3600001335,"80":6.3600001335},"Volume":{"0":87421800,"1":85885800,"2":111948700,"3":70579300,"4":55402500,"5":39377100,"6":58652000,"7":66161500,"8":45030000,"9":46051000,"10":36673600,"11":46580700,"12":43738200,"13":61947800,"14":73162900,"15":59375800,"16":47862600,"17":62928600,"18":220689300,"19":95469300,"20":77984000,"21":50399300,"22":44385200,"23":50073900,"24":63613900,"25":66636600,"26":33495500,"27":40882300,"28":65712900,"29":51012300,"30":36967100,"31":43963500,"32":54878300,"33":39561900,"34":42921200,"35":70978000,"36":81087400,"37":93118000,"38":94250500,"39":151373200,"40":124802200,"41":109249200,"42":83063100,"43":108087200,"44":148463500,"45":122400700,"46":98938900,"47":103402500,"48":157416100,"49":110144600,"50":115910700,"51":120226000,"52":138927000,"53":98993700,"54":126128700,"55":105631100,"56":119493800,"57":137886500,"58":123180900,"59":93299000,"60":86850200,"61":121149900,"62":99556900,"63":97498400,"64":97803300,"65":98048600,"66":96087800,"67":92650700,"68":128361800,"69":94074500,"70":107067200,"71":138220800,"72":165678200,"73":165907800,"74":99691600,"75":77453100,"76":76844100,"77":82796100,"78":155616400,"79":43740064,"80":43740064}}