{"Open":{"0":64.9253784187,"1":64.0336770705,"2":64.0733121461,"3":64.6578727071,"4":64.5092579041,"5":65.2027914368,"6":65.3910440785,"7":64.4498105774,"8":63.8157160005,"9":63.478849633,"10":63.6968216473,"11":62.9141093163,"12":62.3295546256,"13":62.2205666713,"14":62.6664157989,"15":63.478850552,"16":62.4187222683,"17":63.6571886416,"18":63.825617854,"19":63.3104187991,"20":63.211341027,"21":67.1149832858,"22":67.3725921139,"23":65.609014349,"24":66.6691406478,"25":69.3343247968,"26":68.6804116252,"27":68.294006768,"28":66.8772037783,"29":66.5106118733,"30":66.7880355516,"31":66.9366444344,"32":66.5799667737,"33":66.6394162314,"34":66.5601544884,"35":73.2082423468,"36":73.0497209491,"37":70.6619539258,"38":77.587464974,"39":69.522563353,"40":69.6711845456,"41":73.5847354266,"42":74.2089262671,"43":74.3080029676,"44":74.6250519812,"45":77.2010560816,"46":74.8133039086,"47":73.2181558587,"48":70.4400024414,"49":71.9300003052,"50":67.2399978638,"51":70.0,"52":73.6100006104,"53":80.9800033569,"54":79.5,"55":75.3000030518,"56":75.1299972534,"57":73.8700027466,"58":69.9000015259,"59":73.7099990845,"60":75.3499984741,"61":75.9499969482,"62":74.3199996948,"63":71.8099975586,"64":77.4100036621,"65":79.2399978638,"66":77.3000030518,"67":74.7300033569,"68":74.3700027466,"69":75.8000030518,"70":75.9800033569,"71":76.1600036621,"72":74.8399963379,"73":85.1699981689,"74":82.9899978638,"75":80.25,"76":79.5800018311,"77":82.1699981689,"78":77.0999984741,"79":79.9000015259,"80":79.9000015259},"High":{"0":65.1334399215,"1":64.7668547711,"2":65.2226128858,"3":64.687594699,"4":65.6288291461,"5":65.4603946231,"6":65.4802100557,"7":64.6578720775,"8":63.9643259579,"9":64.3309153376,"10":63.7859876234,"11":62.9141093163,"12":62.3394606966,"13":62.8447549505,"14":63.4689398116,"15":63.6076483709,"16":63.6869109716,"17":64.2813731398,"18":64.5389758806,"19":63.5085704462,"20":63.340142625,"21":68.0463126352,"22":67.3825019646,"23":65.9359713781,"24":69.2550597356,"25":70.5331596853,"26":68.7596753112,"27":68.3534507496,"28":67.1942509606,"29":67.1447062088,"30":67.0357288906,"31":67.1744354785,"32":66.9168336468,"33":66.7384920525,"34":69.1361637072,"35":73.8324268371,"36":73.168608911,"37":74.7736647764,"38":78.1522055274,"39":70.4241707194,"40":74.714225036,"41":74.1296638079,"42":75.3086853027,"43":76.7849363998,"44":79.6581826535,"45":77.4685691138,"46":74.8628380447,"47":74.6844962594,"48":72.8600006104,"49":72.0,"50":72.8000030518,"51":76.0800018311,"52":80.0,"53":85.9700012207,"54":81.5999984741,"55":75.3000030518,"56":75.8300018311,"57":74.4899978638,"58":73.9100036621,"59":75.3899993896,"60":76.4199981689,"61":76.3300018311,"62":74.3899993896,"63":77.4800033569,"64":79.4700012207,"65":79.6500015259,"66":77.6800003052,"67":75.1299972534,"68":74.5999984741,"69":76.0,"70":77.8499984741,"71":76.5899963379,"72":76.9599990845,"73":85.7900009155,"74":85.1800003052,"75":82.2399978638,"76":81.5599975586,"77":84.0,"78":80.1500015259,"79":80.4000015259,"80":80.4000015259},"Low":{"0":64.4399015788,"1":63.9643232403,"2":64.0634098548,"3":63.5779257954,"4":64.2120228548,"5":64.6975024732,"6":64.3804585414,"7":63.4887592015,"8":63.320325539,"9":63.3896798784,"10":62.5376148248,"11":61.9926897752,"12":61.6558284093,"13":62.022411242,"14":62.161123042,"15":62.2601997405,"16":62.2205668385,"17":63.4986612751,"18":63.6274662062,"19":62.4484432603,"20":62.0224122125,"21":64.8857432923,"22":66.2629231696,"23":63.4788500729,"24":65.4405837916,"25":67.7589911842,"26":66.9861900223,"27":66.8772005865,"28":65.7080908766,"29":65.9062395286,"30":66.4214466887,"31":66.0944886072,"32":66.2034756181,"33":65.4901155413,"34":66.1935656247,"35":70.9294606145,"36":68.3831719127,"37":70.0674914368,"38":71.593290251,"39":66.0152248274,"40":69.4334010483,"41":70.850206347,"42":71.9202346625,"43":73.8423382729,"44":74.4070806243,"45":72.4156190821,"46":68.1453953904,"47":72.1084869281,"48":67.8799972534,"49":67.5,"50":64.4100036621,"51":69.0,"52":72.9700012207,"53":78.2900009155,"54":72.1699981689,"55":68.8600006104,"56":72.1100006104,"57":69.3399963379,"58":69.75,"59":71.9100036621,"60":73.8899993896,"61":73.7900009155,"62":72.0,"63":71.3799972534,"64":76.3600006104,"65":75.8799972534,"66":72.5,"67":73.5699996948,"68":72.9499969482,"69":73.7200012207,"70":75.3399963379,"71":74.4700012207,"72":74.4499969482,"73":81.0100021362,"74":80.6500015259,"75":78.2600021362,"76":78.8099975586,"77":74.4000015259,"78":76.25,"79":78.2409973145,"80":78.2409973145},"Close":{"0":64.6281509399,"1":64.469619751,"2":65.0442733765,"3":64.5191650391,"4":65.1928939819,"5":65.2325134277,"6":64.4299926758,"7":63.716632843,"8":63.6076469421,"9":63.5085716248,"10":62.6168785095,"11":62.3989067078,"12":62.0521392822,"13":62.815032959,"14":63.3500480652,"15":62.5673408508,"16":63.241065979,"17":63.7661743164,"18":63.7067298889,"19":63.4392166138,"20":62.6168785095,"21":65.747718811,"22":66.7781295776,"23":65.2622451782,"24":67.5806503296,"25":68.2345657349,"26":68.3534545898,"27":67.134803772,"28":66.3322753906,"29":66.1836624146,"30":66.9366455078,"31":66.3917236328,"32":66.7285842896,"33":66.3818130493,"34":69.0569000244,"35":72.2273788452,"36":69.4532089233,"37":74.0107650757,"38":71.9896011353,"39":68.7200393677,"40":74.7043151855,"41":73.5252914429,"42":75.3086853027,"43":75.4275741577,"44":79.4798431396,"45":72.8416519165,"46":71.6725463867,"47":73.0199966431,"48":68.5800018311,"49":70.75,"50":68.9000015259,"51":74.5199966431,"52":79.4199981689,"53":78.5500030518,"54":73.2600021362,"55":72.6100006104,"56":73.9599990845,"57":69.6600036621,"58":73.8600006104,"59":72.8499984741,"60":75.9300003052,"61":74.7600021362,"62":72.5100021362,"63":76.9800033569,"64":78.2099990845,"65":77.7300033569,"66":74.6699981689,"67":74.9899978638,"68":73.5100021362,"69":75.2799987793,"70":77.75,"71":74.6299972534,"72":76.5400009155,"73":83.9899978638,"74":81.2600021362,"75":78.5299987793,"76":81.3099975586,"77":77.7799987793,"78":79.6399993896,"79":79.623298645,"80":79.623298645},"Volume":{"0":5038200,"1":4689700,"2":8248700,"3":8082600,"4":6607300,"5":5942300,"6":5153900,"7":6868900,"8":9929700,"9":7080600,"10":10633900,"11":13457600,"12":12261100,"13":7906100,"14":14648700,"15":18685100,"16":10421600,"17":10241100,"18":7071000,"19":8771800,"20":11416800,"21":35562000,"22":15904100,"23":21184500,"24":28805500,"25":27320100,"26":24347800,"27":12858700,"28":13927100,"29":8031000,"30":9109100,"31":9904700,"32":7754000,"33":8697200,"34":22478200,"35":42905000,"36":39199200,"37":35000500,"38":51482500,"39":33804800,"40":31113000,"41":24482000,"42":23741700,"43":22727600,"44":31704700,"45":32839400,"46":27660000,"47":32018600,"48":26364600,"49":30116100,"50":26764600,"51":28823700,"52":34965900,"53":46268200,"54":35110200,"55":19875200,"56":20608100,"57":24138100,"58":18351900,"59":16521600,"60":15929400,"61":12111900,"62":12177600,"63":20482100,"64":19421800,"65":19101100,"66":19917900,"67":12215400,"68":12821100,"69":16255600,"70":14379300,"71":11397400,"72":20935400,"73":94348500,"74":31003600,"75":19989400,"76":13988600,"77":65439700,"78":24424200,"79":6782165,"80":6782165}}