{"Open":{"0":105.0300662471,"1":104.3420265163,"2":103.1952975775,"3":103.0756416974,"4":103.5243597872,"5":104.1027092822,"6":104.3121157402,"7":103.9132477543,"8":103.7138224792,"9":103.2152433866,"10":103.9032769028,"11":104.5215141287,"12":103.6440231849,"13":103.9431650032,"14":102.7266325439,"15":104.5913137543,"16":102.5272046126,"17":103.5044186379,"18":104.9403132369,"19":104.9004293414,"20":106.0671040606,"21":104.9104053442,"22":106.2366196375,"23":105.289320379,"24":108.6696707275,"25":107.6126811479,"26":107.7323450586,"27":108.6896074599,"28":109.4773613161,"29":108.8391835689,"30":110.3050015801,"31":110.2750775042,"32":110.4944566613,"33":109.9559874828,"34":110.3947391626,"35":107.3833411325,"36":106.6055639229,"37":103.2052754379,"38":98.7180877292,"39":92.20667967,"40":92.8947164574,"41":95.4075425808,"42":92.5058212469,"43":91.7380209785,"44":85.814930363,"45":78.7750383963,"46":77.0300246654,"47":76.2422689343,"48":67.7963878115,"49":67.9858477735,"50":62.3918234923,"51":63.1097781838,"52":63.7379760592,"53":65.4730303945,"54":64.4359884734,"55":61.3248721404,"56":60.3975168259,"57":64.71519359,"58":68.5342880085,"59":69.9302945559,"60":70.7778801143,"61":72.9815875866,"62":67.8761662772,"63":65.0500030518,"64":65.8099975586,"65":67.8099975586,"66":75.6800003052,"67":71.5800018311,"68":76.0699996948,"69":78.75,"70":81.5,"71":77.1900024414,"72":74.1900024414,"73":76.1299972534,"74":75.8199996948,"75":73.5599975586,"76":75.6699981689,"77":72.8899993896,"78":75.6900024414,"79":76.3700027466,"80":76.3700027466},"High":{"0":105.5585558126,"1":104.3420265163,"2":103.5742203504,"3":103.7237846422,"4":104.3918850966,"5":104.3619710294,"6":104.7109782316,"7":104.2024228551,"8":103.9431632692,"9":103.6938722613,"10":104.2423126743,"11":105.059977337,"12":104.3819138329,"13":104.5015755256,"14":104.7009975596,"15":105.1995773218,"16":103.494443612,"17":105.3491489935,"18":105.9474392602,"19":107.0642558293,"20":106.3961585725,"21":105.7978703906,"22":107.3633991323,"23":108.3406119575,"24":108.7893241453,"25":108.6896075253,"26":108.6397497769,"27":109.5172457462,"28":110.0856248798,"29":110.3548518359,"30":110.6839167545,"31":110.7537139916,"32":110.7636920737,"33":111.1126878731,"34":110.8035752904,"35":108.1710924175,"36":106.6055639229,"37":103.8933130419,"38":100.203842677,"39":93.5428601767,"40":95.8861735036,"41":96.5343220617,"42":94.8591014291,"43":92.1967101705,"44":87.3804592766,"45":79.9317388143,"46":78.5556666552,"47":77.0100805158,"48":68.4943990382,"49":71.4459676578,"50":67.4473857043,"51":67.5969641171,"52":68.8134854506,"53":66.8989510266,"54":66.78926866,"55":61.3248721404,"56":65.4131918703,"57":71.4459724261,"58":72.7921254221,"59":72.7821510074,"60":74.4274539121,"61":74.5670562726,"62":69.481582314,"63":67.8399963379,"64":66.7200012207,"65":72.5,"66":76.5999984741,"67":75.6299972534,"68":81.2699966431,"69":80.2399978638,"70":81.6699981689,"71":77.2699966431,"72":75.1500015259,"73":77.8199996948,"74":76.6999969482,"75":74.75,"76":75.6699981689,"77":77.1100006104,"78":76.2099990845,"79":80.7699966431,"80":80.7699966431},"Low":{"0":104.0428798736,"1":103.4346217884,"2":102.7864690581,"3":102.7366059407,"4":102.8363222106,"5":103.6041330956,"6":103.6938784983,"7":103.5841856458,"8":103.3548470092,"9":103.0457217028,"10":103.4445877123,"11":103.7636761756,"12":103.3149610662,"13":103.2750747149,"14":102.497291762,"15":103.6340483712,"16":102.3676641921,"17":103.0656691624,"18":104.9403132369,"19":104.9004293414,"20":103.5642493939,"21":104.7708046138,"22":106.2366196375,"23":104.3121152677,"24":107.1739421436,"25":107.4531407258,"26":107.5827706786,"27":108.6098334451,"28":108.9688114693,"29":108.6696694905,"30":109.7964517243,"31":109.397586153,"32":109.9260800892,"33":109.0386091367,"34":109.3178127655,"35":105.9175259318,"36":102.3975796887,"37":100.3833322643,"38":95.1682276151,"39":90.0129399199,"40":91.817790095,"41":90.7209293122,"42":90.0727746576,"43":88.2779009265,"44":84.4887234953,"45":73.9488245057,"46":73.6496785606,"47":72.6724616408,"48":62.3918237676,"49":63.6183193997,"50":61.4245844761,"51":60.5570665946,"52":61.8334152326,"53":62.202367928,"54":60.8562075321,"55":56.5784284257,"56":60.3376863163,"57":63.4886927659,"58":66.8790113678,"59":68.7237410738,"60":68.7636280226,"61":71.0869964792,"62":64.8547956017,"63":64.9100036621,"64":63.0800018311,"65":67.3399963379,"66":71.0400009155,"67":70.6399993896,"68":75.9400024414,"69":77.5299987793,"70":78.6299972534,"71":74.5699996948,"72":72.5500030518,"73":74.9000015259,"74":74.0699996948,"75":72.8899993896,"76":73.1999969482,"77":71.6500015259,"78":73.8899993896,"79":76.3399963379,"80":76.3399963379},"Close":{"0":105.2594070435,"1":104.0029983521,"2":103.4545593262,"3":103.3548431396,"4":103.3049850464,"5":104.3519973755,"6":103.9531402588,"7":103.793586731,"8":103.6340484619,"9":103.4246444702,"10":104.1525650024,"11":104.1525650024,"12":103.5542755127,"13":103.3648223877,"14":104.4716491699,"15":104.4916000366,"16":102.9460067749,"17":104.6910247803,"18":105.6582641602,"19":106.9844818115,"20":103.9631118774,"21":105.1098403931,"22":106.8249359131,"23":108.0913238525,"24":107.7722320557,"25":108.2708053589,"26":108.4802093506,"27":109.1283569336,"28":109.0784988403,"29":110.2750778198,"30":110.6340560913,"31":110.0158233643,"32":110.2551422119,"33":110.843460083,"34":109.8263626099,"35":106.3662414551,"36":102.7864685059,"37":100.4531326294,"38":95.208114624,"39":92.3961410522,"40":95.8662261963,"41":90.9203567505,"42":94.779335022,"43":89.3947143555,"44":86.3533935547,"45":74.7565155029,"46":78.5058135986,"47":73.1610717773,"48":63.5983772278,"49":71.3761672974,"50":61.7735900879,"51":67.4374160767,"52":66.8690338135,"53":64.3163299561,"54":61.2351264954,"55":57.984413147,"56":65.1938171387,"57":67.6268768311,"58":72.1040878296,"59":71.0271682739,"60":74.0086517334,"61":71.7650604248,"62":65.8320007324,"63":66.9599990845,"64":63.9300003052,"65":71.8700027466,"66":71.3000030518,"67":75.2099990845,"68":80.4000015259,"69":79.7099990845,"70":80.0199966431,"71":75.0,"72":72.8000030518,"73":77.25,"74":75.5999984741,"75":73.5100021362,"76":73.2200012207,"77":74.8600006104,"78":76.0699996948,"79":80.6399993896,"80":80.6399993896},"Volume":{"0":837100,"1":392700,"2":571100,"3":311400,"4":367600,"5":311200,"6":270400,"7":772200,"8":396600,"9":440300,"10":577500,"11":613800,"12":381600,"13":433600,"14":386200,"15":300000,"16":366200,"17":474800,"18":299900,"19":329500,"20":506700,"21":436400,"22":454400,"23":652300,"24":370300,"25":383000,"26":241500,"27":424300,"28":236900,"29":334400,"30":288500,"31":298700,"32":215000,"33":414100,"34":428800,"35":371800,"36":454500,"37":676000,"38":744300,"39":1402400,"40":773200,"41":822600,"42":787800,"43":639200,"44":990300,"45":1235900,"46":959600,"47":1029400,"48":1134700,"49":1003300,"50":947300,"51":928600,"52":1512500,"53":804800,"54":1224500,"55":720100,"56":660300,"57":978300,"58":1027100,"59":631200,"60":808400,"61":869100,"62":857100,"63":768600,"64":816700,"65":715200,"66":727700,"67":614500,"68":668400,"69":517200,"70":834700,"71":698300,"72":610400,"73":646600,"74":723400,"75":599000,"76":503700,"77":871200,"78":599900,"79":206958,"80":206958}}