{"Open":{"0":29.0645381888,"1":29.2826215401,"2":29.1141035002,"3":29.5304441084,"4":29.4511384456,"5":29.9666086546,"6":29.8674805558,"7":29.837742642,"8":30.1153023396,"9":29.5899214742,"10":29.5403543487,"11":29.817916177,"12":29.5304442348,"13":29.5007047854,"14":29.1141037797,"15":29.40157621,"16":28.5094173108,"17":28.4995039872,"18":27.5676932641,"19":27.7163860824,"20":27.3297845751,"21":26.6061454089,"22":27.2306566029,"23":27.865082263,"24":28.1922066195,"25":27.6866492922,"26":27.3496124973,"27":27.5478706577,"28":28.0534243762,"29":28.3508119215,"30":28.4499407005,"31":28.1228156353,"32":27.7560391871,"33":27.627173575,"34":27.716386795,"35":26.7250990432,"36":26.943183135,"37":25.7536378942,"38":24.3400001526,"39":23.0400009155,"40":24.0400009155,"41":24.5200004578,"42":24.25,"43":24.6700000763,"44":23.6599998474,"45":23.1599998474,"46":23.8299999237,"47":23.4300003052,"48":21.2900009155,"49":21.6900005341,"50":19.8299999237,"51":19.3299999237,"52":19.8400001526,"53":21.1399993896,"54":21.3500003815,"55":18.7099990845,"56":18.7000007629,"57":19.8999996185,"58":20.2900009155,"59":21.0200004578,"60":20.9200000763,"61":21.3700008392,"62":19.5200004578,"63":19.1000003815,"64":18.6100006104,"65":18.8999996185,"66":20.4400005341,"67":19.8899993896,"68":20.6399993896,"69":21.0,"70":20.9500007629,"71":20.1200008392,"72":20.0300006866,"73":20.3500003815,"74":20.3099994659,"75":20.0100002289,"76":19.8999996185,"77":20.2000007629,"78":20.1800003052,"79":21.0200004578,"80":21.0200004578},"High":{"0":29.738613736,"1":29.4709647258,"2":29.4313150756,"3":29.6791367977,"4":29.8179154997,"5":29.9666086546,"6":30.0756518374,"7":30.1549542174,"8":30.174780929,"9":29.8080039641,"10":29.8476547061,"11":29.9467826694,"12":29.6097471289,"13":29.8674799593,"14":29.3619255617,"15":29.4610529086,"16":28.668023096,"17":28.588719977,"18":29.0050602915,"19":27.7163860824,"20":27.3595238683,"21":27.1315282425,"22":27.4289147839,"23":28.0534254593,"24":28.2417702199,"25":27.7362128914,"26":27.3991760983,"27":28.0831647326,"28":28.6382839207,"29":28.6680234964,"30":28.4499407005,"31":28.2913345166,"32":28.063337663,"33":28.0633385577,"34":27.88490568,"35":27.1017891962,"36":26.9630093304,"37":26.0609382504,"38":25.1800003052,"39":24.1000003815,"40":24.6800003052,"41":25.4099998474,"42":25.1000003815,"43":25.0300006866,"44":24.9799995422,"45":24.1499996185,"46":24.2099990845,"47":23.7999992371,"48":22.3299999237,"49":22.7999992371,"50":20.1399993896,"51":21.5699996948,"52":21.5599994659,"53":21.9899997711,"54":21.6100006104,"55":18.7800006866,"56":20.0699996948,"57":21.0400009155,"58":21.9599990845,"59":21.5900001526,"60":21.3999996185,"61":21.5499992371,"62":19.6800003052,"63":19.4400005341,"64":18.8400001526,"65":19.8400001526,"66":20.5,"67":20.7299995422,"68":21.6299991608,"69":21.0799999237,"70":21.1000003815,"71":20.2299995422,"72":20.0499992371,"73":20.9699993134,"74":20.9099998474,"75":20.1800003052,"76":20.0900001526,"77":20.6399993896,"78":20.8299999237,"79":21.7199993134,"80":21.7199993134},"Low":{"0":29.0447119925,"1":29.0546240725,"2":28.9951482141,"3":29.233056839,"4":29.4015748475,"5":29.7386130748,"6":29.7485271583,"7":29.6097470586,"8":29.6989616671,"9":29.2826229906,"10":29.3619242618,"11":29.6593103908,"12":29.2528831604,"13":29.3222728021,"14":28.8365427032,"15":28.8266297485,"16":28.3111591339,"17":27.7362124701,"18":27.3198714932,"19":27.0125731572,"20":26.3186712967,"21":26.5764061158,"22":27.0522265089,"23":27.59743428,"24":27.795692144,"25":27.4090882207,"26":27.1612674103,"27":27.4586546634,"28":28.0137738751,"29":28.0831639461,"30":28.202118924,"31":27.5974327958,"32":27.6469969996,"33":27.4685658923,"34":27.5082174087,"35":26.4376267702,"36":25.1390409521,"37":25.0299987793,"38":23.6800003052,"39":22.7999992371,"40":23.5100002289,"41":23.7299995422,"42":23.9099998474,"43":24.3600006104,"44":23.6100006104,"45":22.6200008392,"46":22.6900005341,"47":22.7700004578,"48":20.3600006104,"49":20.1000003815,"50":18.4200000763,"51":18.4599990845,"52":19.3899993896,"53":20.0200004578,"54":18.7900009155,"55":17.4400005341,"56":18.2199993134,"57":19.1599998474,"58":19.9099998474,"59":20.4699993134,"60":20.2700004578,"61":20.4500007629,"62":18.7600002289,"63":18.4899997711,"64":17.8199996948,"65":18.3500003815,"66":19.2999992371,"67":19.6700000763,"68":20.6200008392,"69":20.1399993896,"70":20.3400001526,"71":19.6700000763,"72":19.5,"73":20.3299999237,"74":20.0699996948,"75":19.4200000763,"76":19.5499992371,"77":20.0200004578,"78":20.1000003815,"79":20.9300003052,"80":20.9300003052},"Close":{"0":29.7287006378,"1":29.3420982361,"2":29.4214019775,"3":29.6394844055,"4":29.7782649994,"5":29.9566955566,"6":29.84765625,"7":30.1351280212,"8":29.84765625,"9":29.4114894867,"10":29.7485256195,"11":29.7980899811,"12":29.4511394501,"13":29.3916625977,"14":29.2925338745,"15":29.1041908264,"16":28.3111591339,"17":27.7560386658,"18":28.1029891968,"19":27.4487400055,"20":26.457452774,"21":26.675535202,"22":27.3396987915,"23":28.0435142517,"24":27.9245586395,"25":27.4388275146,"26":27.3297863007,"27":27.7956924438,"28":28.5887203217,"29":28.4598522186,"30":28.3408985138,"31":27.7262992859,"32":27.716386795,"33":28.0435142517,"34":27.716386795,"35":26.7647514343,"36":25.4959030151,"37":25.0299987793,"38":24.0300006866,"39":23.8600006104,"40":24.6700000763,"41":23.8899993896,"42":25.0900001526,"43":24.6000003815,"44":24.8799991608,"45":22.8400001526,"46":24.1800003052,"47":23.1499996185,"48":20.4699993134,"49":22.7999992371,"50":19.0599994659,"51":21.5599994659,"52":21.5,"53":21.2700004578,"54":18.8600006104,"55":17.75,"56":20.0200004578,"57":20.25,"58":21.8099994659,"59":20.7399997711,"60":21.2800006866,"61":20.5400009155,"62":19.1100006104,"63":18.7000007629,"64":17.9099998474,"65":19.7099990845,"66":19.6800003052,"67":20.5699996948,"68":21.1800003052,"69":20.4099998474,"70":20.7000007629,"71":19.9899997711,"72":19.8400001526,"73":20.7199993134,"74":20.4400005341,"75":19.4400005341,"76":19.9799995422,"77":20.0300006866,"78":20.7800006866,"79":21.5599994659,"80":21.5599994659},"Volume":{"0":5627500,"1":6977700,"2":6013700,"3":6851500,"4":8429600,"5":6048100,"6":4734300,"7":5046100,"8":5483600,"9":5406300,"10":4193800,"11":4348200,"12":4313900,"13":4391500,"14":4167900,"15":4741400,"16":6832300,"17":10978900,"18":12837000,"19":9475000,"20":8708200,"21":4752700,"22":4486400,"23":5647600,"24":3253300,"25":3386900,"26":3150200,"27":5260800,"28":4815500,"29":3921000,"30":2841800,"31":4379500,"32":8384200,"33":5912800,"34":4774100,"35":5771700,"36":12039900,"37":7331300,"38":10953900,"39":13670400,"40":8283900,"41":7959800,"42":6511000,"43":7953700,"44":9856800,"45":15034700,"46":9202400,"47":11517400,"48":8769200,"49":9033200,"50":12808000,"51":8982800,"52":7564000,"53":7353100,"54":7796400,"55":6781200,"56":7194500,"57":8754900,"58":6741500,"59":5685800,"60":6231300,"61":6099900,"62":6386600,"63":7654500,"64":7183200,"65":10797100,"66":7939200,"67":5018400,"68":6053200,"69":5153600,"70":4952700,"71":4336100,"72":4180900,"73":4946600,"74":4747600,"75":4829000,"76":5129900,"77":3838300,"78":4590700,"79":2247934,"80":2247934}}