{"Open":{"0":1348.4100341797,"1":1348.0,"2":1351.6300048828,"3":1400.4599609375,"4":1394.8199462891,"5":1421.9300537109,"6":1429.4699707031,"7":1435.25,"8":1440.0,"9":1433.0200195312,"10":1445.4499511719,"11":1462.5400390625,"12":1479.0,"13":1489.7299804688,"14":1487.5500488281,"15":1492.8199462891,"16":1431.5400390625,"17":1441.7399902344,"18":1458.4599609375,"19":1438.0999755859,"20":1467.8599853516,"21":1461.6500244141,"22":1454.4899902344,"23":1463.6099853516,"24":1451.9799804688,"25":1467.3900146484,"26":1477.2299804688,"27":1513.2700195312,"28":1515.8599853516,"29":1510.0,"30":1514.5300292969,"31":1514.3399658203,"32":1527.1999511719,"33":1519.0100097656,"34":1504.5799560547,"35":1423.0500488281,"36":1431.0,"37":1394.9799804688,"38":1359.1400146484,"39":1274.3100585938,"40":1351.3900146484,"41":1397.6800537109,"42":1358.9599609375,"43":1345.5500488281,"44":1269.9499511719,"45":1204.9599609375,"46":1254.3900146484,"47":1248.2700195312,"48":1122.6199951172,"49":1174.9899902344,"50":1089.6099853516,"51":1090.6400146484,"52":1059.9399414062,"53":1088.2199707031,"54":1130.9000244141,"55":1056.3699951172,"56":1103.9799804688,"57":1124.5799560547,"58":1114.7199707031,"59":1127.4699707031,"60":1132.6400146484,"61":1148.7299804688,"62":1124.0,"63":1100.0,"64":1114.7099609375,"65":1133.0,"66":1217.0100097656,"67":1203.0999755859,"68":1218.1800537109,"69":1201.5,"70":1239.9699707031,"71":1246.5100097656,"72":1267.1400146484,"73":1281.6999511719,"74":1269.8900146484,"75":1242.7099609375,"76":1241.1099853516,"77":1265.7399902344,"78":1255.0,"79":1292.0,"80":1292.0},"High":{"0":1368.6800537109,"1":1373.75,"2":1398.3199462891,"3":1403.5,"4":1411.8499755859,"5":1428.6800537109,"6":1434.9399414062,"7":1441.4799804688,"8":1442.6300048828,"9":1440.7800292969,"10":1450.6999511719,"11":1480.5500488281,"12":1489.8800048828,"13":1500.5799560547,"14":1493.5,"15":1494.1999511719,"16":1436.5799560547,"17":1454.8000488281,"18":1464.1400146484,"19":1455.25,"20":1469.6700439453,"21":1486.3000488281,"22":1467.3399658203,"23":1464.5799560547,"24":1481.5600585938,"25":1485.25,"26":1508.8800048828,"27":1529.8800048828,"28":1520.3000488281,"29":1525.9499511719,"30":1520.0500488281,"31":1530.5600585938,"32":1530.7399902344,"33":1527.0699462891,"34":1510.9499511719,"35":1436.3800048828,"36":1436.8499755859,"37":1413.6700439453,"38":1369.4000244141,"39":1342.4499511719,"40":1387.4699707031,"41":1408.1899414062,"42":1382.7800292969,"43":1353.6300048828,"44":1302.75,"45":1252.7299804688,"46":1275.8499755859,"47":1256.9300537109,"48":1188.75,"49":1214.4000244141,"50":1145.4699707031,"51":1126.0,"52":1104.9899902344,"53":1152.6099853516,"54":1138.4799804688,"55":1066.9100341797,"56":1133.3299560547,"57":1146.1700439453,"58":1171.4799804688,"59":1151.0500488281,"60":1151.0,"61":1173.4000244141,"62":1129.4200439453,"63":1122.7700195312,"64":1118.7900390625,"65":1190.75,"66":1220.7800292969,"67":1214.9000244141,"68":1221.9899902344,"69":1214.5200195312,"70":1275.75,"71":1275.1099853516,"72":1273.3599853516,"73":1290.0,"74":1276.8199462891,"75":1250.0,"76":1279.8800048828,"77":1288.1500244141,"78":1277.7099609375,"79":1294.0999755859,"80":1294.0999755859},"Low":{"0":1346.4899902344,"1":1347.3199462891,"2":1351.0,"3":1391.5600585938,"4":1392.6300048828,"5":1410.2099609375,"6":1419.5999755859,"7":1425.3699951172,"8":1427.7700195312,"9":1431.6600341797,"10":1440.0,"11":1456.5500488281,"12":1470.2099609375,"13":1482.6600341797,"14":1480.3199462891,"15":1463.1800537109,"16":1419.5,"17":1430.3599853516,"18":1445.3900146484,"19":1435.0,"20":1427.0600585938,"21":1456.6099853516,"22":1422.0300292969,"23":1429.6800537109,"24":1450.4799804688,"25":1465.4100341797,"26":1475.1999511719,"27":1505.4499511719,"28":1508.6700439453,"29":1504.0,"30":1505.5500488281,"31":1511.0100097656,"32":1520.9799804688,"33":1504.2600097656,"34":1478.4899902344,"35":1406.7900390625,"36":1380.4200439453,"37":1376.5500488281,"38":1314.2399902344,"39":1268.2099609375,"40":1325.1999511719,"41":1329.2399902344,"42":1337.0,"43":1301.6400146484,"44":1257.2099609375,"45":1198.0400390625,"46":1214.5100097656,"47":1191.1400146484,"48":1108.4699707031,"49":1112.2900390625,"50":1067.0799560547,"51":1049.0999755859,"52":1037.0,"53":1055.5500488281,"54":1062.0999755859,"55":1008.8699951172,"56":1086.4300537109,"57":1083.0100097656,"58":1092.0300292969,"59":1104.0,"60":1098.4899902344,"61":1136.7199707031,"62":1093.4899902344,"63":1093.1300048828,"64":1075.0799560547,"65":1125.0,"66":1177.25,"67":1183.9499511719,"68":1192.4200439453,"69":1182.3299560547,"70":1228.5400390625,"71":1234.0,"72":1238.1999511719,"73":1266.0,"74":1256.4399414062,"75":1205.0,"76":1237.1999511719,"77":1260.5300292969,"78":1244.0,"79":1272.5300292969,"80":1272.5300292969},"Close":{"0":1368.6800537109,"1":1361.5200195312,"2":1397.8100585938,"3":1395.1099853516,"4":1405.0400390625,"5":1419.7900390625,"6":1428.9599609375,"7":1440.0300292969,"8":1430.5899658203,"9":1439.1999511719,"10":1450.1600341797,"11":1479.5200195312,"12":1482.25,"13":1483.8699951172,"14":1484.6899414062,"15":1466.1700439453,"16":1431.7299804688,"17":1450.5,"18":1456.6999511719,"19":1454.25,"20":1432.7800292969,"21":1482.5999755859,"22":1445.4100341797,"23":1446.0500488281,"24":1475.9699707031,"25":1479.1099853516,"26":1508.6600341797,"27":1510.0600585938,"28":1518.6300048828,"29":1513.3900146484,"30":1518.7299804688,"31":1519.4399414062,"32":1524.8699951172,"33":1516.9899902344,"34":1483.4599609375,"35":1419.8599853516,"36":1386.3199462891,"37":1390.4699707031,"38":1314.9499511719,"39":1339.25,"40":1386.3199462891,"41":1337.7199707031,"42":1381.5999755859,"43":1314.7600097656,"44":1295.7399902344,"45":1215.7900390625,"46":1275.1700439453,"47":1210.9000244141,"48":1111.5500488281,"49":1214.2700195312,"50":1073.0,"51":1118.0600585938,"52":1091.1899414062,"53":1111.6700439453,"54":1068.2099609375,"55":1054.1300048828,"56":1130.0100097656,"57":1101.6199951172,"58":1162.9200439453,"59":1110.2600097656,"60":1146.3100585938,"61":1161.9499511719,"62":1102.0999755859,"63":1117.0300292969,"64":1092.6999511719,"65":1183.1899414062,"66":1182.5600585938,"67":1207.0,"68":1206.5699462891,"69":1210.4100341797,"70":1265.2299804688,"71":1257.3000488281,"72":1257.4300537109,"73":1279.0,"74":1261.1500244141,"75":1212.1600341797,"76":1258.4100341797,"77":1271.1700439453,"78":1276.5999755859,"79":1273.0,"80":1273.0},"Volume":{"0":1363900,"1":1170400,"2":2338400,"3":1716500,"4":1765700,"5":1660000,"6":1312900,"7":1536500,"8":1303800,"9":1077500,"10":1304000,"11":2621200,"12":2446500,"13":1422900,"14":1332500,"15":1489300,"16":1706600,"17":1486200,"18":1078300,"19":1355500,"20":2191100,"21":3608800,"22":4794000,"23":1818800,"24":1891100,"25":1418000,"26":1915100,"27":1742600,"28":1552100,"29":1145700,"30":1159900,"31":1282100,"32":1137300,"33":1298100,"34":2126000,"35":2478000,"36":2579000,"37":2488800,"38":3114500,"39":4010900,"40":2771500,"41":2830100,"42":2379900,"43":2719000,"44":3232000,"45":3462600,"46":2743600,"47":2736600,"48":4716300,"49":3970000,"50":4826000,"51":4159700,"52":4652200,"53":3703200,"54":4143900,"55":4183600,"56":3623400,"57":4516200,"58":3828100,"59":3139700,"60":2936800,"61":3261400,"62":2598500,"63":2820500,"64":2568700,"65":3166000,"66":3081000,"67":2016700,"68":2701400,"69":1935100,"70":3167900,"71":2111800,"72":2894800,"73":2552500,"74":1764600,"75":2482400,"76":2315800,"77":1710100,"78":1870100,"79":899109,"80":899109}}