{"Open":{"0":183.7416333362,"1":182.9425322601,"2":183.9214334578,"3":188.026785533,"4":187.2077010866,"5":190.2342726803,"6":191.8724138705,"7":191.3629865665,"8":193.4805843676,"9":191.9623004177,"10":195.6281650184,"11":196.2674425327,"12":196.9366760383,"13":199.7934412966,"14":200.0631124834,"15":200.5126152634,"16":194.6892211693,"17":195.7879632186,"18":198.8445106043,"19":197.6858233659,"20":198.6247650807,"21":196.5670818919,"22":200.7723238172,"23":204.8477042226,"24":200.7923012144,"25":200.4127217874,"26":200.0231762992,"27":204.9276125265,"28":199.3839024959,"29":200.5625460712,"30":203.2794695107,"31":205.766653943,"32":208.1539509501,"33":206.2960513034,"34":207.3248851548,"35":197.3861632945,"36":200.9021733388,"37":190.6937478785,"38":185.1700133325,"39":176.5497890668,"40":184.8403912643,"41":192.1820554798,"42":189.9745621177,"43":189.1255188769,"44":179.2267402828,"45":166.5611195774,"46":170.1170769157,"47":176.3300455391,"48":160.0,"49":165.5599975586,"50":150.0099945068,"51":141.9700012207,"52":135.9600067139,"53":132.9700012207,"54":132.8699951172,"55":116.6800003052,"56":121.9100036621,"57":141.8999938965,"58":149.5099945068,"59":145.0200042725,"60":144.6900024414,"61":148.6600036621,"62":135.9799957275,"63":131.9400024414,"64":129.0,"65":135.3600006104,"66":151.2200012207,"67":142.9199981689,"68":151.9400024414,"69":148.8000030518,"70":147.8200073242,"71":141.7799987793,"72":141.8999938965,"73":147.0599975586,"74":152.0,"75":144.9799957275,"76":145.1999969482,"77":148.4199981689,"78":148.8300018311,"79":154.4900054932,"80":154.4900054932},"High":{"0":186.4585535605,"1":185.5995228252,"2":187.7870448766,"3":189.385245667,"4":190.8036293393,"5":191.7625384174,"6":192.761405148,"7":193.3007914396,"8":194.0499460193,"9":194.9189541782,"10":196.0976338644,"11":199.1142052112,"12":200.1230650913,"13":201.3117086163,"14":200.1230573206,"15":202.3505273272,"16":196.9067077043,"17":198.6946705597,"18":200.8821930863,"19":200.0531338982,"20":199.7834395441,"21":199.7035244867,"22":203.5891368702,"23":205.1373690284,"24":202.4204444867,"25":201.7012538167,"26":204.4281847386,"27":205.9464461668,"28":203.449284484,"29":204.1884390235,"30":206.1362304688,"31":208.0840332839,"32":209.3825534315,"33":209.3825474386,"34":207.6844779765,"35":201.321702806,"36":202.0109165875,"37":196.207484053,"38":189.0256414783,"39":183.8315247214,"40":192.202038163,"41":195.0887628758,"42":193.9999958608,"43":190.2941917145,"44":180.8548987497,"45":170.4966591143,"46":183.4419622166,"47":178.7972490215,"48":170.0,"49":173.5299987793,"50":155.0700073242,"51":148.3500061035,"52":139.5500030518,"53":137.0899963379,"54":135.3099975586,"55":118.6900024414,"56":142.8000030518,"57":154.1699981689,"58":155.8500061035,"59":150.4799957275,"60":152.4199981689,"61":150.0299987793,"62":138.0,"63":135.5599975586,"64":131.1999969482,"65":144.4199981689,"66":152.6199951172,"67":150.4499969482,"68":155.3000030518,"69":149.1300048828,"70":148.8000030518,"71":142.3399963379,"72":141.8999938965,"73":155.3699951172,"74":152.5700073242,"75":145.3399963379,"76":148.7899932861,"77":149.9499969482,"78":153.6699981689,"79":156.8000030518,"80":156.8000030518},"Low":{"0":183.4020221186,"1":182.0635394371,"2":183.3520718036,"3":186.957990209,"4":187.2077010866,"5":190.1044302966,"6":189.7947680806,"7":190.8735361348,"8":190.9834162285,"9":191.6826188075,"10":193.0410871514,"11":195.7680088795,"12":196.9366760383,"13":199.0243092092,"14":198.2351988495,"15":198.185252765,"16":193.5904610875,"17":195.3984056027,"18":197.995467346,"19":196.916691307,"20":194.549384742,"21":196.057665075,"22":200.5126238106,"23":197.9754924384,"24":200.5625507703,"25":198.1253225214,"26":200.0231762992,"27":202.1507627385,"28":198.0054607437,"29":199.0242972305,"30":203.0397511242,"31":205.217273906,"32":206.6356684236,"33":203.3893439566,"34":202.8100008914,"35":195.3085175285,"36":190.6038545084,"37":188.5561726009,"38":182.1534300082,"39":174.8017713532,"40":182.9425343074,"41":184.6106550319,"42":187.8369868416,"43":182.6428802674,"44":173.6430761089,"45":161.1672423414,"46":165.3125279381,"47":168.5788406774,"48":151.7299957275,"49":156.0099945068,"50":136.7299957275,"51":134.2700042725,"52":116.2399978638,"53":122.6699981689,"54":117.3799972534,"55":105.5400009155,"56":121.4800033569,"57":139.5599975586,"58":145.0700073242,"59":143.1499938965,"60":142.2899932861,"61":142.7200012207,"62":130.0,"63":127.3000030518,"64":124.5500030518,"65":131.4400024414,"66":139.7299957275,"67":140.4299926758,"68":148.6100006104,"69":139.0099945068,"70":145.0899963379,"71":138.5200042725,"72":137.9900054932,"73":146.75,"74":147.0099945068,"75":139.9499969482,"76":144.0099945068,"77":146.9299926758,"78":147.2799987793,"79":154.5599975586,"80":154.5599975586},"Close":{"0":185.4596862793,"1":184.191116333,"2":187.7570800781,"3":187.1577606201,"4":188.6460723877,"5":191.1532287598,"6":190.2242889404,"7":193.0810394287,"8":191.0932922363,"9":194.1598205566,"10":195.7280426025,"11":198.3950195312,"12":198.5648193359,"13":199.8333892822,"14":199.5536956787,"15":198.5448455811,"16":195.2785491943,"17":197.8056793213,"18":199.0442810059,"19":199.8134002686,"20":195.2286071777,"21":197.835647583,"22":202.7101287842,"23":200.4227142334,"24":201.4415588379,"25":200.5625457764,"26":204.408203125,"27":202.9498443604,"28":201.421585083,"29":202.5003509521,"30":206.1362304688,"31":206.8354492188,"32":206.7455444336,"33":208.2338562012,"34":204.1584777832,"35":200.1929779053,"36":190.9834136963,"37":189.4351654053,"38":183.5418548584,"39":183.7616119385,"40":192.1720733643,"41":187.3675231934,"42":193.7003326416,"43":185.5196075439,"44":179.3565979004,"45":164.5633850098,"46":181.5641021729,"47":171.9550018311,"48":157.1100006104,"49":172.9900054932,"50":139.8300018311,"51":147.8099975586,"52":134.5599975586,"53":130.5200042725,"54":119.0,"55":116.0699996948,"56":141.2299957275,"57":146.6999969482,"58":152.8699951172,"59":144.9600067139,"60":151.2299957275,"61":144.2299957275,"62":133.1100006104,"63":130.6900024414,"64":126.3000030518,"65":143.7400054932,"66":141.0700073242,"67":149.2899932861,"68":151.0299987793,"69":143.6600036621,"70":146.2899932861,"71":140.7799987793,"72":141.0,"73":154.8800048828,"74":148.2100067139,"75":141.2899932861,"76":147.6199951172,"77":147.2599945068,"78":153.0099945068,"79":156.2899932861,"80":156.2899932861},"Volume":{"0":1816400,"1":1310900,"2":1533000,"3":1520500,"4":1325800,"5":1045200,"6":1336300,"7":1207400,"8":1418000,"9":1754400,"10":1490200,"11":1854600,"12":1631200,"13":1443300,"14":1269700,"15":1206000,"16":1299400,"17":1237300,"18":1081900,"19":1013400,"20":2439400,"21":1427400,"22":1718400,"23":1833100,"24":1370000,"25":1161300,"26":1505100,"27":2100500,"28":2535600,"29":1884200,"30":1801300,"31":2363000,"32":1270200,"33":1979400,"34":1442800,"35":2083700,"36":2814100,"37":2089600,"38":3416400,"39":4061400,"40":3027200,"41":2378800,"42":1490100,"43":2415700,"44":2589100,"45":3144700,"46":4335500,"47":3240100,"48":3537500,"49":2972000,"50":5461600,"51":5254800,"52":4864700,"53":5356300,"54":5212000,"55":5084600,"56":4652600,"57":3411000,"58":3185200,"59":2576800,"60":2651700,"61":3551000,"62":2490700,"63":2833500,"64":2220800,"65":2961400,"66":4128300,"67":2120800,"68":1606700,"69":2514400,"70":2266400,"71":1926300,"72":1898100,"73":3208200,"74":2213700,"75":1939300,"76":1790000,"77":1139300,"78":1336900,"79":440274,"80":440274}}