{"Open":{"0":338.1716927434,"1":337.9626918967,"2":336.350205696,"3":333.5831298575,"4":336.5393168423,"5":340.3515391431,"6":342.7602759942,"7":340.6302165906,"8":342.0137665949,"9":340.4012741337,"10":339.0774862125,"11":338.6295430582,"12":337.3356044467,"13":335.6733641188,"14":327.0336867177,"15":332.3190210012,"16":322.4451119909,"17":323.1219598362,"18":323.6395323983,"19":315.0396788738,"20":308.0224126204,"21":304.279907646,"22":306.5890890705,"23":311.8246751287,"24":315.2785477865,"25":306.6199951172,"26":299.950012207,"27":299.2900085449,"28":306.3099975586,"29":308.950012207,"30":305.3699951172,"31":306.3200073242,"32":309.1199951172,"33":306.0799865723,"34":307.6900024414,"35":294.2399902344,"36":296.3200073242,"37":288.0899963379,"38":279.799987793,"39":270.9700012207,"40":279.3599853516,"41":288.3099975586,"42":291.9899902344,"43":285.0599975586,"44":280.6300048828,"45":268.9100036621,"46":264.4700012207,"47":272.6400146484,"48":255.0,"49":258.8599853516,"50":241.0,"51":233.2799987793,"52":230.0,"53":233.5,"54":235.4100036621,"55":212.6399993896,"56":221.1799926758,"57":238.6300048828,"58":239.7200012207,"59":240.9199981689,"60":246.8600006104,"61":251.6799926758,"62":240.0,"63":234.6999969482,"64":236.6100006104,"65":248.3699951172,"66":253.2599945068,"67":261.7699890137,"68":274.9400024414,"69":278.2900085449,"70":283.3099975586,"71":281.3800048828,"72":279.5899963379,"73":287.4800109863,"74":276.299987793,"75":270.0,"76":276.3500061035,"77":264.200012207,"78":260.049987793,"79":272.3299865723,"80":272.3299865723},"High":{"0":343.1086425781,"1":340.6700574836,"2":338.271232589,"3":337.7237779479,"4":341.5160896592,"5":342.0834463494,"6":344.9898908271,"7":343.6958950707,"8":344.1736993606,"9":340.4012741337,"10":341.1279141649,"11":340.6401785716,"12":337.3356044467,"13":336.0018481361,"14":331.3833812172,"15":333.3343020896,"16":324.4557172053,"17":324.5652057413,"18":328.5665496707,"19":320.0662072094,"20":309.3960067688,"21":307.0668883233,"22":311.7848408928,"23":313.8054209815,"24":315.2785477865,"25":307.6700134277,"26":299.950012207,"27":303.1000061035,"28":312.2699890137,"29":309.9800109863,"30":307.9299926758,"31":309.200012207,"32":310.9400024414,"33":312.3699951172,"34":308.3800048828,"35":300.0400085449,"36":296.3200073242,"37":290.6499938965,"38":288.25,"39":277.75,"40":288.9200134277,"41":292.9899902344,"42":296.450012207,"43":293.6300048828,"44":285.450012207,"45":283.1199951172,"46":279.6600036621,"47":281.4899902344,"48":256.8200073242,"49":266.1199951172,"50":256.8800048828,"51":246.9600067139,"52":245.8800048828,"53":248.6000061035,"54":236.6000061035,"55":218.1600036621,"56":239.9700012207,"57":255.3999938965,"58":249.0200042725,"59":253.7899932861,"60":256.2900085449,"61":257.0400085449,"62":245.2899932861,"63":244.75,"64":242.9400024414,"65":254.75,"66":272.5299987793,"67":273.7399902344,"68":282.2099914551,"69":278.2900085449,"70":288.5700073242,"71":282.8099975586,"72":283.1199951172,"73":291.9200134277,"74":277.2399902344,"75":272.7900085449,"76":278.0,"77":272.3200073242,"78":271.4899902344,"79":277.200012207,"80":277.200012207},"Low":{"0":335.6434837979,"1":333.4537370071,"2":333.6925958181,"3":331.9507338572,"4":336.5393168423,"5":338.8784034656,"6":339.3760766217,"7":339.8638045645,"8":338.271254096,"9":336.2805223185,"10":336.5492771386,"11":336.5791152357,"12":328.8352683299,"13":328.7755642666,"14":323.3110704415,"15":324.8638250914,"16":318.6627465532,"17":320.1856516961,"18":323.6395323983,"19":305.5041652582,"20":297.2924917139,"21":299.999864721,"22":306.1610939161,"23":309.5055123709,"24":306.6189512139,"25":299.450012207,"26":294.3399963379,"27":299.2900085449,"28":306.2399902344,"29":305.2399902344,"30":304.1799926758,"31":304.950012207,"32":306.1900024414,"33":306.0799865723,"34":302.9800109863,"35":292.5700073242,"36":283.6499938965,"37":283.5100097656,"38":273.8999938965,"39":268.9400024414,"40":272.1300048828,"41":282.4200134277,"42":288.049987793,"43":285.0599975586,"44":278.0100097656,"45":251.6300048828,"46":256.3999938965,"47":268.6700134277,"48":242.2299957275,"49":246.3699951172,"50":224.0,"51":225.9799957275,"52":226.1000061035,"53":226.6199951172,"54":212.0099945068,"55":200.6100006104,"56":221.1799926758,"57":230.5599975586,"58":228.0700073242,"59":238.6999969482,"60":241.8999938965,"61":248.0099945068,"62":233.8500061035,"63":233.8899993896,"64":234.0099945068,"65":245.1699981689,"66":253.2599945068,"67":256.9100036621,"68":273.3599853516,"69":272.0,"70":280.0,"71":276.549987793,"72":275.4299926758,"73":276.1400146484,"74":271.7699890137,"75":268.5100097656,"76":271.5299987793,"77":256.1900024414,"78":259.1900024414,"79":271.0,"80":271.0},"Close":{"0":343.1086425781,"1":339.0774841309,"2":335.9221801758,"3":336.2705688477,"4":339.824005127,"5":341.5758361816,"6":339.7244567871,"7":342.8399047852,"8":338.6992492676,"9":337.6939086914,"10":339.555267334,"11":338.5698242188,"12":332.8963317871,"13":329.532043457,"14":330.9952087402,"15":327.4716491699,"16":320.6235961914,"17":321.9474487305,"18":325.9686584473,"19":311.0980529785,"20":301.2639770508,"21":301.8213806152,"22":306.7085571289,"23":313.5964050293,"24":308.5400085449,"25":299.700012207,"26":298.1700134277,"27":300.8699951172,"28":310.9599914551,"29":305.3599853516,"30":307.6499938965,"31":308.1799926758,"32":307.1400146484,"33":310.2900085449,"34":303.3200073242,"35":296.0400085449,"36":284.7900085449,"37":284.8500061035,"38":279.7900085449,"39":277.5400085449,"40":288.8800048828,"41":285.8599853516,"42":294.6700134277,"43":290.3399963379,"44":284.6300048828,"45":255.8300018311,"46":279.6199951172,"47":274.6099853516,"48":246.1900024414,"49":266.0199890137,"50":229.5299987793,"51":246.4299926758,"52":235.8899993896,"53":234.9799957275,"54":213.7799987793,"55":209.4900054932,"56":238.6900024414,"57":237.2899932861,"58":249.0200042725,"59":247.1499938965,"60":255.1399993896,"61":248.5,"62":236.5200042725,"63":239.6900024414,"64":238.7599945068,"65":251.1799926758,"66":257.9299926758,"67":270.3999938965,"68":279.8699951172,"69":274.3599853516,"70":287.6300048828,"71":279.4299926758,"72":279.9200134277,"73":280.2200012207,"74":274.5100097656,"75":270.0899963379,"76":276.1300048828,"77":258.4299926758,"78":269.6099853516,"79":275.6149902344,"80":275.6149902344},"Volume":{"0":376700,"1":355200,"2":316500,"3":325000,"4":321200,"5":261500,"6":225400,"7":203800,"8":289700,"9":227600,"10":256700,"11":483100,"12":399400,"13":260900,"14":261700,"15":229600,"16":233200,"17":483200,"18":531600,"19":800400,"20":807800,"21":507400,"22":376600,"23":350400,"24":373400,"25":578500,"26":271400,"27":222000,"28":316400,"29":245200,"30":185100,"31":175300,"32":181800,"33":160000,"34":200200,"35":255300,"36":291600,"37":443800,"38":704900,"39":713500,"40":523400,"41":560200,"42":484400,"43":447000,"44":485400,"45":949100,"46":486800,"47":597700,"48":701200,"49":543300,"50":602800,"51":599300,"52":534900,"53":413100,"54":474200,"55":473200,"56":711400,"57":465700,"58":429600,"59":316300,"60":330600,"61":383200,"62":412400,"63":460400,"64":332900,"65":414500,"66":600900,"67":325900,"68":447000,"69":271000,"70":457600,"71":282100,"72":291200,"73":364000,"74":299200,"75":230100,"76":364100,"77":858600,"78":435600,"79":122413,"80":122413}}