{"Open":{"0":105.4777383069,"1":103.2424142957,"2":103.6596734492,"3":104.3253059396,"4":103.2026706665,"5":104.2060845847,"6":103.4411141922,"7":101.1759717696,"8":104.0868699767,"9":101.3846094416,"10":102.9841141839,"11":103.6994092615,"12":104.315369853,"13":104.3153732662,"14":104.3253072775,"15":104.5935457393,"16":102.2787375726,"17":103.2920891867,"18":104.1067404689,"19":103.0699996948,"20":102.8399963379,"21":102.6900024414,"22":103.0500030518,"23":104.9499969482,"24":105.5,"25":102.2799987793,"26":99.4300003052,"27":107.8899993896,"28":99.9800033569,"29":97.5599975586,"30":97.2699966431,"31":97.4899978638,"32":97.2200012207,"33":97.5599975586,"34":98.0400009155,"35":87.5699996948,"36":87.4499969482,"37":83.7699966431,"38":81.2099990845,"39":77.0,"40":77.3199996948,"41":78.4400024414,"42":76.5,"43":75.7799987793,"44":71.8899993896,"45":68.4800033569,"46":68.8600006104,"47":64.9499969482,"48":58.5400009155,"49":56.4300003052,"50":49.5,"51":45.9000015259,"52":44.4300003052,"53":46.8199996948,"54":47.9799995422,"55":52.0800018311,"56":55.0,"57":63.8199996948,"58":66.6500015259,"59":64.0599975586,"60":65.2099990845,"61":70.8000030518,"62":68.0400009155,"63":69.8399963379,"64":70.5899963379,"65":70.9899978638,"66":74.7200012207,"67":75.0599975586,"68":75.2200012207,"69":75.0999984741,"70":75.4000015259,"71":70.9700012207,"72":72.25,"73":76.5100021362,"74":74.4899978638,"75":73.5800018311,"76":73.6600036621,"77":74.1100006104,"78":73.4499969482,"79":75.6999969482,"80":75.6999969482},"High":{"0":105.4876752262,"1":104.8121141273,"2":104.7127671381,"3":104.3253059396,"4":105.1995670276,"5":104.4842576865,"6":103.4411141922,"7":104.2855681664,"8":105.2492470437,"9":102.6661916227,"10":103.8484367126,"11":104.7723691659,"12":104.4047793889,"13":105.557222948,"14":105.3386532545,"15":104.9611359715,"16":103.3815007051,"17":104.9810017032,"18":104.7823069798,"19":103.6900024414,"20":103.3499984741,"21":103.0800018311,"22":104.8499984741,"23":105.4199981689,"24":105.5,"25":102.4800033569,"26":101.1399993896,"27":109.5,"28":100.0800018311,"29":97.8300018311,"30":98.7900009155,"31":97.6299972534,"32":98.3499984741,"33":98.9899978638,"34":98.0599975586,"35":88.5699996948,"36":87.6600036621,"37":84.8899993896,"38":82.7300033569,"39":78.4599990845,"40":79.5299987793,"41":80.1200027466,"42":77.8600006104,"43":75.9400024414,"44":73.8499984741,"45":69.6500015259,"46":69.1399993896,"47":65.5899963379,"48":59.1899986267,"49":57.7900009155,"50":50.4199981689,"51":48.9300003052,"52":48.3600006104,"53":50.3100013733,"54":50.5699996948,"55":54.7799987793,"56":63.2000007629,"57":69.2600021362,"58":71.2200012207,"59":67.2900009155,"60":72.5999984741,"61":72.7600021362,"62":72.1699981689,"63":71.2200012207,"64":72.1500015259,"65":72.4300003052,"66":75.5800018311,"67":75.9300003052,"68":78.25,"69":75.7300033569,"70":76.7399978638,"71":72.1900024414,"72":73.8399963379,"73":76.5100021362,"74":77.3700027466,"75":75.6500015259,"76":74.8499984741,"77":74.6900024414,"78":75.2600021362,"79":77.0699996948,"80":77.0699996948},"Low":{"0":103.6199361122,"1":102.9642411771,"2":102.6761306193,"3":102.0899766034,"4":102.7258046451,"5":102.646321767,"6":100.848131441,"7":100.6891688256,"8":102.8350909502,"9":99.963933125,"10":102.3979571919,"11":103.5503933689,"12":102.4674969806,"13":104.0670033299,"14":103.6199375875,"15":103.6894831179,"16":101.9409580947,"17":102.6860659424,"18":103.5404573333,"19":101.7600021362,"20":101.3300018311,"21":101.6900024414,"22":103.0100021362,"23":103.6299972534,"24":102.1699981689,"25":99.1699981689,"26":99.3600006104,"27":100.0,"28":96.7699966431,"29":96.7799987793,"30":97.0,"31":95.9400024414,"32":96.2799987793,"33":96.9800033569,"34":89.8600006104,"35":86.7799987793,"36":82.6299972534,"37":82.5,"38":79.4100036621,"39":75.6299972534,"40":76.0500030518,"41":75.3700027466,"42":75.4499969482,"43":73.5,"44":70.9300003052,"45":66.0999984741,"46":63.9300003052,"47":61.8800010681,"48":53.7799987793,"49":52.0200004578,"50":44.6899986267,"51":44.6199989319,"52":41.3300018311,"53":45.0299987793,"54":45.6399993896,"55":49.2299995422,"56":54.8499984741,"57":62.5400009155,"58":65.0800018311,"59":63.7099990845,"60":65.0,"61":70.2799987793,"62":67.25,"63":68.2600021362,"64":66.4700012207,"65":69.75,"66":73.0999984741,"67":72.6699981689,"68":74.2600021362,"69":72.2200012207,"70":73.9700012207,"71":70.0800018311,"72":71.3600006104,"73":74.0299987793,"74":74.25,"75":72.0699996948,"76":73.2300033569,"77":72.6800003052,"78":71.75,"79":75.5999984741,"80":75.5999984741},"Close":{"0":104.6432189941,"1":104.3650512695,"2":104.6730270386,"3":102.7158660889,"4":104.2656936646,"5":103.2225418091,"6":101.0170211792,"7":104.17628479,"8":104.5637435913,"9":102.358215332,"10":102.9443740845,"11":104.444519043,"12":104.0272598267,"13":105.0902862549,"14":104.7922439575,"15":103.9974594116,"16":102.9642410278,"17":104.3054351807,"18":103.6100006104,"19":102.9100036621,"20":101.8700027466,"21":101.7699966431,"22":103.9100036621,"23":105.0699996948,"24":102.4899978638,"25":99.7399978638,"26":100.9000015259,"27":100.0999984741,"28":98.1999969482,"29":96.9899978638,"30":97.7099990845,"31":97.4199981689,"32":97.6800003052,"33":98.8799972534,"34":89.9700012207,"35":87.0899963379,"36":83.0100021362,"37":82.5,"38":79.5100021362,"39":77.25,"40":79.2900009155,"41":75.4400024414,"42":77.8499984741,"43":74.4700012207,"44":72.75,"45":66.2300033569,"46":67.25,"47":62.9799995422,"48":53.7900009155,"49":55.0200004578,"50":44.7299995422,"51":46.75,"52":46.8199996948,"53":47.2900009155,"54":46.1100006104,"55":51.8699989319,"56":63.1100006104,"57":66.7900009155,"58":68.2900009155,"59":65.6399993896,"60":71.4800033569,"61":71.5500030518,"62":70.0800018311,"63":70.4300003052,"64":66.9400024414,"65":71.1999969482,"66":74.4100036621,"67":74.1500015259,"68":75.6699981689,"69":74.2200012207,"70":74.6600036621,"71":71.5299987793,"72":73.0100021362,"73":75.1999969482,"74":75.6800003052,"75":72.3399963379,"76":74.1500015259,"77":72.7600021362,"78":74.8700027466,"79":77.0085983276,"80":77.0085983276},"Volume":{"0":1043200,"1":708100,"2":779400,"3":984900,"4":920900,"5":683300,"6":1096200,"7":900400,"8":1646800,"9":1972000,"10":868200,"11":1164400,"12":758700,"13":875100,"14":818200,"15":1217500,"16":931500,"17":658900,"18":710600,"19":1166300,"20":923000,"21":642200,"22":991200,"23":914400,"24":1566300,"25":1849000,"26":1118600,"27":4045500,"28":2776300,"29":1374000,"30":936900,"31":1160400,"32":1124100,"33":1340000,"34":3638000,"35":2284600,"36":1565900,"37":1820200,"38":2369400,"39":2288300,"40":1485900,"41":2577300,"42":2367600,"43":1286300,"44":1800600,"45":2254700,"46":2008000,"47":2602400,"48":2547500,"49":3069000,"50":2488500,"51":3130400,"52":2507100,"53":2495200,"54":2739100,"55":3802400,"56":3305500,"57":3121500,"58":1758700,"59":1322400,"60":1841500,"61":2456300,"62":2343100,"63":1468600,"64":1628400,"65":1250700,"66":1919200,"67":1194000,"68":1508500,"69":1003700,"70":1306900,"71":1598100,"72":1349700,"73":1306700,"74":1045800,"75":1267700,"76":787300,"77":1209400,"78":1540000,"79":397696,"80":397696}}