{"Open":{"0":14.8509611799,"1":14.52683274,"2":14.3402140134,"3":14.2125268129,"4":14.1634162598,"5":14.3107466067,"6":14.3205694371,"7":14.1732385002,"8":14.2321704724,"9":14.2419926477,"10":14.2911037102,"11":14.477722423,"12":14.3598579566,"13":14.3205696862,"14":14.4580783125,"15":14.0160857459,"16":13.2106755429,"17":13.3187192125,"18":13.3678288134,"19":13.1713873963,"20":13.5249828351,"21":13.4562274622,"22":13.6821351186,"23":13.8294664225,"24":13.9276874908,"25":13.6624907504,"26":13.6428473631,"27":13.7410672352,"28":13.8491106984,"29":13.760711767,"30":13.8982200135,"31":13.7803555001,"32":13.7017790169,"33":13.7705344661,"34":13.7607118592,"35":13.3187194029,"36":13.2794313729,"37":12.8767254277,"38":12.2284690982,"39":11.9338073436,"40":12.0123836065,"41":12.5525974404,"42":12.4740210525,"43":12.0222066569,"44":10.9221353531,"45":10.3622772256,"46":9.7533095534,"47":9.4488254675,"48":8.2407116087,"49":9.0362991066,"50":7.7987192818,"51":8.6099996567,"52":7.8200001717,"53":7.4699997902,"54":7.8000001907,"55":7.5799999237,"56":7.4200000763,"57":7.5799999237,"58":7.5100002289,"59":8.0600004196,"60":8.2299995422,"61":8.2899999619,"62":7.8000001907,"63":7.3299999237,"64":7.2899999619,"65":7.3499999046,"66":8.0100002289,"67":8.2399997711,"68":9.1199998856,"69":9.0900001526,"70":8.8999996185,"71":8.0100002289,"72":7.6999998093,"73":7.6300001144,"74":7.7800002098,"75":7.7899999619,"76":8.0500001907,"77":7.8699998856,"78":8.1000003815,"79":8.2299995422,"80":8.2299995422},"High":{"0":14.8902493998,"1":14.5955868889,"2":14.3795022325,"3":14.3107468905,"4":14.3303914215,"5":14.3598571129,"6":14.3205694371,"7":14.2419926477,"8":14.3795019941,"9":14.3009254433,"10":14.4875448084,"11":14.50718929,"12":14.4580789747,"13":14.5955872246,"14":14.4580783125,"15":14.0553739644,"16":13.3678284129,"17":13.4562275091,"18":13.4464052508,"19":13.5151600038,"20":13.5249828351,"21":13.6821354208,"22":13.8392879889,"23":13.9473310813,"24":13.9866193521,"25":13.7901776937,"26":13.7312451531,"27":13.8883987564,"28":13.9669753547,"29":13.8982200623,"30":13.9080423022,"31":13.8687542258,"32":13.8098223198,"33":13.9669755629,"34":13.8294660073,"35":13.3481853331,"36":13.3088973035,"37":12.9553018639,"38":12.6017076306,"39":12.100782506,"40":12.8963699127,"41":13.1222770735,"42":12.5918857077,"43":12.090961745,"44":11.4034162774,"45":10.7944476094,"46":10.0086824977,"47":9.488113686,"48":8.8889676494,"49":9.3309612274,"50":8.3978653484,"51":8.7899999619,"52":7.9899997711,"53":7.7600002289,"54":8.0699996948,"55":7.7800002098,"56":7.6700000763,"57":7.9400000572,"58":8.6000003815,"59":8.6199998856,"60":8.4499998093,"61":8.5200004578,"62":7.8099999428,"63":7.7800002098,"64":7.4499998093,"65":7.5700001717,"66":8.3900003433,"67":8.8800001144,"68":9.5699996948,"69":9.1499996185,"70":8.9300003052,"71":8.0100002289,"72":7.7100000381,"73":8.1499996185,"74":8.3199996948,"75":8.0399999619,"76":8.1199998856,"77":8.3299999237,"78":8.3599996567,"79":8.7399997711,"80":8.7399997711},"Low":{"0":14.5857659296,"1":14.3402139346,"2":14.2223484195,"3":14.0553739394,"4":14.1437716823,"5":14.2027042425,"6":14.0750178336,"7":14.094662064,"8":14.1437717468,"9":14.0848397753,"10":14.271459132,"11":14.3500354758,"12":14.2223487186,"13":14.3009260447,"14":13.6821353025,"15":13.4365838214,"16":13.1713873254,"17":13.2303204865,"18":13.2106759388,"19":13.12227689,"20":13.2696089414,"21":13.4464051734,"22":13.6035586835,"23":13.7508899832,"24":13.7116018137,"25":13.5348038072,"26":13.6035591442,"27":13.7116013056,"28":13.7705342608,"29":13.6919566826,"30":13.75088943,"31":13.4856933934,"32":13.6821353761,"33":13.741067599,"34":13.5544484782,"35":13.1419219484,"36":12.5624201925,"37":12.4543773172,"38":11.9829175062,"39":11.6980780332,"40":11.757010659,"41":12.2186471169,"42":12.1695375941,"43":11.3739505534,"44":10.6765837464,"45":9.0755864893,"46":9.085408922,"47":8.8496798999,"48":7.8183625787,"49":8.3683993609,"50":7.6120999998,"51":7.6799998283,"52":7.3499999046,"53":6.8600001335,"54":7.25,"55":6.8499999046,"56":7.2300000191,"57":7.1799998283,"58":7.4400000572,"59":7.9800000191,"60":7.9299998283,"61":7.9800000191,"62":7.3400001526,"63":7.1500000954,"64":6.8200001717,"65":7.2100000381,"66":7.75,"67":8.2399997711,"68":8.8400001526,"69":8.5500001907,"70":8.1499996185,"71":7.6900000572,"72":7.1199998856,"73":7.5300002098,"74":7.5799999237,"75":7.6799998283,"76":7.8499999046,"77":7.75,"78":7.9099998474,"79":8.1899995804,"80":8.1899995804},"Close":{"0":14.723274231,"1":14.5464773178,"2":14.3107471466,"3":14.153594017,"4":14.2714586258,"5":14.3009252548,"6":14.1241283417,"7":14.2027044296,"8":14.3402137756,"9":14.2027044296,"10":14.39914608,"11":14.4482564926,"12":14.3500356674,"13":14.4679002762,"14":14.0160856247,"15":13.4758720398,"16":13.2499637604,"17":13.358007431,"18":13.2401418686,"19":13.5053377151,"20":13.328540802,"21":13.4758720398,"22":13.6232023239,"23":13.8392887115,"24":13.7214241028,"25":13.7116012573,"26":13.682135582,"27":13.7803554535,"28":13.8000001907,"29":13.8982200623,"30":13.8294658661,"31":13.6624908447,"32":13.7803554535,"33":13.8883991241,"34":13.6624908447,"35":13.2597866058,"36":12.6017084122,"37":12.4740209579,"38":12.1302490234,"39":12.0516729355,"40":12.7097501755,"41":12.3561563492,"42":12.4249105453,"43":11.570391655,"44":10.9221353531,"45":9.2818498611,"46":9.7925977707,"47":8.9675445557,"48":8.2308893204,"49":9.3309612274,"50":8.2800006866,"51":8.3699998856,"52":7.7199997902,"53":7.6799998283,"54":7.6199998856,"55":7.0,"56":7.4299998283,"57":7.6399998665,"58":8.5,"59":8.3000001907,"60":8.3800001144,"61":8.2100000381,"62":7.4499998093,"63":7.3699998856,"64":6.8299999237,"65":7.4899997711,"66":8.1300001144,"67":8.8100004196,"68":9.029999733,"69":8.720000267,"70":8.3999996185,"71":7.7300000191,"72":7.1799998283,"73":8.0600004196,"74":8.1400003433,"75":7.8000001907,"76":8.0399999619,"77":7.9200000763,"78":8.1599998474,"79":8.6499996185,"80":8.6499996185},"Volume":{"0":9975100,"1":7858600,"2":7198700,"3":7101800,"4":9332700,"5":5915900,"6":5809900,"7":9214100,"8":11634100,"9":12287400,"10":8456200,"11":9582900,"12":9144000,"13":16634100,"14":23476700,"15":18484800,"16":14859100,"17":10854000,"18":5976700,"19":9733800,"20":11535300,"21":12078600,"22":9276400,"23":12139500,"24":7625700,"25":6278000,"26":5460300,"27":5115000,"28":5206800,"29":7647200,"30":5274700,"31":6393800,"32":6607100,"33":5123300,"34":8930500,"35":7364300,"36":12025000,"37":12170700,"38":21359200,"39":33656500,"40":19653100,"41":25218500,"42":21492600,"43":16861900,"44":20856400,"45":20120800,"46":20124300,"47":29290700,"48":17195700,"49":15997600,"50":15691400,"51":24100500,"52":16587900,"53":22654000,"54":20332400,"55":12937100,"56":19288000,"57":18525700,"58":15544400,"59":15901900,"60":10411800,"61":15633500,"62":10230600,"63":10177200,"64":13744500,"65":17535100,"66":21015000,"67":15218300,"68":20653400,"69":10161300,"70":12515400,"71":9741800,"72":15604400,"73":16009300,"74":14228200,"75":10177700,"76":16717100,"77":11192400,"78":15456100,"79":5177815,"80":5177815}}