{"Open":{"0":14.6160392171,"1":14.200417337,"2":14.150938222,"3":14.3983322143,"4":14.4181237849,"5":14.2498954955,"6":13.6363580905,"7":13.7353161548,"8":13.9629181408,"9":13.9827102371,"10":14.0025017129,"11":14.2202086315,"12":14.2004178664,"13":14.0915639125,"14":14.0321892362,"15":14.3191665106,"16":13.8045861492,"17":14.0025018851,"18":14.2103122712,"19":14.0618761263,"20":14.1212516584,"21":13.6957338286,"22":13.507713374,"23":13.8936485693,"24":14.596247695,"25":14.3488530286,"26":14.0816676408,"27":13.7748994904,"28":14.3488532793,"29":14.4379157603,"30":14.3000001907,"31":14.25,"32":14.3800001144,"33":14.2700004578,"34":14.6199998856,"35":14.0100002289,"36":14.1499996185,"37":13.5399999619,"38":12.3699998856,"39":12.470000267,"40":13.2100000381,"41":13.0799999237,"42":12.4799995422,"43":12.4799995422,"44":12.0699996948,"45":11.1899995804,"46":11.6700000763,"47":11.0500001907,"48":9.6000003815,"49":9.9099998474,"50":8.6300001144,"51":8.5200004578,"52":8.9499998093,"53":8.8199996948,"54":9.3400001526,"55":10.5,"56":9.4399995804,"57":9.3000001907,"58":9.029999733,"59":8.6099996567,"60":8.25,"61":8.0200004578,"62":7.5,"63":7.3400001526,"64":7.1700000763,"65":7.5700001717,"66":8.7100000381,"67":8.5900001526,"68":9.8000001907,"69":9.6099996567,"70":9.4899997711,"71":9.1199998856,"72":9.0,"73":9.1400003433,"74":8.9899997711,"75":8.5799999237,"76":8.8100004196,"77":8.4300003052,"78":8.3199996948,"79":8.6199998856,"80":8.6199998856},"High":{"0":14.7051002719,"1":14.3488533737,"2":14.546768279,"3":14.5566642368,"4":14.5071857868,"5":14.3092704769,"6":13.8540650919,"7":13.992606163,"8":14.1410421371,"9":14.0222932429,"10":14.2498957427,"11":14.2597916383,"12":14.2103129104,"13":14.2993749383,"14":14.378540301,"15":14.3587495171,"16":14.0222931514,"17":14.2400008739,"18":14.3785402815,"19":14.1509381244,"20":14.180625697,"21":13.7847958316,"22":13.8243783674,"23":14.5467686519,"24":14.7248927032,"25":15.2097840971,"26":14.0816676408,"27":14.3092705507,"28":14.8535373108,"29":14.5368728062,"30":14.5399999619,"31":14.5600004196,"32":14.4399995804,"33":14.7700004578,"34":14.6999998093,"35":14.3199996948,"36":14.1899995804,"37":13.6899995804,"38":13.2100000381,"39":13.2600002289,"40":13.3800001144,"41":13.2100000381,"42":12.8100004196,"43":12.7100000381,"44":12.5500001907,"45":11.5699996948,"46":11.7600002289,"47":11.0500001907,"48":9.6999998093,"49":9.9300003052,"50":9.1599998474,"51":9.8500003815,"52":9.2700004578,"53":9.3000001907,"54":10.0100002289,"55":10.5,"56":9.8000001907,"57":9.3199996948,"58":9.1899995804,"59":8.8199996948,"60":8.2700004578,"61":8.2899999619,"62":7.6100001335,"63":7.7399997711,"64":7.4299998283,"65":8.3999996185,"66":9.2399997711,"67":9.5699996948,"68":10.2399997711,"69":9.6499996185,"70":9.779999733,"71":9.1300001144,"72":9.0,"73":9.5500001907,"74":9.1800003052,"75":8.8599996567,"76":8.9099998474,"77":8.6599998474,"78":8.5900001526,"79":9.2700004578,"80":9.2700004578},"Low":{"0":14.2597912228,"1":14.0915633626,"2":14.150938222,"3":14.1410422059,"4":14.061876721,"5":13.7847954069,"6":13.5571920797,"7":13.5374011268,"8":13.9233351354,"9":13.6264631852,"10":13.9827106812,"11":14.0025016224,"12":13.92333587,"13":14.0025019095,"14":13.7452122083,"15":13.9827104838,"16":13.7254201382,"17":13.92333587,"18":14.1311462598,"19":13.8936481173,"20":13.5571926294,"21":13.2207367942,"22":13.4087563303,"23":13.8243785434,"24":14.2498956773,"25":13.9035439855,"26":13.6858375729,"27":13.7155245088,"28":14.3092702735,"29":14.1212517035,"30":14.2299995422,"31":14.1899995804,"32":14.1400003433,"33":14.25,"34":14.4399995804,"35":13.9300003052,"36":13.3699998856,"37":12.6700000763,"38":12.1199998856,"39":12.470000267,"40":12.6499996185,"41":12.279999733,"42":12.3900003433,"43":12.2700004578,"44":12.0100002289,"45":10.8100004196,"46":10.9099998474,"47":10.0,"48":8.9600000381,"49":8.6300001144,"50":8.1099996567,"51":7.8899998665,"52":8.3100004196,"53":8.0,"54":8.8699998856,"55":8.5100002289,"56":8.7899999619,"57":8.1499996185,"58":8.5399999619,"59":7.6999998093,"60":7.5900001526,"61":7.8299999237,"62":7.1300001144,"63":7.0599999428,"64":6.9600000381,"65":7.4200000763,"66":8.3400001526,"67":8.5600004196,"68":9.3699998856,"69":9.0399999619,"70":9.1999998093,"71":8.6499996185,"72":8.529999733,"73":9.0600004196,"74":8.6899995804,"75":8.4799995422,"76":8.3599996567,"77":8.1700000763,"78":8.2100000381,"79":8.5200004578,"80":8.5200004578},"Close":{"0":14.4181232452,"1":14.2597913742,"2":14.5170812607,"3":14.4181232452,"4":14.2400007248,"5":13.903544426,"6":13.6957330704,"7":13.992606163,"8":14.1212511063,"9":13.8639612198,"10":14.1410427094,"11":14.1707296371,"12":14.0816679001,"13":14.1806259155,"14":14.289478302,"15":14.1014595032,"16":13.8936481476,"17":14.0816679001,"18":14.1905212402,"19":14.1212511063,"20":13.6165676117,"21":13.230632782,"22":13.7056293488,"23":14.4972896576,"24":14.2696876526,"25":14.0519800186,"26":13.7452125549,"27":14.2004175186,"28":14.6160392761,"29":14.2400007248,"30":14.3000001907,"31":14.5100002289,"32":14.2899999619,"33":14.720000267,"34":14.4899997711,"35":14.0799999237,"36":13.4200000763,"37":12.6700000763,"38":12.8599996567,"39":13.2399997711,"40":13.3599996567,"41":12.3500003815,"42":12.7899999619,"43":12.3999996185,"44":12.0200004578,"45":11.2600002289,"46":11.3199996948,"47":10.1700000763,"48":9.3000001907,"49":9.6800003052,"50":8.3800001144,"51":9.8000001907,"52":8.9499998093,"53":9.1899995804,"54":8.9799995422,"55":8.9799995422,"56":9.0,"57":8.9200000763,"58":8.9499998093,"59":8.1899995804,"60":8.0600004196,"61":7.8699998856,"62":7.3899998665,"63":7.25,"64":7.1700000763,"65":8.0500001907,"66":8.3599996567,"67":9.2100000381,"68":9.5699996948,"69":9.3500003815,"70":9.470000267,"71":8.8900003433,"72":8.6800003052,"73":9.2100000381,"74":8.7899999619,"75":8.6800003052,"76":8.3699998856,"77":8.2899999619,"78":8.4399995804,"79":9.2550001144,"80":9.2550001144},"Volume":{"0":8719200,"1":5653600,"2":4306200,"3":4936100,"4":6069900,"5":5149100,"6":7488100,"7":6234200,"8":4345700,"9":7803900,"10":5779800,"11":5620400,"12":4174500,"13":5136800,"14":5245400,"15":4289000,"16":4425700,"17":4322400,"18":3414600,"19":5379200,"20":7795800,"21":8998800,"22":9495300,"23":10384100,"24":12375000,"25":15793400,"26":13906400,"27":16302500,"28":8934300,"29":7753800,"30":6485600,"31":5911000,"32":5174300,"33":6348000,"34":4030400,"35":6134200,"36":6996900,"37":10444300,"38":11874000,"39":16157200,"40":8246700,"41":17395500,"42":7930000,"43":5218400,"44":12445700,"45":7850600,"46":9166600,"47":12277100,"48":13302300,"49":10841500,"50":9935200,"51":11559400,"52":11320500,"53":10920200,"54":10508700,"55":15731500,"56":9359800,"57":15613800,"58":12652200,"59":12897700,"60":10015800,"61":7311400,"62":9043200,"63":10385300,"64":10551200,"65":13402700,"66":16392900,"67":13286000,"68":10998500,"69":5490400,"70":6814800,"71":6465400,"72":6040000,"73":7401300,"74":4031000,"75":5509500,"76":5377900,"77":8796900,"78":7388900,"79":2289600,"80":2289600}}