{"Open":{"0":147.659786294,"1":144.7894983933,"2":146.2744718815,"3":146.0253121373,"4":148.3574055858,"5":148.9055584701,"6":147.5601150741,"7":147.9488002438,"8":146.0651810654,"9":147.629887197,"10":147.4006536581,"11":147.7793663169,"12":147.2412012894,"13":147.5302135296,"14":146.6432255942,"15":146.5535191526,"16":141.0222645227,"17":147.0020060851,"18":145.3475988935,"19":144.350974069,"20":141.6899921859,"21":139.2582399697,"22":142.6965836436,"23":144.4307120701,"24":151.1280271671,"25":147.9986320625,"26":145.2379791277,"27":146.5036992056,"28":149.6131493857,"29":149.4536982218,"30":150.3307188805,"31":148.5069032921,"32":147.7295280206,"33":149.1846068755,"34":146.7129943343,"35":141.2913479664,"36":140.2947354785,"37":134.0359320945,"38":126.3220592147,"39":123.0,"40":127.0699996948,"41":134.8200073242,"42":135.5,"43":131.3600006104,"44":123.5699996948,"45":119.4199981689,"46":120.8300018311,"47":117.5400009155,"48":103.9899978638,"49":107.1299972534,"50":93.0,"51":86.3300018311,"52":73.0199966431,"53":67.0,"54":85.1999969482,"55":80.9100036621,"56":86.3099975586,"57":87.2600021362,"58":95.0899963379,"59":90.4000015259,"60":88.9800033569,"61":89.6100006104,"62":83.9199981689,"63":82.6200027466,"64":83.3199996948,"65":86.5500030518,"66":99.5100021362,"67":100.0,"68":108.7300033569,"69":107.1600036621,"70":105.3000030518,"71":106.5,"72":109.5299987793,"73":112.8000030518,"74":112.5899963379,"75":103.8099975586,"76":108.3300018311,"77":105.5,"78":106.0100021362,"79":108.8600006104,"80":108.8600006104},"High":{"0":148.1481222248,"1":147.8591013939,"2":148.2677193792,"3":148.287637039,"4":149.2444000765,"5":149.2344461332,"6":148.0684029368,"7":148.0384927361,"8":147.879043673,"9":148.2278523479,"10":148.0883265119,"11":148.3574099085,"12":147.7893321972,"13":147.8790379274,"14":146.8026890522,"15":146.8425333365,"16":142.1982732807,"17":147.5003179701,"18":146.722944486,"19":144.7595934386,"20":142.7165133991,"21":141.779696979,"22":144.6699096513,"23":150.7393422344,"24":151.4170413678,"25":148.5667149194,"26":146.2545396408,"27":149.1347854401,"28":151.3971143773,"29":151.456906404,"30":150.4802215634,"31":149.0351126764,"32":149.7128146747,"33":149.1846068755,"34":148.6464317064,"35":142.7663468028,"36":140.4541837277,"37":135.8099211329,"38":133.4279913567,"39":127.5299987793,"40":135.5500030518,"41":138.6999969482,"42":140.0,"43":132.6399993896,"44":127.4300003052,"45":121.3399963379,"46":122.2600021362,"47":118.5899963379,"48":109.0199966431,"49":108.5199966431,"50":96.5500030518,"51":87.4000015259,"52":74.2099990845,"53":88.0,"54":88.4499969482,"55":85.5599975586,"56":92.0599975586,"57":95.8799972534,"58":103.7399978638,"59":92.25,"60":92.4100036621,"61":91.8399963379,"62":86.3899993896,"63":88.8399963379,"64":84.3499984741,"65":94.1900024414,"66":102.6100006104,"67":110.8300018311,"68":112.1800003052,"69":107.9800033569,"70":112.7200012207,"71":111.3499984741,"72":110.75,"73":116.0800018311,"74":114.9199981689,"75":114.2900009155,"76":108.9100036621,"77":109.5,"78":108.6100006104,"79":110.9000015259,"80":110.9000015259},"Low":{"0":145.5768461956,"1":144.3111232474,"2":145.7063890451,"3":146.0253121373,"4":147.2112944061,"5":146.8724374994,"6":146.9920474249,"7":146.2445820598,"8":145.9555518395,"9":146.463839185,"10":146.3741323626,"11":147.0717719806,"12":146.3940650018,"13":146.0950728863,"14":145.058597399,"15":141.9491072855,"16":140.3146549495,"17":143.6832471059,"18":144.1715902097,"19":140.3345817465,"20":137.5241123435,"21":138.6303773137,"22":142.4275061758,"23":144.3709170782,"24":148.2079268341,"25":143.7928784735,"26":144.7695647347,"27":146.2645040179,"28":148.9952475398,"29":148.8258204182,"30":147.4106186686,"31":146.3143340277,"32":147.5501430526,"33":146.5036866392,"34":146.304374932,"35":138.9991103864,"36":131.6938672859,"37":127.7671602619,"38":124.7374311157,"39":122.9499969482,"40":125.0100021362,"41":126.8399963379,"42":133.6900024414,"43":124.9800033569,"44":122.25,"45":110.5100021362,"46":113.3799972534,"47":110.6399993896,"48":101.0100021362,"49":101.0699996948,"50":83.8700027466,"51":76.3000030518,"52":58.3800010681,"53":66.7900009155,"54":75.0199966431,"55":75.3399963379,"56":82.9499969482,"57":85.4199981689,"58":90.1800003052,"59":86.0,"60":86.0199966431,"61":87.5999984741,"62":82.0199966431,"63":81.75,"64":79.7399978638,"65":85.0400009155,"66":97.8199996948,"67":99.2399978638,"68":105.6299972534,"69":101.6600036621,"70":105.2200012207,"71":106.5,"72":106.6200027466,"73":111.2200012207,"74":108.6900024414,"75":100.5599975586,"76":104.3399963379,"77":104.6100006104,"78":104.2799987793,"79":108.8600006104,"80":108.8600006104},"Close":{"0":146.9920501709,"1":147.4405212402,"2":147.998626709,"3":147.7993011475,"4":148.7759857178,"5":146.9222717285,"6":147.6398468018,"7":146.6631622314,"8":147.4106292725,"9":146.7528533936,"10":147.2711029053,"11":147.8989562988,"12":146.7428894043,"13":146.6432189941,"14":146.1947479248,"15":142.9656677246,"16":141.1219329834,"17":145.0087585449,"18":144.7496337891,"19":142.9656677246,"20":138.3313751221,"21":141.3212585449,"22":143.8825683594,"23":150.5300445557,"24":148.7560577393,"25":145.4373016357,"26":146.1847686768,"27":149.0550537109,"28":150.0516662598,"29":150.37059021,"30":149.0650177002,"31":147.7295379639,"32":149.5732879639,"33":147.6099395752,"34":147.5003204346,"35":139.5472564697,"36":132.5509643555,"37":127.9365844727,"38":126.9300003052,"39":127.0100021362,"40":135.0500030518,"41":128.7700042725,"42":135.2299957275,"43":127.8300018311,"44":127.1999969482,"45":116.7399978638,"46":120.8700027466,"47":112.5899963379,"48":101.5100021362,"49":104.2799987793,"50":84.4499969482,"51":77.4599990845,"52":68.1299972534,"53":83.5,"54":78.5,"55":78.7600021362,"56":86.75,"57":92.5999984741,"58":94.4400024414,"59":87.3300018311,"60":90.9599990845,"61":89.8499984741,"62":83.7300033569,"63":83.9000015259,"64":81.8300018311,"65":93.5800018311,"66":98.6100006104,"67":108.0599975586,"68":108.0599975586,"69":103.6100006104,"70":112.5400009155,"71":109.4800033569,"72":108.3199996948,"73":115.6600036621,"74":110.4300003052,"75":105.4700012207,"76":104.5199966431,"77":104.7399978638,"78":107.8300018311,"79":109.7300033569,"80":109.7300033569},"Volume":{"0":780100,"1":1191700,"2":1059600,"3":817600,"4":883200,"5":953000,"6":940500,"7":1869400,"8":1182100,"9":1168300,"10":1007500,"11":1685400,"12":1501100,"13":1443900,"14":1084000,"15":1161200,"16":1696300,"17":2380000,"18":2031300,"19":2193800,"20":3039700,"21":2073600,"22":1504100,"23":2331800,"24":1269900,"25":2395800,"26":1260400,"27":1232400,"28":1776900,"29":1544800,"30":1822100,"31":1401700,"32":1131900,"33":801200,"34":800600,"35":1515900,"36":2268400,"37":2715300,"38":3293100,"39":4689100,"40":3978900,"41":3250600,"42":3194200,"43":3389800,"44":2732900,"45":3248400,"46":3247100,"47":4054800,"48":4602200,"49":6110000,"50":5711600,"51":7008100,"52":6345800,"53":5333900,"54":5947500,"55":5829200,"56":4505300,"57":5038000,"58":4787300,"59":3708200,"60":3361900,"61":2929400,"62":3224500,"63":2180800,"64":2080800,"65":3918600,"66":4568000,"67":4130300,"68":3551600,"69":2817100,"70":3677100,"71":2513200,"72":2592500,"73":2362100,"74":2835200,"75":4039600,"76":3110800,"77":2897000,"78":2366100,"79":845640,"80":845640}}