{"Open":{"0":217.6240023807,"1":215.6968937976,"2":215.0512140754,"3":218.0412011736,"4":217.3458602175,"5":221.1603341588,"6":223.2563195661,"7":223.0079766698,"8":221.0013997262,"9":220.8027361703,"10":224.4284630052,"11":228.0840114175,"12":229.9912488409,"13":232.2362267946,"14":230.5872807244,"15":232.901787412,"16":226.6833846955,"17":230.2793353499,"18":233.3388476305,"19":230.458131144,"20":231.4117618688,"21":228.7694408636,"22":232.4746472626,"23":235.5242447496,"24":236.4182565498,"25":237.2526741948,"26":235.0275658927,"27":239.0109194135,"28":240.5208099092,"29":239.3685213443,"30":241.8221057754,"31":243.212799193,"32":243.2823310321,"33":242.0704404936,"34":244.8617669621,"35":236.8950557697,"36":244.4644317378,"37":237.5109588488,"38":229.5343263576,"39":217.1770006186,"40":218.5180070236,"41":228.5012314537,"42":231.4614091789,"43":235.0275628345,"44":226.0575777185,"45":212.4486202578,"46":215.766431107,"47":217.3000030518,"48":195.4100036621,"49":200.4499969482,"50":181.9700012207,"51":168.2100067139,"52":159.8000030518,"53":153.1600036621,"54":162.7799987793,"55":150.0599975586,"56":173.3899993896,"57":184.4199981689,"58":183.4900054932,"59":188.4900054932,"60":190.5700073242,"61":194.8000030518,"62":175.9100036621,"63":174.9499969482,"64":179.5599975586,"65":188.0,"66":202.9199981689,"67":194.2100067139,"68":199.8000030518,"69":200.4499969482,"70":201.8800048828,"71":198.6699981689,"72":199.1199951172,"73":207.1699981689,"74":206.1300048828,"75":200.75,"76":201.8899993896,"77":203.3200073242,"78":204.7299957275,"79":215.0399932861,"80":215.0399932861},"High":{"0":218.2994758446,"1":218.2200063684,"2":218.5378811775,"3":219.0941539796,"4":221.4881446165,"5":224.0509979392,"6":223.9914070093,"7":223.0179047533,"8":223.4549853859,"9":223.4847890635,"10":227.3389981208,"11":231.0541453195,"12":232.1070976968,"13":234.9580222324,"14":233.259405547,"15":233.8653268551,"16":230.9250106118,"17":233.6865323505,"18":234.31234546,"19":231.7494943931,"20":231.679956544,"21":231.9779702027,"22":234.7891640195,"23":236.7361378694,"24":237.8188893545,"25":237.9380909045,"26":239.0109100342,"27":240.8386872341,"28":240.6896782711,"29":241.9810472883,"30":243.5704033992,"31":244.4743630661,"32":243.8684062525,"33":245.4776374635,"34":245.7160520292,"35":241.4942896031,"36":245.3286448896,"37":239.438052969,"38":233.2594040248,"39":219.5908436825,"40":228.4714182724,"41":234.2527599051,"42":239.7161936188,"43":238.0175529226,"44":228.7594866616,"45":214.743265628,"46":224.3291378199,"47":219.1499938965,"48":206.5800018311,"49":205.8200073242,"50":186.1000061035,"51":174.7799987793,"52":162.3300018311,"53":162.9100036621,"54":170.2200012207,"55":164.9299926758,"56":185.6699981689,"57":191.5500030518,"58":198.1999969482,"59":196.3800048828,"60":198.1999969482,"61":195.4900054932,"62":182.7599945068,"63":182.7200012207,"64":181.3500061035,"65":192.4100036621,"66":204.1100006104,"67":196.7700042725,"68":205.9900054932,"69":200.4499969482,"70":209.7299957275,"71":202.2400054932,"72":202.2100067139,"73":210.25,"74":211.0299987793,"75":204.3399963379,"76":205.7100067139,"77":206.9700012207,"78":212.9299926758,"79":220.9400024414,"80":220.9400024414},"Low":{"0":216.3922379287,"1":215.3094863316,"2":214.9618006953,"3":215.4584747323,"4":217.2167193459,"5":220.3755911673,"6":221.5477494118,"7":221.2000650845,"8":220.8325313604,"9":220.6537391263,"10":223.9019865953,"11":227.3886666524,"12":229.5243712515,"13":231.3322861671,"14":229.1071777317,"15":229.0276976859,"16":226.6833846955,"17":229.8124577496,"18":231.8488166363,"19":230.0309961938,"20":226.3754496531,"21":227.8257575471,"22":232.4746472626,"23":234.2924803053,"24":235.9017082158,"25":234.9481007143,"26":234.6103438681,"27":238.6036406138,"28":237.252666747,"29":238.8023022728,"30":241.017491442,"31":241.5439716835,"32":241.3949493435,"33":240.5406668341,"34":242.3783819016,"35":236.1202408685,"36":234.9083557055,"37":232.7627277137,"38":223.0775250678,"39":210.9188670774,"40":217.0379192755,"41":224.0708808683,"42":230.2594593317,"43":231.6004794032,"44":220.7729271474,"45":205.8726214694,"46":209.5976960378,"47":210.5,"48":184.8399963379,"49":190.0,"50":163.1100006104,"51":155.3000030518,"52":140.6300048828,"53":142.0,"54":151.8099975586,"55":146.3399963379,"56":172.0099945068,"57":180.0,"58":182.5,"59":186.5,"60":187.6100006104,"61":185.4499969482,"62":175.0,"63":174.0,"64":174.9400024414,"65":185.1300048828,"66":191.8500061035,"67":191.5399932861,"68":196.5,"69":195.3699951172,"70":200.1300048828,"71":196.6100006104,"72":196.8200073242,"73":206.1600036621,"74":205.3600006104,"75":199.5099945068,"76":201.1399993896,"77":202.1900024414,"78":203.8500061035,"79":214.0099945068,"80":214.0099945068},"Close":{"0":218.2001495361,"1":217.4749908447,"2":218.4981536865,"3":217.0677185059,"4":220.3159790039,"5":223.6933898926,"6":222.7298431396,"7":221.855682373,"8":221.329208374,"9":223.0973815918,"10":227.2992706299,"11":230.3687286377,"12":231.4018096924,"13":231.352142334,"14":232.0971679688,"15":230.4581298828,"16":229.6535186768,"17":232.305770874,"18":232.4647064209,"19":231.2428741455,"20":226.5840606689,"21":230.0011901855,"22":233.4382019043,"23":236.5275268555,"24":237.2526702881,"25":235.7229156494,"26":239.0109100342,"27":240.034072876,"28":239.9843902588,"29":240.7492828369,"30":243.4015350342,"31":242.3187866211,"32":242.0207672119,"33":245.3783111572,"34":243.7094726562,"35":238.1069488525,"36":235.8023834229,"37":233.7163391113,"38":223.2364501953,"39":216.3922424316,"40":228.411819458,"41":226.4251251221,"42":239.4777832031,"43":233.2494506836,"44":226.991317749,"45":209.0612945557,"46":224.1999969482,"47":212.8899993896,"48":190.5899963379,"49":205.6699981689,"50":164.9600067139,"51":173.6399993896,"52":155.6300048828,"53":161.1300048828,"54":152.1499938965,"55":162.3899993896,"56":184.7200012207,"57":181.7599945068,"58":195.2100067139,"59":190.5500030518,"60":196.1000061035,"61":186.7100067139,"62":178.6300048828,"63":181.3099975586,"64":178.6999969482,"65":191.3300018311,"66":192.2899932861,"67":194.8200073242,"68":201.5299987793,"69":198.7899932861,"70":207.1699981689,"71":198.4799957275,"72":199.8500061035,"73":209.4199981689,"74":206.0500030518,"75":200.6100006104,"76":204.1699981689,"77":202.3200073242,"78":212.1799926758,"79":219.4700012207,"80":219.4700012207},"Volume":{"0":3935700,"1":3423200,"2":5682800,"3":5685400,"4":4916200,"5":4843600,"6":4226600,"7":6060900,"8":3915100,"9":3444300,"10":5390800,"11":7979200,"12":4873500,"13":4030800,"14":4617900,"15":4467500,"16":3595600,"17":3621900,"18":2564000,"19":4685700,"20":5304700,"21":5100900,"22":3505100,"23":3868600,"24":3930300,"25":2456100,"26":2568000,"27":2692400,"28":3592100,"29":2468100,"30":2841600,"31":2892600,"32":2713300,"33":3701800,"34":3881100,"35":5350100,"36":8061500,"37":6963000,"38":7612800,"39":11814700,"40":7150800,"41":8432500,"42":6770000,"43":6473900,"44":7399900,"45":10120500,"46":7206600,"47":7253900,"48":10928700,"49":10292300,"50":12536600,"51":16234400,"52":14681900,"53":13499100,"54":12602400,"55":12241600,"56":14676600,"57":11497400,"58":10170300,"59":7121700,"60":6936700,"61":7335400,"62":7858200,"63":6353900,"64":7299800,"65":7454000,"66":6438800,"67":6094700,"68":7125700,"69":4415600,"70":5655400,"71":5693900,"72":7262800,"73":6717600,"74":4753100,"75":4845000,"76":4071400,"77":3565500,"78":5025200,"79":2586287,"80":2586287}}