{"Open":{"0":66.9960749591,"1":68.3457173817,"2":69.6953705619,"3":69.8144508858,"4":70.3801059898,"5":67.4922685107,"6":68.5144207889,"7":67.8594435719,"8":68.8319889702,"9":69.0900115069,"10":69.9533797756,"11":69.8541418051,"12":68.7327475135,"13":67.5518105567,"14":65.4181721647,"15":65.7555890337,"16":62.0639065336,"17":62.3020778686,"18":61.7661911499,"19":57.0424242548,"20":57.1813568293,"21":56.4668428922,"22":57.2607502992,"23":58.4615373593,"24":58.749330553,"25":55.851557317,"26":54.5019106812,"27":55.603463861,"28":56.9431873194,"29":57.7569433375,"30":59.8608051799,"31":58.9875013344,"32":61.3791559357,"33":63.3143118547,"34":63.413554035,"35":60.8234203013,"36":59.9302718085,"37":57.1912829314,"38":53.4698333152,"39":51.6140658194,"40":56.4469933876,"41":56.9233379726,"42":58.6004714689,"43":54.6805409318,"44":51.9614012778,"45":34.9320364302,"46":36.4305380962,"47":37.6015558782,"48":33.4434538643,"49":35.2000007629,"50":31.0,"51":30.9400005341,"52":28.3899993896,"53":30.3999996185,"54":32.0299987793,"55":30.7000007629,"56":31.2299995422,"57":34.7599983215,"58":34.8199996948,"59":34.9000015259,"60":32.7599983215,"61":33.2900009155,"62":32.1899986267,"63":33.7299995422,"64":36.9599990845,"65":33.9500007629,"66":37.8699989319,"67":35.9700012207,"68":41.3199996948,"69":41.7700004578,"70":39.4199981689,"71":36.0,"72":34.8600006104,"73":32.9900016785,"74":33.9599990845,"75":34.1300010681,"76":38.5600013733,"77":41.6599998474,"78":42.6399993896,"79":41.3699989319,"80":41.3699989319},"High":{"0":67.4922686551,"1":69.7549055575,"2":70.4892759406,"3":70.4198077952,"4":70.4594987915,"5":68.6732043563,"6":68.5541171899,"7":69.0304609357,"8":69.6060499116,"9":69.5862051925,"10":71.1144786893,"11":70.2014758476,"12":69.0800815593,"13":68.2067898802,"14":66.7975899728,"15":65.8746706721,"16":62.7685006522,"17":63.592184478,"18":61.7661911499,"19":58.4913088729,"20":57.2508236395,"21":57.5783156871,"22":58.0546594144,"23":59.0966646438,"24":58.8584937647,"25":56.2187433521,"26":54.7400853075,"27":56.2187467641,"28":58.5409315619,"29":59.5829361753,"30":61.5677126484,"31":60.9028091777,"32":63.5028680395,"33":64.4853330103,"34":64.2074593829,"35":61.3295361733,"36":60.0592832247,"37":57.7370952061,"38":56.8141777397,"39":55.7622453587,"40":56.9928056716,"41":58.1638221376,"42":58.6004714689,"43":55.1072677909,"44":53.0530258281,"45":36.0236610307,"46":39.5764079113,"47":38.5542468204,"48":34.971731265,"49":37.2400016785,"50":33.7099990845,"51":34.4900016785,"52":30.4300003052,"53":33.7299995422,"54":32.8199996948,"55":31.2999992371,"56":34.9000015259,"57":37.1699981689,"58":37.6199989319,"59":35.8499984741,"60":33.1899986267,"61":35.3400001526,"62":32.5299987793,"63":37.5,"64":37.4199981689,"65":35.6300010681,"66":38.9900016785,"67":39.3699989319,"68":43.7999992371,"69":42.2700004578,"70":39.5600013733,"71":36.6800003052,"72":34.8899993896,"73":37.5400009155,"74":37.4199981689,"75":37.1800003052,"76":39.5099983215,"77":42.6699981689,"78":43.3400001526,"79":42.3400001526,"80":42.3400001526},"Low":{"0":66.6288888983,"1":67.998375763,"2":69.179324873,"3":69.0602343547,"4":67.5121072785,"5":66.5693479352,"6":67.5815742948,"7":67.7304359434,"8":68.3953361021,"9":68.6434326471,"10":69.3877193084,"11":69.2190145355,"12":67.9189902186,"13":66.5693491428,"14":64.2074583887,"15":63.0860645946,"16":61.458549637,"17":61.2501496794,"18":57.0821215843,"19":56.7546310156,"20":55.6828536284,"21":55.8217895872,"22":56.4469929829,"23":57.5783132429,"24":56.5859258759,"25":54.5713805477,"26":53.5293715461,"27":55.2164333873,"28":56.8538723063,"29":57.4691501033,"30":59.3646115005,"31":58.7294822952,"32":61.0814404885,"33":62.6097177483,"34":62.6196411157,"35":58.9279606543,"36":56.1691228216,"37":55.4546051025,"38":51.485058547,"39":51.6140658194,"40":54.2538144724,"41":55.6034610038,"42":55.5439204408,"43":53.082800494,"44":47.9720037513,"45":27.3898919859,"46":32.242666124,"47":35.061046699,"48":31.9449468722,"49":31.0,"50":30.4699993134,"51":29.7999992371,"52":26.0599994659,"53":29.1200008392,"54":29.5900001526,"55":27.7700004578,"56":30.3799991608,"57":32.7099990845,"58":34.5099983215,"59":33.7599983215,"60":29.8299999237,"61":32.6199989319,"62":30.5799999237,"63":32.1500015259,"64":31.0499992371,"65":32.5900001526,"66":34.9900016785,"67":35.7900009155,"68":38.5499992371,"69":39.3199996948,"70":38.0499992371,"71":34.0299987793,"72":32.4099998474,"73":32.6199989319,"74":33.6899986267,"75":33.7400016785,"76":37.0999984741,"77":40.6300010681,"78":40.7099990845,"79":40.4399986267,"80":40.4399986267},"Close":{"0":67.2044754028,"1":69.3083267212,"2":70.3205718994,"3":70.3999633789,"4":67.998374939,"5":68.5640411377,"6":67.9884567261,"7":68.7724456787,"8":69.5266571045,"9":69.5465087891,"10":69.7747497559,"11":69.3678741455,"12":67.9686050415,"13":66.6884307861,"14":66.0235290527,"15":63.9196739197,"16":61.6768760681,"17":61.647102356,"18":57.3798370361,"19":58.1142044067,"20":56.1393508911,"21":56.0004196167,"22":57.2309761047,"23":58.8584938049,"24":56.5958480835,"25":55.0278778076,"26":54.5316848755,"27":55.7324752808,"28":58.3226051331,"29":59.5333175659,"30":59.8806533813,"31":60.6745605469,"32":63.086063385,"33":64.2273101807,"34":63.9295921326,"35":59.7615661621,"36":56.9531097412,"37":55.4546051025,"38":54.6011543274,"39":55.7523231506,"40":56.7546310425,"41":57.2607498169,"42":56.566078186,"43":54.0652618408,"44":49.3414993286,"45":32.7289352417,"46":39.3779296875,"47":36.4106903076,"48":32.5900001526,"49":34.9199981689,"50":31.0499992371,"51":30.6200008392,"52":30.1399993896,"53":31.1299991608,"54":30.6900005341,"55":28.9099998474,"56":34.5200004578,"57":34.7400016785,"58":36.6800003052,"59":34.0299987793,"60":31.9300003052,"61":33.2999992371,"62":31.9799995422,"63":35.2999992371,"64":33.5200004578,"65":35.1300010681,"66":35.1399993896,"67":39.1800003052,"68":40.3800010681,"69":39.9099998474,"70":38.5999984741,"71":35.4199981689,"72":32.5400009155,"73":37.3499984741,"74":35.9300003052,"75":36.3699989319,"76":39.3800010681,"77":41.6699981689,"78":42.4599990845,"79":42.2099990845,"80":42.2099990845},"Volume":{"0":1561400,"1":2925600,"2":2116800,"3":1733200,"4":2377000,"5":1487200,"6":1223200,"7":1655900,"8":2509800,"9":1108900,"10":1803800,"11":1602800,"12":2058600,"13":2165200,"14":2114500,"15":2117100,"16":4966600,"17":11483700,"18":6557600,"19":4376700,"20":3553900,"21":3345700,"22":2954000,"23":3132200,"24":3005700,"25":3073100,"26":2620100,"27":1784700,"28":4015700,"29":3838300,"30":7043100,"31":2558400,"32":3994100,"33":2546000,"34":1937200,"35":2693800,"36":3143900,"37":3338100,"38":5813400,"39":6072200,"40":4752100,"41":4212800,"42":3358700,"43":4912700,"44":10523800,"45":14243000,"46":9588000,"47":8035100,"48":8121200,"49":6294500,"50":7196200,"51":7519300,"52":8249800,"53":4651700,"54":5850500,"55":5406700,"56":4221600,"57":4065100,"58":4157300,"59":3161700,"60":7572400,"61":3576500,"62":3881000,"63":5309000,"64":5667900,"65":3551700,"66":3681700,"67":3078500,"68":5153200,"69":2542000,"70":3109200,"71":4694500,"72":4296500,"73":4443700,"74":4413000,"75":4213300,"76":3213700,"77":3646900,"78":3974000,"79":642759,"80":642759}}