{"Open":{"0":50.6703452155,"1":50.6802615693,"2":47.4569549328,"3":46.7627101994,"4":47.9429338239,"5":47.288355117,"6":47.8338337133,"7":48.2900575018,"8":47.7445764149,"9":47.6354788637,"10":46.5445137024,"11":46.5445154678,"12":46.207307116,"13":46.4651693695,"14":45.8502632316,"15":45.6419912604,"16":45.0171618573,"17":43.9757885497,"18":45.5527292689,"19":44.9378227325,"20":44.2237341907,"21":44.6303669714,"22":43.5592351624,"23":43.0831807824,"24":43.9460359577,"25":42.7856454551,"26":42.8352342753,"27":43.4303060915,"28":44.8485627249,"29":44.3427498781,"30":43.4501453457,"31":42.7261397033,"32":42.2699152204,"33":40.4747844364,"34":42.4199981689,"35":40.9599990845,"36":40.0,"37":38.2000007629,"38":35.0,"39":31.7199993134,"40":34.3600006104,"41":34.0,"42":33.5400009155,"43":31.75,"44":29.7700004578,"45":26.0400009155,"46":25.5,"47":22.8099994659,"48":20.3600006104,"49":21.2900009155,"50":19.2900009155,"51":21.4300003052,"52":19.8899993896,"53":22.5100002289,"54":21.4899997711,"55":21.8899993896,"56":19.8899993896,"57":19.8700008392,"58":22.8600006104,"59":22.9699993134,"60":23.5200004578,"61":26.7600002289,"62":23.4500007629,"63":22.5300006866,"64":23.7900009155,"65":23.4200000763,"66":27.0499992371,"67":26.6599998474,"68":27.7900009155,"69":25.1800003052,"70":25.2299995422,"71":23.8199996948,"72":24.0400009155,"73":23.5599994659,"74":25.5,"75":25.3999996185,"76":27.8700008392,"77":27.3600006104,"78":28.9799995422,"79":28.75,"80":28.75},"High":{"0":51.0670611158,"1":51.3249239634,"2":47.8536708156,"3":48.0817835778,"4":47.9528500189,"5":47.9826060493,"6":48.4784960645,"7":48.5479239726,"8":48.2404694044,"9":47.764412099,"10":47.0007343193,"11":46.9213951924,"12":46.7428724318,"13":47.2387649686,"14":46.3858285434,"15":46.2866498774,"16":45.2750283126,"17":45.8800157307,"18":46.2172240435,"19":45.9692772446,"20":44.8386403999,"21":44.6303669714,"22":43.9857034046,"23":44.3923379482,"24":44.2038986351,"25":43.638581981,"26":43.2716225193,"27":44.2237340662,"28":45.1163453905,"29":44.4716831138,"30":43.6385833208,"31":42.9244938627,"32":42.6567111273,"33":42.6269580497,"34":43.2599983215,"35":41.3199996948,"36":40.1500015259,"37":38.4500007629,"38":35.0,"39":33.7299995422,"40":34.4399986267,"41":35.0699996948,"42":33.6500015259,"43":32.8300018311,"44":30.0200004578,"45":26.7299995422,"46":26.3700008392,"47":24.1299991608,"48":20.6900005341,"49":22.75,"50":24.6599998474,"51":22.2399997711,"52":22.8500003815,"53":23.8199996948,"54":23.0799999237,"55":22.2999992371,"56":20.2700004578,"57":22.5,"58":25.6200008392,"59":25.1000003815,"60":26.6700000763,"61":26.9899997711,"62":24.1399993896,"63":25.6800003052,"64":23.7900009155,"65":27.9500007629,"66":28.25,"67":27.4500007629,"68":28.2000007629,"69":26.8500003815,"70":25.7999992371,"71":24.2800006866,"72":24.25,"73":27.2299995422,"74":27.6200008392,"75":27.5400009155,"76":28.2199993134,"77":28.9500007629,"78":29.2800006866,"79":29.0900001526,"80":29.0900001526},"Low":{"0":50.4819072438,"1":47.2685191935,"2":46.653610756,"3":46.7627101994,"4":46.4850072409,"5":46.7627097662,"6":47.7148204641,"7":47.6255627181,"8":47.2784357942,"9":46.0783751956,"10":46.1577177975,"11":46.1279633967,"12":45.7709226642,"13":45.6419890138,"14":45.1956846671,"15":45.2353591598,"16":43.5790715309,"17":43.5691564673,"18":44.6402842219,"19":44.1047223836,"20":44.1443895013,"21":42.3393401049,"22":41.7442689224,"23":43.0732645875,"24":43.0534271066,"25":42.5277827717,"26":42.5872877852,"27":43.1228510961,"28":44.1047232482,"29":43.0831812403,"30":42.1608205391,"31":41.9227917376,"32":41.7045975438,"33":39.3044767574,"34":41.6100006104,"35":39.4199981689,"36":37.7900009155,"37":35.9399986267,"38":32.25,"39":31.2199993134,"40":32.2299995422,"41":32.4300003052,"42":32.3300018311,"43":30.5200004578,"44":28.1800003052,"45":24.0900001526,"46":22.9400005341,"47":21.4599990845,"48":18.7999992371,"49":19.0100002289,"50":19.0900001526,"51":20.0799999237,"52":19.1700000763,"53":20.1499996185,"54":20.3299999237,"55":18.6499996185,"56":18.4799995422,"57":19.0,"58":22.1800003052,"59":22.0200004578,"60":23.4300003052,"61":24.2399997711,"62":21.4699993134,"63":21.7700004578,"64":21.6599998474,"65":23.1900005341,"66":25.5100002289,"67":25.8600006104,"68":25.2800006866,"69":24.5,"70":24.0699996948,"71":22.8799991608,"72":22.6499996185,"73":23.5599994659,"74":25.25,"75":25.25,"76":26.6100006104,"77":27.0499992371,"78":28.1000003815,"79":27.8400001526,"80":27.8400001526},"Close":{"0":50.967880249,"1":47.7842483521,"2":47.6057243347,"3":47.9528503418,"4":47.318107605,"5":47.7644119263,"6":48.2900543213,"7":47.9330177307,"8":48.1214561462,"9":46.2568969727,"10":46.5445137024,"11":46.5345954895,"12":46.4552536011,"13":46.1180458069,"14":45.8205108643,"15":46.1478004456,"16":43.7675132751,"17":45.2254371643,"18":45.6023178101,"19":44.8188056946,"20":44.5510215759,"21":42.7856445312,"22":42.3889312744,"23":43.9460372925,"24":43.0831794739,"25":43.162525177,"26":43.0335922241,"27":44.0848846436,"28":44.4320106506,"29":43.2220344543,"30":42.9641685486,"31":42.1707382202,"32":42.4682731628,"33":42.2599983215,"34":43.0299987793,"35":39.8600006104,"36":38.1300010681,"37":35.9799995422,"38":32.3600006104,"39":33.6800003052,"40":34.0400009155,"41":33.1100006104,"42":32.7900009155,"43":30.8400001526,"44":28.6100006104,"45":24.1000003815,"46":23.8700008392,"47":22.1200008392,"48":19.4400005341,"49":22.6599998474,"50":21.2099990845,"51":21.4500007629,"52":22.2600002289,"53":20.9799995422,"54":22.2800006866,"55":18.6599998474,"56":19.3099994659,"57":21.5599994659,"58":23.9500007629,"59":24.25,"60":26.0200004578,"61":24.5100002289,"62":21.7299995422,"63":22.9400005341,"64":22.3799991608,"65":25.9599990845,"66":25.9699993134,"67":26.6299991608,"68":26.4200000763,"69":25.0499992371,"70":25.0699996948,"71":23.7999992371,"72":23.0699996948,"73":27.0200004578,"74":26.2199993134,"75":26.5799999237,"76":26.8799991608,"77":28.5699996948,"78":28.5599994659,"79":28.9400005341,"80":28.9400005341},"Volume":{"0":1268900,"1":3178400,"2":2523400,"3":1475400,"4":1842800,"5":1300300,"6":1150800,"7":842800,"8":1287400,"9":1564300,"10":1635500,"11":1345800,"12":1564500,"13":1669100,"14":2276900,"15":2736500,"16":3119600,"17":8197600,"18":8655500,"19":1753900,"20":2087400,"21":1781400,"22":2054500,"23":1647500,"24":1508300,"25":1142500,"26":1224900,"27":1359800,"28":1635600,"29":3226300,"30":2506900,"31":1392300,"32":1511000,"33":2929700,"34":2318600,"35":2661600,"36":4453200,"37":3786000,"38":3897800,"39":4502500,"40":3502300,"41":4490100,"42":2684800,"43":3112200,"44":3665000,"45":7556100,"46":4639100,"47":4903400,"48":5150500,"49":5499500,"50":5837600,"51":5297200,"52":4797800,"53":4162100,"54":4997300,"55":3806300,"56":3492600,"57":3126300,"58":4034700,"59":3784200,"60":3557000,"61":2996800,"62":2846800,"63":3243100,"64":1987600,"65":3847200,"66":2993700,"67":2285500,"68":2622900,"69":2705100,"70":2482600,"71":2286700,"72":2204400,"73":2182200,"74":2470000,"75":2354900,"76":1718600,"77":2295800,"78":2394600,"79":511462,"80":511462}}