{"Open":{"0":60.5787071464,"1":59.9228343382,"2":60.1414619923,"3":59.7141496622,"4":59.6843373386,"5":60.1315207034,"6":60.2209575136,"7":59.4458362887,"8":59.0185267332,"9":59.1874640725,"10":59.4557779155,"11":60.1712706588,"12":60.6780830179,"13":60.1116508736,"14":58.9290907802,"15":58.4421567489,"16":57.8757211613,"17":57.8657831052,"18":58.4719669677,"19":57.8657842662,"20":58.8297163753,"21":59.1974014445,"22":59.0185271299,"23":57.8558471265,"24":59.2272140265,"25":59.0582774053,"26":59.4160257961,"27":58.7402789024,"28":59.2272119245,"29":58.5614063051,"30":58.7999009101,"31":58.4322177598,"32":58.332843036,"33":57.5279103772,"34":57.547784999,"35":56.8124122778,"36":56.2857271872,"37":55.2025466399,"38":53.5231156681,"39":50.4399986267,"40":50.1199989319,"41":54.1899986267,"42":52.5299987793,"43":52.0499992371,"44":49.7599983215,"45":47.4500007629,"46":48.5400009155,"47":46.6800003052,"48":41.9799995422,"49":42.5900001526,"50":36.5,"51":34.4599990845,"52":31.2099990845,"53":25.9799995422,"54":34.1100006104,"55":31.4300003052,"56":31.3199996948,"57":34.4799995422,"58":33.7000007629,"59":33.5,"60":34.9700012207,"61":35.2999992371,"62":34.0900001526,"63":33.1599998474,"64":32.9000015259,"65":34.0499992371,"66":36.0,"67":37.2700004578,"68":39.7400016785,"69":41.7299995422,"70":41.9000015259,"71":39.3699989319,"72":38.4599990845,"73":39.0499992371,"74":38.8100013733,"75":37.0299987793,"76":37.7400016785,"77":36.1800003052,"78":36.2099990845,"79":36.0200004578,"80":36.0200004578},"High":{"0":60.6283936488,"1":60.3898957917,"2":60.4495243795,"3":60.1116492615,"4":60.4495215881,"5":60.2507728574,"6":60.2408328725,"7":59.6048353657,"8":59.8532728516,"9":59.6743970861,"10":60.0917742454,"11":60.8370819092,"12":60.9364551008,"13":60.1116508736,"14":58.9390303553,"15":58.6806534747,"16":58.4024048956,"17":58.5912166534,"18":58.6409018299,"19":59.2669648883,"20":59.266962897,"21":60.0321475667,"22":59.8731486129,"23":59.4359021562,"24":59.5352764117,"25":59.5452104293,"26":59.49552344,"27":59.3762752187,"28":59.5352742987,"29":58.9589059107,"30":59.0582767817,"31":58.5812810581,"32":58.3427788198,"33":57.7465355394,"34":57.9452845996,"35":57.4583481856,"36":56.4149151239,"37":55.5404201689,"38":54.1392366144,"39":51.0600013733,"40":53.1199989319,"41":54.2299995422,"42":54.0699996948,"43":52.75,"44":51.2099990845,"45":48.0499992371,"46":48.8400001526,"47":47.0299987793,"48":43.5,"49":43.0200004578,"50":37.1199989319,"51":35.3600006104,"52":31.2099990845,"53":34.2400016785,"54":35.3199996948,"55":31.6399993896,"56":34.7099990845,"57":35.7000007629,"58":35.1199989319,"59":36.3600006104,"60":36.4099998474,"61":35.7299995422,"62":34.7299995422,"63":34.8600006104,"64":33.3100013733,"65":34.2700004578,"66":37.6399993896,"67":39.3699989319,"68":42.0499992371,"69":41.75,"70":42.9000015259,"71":39.8300018311,"72":38.6899986267,"73":40.25,"74":39.3100013733,"75":38.0699996948,"76":37.7400016785,"77":36.9399986267,"78":36.4199981689,"79":37.3349990845,"80":37.3349990845},"Low":{"0":59.8532735974,"1":59.9128985543,"2":59.9427121875,"3":59.4657133603,"4":59.5650851867,"5":59.7340248957,"6":59.3663398272,"7":58.7601534801,"8":58.9787760155,"9":59.1675887141,"10":59.4557779155,"11":60.1513953001,"12":60.0122717655,"13":59.2073428623,"14":58.0148469975,"15":58.1241585872,"16":57.696846725,"17":57.7862854597,"18":57.9651585902,"19":57.6968493968,"20":58.5415293586,"21":59.0384023636,"22":57.3192237388,"23":57.8061568335,"24":58.8297182102,"25":58.8297164647,"26":58.3626545304,"27":58.6011551821,"28":58.5315933228,"29":58.2434081369,"30":58.4123408936,"31":57.676973066,"32":57.696846725,"33":56.9813512625,"34":57.3689105578,"35":56.0174168617,"36":54.695736393,"37":54.0994888306,"38":51.6349983215,"39":48.9300003052,"40":49.9199981689,"41":50.9199981689,"42":51.7599983215,"43":51.0800018311,"44":49.5900001526,"45":45.2799987793,"46":46.4099998474,"47":44.2400016785,"48":36.5699996948,"49":38.5400009155,"50":32.3499984741,"51":30.9099998474,"52":19.0400009155,"53":25.4300003052,"54":31.2199993134,"55":28.8400001526,"56":31.2099990845,"57":31.5400009155,"58":32.4000015259,"59":32.0800018311,"60":33.0,"61":34.75,"62":33.2299995422,"63":32.7900009155,"64":32.0200004578,"65":32.7299995422,"66":35.1699981689,"67":37.25,"68":39.7200012207,"69":40.2000007629,"70":40.8199996948,"71":38.5499992371,"72":37.3300018311,"73":38.9599990845,"74":38.0299987793,"75":36.6599998474,"76":35.6599998474,"77":35.7400016785,"78":35.3899993896,"79":36.0999984741,"80":36.0999984741},"Close":{"0":60.5687713623,"1":60.2607078552,"2":60.1017112732,"3":59.5650863647,"4":59.8830833435,"5":60.2408332825,"6":59.3862113953,"7":59.1278381348,"8":59.3862113953,"9":59.2272109985,"10":59.8930244446,"11":60.8370819092,"12":60.1116485596,"13":59.5253410339,"14":58.4421577454,"15":58.6110916138,"16":57.7266578674,"17":58.3129692078,"18":58.153968811,"19":59.1477165222,"20":58.9092140198,"21":59.763835907,"22":57.3589744568,"23":59.0384025574,"24":59.247089386,"25":59.4359016418,"26":58.6309661865,"27":59.107963562,"28":58.5315933228,"29":58.869468689,"30":58.7303390503,"31":58.1639060974,"32":57.7266578674,"33":57.7167243958,"34":57.6869087219,"35":56.2360420227,"36":54.9242973328,"37":54.1094284058,"38":51.6349983215,"39":49.9500007629,"40":53.1199989319,"41":51.5800018311,"42":53.9000015259,"43":51.7000007629,"44":50.9599990845,"45":46.6199989319,"46":48.2999992371,"47":45.1300010681,"48":40.1800003052,"49":42.5200004578,"50":33.5,"51":33.3100013733,"52":26.25,"53":33.5200004578,"54":31.2700004578,"55":30.7099990845,"56":34.6300010681,"57":33.2099990845,"58":34.9399986267,"59":35.1300010681,"60":35.8400001526,"61":35.2400016785,"62":33.4599990845,"63":33.2700004578,"64":32.1500015259,"65":33.9500007629,"66":36.9199981689,"67":38.7000007629,"68":41.8800010681,"69":40.9300003052,"70":41.2299995422,"71":38.7299995422,"72":37.4199981689,"73":40.0099983215,"74":38.6399993896,"75":36.7599983215,"76":35.6800003052,"77":35.9300003052,"78":36.0400009155,"79":37.25,"80":37.25},"Volume":{"0":1612000,"1":1326800,"2":2050400,"3":1413900,"4":1656100,"5":1774900,"6":2479800,"7":2715500,"8":2348600,"9":1639800,"10":2772500,"11":2080500,"12":1460000,"13":2218500,"14":2668400,"15":2077800,"16":2261700,"17":2653800,"18":1585800,"19":2759500,"20":2946600,"21":2855500,"22":4980000,"23":2841200,"24":2142600,"25":2156400,"26":2967500,"27":1750100,"28":1927200,"29":1457400,"30":2059800,"31":2071200,"32":1587600,"33":2048900,"34":2380300,"35":1988400,"36":2534400,"37":2869800,"38":3371000,"39":4905100,"40":3819400,"41":3937800,"42":2835600,"43":2488500,"44":2803900,"45":2911500,"46":2534200,"47":3443500,"48":3921200,"49":4190600,"50":6291700,"51":7305500,"52":8205700,"53":7880300,"54":6196100,"55":4187400,"56":4384700,"57":5510700,"58":5248800,"59":4686500,"60":3366600,"61":3949600,"62":4283900,"63":4423700,"64":3300700,"65":4111900,"66":6481600,"67":4295400,"68":4670700,"69":3109900,"70":3887800,"71":3217900,"72":4115700,"73":3062700,"74":1756300,"75":2709200,"76":3066200,"77":2370800,"78":2819400,"79":785911,"80":785911}}