{"Open":{"0":110.9797000635,"1":109.831458979,"2":108.8529535902,"3":109.102571002,"4":107.9743109263,"5":109.721628871,"6":109.2822974845,"7":108.7730811395,"8":108.9727780009,"9":108.7730832802,"10":110.1509708783,"11":111.9981341858,"12":112.3176379834,"13":110.809958581,"14":109.0227010108,"15":111.2792323658,"16":104.1401941716,"17":105.8375895301,"18":107.9643215645,"19":108.1340685631,"20":108.6432813053,"21":108.373698655,"22":109.7515781152,"23":112.2677206459,"24":113.5257886871,"25":111.2492791612,"26":110.2508147101,"27":110.2707830867,"28":113.3161100268,"29":112.4873828791,"30":112.9167184268,"31":112.8068933637,"32":111.8783226836,"33":112.1479014156,"34":110.9697089855,"35":104.4597053735,"36":104.6593938714,"37":99.4873318543,"38":95.5299987793,"39":92.9499969482,"40":97.0400009155,"41":96.5800018311,"42":94.6999969482,"43":94.0999984741,"44":89.0199966431,"45":83.4000015259,"46":89.9899978638,"47":88.2200012207,"48":71.4100036621,"49":80.8499984741,"50":69.4199981689,"51":70.5699996948,"52":58.0099983215,"53":55.0,"54":61.2900009155,"55":61.25,"56":68.4300003052,"57":75.3099975586,"58":75.5999984741,"59":69.0,"60":66.7900009155,"61":68.75,"62":65.0,"63":62.3300018311,"64":58.0,"65":60.8699989319,"66":70.1800003052,"67":67.3099975586,"68":70.2200012207,"69":68.5299987793,"70":68.25,"71":66.0400009155,"72":69.8099975586,"73":74.6699981689,"74":73.5,"75":70.3300018311,"76":72.5100021362,"77":71.5899963379,"78":72.4599990845,"79":73.1500015259,"80":73.1500015259},"High":{"0":111.4489811592,"1":110.2408344372,"2":109.2822950386,"3":109.3222351325,"4":109.8714013338,"5":110.0311514596,"6":109.2822974845,"7":109.1624829598,"8":109.332227028,"9":109.6916718171,"10":111.4789349225,"11":113.785392508,"12":112.4474436696,"13":112.4374583348,"14":110.9796969755,"15":111.2792323658,"16":105.8076335627,"17":107.8744648088,"18":109.9612571847,"19":109.2823004684,"20":108.7231605593,"21":109.7216286954,"22":111.8184061446,"23":113.405973316,"24":113.7055132004,"25":111.4689432935,"26":111.1993637085,"27":114.8836993142,"28":115.3030664605,"29":113.3660317763,"30":113.4558919461,"31":113.1264027492,"32":113.2761715425,"33":113.6555899054,"34":111.0396014257,"35":105.1885826113,"36":104.7292863122,"37":100.6655241733,"38":100.6900024414,"39":98.3399963379,"40":97.6999969482,"41":96.7900009155,"42":98.5199966431,"43":95.1399993896,"44":94.2099990845,"45":87.5400009155,"46":91.5299987793,"47":88.2200012207,"48":79.5699996948,"49":81.9800033569,"50":75.8899993896,"51":71.0,"52":58.4599990845,"53":62.8199996948,"54":71.4800033569,"55":67.7799987793,"56":75.6699981689,"57":76.7300033569,"58":78.7600021362,"59":71.6999969482,"60":69.8300018311,"61":71.8300018311,"62":66.4000015259,"63":65.9899978638,"64":59.4799995422,"65":64.3300018311,"66":73.4800033569,"67":70.1900024414,"68":73.2099990845,"69":68.9000015259,"70":71.3000030518,"71":71.2799987793,"72":70.6999969482,"73":75.8499984741,"74":75.5400009155,"75":72.4800033569,"76":73.5999984741,"77":73.7900009155,"78":72.5999984741,"79":75.1800003052,"80":75.1800003052},"Low":{"0":110.2907548279,"1":108.4735421495,"2":108.4236121418,"3":107.9942787742,"4":107.7246939678,"5":108.882919553,"6":108.2239240559,"7":108.0441963167,"8":108.4236176491,"9":108.4236134602,"10":110.0211728025,"11":111.8084304789,"12":109.7615629146,"13":110.3706303161,"14":107.4850596918,"15":107.3153216306,"16":103.3713697028,"17":105.3982612491,"18":107.9643215645,"19":107.0557214831,"20":106.8460437958,"21":107.654800602,"22":109.2223914031,"23":111.9781640729,"24":111.6287059132,"25":110.2508113727,"26":109.9812317509,"27":108.8529530622,"28":113.0265534467,"29":110.9996604137,"30":111.9581902649,"31":111.6786198947,"32":111.8783226836,"33":111.5987410862,"34":109.152497922,"35":103.3314318691,"36":98.1593663989,"37":96.1524530295,"38":93.2200012207,"39":92.6999969482,"40":92.5800018311,"41":92.2399978638,"42":92.0,"43":91.2900009155,"44":88.3199996948,"45":83.4000015259,"46":85.6800003052,"47":79.1699981689,"48":71.4000015259,"49":76.6399993896,"50":63.8300018311,"51":61.8499984741,"52":44.2999992371,"53":51.0400009155,"54":56.5,"55":60.0499992371,"56":67.5100021362,"57":67.3499984741,"58":70.2399978638,"59":66.1999969482,"60":64.5800018311,"61":67.8899993896,"62":62.3600006104,"63":57.0,"64":53.7000007629,"65":60.1100006104,"66":65.3099975586,"67":66.3300018311,"68":68.1100006104,"69":64.3199996948,"70":68.25,"71":65.6100006104,"72":67.7699966431,"73":72.7300033569,"74":71.4499969482,"75":70.0999984741,"76":69.5899963379,"77":70.6999969482,"78":70.0500030518,"79":72.7699966431,"80":72.7699966431},"Close":{"0":111.2792358398,"1":109.821472168,"2":109.2523422241,"3":108.1240768433,"4":109.0426712036,"5":108.9228515625,"6":108.4336013794,"7":109.122543335,"8":108.9228515625,"9":109.462020874,"10":111.4290084839,"11":113.7454528809,"12":110.4505081177,"13":110.6801528931,"14":110.7899856567,"15":108.3237686157,"16":104.7792129517,"17":107.6947402954,"18":109.8414459229,"19":108.902885437,"20":107.6348342896,"21":107.684753418,"22":110.7700195312,"23":113.0864639282,"24":112.5273208618,"25":110.6701660156,"26":111.1993637085,"27":112.7669525146,"28":113.5257873535,"29":112.7869186401,"30":113.0565109253,"31":111.7584991455,"32":112.4973678589,"33":111.8283920288,"34":109.4021148682,"35":103.8606185913,"36":98.7284927368,"37":97.75,"38":95.8300018311,"39":97.1999969482,"40":96.4599990845,"41":93.3300018311,"42":98.3899993896,"43":91.5,"44":90.4499969482,"45":86.1800003052,"46":90.3199996948,"47":81.0899963379,"48":76.7200012207,"49":78.6299972534,"50":69.5400009155,"51":64.8300018311,"52":56.6800003052,"53":58.0299987793,"54":61.5999984741,"55":63.3300018311,"56":69.3899993896,"57":72.25,"58":73.1999969482,"59":69.1500015259,"60":68.6800003052,"61":68.2399978638,"62":63.0400009155,"63":57.8600006104,"64":55.9399986267,"65":63.7999992371,"66":65.8300018311,"67":70.0899963379,"68":68.4499969482,"69":66.6399993896,"70":70.0100021362,"71":69.8700027466,"72":70.1500015259,"73":75.6200027466,"74":72.2799987793,"75":71.3499984741,"76":70.7900009155,"77":71.9400024414,"78":71.3700027466,"79":74.75,"80":74.75},"Volume":{"0":2014600,"1":1854500,"2":1821800,"3":1498900,"4":2741600,"5":1596200,"6":1296300,"7":1573900,"8":1233200,"9":1316100,"10":1217100,"11":2512600,"12":4031800,"13":1716600,"14":1607100,"15":2105300,"16":4149700,"17":2062400,"18":1854200,"19":2389300,"20":3606700,"21":2097700,"22":1689500,"23":2144000,"24":1477600,"25":1371200,"26":2028600,"27":2388600,"28":1891100,"29":1396000,"30":948900,"31":1805100,"32":1543300,"33":1165300,"34":1716100,"35":4565200,"36":5490900,"37":6110500,"38":7692700,"39":6129200,"40":4791400,"41":6433300,"42":7065200,"43":9044900,"44":6450400,"45":7335700,"46":5472100,"47":9833200,"48":11501200,"49":8068300,"50":8647000,"51":10971800,"52":18610500,"53":13086300,"54":11377400,"55":11003500,"56":9956100,"57":7695500,"58":7410400,"59":5784100,"60":5064200,"61":5160600,"62":5743000,"63":7930200,"64":7232900,"65":9128500,"66":7903000,"67":8521200,"68":7537400,"69":4020700,"70":4575800,"71":5803000,"72":4772000,"73":4952800,"74":4815400,"75":3139100,"76":2710400,"77":2246100,"78":1954000,"79":1007198,"80":1007198}}