{"Open":{"0":176.5444447802,"1":177.379920364,"2":176.8826076143,"3":176.4151409233,"4":176.7135277001,"5":177.7379843435,"6":178.9315120235,"7":178.2850140252,"8":179.5183545641,"9":180.3140324149,"10":180.5229054724,"11":181.8755880313,"12":182.0546046393,"13":180.5825845725,"14":178.8420083008,"15":178.9514109223,"16":173.3318397146,"17":173.1826289238,"18":176.0471307839,"19":172.864360834,"20":176.952229514,"21":173.5208158014,"22":173.1428478705,"23":175.9576182321,"24":177.0417460034,"25":174.9033340067,"26":173.9783355028,"27":177.2903980606,"28":178.5137752512,"29":179.3592057448,"30":179.5382361316,"31":179.1304487159,"32":178.8618986913,"33":179.9559609209,"34":178.6430856248,"35":173.5009129776,"36":174.6944579337,"37":167.6823964645,"38":163.0099945068,"39":153.75,"40":163.0899963379,"41":164.2799987793,"42":164.8999938965,"43":166.5,"44":158.8099975586,"45":152.5,"46":155.8500061035,"47":156.8300018311,"48":143.3899993896,"49":142.1499938965,"50":128.0,"51":136.2299957275,"52":121.9199981689,"53":117.75,"54":120.8899993896,"55":107.4899978638,"56":110.0,"57":120.2900009155,"58":131.8300018311,"59":131.4199981689,"60":130.75,"61":131.8399963379,"62":128.2799987793,"63":128.6000061035,"64":132.5,"65":133.5200042725,"66":140.6399993896,"67":136.6699981689,"68":140.0,"69":142.7599945068,"70":140.7100067139,"71":137.5700073242,"72":134.5800018311,"73":135.8699951172,"74":135.7899932861,"75":133.0700073242,"76":134.2200012207,"77":134.75,"78":135.6999969482,"79":136.5299987793,"80":136.5299987793},"High":{"0":179.8266825635,"1":178.8619045579,"2":177.4197090624,"3":177.1113846824,"4":178.1358373155,"5":178.464050216,"6":178.9315120235,"7":180.3637589424,"8":180.2444204284,"9":181.4578505835,"10":181.5075813295,"11":183.0691248894,"12":182.3132146526,"13":180.9008691642,"14":179.5680741689,"15":179.2895769127,"16":174.3960715883,"17":175.7984753082,"18":176.7831525005,"19":177.8076063419,"20":176.952229514,"21":174.6745595038,"22":175.1121843562,"23":176.6737433652,"24":177.0417460034,"25":175.7686455863,"26":176.1664890083,"27":178.9713024397,"28":180.6621506549,"29":179.9758631543,"30":180.8809746058,"31":179.5183485676,"32":180.7019302304,"33":181.2290840378,"34":180.0156613701,"35":176.415132177,"36":175.5995626765,"37":171.1536136036,"38":166.8300018311,"39":162.1699981689,"40":165.4799957275,"41":168.1799926758,"42":171.9299926758,"43":167.9100036621,"44":165.1199951172,"45":157.2599945068,"46":161.9400024414,"47":157.4799957275,"48":145.4799957275,"49":149.6799926758,"50":143.2299957275,"51":141.9700012207,"52":124.1299972534,"53":122.4199981689,"54":121.1600036621,"55":111.0800018311,"56":119.5299987793,"57":135.3399963379,"58":139.3899993896,"59":135.2100067139,"60":133.7599945068,"61":136.1100006104,"62":131.2799987793,"63":133.1499938965,"64":132.8399963379,"65":135.3699951172,"66":142.2200012207,"67":140.3800048828,"68":146.3000030518,"69":143.2100067139,"70":143.7299957275,"71":137.9700012207,"72":135.3000030518,"73":140.1999969482,"74":138.1900024414,"75":134.0200042725,"76":134.7100067139,"77":138.5899963379,"78":136.2400054932,"79":139.1699981689,"80":139.1699981689},"Low":{"0":176.1863822006,"1":176.454934213,"2":175.977502891,"3":174.6447245951,"4":175.7785856774,"5":177.1014303231,"6":177.1809923518,"7":177.7280311934,"8":178.5436193745,"9":178.8817972936,"10":179.8167210378,"11":181.5473627394,"12":179.4984480257,"13":178.8420055504,"14":178.0662085675,"15":175.5398833821,"16":172.5361433966,"17":172.3073766794,"18":174.6845109558,"19":172.864360834,"20":170.4175916634,"21":169.7512104518,"22":173.0632767266,"23":174.4557375223,"24":175.2116551928,"25":173.7595158183,"26":173.1726984774,"27":176.2460476595,"28":178.0860974168,"29":177.7280351965,"30":179.0110905503,"31":177.9866305647,"32":178.5336734037,"33":178.0462990105,"34":177.7877147538,"35":172.5261930105,"36":165.9318881703,"37":165.8722022791,"38":159.5200042725,"39":150.6199951172,"40":157.5899963379,"41":160.5599975586,"42":164.2599945068,"43":163.2200012207,"44":157.5800018311,"45":149.7400054932,"46":153.3500061035,"47":151.5599975586,"48":134.4400024414,"49":138.0200042725,"50":124.0100021362,"51":130.1900024414,"52":101.0999984741,"53":112.0199966431,"54":110.7799987793,"55":101.0800018311,"56":109.25,"57":119.8000030518,"58":131.1600036621,"59":128.1399993896,"60":130.1300048828,"61":130.0,"62":125.5,"63":127.1399993896,"64":126.5299987793,"65":132.5099945068,"66":135.0,"67":135.2100067139,"68":139.6999969482,"69":136.5099945068,"70":138.5500030518,"71":132.5099945068,"72":129.5800018311,"73":135.6699981689,"74":134.8899993896,"75":130.7200012207,"76":131.75,"77":134.1600036621,"78":132.3600006104,"79":135.8200073242,"80":135.8200073242},"Close":{"0":179.8167266846,"1":177.8971252441,"2":176.5543823242,"3":176.6538543701,"4":176.8030395508,"5":178.1060028076,"6":177.7180786133,"7":180.2941436768,"8":179.4785614014,"9":179.7570495605,"10":181.2788085938,"11":182.2435913086,"12":179.9559631348,"13":179.0807189941,"14":178.6132507324,"15":176.1764373779,"16":172.605758667,"17":174.5154266357,"18":174.7242889404,"19":177.3799133301,"20":172.2874755859,"21":170.3977203369,"22":174.2667694092,"23":175.9476623535,"24":175.4006347656,"25":174.3363952637,"26":175.9974060059,"27":178.185546875,"28":180.2046203613,"29":179.1503295898,"30":179.8366241455,"31":178.4541015625,"32":179.8863525391,"33":179.7272033691,"34":178.9116363525,"35":174.3264465332,"36":166.8966674805,"37":166.2799835205,"38":159.5500030518,"39":162.1699981689,"40":164.2400054932,"41":161.8899993896,"42":171.1900024414,"43":164.9199981689,"44":164.0299987793,"45":152.8600006104,"46":161.6900024414,"47":153.3899993896,"48":134.8500061035,"49":149.4100036621,"50":135.2700042725,"51":131.8000030518,"52":119.6100006104,"53":118.9599990845,"54":112.5,"55":103.8600006104,"56":119.5100021362,"57":129.6499938965,"58":137.3999938965,"59":131.2700042725,"60":131.75,"61":133.7899932861,"62":129.7100067139,"63":132.8099975586,"64":127.4499969482,"65":134.0,"66":135.2400054932,"67":139.25,"68":143.4299926758,"69":137.9400024414,"70":140.5899963379,"71":134.8399963379,"72":132.3300018311,"73":138.3200073242,"74":135.6999969482,"75":132.0,"76":133.0299987793,"77":134.6799926758,"78":135.5200042725,"79":138.8000030518,"80":138.8000030518},"Volume":{"0":2857400,"1":2805200,"2":3277900,"3":3002800,"4":2545500,"5":1789500,"6":1671700,"7":2261900,"8":2191200,"9":2600800,"10":2215400,"11":2608000,"12":2188600,"13":1881700,"14":2434000,"15":2737000,"16":2491500,"17":2178400,"18":2199000,"19":3076100,"20":5500000,"21":3542700,"22":2992500,"23":2818100,"24":2427500,"25":3254500,"26":2399700,"27":2948500,"28":2950800,"29":1985700,"30":2489000,"31":1818600,"32":2464500,"33":2336800,"34":1940400,"35":3204300,"36":4092200,"37":3411700,"38":3951300,"39":9558100,"40":6744900,"41":6108500,"42":4532500,"43":5394700,"44":5021600,"45":5849000,"46":5477600,"47":4826900,"48":7170500,"49":6324800,"50":5891000,"51":8524800,"52":7633900,"53":6814100,"54":6801200,"55":8200400,"56":5799100,"57":7159100,"58":5594400,"59":3924900,"60":5035700,"61":5296000,"62":4246100,"63":3504200,"64":4031500,"65":4874300,"66":4051700,"67":3890600,"68":4365000,"69":3016300,"70":3486600,"71":3252800,"72":4016700,"73":4750700,"74":2529000,"75":2418100,"76":2629700,"77":2786400,"78":2837900,"79":1136906,"80":1136906}}