{"Open":{"0":23.2485678091,"1":22.9431843279,"2":23.0121426315,"3":23.1500571231,"4":23.1697596967,"5":23.1106509021,"6":23.1008023179,"7":23.3470792905,"8":23.4357396836,"9":23.6820156993,"10":24.2435276297,"11":24.6080175176,"12":24.0859111697,"13":24.0465048,"14":23.8002289946,"15":24.0169521576,"16":23.3273762084,"17":23.3372272668,"18":23.4554396956,"19":23.2091624128,"20":23.179610437,"21":22.8840769075,"22":22.4210765099,"23":22.0664356885,"24":23.2091627581,"25":22.805269049,"26":21.8891162793,"27":21.5541803385,"28":21.7709042865,"29":21.8201587809,"30":22.0565851696,"31":22.0467345493,"32":22.6575026135,"33":22.7363116475,"34":23.2682702926,"35":22.6279475057,"36":22.6377993858,"37":21.6231396732,"38":20.8350503559,"39":20.6478784356,"40":20.4607092421,"41":21.1798382436,"42":20.7759450453,"43":20.9434126589,"44":18.8254298212,"45":18.4215342996,"46":20.0962182368,"47":20.0371125405,"48":17.7812128778,"49":16.5301264456,"50":15.8400001526,"51":16.0,"52":16.2000007629,"53":14.7600002289,"54":15.0,"55":12.9399995804,"56":13.1099996567,"57":13.029999733,"58":14.0,"59":15.1400003433,"60":14.8699998856,"61":14.1400003433,"62":13.3299999237,"63":12.8400001526,"64":12.5900001526,"65":12.8100004196,"66":14.0500001907,"67":13.8400001526,"68":14.9899997711,"69":14.8900003433,"70":14.8699998856,"71":13.8800001144,"72":13.5399999619,"73":14.25,"74":14.1099996567,"75":13.25,"76":14.25,"77":13.9300003052,"78":14.4099998474,"79":14.8400001526,"80":14.8400001526},"High":{"0":23.2485678091,"1":23.1697588957,"2":23.2781205849,"3":23.2682710075,"4":23.2781203883,"5":23.248567408,"6":23.3175255794,"7":23.544099923,"8":23.5835056305,"9":24.3518880837,"10":24.7360820187,"11":24.6277201446,"12":24.2336771155,"13":24.1056107998,"14":24.1548687719,"15":24.1450173562,"16":23.6524620306,"17":23.4160358932,"18":23.6130569512,"19":23.278119727,"20":23.2682703782,"21":23.1008020454,"22":22.4604798848,"23":23.0121410683,"24":23.4455886442,"25":22.8742263665,"26":21.9777762192,"27":21.8792661767,"28":22.056584854,"29":22.1747985378,"30":22.1945016776,"31":22.6378002167,"32":22.9333337565,"33":23.3569293816,"34":23.3569283545,"35":22.6279475057,"36":22.6575020124,"37":21.9679262622,"38":21.4852220015,"39":20.7365383731,"40":21.1798381805,"41":21.3177528682,"42":21.5541800316,"43":21.0222212852,"44":19.5347074827,"45":20.2833892281,"46":20.6675812398,"47":20.2341350461,"48":18.3230238388,"49":18.0176409686,"50":17.3700008392,"51":17.7099990845,"52":16.6299991608,"53":16.0900001526,"54":15.3900003433,"55":12.9899997711,"56":13.470000267,"57":14.1700000763,"58":16.2800006866,"59":15.8599996567,"60":15.0399999619,"61":14.6300001144,"62":13.5,"63":13.4899997711,"64":12.7600002289,"65":13.6400003433,"66":14.7299995422,"67":14.7100000381,"68":15.6700000763,"69":14.970000267,"70":15.0200004578,"71":14.1300001144,"72":13.8400001526,"73":14.7100000381,"74":14.3100004196,"75":14.0600004196,"76":14.3800001144,"77":14.3900003433,"78":14.9300003052,"79":15.0399999619,"80":15.0399999619},"Low":{"0":22.9727366716,"1":22.8446730743,"2":22.9136313738,"3":23.0810998068,"4":22.99243981,"5":22.9333329014,"6":22.9234824317,"7":23.2288654079,"8":23.366780488,"9":23.6229078204,"10":24.2435276297,"11":23.9972511102,"12":23.9282939103,"13":23.8593336086,"14":23.6918664229,"15":23.5145483139,"16":23.2485675812,"17":23.1008013877,"18":23.2879711266,"19":22.7264593343,"20":22.8545246124,"21":22.1945018768,"22":21.6526909696,"23":21.9679244374,"24":22.8742256165,"25":21.9285227911,"26":21.2882012049,"27":21.4556709588,"28":21.7314990337,"29":21.682244155,"30":21.9383731672,"31":22.0270338009,"32":22.5983966111,"33":22.7363116475,"34":22.8545245284,"35":22.1058410663,"36":21.5541793486,"37":21.1699886322,"38":20.3917525315,"39":19.9090468753,"40":19.8400896758,"41":20.2439841743,"42":20.5789225308,"43":20.2439844557,"44":17.3477666171,"45":18.2442144247,"46":19.6332177981,"47":18.6678119509,"48":14.3136304314,"49":16.5202751321,"50":14.6499996185,"51":15.6800003052,"52":13.6099996567,"53":13.779999733,"54":12.7600002289,"55":11.2899999619,"56":12.2600002289,"57":12.3800001144,"58":13.6400003433,"59":14.5699996948,"60":13.8999996185,"61":13.9300003052,"62":12.8100004196,"63":12.3100004196,"64":11.8599996567,"65":12.6099996567,"66":13.6199998856,"67":13.6999998093,"68":14.8400001526,"69":14.2399997711,"70":14.2600002289,"71":13.4499998093,"72":13.1800003052,"73":14.1000003815,"74":13.6899995804,"75":13.1999998093,"76":13.7899999619,"77":13.9099998474,"78":14.3100004196,"79":14.7100000381,"80":14.7100000381},"Close":{"0":23.1303539276,"1":23.1106510162,"2":23.1796112061,"3":23.1697597504,"4":23.0318431854,"5":23.1008014679,"6":23.2978229523,"7":23.4160366058,"8":23.5835056305,"9":24.1745700836,"10":24.5981655121,"11":24.1056118011,"12":23.9775485992,"13":23.8987388611,"14":23.9972515106,"15":23.5835056305,"16":23.2485675812,"17":23.3667793274,"18":23.3963336945,"19":23.1205024719,"20":22.8545246124,"21":22.1945018768,"22":21.92852211,"23":22.9333324432,"24":22.8742256165,"25":21.9777774811,"26":21.3473072052,"27":21.7019481659,"28":21.8891162872,"29":22.1452445984,"30":22.0467338562,"31":22.6378002167,"32":22.7560138702,"33":23.3273773193,"34":23.1205024719,"35":22.5392875671,"36":21.6329879761,"37":21.1699886322,"38":20.9532642365,"39":20.362197876,"40":21.1798381805,"41":20.5099639893,"42":21.5443305969,"43":20.5296669006,"44":19.4953041077,"45":19.8203887939,"46":20.5099639893,"47":18.7761726379,"48":15.4859104156,"49":17.1999988556,"50":15.720000267,"51":17.3700008392,"52":14.7399997711,"53":14.75,"54":13.0799999237,"55":12.3800001144,"56":12.8999996185,"57":13.8000001907,"58":15.8800001144,"59":15.0799999237,"60":14.0,"61":14.0799999237,"62":12.9799995422,"63":12.5600004196,"64":11.9399995804,"65":13.5600004196,"66":13.6599998474,"67":14.5600004196,"68":14.9899997711,"69":14.4899997711,"70":14.529999733,"71":13.5200004578,"72":13.6800003052,"73":14.3599996567,"74":13.720000267,"75":13.8900003433,"76":13.8599996567,"77":14.25,"78":14.6999998093,"79":14.9600000381,"80":14.9600000381},"Volume":{"0":2865700,"1":2626600,"2":3233900,"3":2918800,"4":2328600,"5":3105000,"6":2825300,"7":2735000,"8":2522200,"9":5251100,"10":4541200,"11":3794200,"12":5126500,"13":3008600,"14":3064900,"15":2220900,"16":3264300,"17":2278900,"18":1746500,"19":3220200,"20":10591700,"21":3202200,"22":4067600,"23":4242800,"24":3668600,"25":2276200,"26":2303900,"27":2426200,"28":2262700,"29":1853100,"30":2367800,"31":2735600,"32":2141300,"33":2876500,"34":2444400,"35":2695300,"36":2527100,"37":3848900,"38":3803900,"39":4753500,"40":5024300,"41":3715700,"42":2606100,"43":3347000,"44":8120700,"45":4352000,"46":5201200,"47":5073300,"48":5531100,"49":9756000,"50":5754900,"51":4315500,"52":4277300,"53":2831400,"54":5951800,"55":3945100,"56":4423600,"57":5948600,"58":8037600,"59":4778500,"60":4351300,"61":4286200,"62":2894100,"63":3142500,"64":3251100,"65":4427100,"66":3696700,"67":2430300,"68":3924100,"69":2098400,"70":1983600,"71":2543800,"72":3054700,"73":3690200,"74":2244800,"75":2963400,"76":1939400,"77":2563000,"78":4132200,"79":686544,"80":686544}}