{"Open":{"0":44.6832287716,"1":43.7824365763,"2":43.8517319678,"3":43.7527423611,"4":44.0596016528,"5":44.2674785377,"6":44.1816090029,"7":44.7985598896,"8":45.6045761879,"9":45.3458513427,"10":45.146835798,"11":45.8732447981,"12":46.1120664348,"13":46.7588708635,"14":46.330983934,"15":46.9280329077,"16":46.9180812322,"17":46.5200493762,"18":46.8484285593,"19":47.0772933036,"20":47.5648830867,"21":47.1768027836,"22":47.3957208401,"23":47.4952262658,"24":46.8285247638,"25":46.659358543,"26":46.848428168,"27":47.1668516221,"28":47.2464562904,"29":47.5051821944,"30":48.2315896489,"31":48.1619357233,"32":48.1022260325,"33":46.7091137963,"34":44.9478196638,"35":43.9427859004,"36":44.4801322519,"37":44.7189505866,"38":43.3656429513,"39":41.4451352116,"40":41.6541020377,"41":43.0372648391,"42":43.6243636592,"43":44.0422930287,"44":42.5795277662,"45":41.972526527,"46":43.6641665119,"47":42.6989355801,"48":39.4450200975,"49":41.1167585965,"50":39.6042330267,"51":43.0969689077,"52":45.5946238119,"53":48.1917830962,"54":47.0971960445,"55":45.0771814824,"56":42.2810022513,"57":43.7935253695,"58":41.7934107886,"59":44.0323466565,"60":45.5050654928,"61":46.5996551712,"62":45.6045741974,"63":45.4553105,"64":46.8882281047,"65":48.4405570028,"66":47.9231134246,"67":47.6046866199,"68":46.7599983215,"69":47.6199989319,"70":48.0400009155,"71":48.9000015259,"72":48.8499984741,"73":50.3199996948,"74":50.5099983215,"75":49.8899993896,"76":48.8100013733,"77":48.0,"78":47.4099998474,"79":47.0800018311,"80":47.0800018311},"High":{"0":44.8911028801,"1":44.1189962705,"2":44.1981926184,"3":44.2179838783,"4":44.3169728274,"5":44.307070907,"6":45.0274265467,"7":45.6841816255,"8":45.6145253303,"9":45.6244728723,"10":45.9230017637,"11":46.4702958347,"12":46.8285261675,"13":47.1369990156,"14":46.9976865432,"15":46.9976882935,"16":47.2564090002,"17":46.9578837685,"18":47.2862629567,"19":47.7439958907,"20":47.7738492386,"21":47.5449817901,"22":47.743997758,"23":47.6146349496,"24":47.2663591452,"25":47.0076392531,"26":47.1170967714,"27":47.4952264527,"28":47.6146352823,"29":48.2415402192,"30":48.6196707311,"31":48.2813444147,"32":48.4903070986,"33":46.8583775063,"34":45.2662491661,"35":44.5895902026,"36":44.9478178542,"37":45.1269337525,"38":43.7139198725,"39":41.6839525837,"40":42.9974602166,"41":44.1119544305,"42":44.8284111023,"43":44.2811141912,"44":43.9228859406,"45":43.902982744,"46":44.121902978,"47":42.8581484257,"48":41.2162635057,"49":42.241201517,"50":43.0372641015,"51":48.3908006825,"52":51.276536993,"53":49.0575026823,"54":47.4852771136,"55":45.0771814824,"56":44.9179651783,"57":44.1517552369,"58":44.7587523366,"59":46.0026071362,"60":47.0175894611,"61":47.0872428414,"62":46.6195537027,"63":47.6046857865,"64":48.9281439371,"65":48.7589827086,"66":48.4405561364,"67":47.7539503241,"68":48.5200004578,"69":47.9900016785,"70":49.0600013733,"71":49.3199996948,"72":50.4700012207,"73":50.75,"74":50.8300018311,"75":50.1199989319,"76":49.2299995422,"77":48.2700004578,"78":47.6800003052,"79":47.0900001526,"80":47.0900001526},"Low":{"0":43.5943611568,"1":43.564661546,"2":43.7725434434,"3":43.683450991,"4":44.0596016528,"5":43.8517265635,"6":44.1119536191,"7":44.7786578084,"8":44.8184610777,"9":45.0771789551,"10":45.0771804133,"11":45.77373819,"12":46.1021172922,"13":46.201623982,"14":46.1419160688,"15":46.5200497356,"16":46.4802430642,"17":46.4603431335,"18":46.6892119102,"19":46.8583742232,"20":46.9081296122,"21":47.0673432367,"22":47.3061633761,"23":47.1270472766,"24":46.2812270422,"25":46.3807370116,"26":46.7688198441,"27":46.9379795997,"28":47.1369967479,"29":47.2663610159,"30":48.1619342647,"31":47.8833103822,"32":48.0027194295,"33":44.6990491603,"34":44.5099852664,"35":43.85322844,"36":44.3905747884,"37":43.6940181005,"38":42.3108554536,"39":39.9425604118,"40":41.5545916344,"41":42.4103625774,"42":43.2064275459,"43":43.18652637,"44":42.4700682209,"45":41.7934116021,"46":41.8033618329,"47":41.7038543466,"48":38.8181178478,"49":39.6042345803,"50":39.1166453395,"51":42.7088840442,"52":45.3259514116,"53":45.3359010987,"54":44.3806209689,"55":41.6541032262,"56":42.2511472338,"57":41.494890047,"58":41.6441470888,"59":43.8930358846,"60":45.5050654928,"61":45.75383386,"62":45.0771785688,"63":45.4553105,"64":46.8185727199,"65":47.2962120127,"66":47.2265557821,"67":46.7489161471,"68":46.5699996948,"69":46.5999984741,"70":47.6699981689,"71":48.2799987793,"72":48.7000007629,"73":49.7700004578,"74":49.8800010681,"75":48.6899986267,"76":48.3400001526,"77":47.1699981689,"78":46.2000007629,"79":45.8800010681,"80":45.8800010681},"Close":{"0":43.8616294861,"1":43.8022346497,"2":43.8220367432,"3":44.089302063,"4":44.1387939453,"5":44.039806366,"6":44.6791496277,"7":45.6742324829,"8":45.2264442444,"9":45.0771789551,"10":45.7936401367,"11":46.0722618103,"12":46.7190666199,"13":46.3409347534,"14":46.7588691711,"15":46.9976882935,"16":46.5897026062,"17":46.818572998,"18":47.0872459412,"19":47.6444892883,"20":47.0275382996,"21":47.1967048645,"22":47.3161125183,"23":47.1568984985,"24":46.6593589783,"25":46.8583755493,"26":47.0971984863,"27":47.2464561462,"28":47.5250778198,"29":48.2116889954,"30":48.3410491943,"31":48.0226211548,"32":48.2017326355,"33":45.3060493469,"34":44.5497894287,"35":44.350769043,"36":44.5000343323,"37":43.7238693237,"38":42.3208045959,"39":41.3953781128,"40":42.977558136,"41":42.7785453796,"42":44.8284111023,"43":43.5845565796,"44":43.7338218689,"45":43.1964759827,"46":43.5447540283,"47":42.062084198,"48":39.8828582764,"49":42.1914482117,"50":42.4203147888,"51":48.2912902832,"52":48.0325737,"53":46.9877357483,"54":44.8980636597,"55":42.101890564,"56":44.6293907166,"57":41.733707428,"58":44.6293907166,"59":44.7388534546,"60":46.5499000549,"61":46.4105873108,"62":46.122013092,"63":47.3459663391,"64":48.1420326233,"65":48.3111953735,"66":47.6743431091,"67":47.1369972229,"68":47.5400009155,"69":47.0999984741,"70":48.5099983215,"71":48.6599998474,"72":50.2099990845,"73":50.5099983215,"74":49.9199981689,"75":48.9300003052,"76":48.4000015259,"77":47.2000007629,"78":46.6100006104,"79":45.8899993896,"80":45.8899993896},"Volume":{"0":2405700,"1":1858700,"2":2276200,"3":2076400,"4":2016700,"5":2242900,"6":2356600,"7":2379100,"8":2676200,"9":1558900,"10":2061100,"11":3373300,"12":4061300,"13":2262100,"14":2872300,"15":1667200,"16":2318900,"17":1441700,"18":2281300,"19":2476400,"20":3577500,"21":1898200,"22":1688700,"23":2133800,"24":3810000,"25":1654500,"26":1616000,"27":1512300,"28":1397100,"29":1818100,"30":1466600,"31":2114700,"32":2092200,"33":4520300,"34":3623500,"35":3433800,"36":2521200,"37":3147900,"38":2669700,"39":4121100,"40":3812000,"41":4089300,"42":2005400,"43":2355600,"44":2611400,"45":2570200,"46":3485800,"47":3227100,"48":4250500,"49":5237200,"50":6520100,"51":8303900,"52":8444500,"53":5974200,"54":5160100,"55":4950000,"56":3415500,"57":6298400,"58":3487300,"59":2457500,"60":2387000,"61":3274100,"62":2304000,"63":2842400,"64":3875600,"65":2864400,"66":2748400,"67":2164200,"68":2933400,"69":1955000,"70":3154500,"71":2714800,"72":2705300,"73":2471500,"74":1835400,"75":1734100,"76":2254300,"77":3319400,"78":5055700,"79":1196397,"80":1196397}}