{"Open":{"0":67.1900024414,"1":66.4300003052,"2":66.1900024414,"3":67.3000030518,"4":67.8300018311,"5":67.5599975586,"6":66.4700012207,"7":66.4800033569,"8":66.3499984741,"9":67.5,"10":68.8300018311,"11":69.5599975586,"12":69.3600006104,"13":69.5999984741,"14":70.8600006104,"15":71.1200027466,"16":68.2399978638,"17":70.9300003052,"18":70.6500015259,"19":70.0199966431,"20":71.4400024414,"21":69.4400024414,"22":70.3799972534,"23":70.5500030518,"24":71.6100006104,"25":70.5,"26":69.6999969482,"27":70.2600021362,"28":70.9800033569,"29":71.6200027466,"30":71.5800018311,"31":72.1800003052,"32":72.8700027466,"33":73.0,"34":68.6500015259,"35":66.2300033569,"36":65.5500030518,"37":63.7000007629,"38":62.3899993896,"39":61.2599983215,"40":60.9900016785,"41":62.7599983215,"42":61.3199996948,"43":60.0699996948,"44":57.5600013733,"45":55.0600013733,"46":56.2099990845,"47":56.2400016785,"48":54.4700012207,"49":57.0200004578,"50":57.2799987793,"51":52.75,"52":52.1399993896,"53":50.1300010681,"54":49.7000007629,"55":44.9399986267,"56":45.3800010681,"57":46.9000015259,"58":51.8100013733,"59":52.4399986267,"60":52.5900001526,"61":52.4199981689,"62":50.6699981689,"63":48.9000015259,"64":48.1199989319,"65":47.6300010681,"66":48.7200012207,"67":49.2999992371,"68":52.8600006104,"69":51.9900016785,"70":52.4700012207,"71":52.4700012207,"72":52.4399986267,"73":53.9700012207,"74":52.3300018311,"75":52.1100006104,"76":52.4399986267,"77":52.2700004578,"78":51.9099998474,"79":52.5299987793,"80":52.5299987793},"High":{"0":67.9400024414,"1":66.7200012207,"2":67.3600006104,"3":67.8199996948,"4":68.25,"5":68.2900009155,"6":66.6999969482,"7":66.9199981689,"8":67.5100021362,"9":69.4100036621,"10":69.4300003052,"11":69.6600036621,"12":70.6299972534,"13":70.8099975586,"14":71.0199966431,"15":71.5,"16":71.0599975586,"17":71.0800018311,"18":71.0899963379,"19":71.5800018311,"20":71.4400024414,"21":70.6999969482,"22":70.6600036621,"23":71.75,"24":71.8899993896,"25":70.75,"26":70.1999969482,"27":71.1800003052,"28":72.0699996948,"29":71.9599990845,"30":72.1399993896,"31":73.25,"32":73.9899978638,"33":73.5,"34":69.5500030518,"35":67.8799972534,"36":66.1200027466,"37":65.0100021362,"38":64.0999984741,"39":62.2299995422,"40":62.9199981689,"41":63.5,"42":62.3499984741,"43":60.5,"44":58.7200012207,"45":56.0099983215,"46":57.9700012207,"47":58.2299995422,"48":56.9399986267,"49":59.3100013733,"50":57.6500015259,"51":55.2700004578,"52":52.8199996948,"53":53.5200004578,"54":50.7400016785,"55":45.5400009155,"56":49.0299987793,"57":52.8199996948,"58":60.8199996948,"59":52.9799995422,"60":52.7700004578,"61":52.5999984741,"62":51.4599990845,"63":50.2000007629,"64":48.7799987793,"65":47.8800010681,"66":50.6599998474,"67":52.5699996948,"68":54.5099983215,"69":52.4399986267,"70":53.7400016785,"71":52.8100013733,"72":52.9199981689,"73":54.25,"74":54.2400016785,"75":53.0299987793,"76":52.9399986267,"77":52.8800010681,"78":52.5699996948,"79":53.6300010681,"80":53.6300010681},"Low":{"0":66.75,"1":66.0599975586,"2":65.9599990845,"3":66.9000015259,"4":67.4700012207,"5":66.0400009155,"6":66.0100021362,"7":65.6299972534,"8":66.0800018311,"9":67.2600021362,"10":68.5599975586,"11":68.9700012207,"12":69.0599975586,"13":69.4499969482,"14":70.3000030518,"15":70.2799987793,"16":67.1699981689,"17":70.2399978638,"18":70.1399993896,"19":68.5500030518,"20":68.6100006104,"21":69.0299987793,"22":69.7399978638,"23":70.3399963379,"24":70.7799987793,"25":69.6600036621,"26":69.5199966431,"27":70.25,"28":70.8099975586,"29":70.8700027466,"30":70.6800003052,"31":71.8300018311,"32":72.8700027466,"33":66.7099990845,"34":67.4599990845,"35":64.8499984741,"36":62.7200012207,"37":63.1500015259,"38":61.0999984741,"39":59.8899993896,"40":60.3100013733,"41":59.8899993896,"42":60.4000015259,"43":58.0400009155,"44":56.7000007629,"45":53.6899986267,"46":55.2299995422,"47":56.0499992371,"48":53.7599983215,"49":51.9900016785,"50":51.2599983215,"51":50.3699989319,"52":42.2700004578,"53":48.0999984741,"54":44.7900009155,"55":41.8499984741,"56":44.8400001526,"57":46.5299987793,"58":49.6500015259,"59":49.8600006104,"60":50.2999992371,"61":50.3800010681,"62":48.0299987793,"63":47.25,"64":45.9500007629,"65":46.2200012207,"66":46.9799995422,"67":49.2999992371,"68":51.4399986267,"69":50.6300010681,"70":52.1100006104,"71":50.9500007629,"72":51.6199989319,"73":53.0,"74":52.1500015259,"75":51.4399986267,"76":51.0600013733,"77":51.4199981689,"78":50.5499992371,"79":52.4799995422,"80":52.4799995422},"Close":{"0":67.1200027466,"1":66.5599975586,"2":67.2900009155,"3":67.7399978638,"4":67.9300003052,"5":66.1999969482,"6":66.6200027466,"7":66.2200012207,"8":67.4700012207,"9":68.5,"10":69.3799972534,"11":69.2900009155,"12":69.6100006104,"13":70.7399978638,"14":71.0,"15":71.1999969482,"16":70.7900009155,"17":70.4100036621,"18":70.4499969482,"19":71.4700012207,"20":68.9400024414,"21":69.6200027466,"22":69.75,"23":71.1100006104,"24":70.9700012207,"25":69.9700012207,"26":70.1800003052,"27":70.8899993896,"28":71.8600006104,"29":71.5100021362,"30":72.1299972534,"31":72.9899978638,"32":73.7099990845,"33":68.9199981689,"34":67.5400009155,"35":64.9300003052,"36":63.1300010681,"37":63.1800003052,"38":62.5200004578,"39":60.9399986267,"40":62.9199981689,"41":60.5600013733,"42":61.6300010681,"43":59.25,"44":57.6899986267,"45":54.5099983215,"46":57.8699989319,"47":57.6800003052,"48":55.0600013733,"49":56.7099990845,"50":51.6500015259,"51":54.6100006104,"52":50.7400016785,"53":49.8100013733,"54":45.0099983215,"55":43.1800003052,"56":46.9799995422,"57":50.0299987793,"58":53.5600013733,"59":50.0,"60":52.0900001526,"61":50.5200004578,"62":48.5699996948,"63":48.4399986267,"64":46.3499984741,"65":47.1399993896,"66":49.2999992371,"67":52.3699989319,"68":52.25,"69":51.7000007629,"70":53.5499992371,"71":52.1599998474,"72":52.5800018311,"73":53.6399993896,"74":53.1500015259,"75":52.0299987793,"76":51.7099990845,"77":51.6300010681,"78":52.3899993896,"79":53.5499992371,"80":53.5499992371},"Volume":{"0":987600,"1":663400,"2":696300,"3":790700,"4":730300,"5":1551400,"6":749000,"7":672800,"8":1114900,"9":893500,"10":786800,"11":783600,"12":1255100,"13":692900,"14":664600,"15":1310600,"16":1553900,"17":916100,"18":743300,"19":1321200,"20":1103900,"21":696700,"22":796300,"23":1029600,"24":726700,"25":739900,"26":604600,"27":497600,"28":830400,"29":870700,"30":645900,"31":1893300,"32":1646500,"33":3952500,"34":1781200,"35":1427800,"36":1939200,"37":1622100,"38":2300700,"39":2319800,"40":2426100,"41":1493200,"42":1698100,"43":2054300,"44":1916200,"45":2464900,"46":3372400,"47":2510300,"48":3919500,"49":2644900,"50":2452100,"51":3543300,"52":2988800,"53":2977300,"54":2275000,"55":2324600,"56":2217700,"57":3307400,"58":10254100,"59":2755300,"60":3126600,"61":2653800,"62":1919700,"63":2429700,"64":1984700,"65":2613600,"66":3316600,"67":2516600,"68":1665900,"69":1245000,"70":1259900,"71":1212400,"72":1354000,"73":1310800,"74":1061600,"75":935700,"76":1149900,"77":1321900,"78":1313000,"79":400253,"80":400253}}