{"Open":{"0":366.3875351482,"1":366.0282976871,"2":363.4836525264,"3":368.2236681386,"4":367.4054004581,"5":372.2152620706,"6":365.3098108068,"7":362.4458501032,"8":355.5104751721,"9":357.3865299658,"10":365.3397314547,"11":363.7331337403,"12":362.4957578059,"13":366.3276630087,"14":364.8707575324,"15":363.6832738111,"16":351.678562608,"17":347.3676592574,"18":351.3392591056,"19":347.6171177668,"20":339.7337575044,"21":338.4364693558,"22":336.4107400359,"23":348.694842357,"24":365.978395122,"25":358.3943768385,"26":350.9201470957,"27":353.1354922613,"28":360.7294552773,"29":369.3113703855,"30":378.8811939007,"31":376.1669107066,"32":371.7163090628,"33":373.1932027701,"34":367.6648497555,"35":352.2573381348,"36":348.9044280927,"37":332.3892301406,"38":321.5820099461,"39":306.204422295,"40":320.8236053247,"41":344.0845583093,"42":357.8555158251,"43":363.7331400059,"44":357.7457783367,"45":335.9816637943,"46":345.6013413722,"47":341.3204122679,"48":304.8871955061,"49":306.3541069528,"50":260.5007776266,"51":275.4293069451,"52":257.2676029772,"53":246.0612336574,"54":260.4608843011,"55":230.3643349466,"56":227.0712675886,"57":228.6978393534,"58":271.7670211254,"59":289.5295945297,"60":299.3200073242,"61":312.0599975586,"62":300.0,"63":293.0,"64":293.6799926758,"65":305.2200012207,"66":340.0899963379,"67":324.8200073242,"68":336.7600097656,"69":343.6900024414,"70":356.2699890137,"71":349.0,"72":356.0,"73":381.6199951172,"74":367.1099853516,"75":360.5,"76":365.1799926758,"77":370.7300109863,"78":369.8200073242,"79":372.3999938965,"80":372.3999938965},"High":{"0":367.125968516,"1":371.2173698775,"2":369.8602231897,"3":368.2236681386,"4":375.608108102,"5":372.9736728858,"6":368.30349927,"7":363.9826186926,"8":360.6695809674,"9":368.4631525019,"10":367.0561139878,"11":367.295630178,"12":369.1517079368,"13":367.325559105,"14":366.906443722,"15":363.6832738111,"16":352.117608882,"17":356.4485204007,"18":354.3628831877,"19":349.7725770297,"20":340.8114719503,"21":340.5619930038,"22":345.4516765795,"23":367.1559210246,"24":365.978395122,"25":360.4201046955,"26":355.4406152223,"27":356.7578601361,"28":374.400644174,"29":380.2383450509,"30":379.2005279699,"31":384.1900039922,"32":378.422172286,"33":374.2309928109,"34":370.6784850818,"35":355.1911552286,"36":348.9044280927,"37":335.4827143446,"38":325.294184691,"39":319.1072114715,"40":346.2400209367,"41":352.9059563456,"42":373.9017026163,"43":378.5718506118,"44":367.5052016991,"45":348.0761604979,"46":356.5582514646,"47":349.8224766172,"48":316.4128833285,"49":313.9281348025,"50":291.6850322962,"51":277.2654320789,"52":258.7644471963,"53":260.7801865932,"54":273.2339428616,"55":239.275540359,"56":243.4167958555,"57":280.6882364516,"58":306.31417935,"59":303.3604201188,"60":318.9700012207,"61":317.8500061035,"62":302.4700012207,"63":306.9400024414,"64":299.0,"65":330.8399963379,"66":345.0,"67":346.0,"68":345.2399902344,"69":349.0299987793,"70":364.0400085449,"71":359.3299865723,"72":380.3500061035,"73":383.6700134277,"74":377.5799865723,"75":363.2300109863,"76":376.2200012207,"77":375.8099975586,"78":369.8200073242,"79":373.3099975586,"80":373.3099975586},"Low":{"0":359.7714791432,"1":363.6134060445,"2":362.7352304553,"3":362.3260984172,"4":366.6170844191,"5":362.4358920313,"6":361.8670873461,"7":354.0236042076,"8":354.4527077399,"9":355.1412637025,"10":362.9946999509,"11":361.2383934541,"12":361.1785276059,"13":360.1706306957,"14":361.0587869867,"15":353.4448492922,"16":343.4059952793,"17":345.2820599382,"18":347.577201626,"19":339.3046260746,"20":332.2096119831,"21":331.5609807958,"22":335.0236802446,"23":348.694842357,"24":346.5792924781,"25":351.8581695901,"26":350.3513390084,"27":351.0598512282,"28":360.7294552773,"29":369.3113703855,"30":370.0198714272,"31":369.2215622783,"32":370.2294535716,"33":365.5493148191,"34":362.5556264816,"35":344.9128371471,"36":328.996387514,"37":322.9391522343,"38":311.7926515495,"39":303.5001324093,"40":313.0001033314,"41":321.9312522891,"42":356.757854447,"43":361.0887213476,"44":350.6806868251,"45":322.6198194652,"46":341.4101960429,"47":325.0347395719,"48":290.617293397,"49":279.4707832093,"50":250.6016648782,"51":261.4886974813,"52":229.5161135918,"53":234.5255566389,"54":229.7955245961,"55":207.8118756086,"56":217.6411521988,"57":225.1553200938,"58":269.4718722691,"59":288.3919783366,"60":298.0700073242,"61":298.5799865723,"62":288.0100097656,"63":287.8999938965,"64":285.4899902344,"65":301.2900085449,"66":318.0599975586,"67":319.3299865723,"68":332.4800109863,"69":337.5400085449,"70":351.2900085449,"71":344.950012207,"72":353.2799987793,"73":365.6700134277,"74":366.0,"75":356.0100097656,"76":364.2900085449,"77":363.1499938965,"78":363.3299865723,"79":366.7799987793,"80":366.7799987793},"Close":{"0":362.475769043,"1":364.092376709,"2":369.7703857422,"3":366.0981445312,"4":374.2110595703,"5":363.7431335449,"6":363.3539428711,"7":356.1291809082,"8":356.4983825684,"9":363.3040466309,"10":366.3576049805,"11":365.7788085938,"12":364.102355957,"13":364.9505615234,"14":362.8150634766,"15":356.1491394043,"16":346.1801452637,"17":352.1076660156,"18":350.8303527832,"19":342.5178527832,"20":335.5325927734,"21":332.3892211914,"22":342.0289001465,"23":364.0325012207,"24":358.3943786621,"25":352.516784668,"26":352.2573242188,"27":356.4185791016,"28":373.073425293,"29":379.4001159668,"30":375.0592651367,"31":371.337097168,"32":377.7236328125,"33":370.2094726562,"34":368.8922729492,"35":345.4317321777,"36":331.321472168,"37":327.9785461426,"38":313.6686706543,"39":319.0074157715,"40":344.633392334,"41":324.6854553223,"42":371.556640625,"43":369.8203125,"44":366.2378845215,"45":336.4906005859,"46":348.5650939941,"47":327.5294799805,"48":292.4334411621,"49":313.2495727539,"50":269.6415100098,"51":272.0065002441,"52":246.0612335205,"53":255.6510162354,"54":230.1248321533,"55":213.9788665771,"56":233.567565918,"57":268.4440612793,"58":303.8394165039,"59":296.4450073242,"60":311.2300109863,"61":314.0199890137,"62":298.75,"63":300.1099853516,"64":291.6300048828,"65":327.4700012207,"66":320.049987793,"67":337.2600097656,"68":341.8999938965,"69":348.2600097656,"70":352.2099914551,"71":353.5400085449,"72":377.3099975586,"73":373.5899963379,"74":367.3299865723,"75":358.8599853516,"76":367.1700134277,"77":366.0700073242,"78":369.0899963379,"79":368.4075012207,"80":368.4075012207},"Volume":{"0":678000,"1":891400,"2":956800,"3":669200,"4":1201700,"5":1760800,"6":1035700,"7":1732000,"8":1377100,"9":1126800,"10":529700,"11":882800,"12":849400,"13":561000,"14":709000,"15":973900,"16":1295000,"17":999600,"18":1581300,"19":1225100,"20":1519600,"21":1354700,"22":1410100,"23":1572900,"24":1193700,"25":938600,"26":748300,"27":648400,"28":1581100,"29":1344300,"30":837700,"31":1029800,"32":539300,"33":822200,"34":526300,"35":1213000,"36":1253600,"37":1250500,"38":1484800,"39":2130100,"40":1856200,"41":1914900,"42":3319300,"43":2270000,"44":2131900,"45":2165800,"46":1816900,"47":2243700,"48":1726100,"49":2184500,"50":2795300,"51":2568200,"52":3177900,"53":1912300,"54":3308800,"55":3564600,"56":3403200,"57":3035200,"58":2204100,"59":1918700,"60":1635900,"61":2504200,"62":1607700,"63":1068700,"64":1198700,"65":1559200,"66":1747300,"67":1619600,"68":2190100,"69":1380300,"70":1497300,"71":1431300,"72":1451100,"73":1441300,"74":1172400,"75":980300,"76":1073100,"77":1233400,"78":941200,"79":258359,"80":258359}}