{"Open":{"0":null,"1":null,"2":null,"3":null,"4":null,"5":null,"6":null,"7":null,"8":null,"9":null,"10":null,"11":null,"12":null,"13":null,"14":null,"15":null,"16":null,"17":null,"18":null,"19":null,"20":null,"21":null,"22":null,"23":null,"24":null,"25":null,"26":null,"27":null,"28":null,"29":null,"30":null,"31":null,"32":null,"33":null,"34":null,"35":null,"36":null,"37":null,"38":null,"39":null,"40":null,"41":null,"42":null,"43":null,"44":null,"45":null,"46":null,"47":null,"48":null,"49":null,"50":null,"51":null,"52":null,"53":null,"54":null,"55":null,"56":null,"57":null,"58":null,"59":null,"60":null,"61":null,"62":15.3999996185,"63":12.970000267,"64":12.1000003815,"65":13.0399999619,"66":13.4600000381,"67":12.5,"68":13.8900003433,"69":13.1599998474,"70":12.8299999237,"71":12.0699996948,"72":10.9300003052,"73":11.25,"74":11.6199998856,"75":11.3699998856,"76":10.9399995804,"77":10.8100004196,"78":11.0699996948,"79":10.8999996185,"80":10.8999996185},"High":{"0":null,"1":null,"2":null,"3":null,"4":null,"5":null,"6":null,"7":null,"8":null,"9":null,"10":null,"11":null,"12":null,"13":null,"14":null,"15":null,"16":null,"17":null,"18":null,"19":null,"20":null,"21":null,"22":null,"23":null,"24":null,"25":null,"26":null,"27":null,"28":null,"29":null,"30":null,"31":null,"32":null,"33":null,"34":null,"35":null,"36":null,"37":null,"38":null,"39":null,"40":null,"41":null,"42":null,"43":null,"44":null,"45":null,"46":null,"47":null,"48":null,"49":null,"50":null,"51":null,"52":null,"53":null,"54":null,"55":null,"56":null,"57":null,"58":null,"59":null,"60":null,"61":null,"62":15.3999996185,"63":13.7100000381,"64":12.6899995804,"65":14.0,"66":13.970000267,"67":13.3900003433,"68":14.1599998474,"69":13.3800001144,"70":13.0600004196,"71":12.1000003815,"72":11.3500003815,"73":11.6999998093,"74":12.5699996948,"75":11.5,"76":11.3000001907,"77":11.3900003433,"78":11.3299999237,"79":11.1800003052,"80":11.1800003052},"Low":{"0":null,"1":null,"2":null,"3":null,"4":null,"5":null,"6":null,"7":null,"8":null,"9":null,"10":null,"11":null,"12":null,"13":null,"14":null,"15":null,"16":null,"17":null,"18":null,"19":null,"20":null,"21":null,"22":null,"23":null,"24":null,"25":null,"26":null,"27":null,"28":null,"29":null,"30":null,"31":null,"32":null,"33":null,"34":null,"35":null,"36":null,"37":null,"38":null,"39":null,"40":null,"41":null,"42":null,"43":null,"44":null,"45":null,"46":null,"47":null,"48":null,"49":null,"50":null,"51":null,"52":null,"53":null,"54":null,"55":null,"56":null,"57":null,"58":null,"59":null,"60":null,"61":null,"62":12.7100000381,"63":12.0,"64":11.8500003815,"65":12.3299999237,"66":12.0100002289,"67":12.3100004196,"68":13.2100000381,"69":12.2100000381,"70":11.970000267,"71":10.3400001526,"72":10.3999996185,"73":11.0900001526,"74":11.3900003433,"75":10.5799999237,"76":10.6599998474,"77":10.7700004578,"78":10.5799999237,"79":10.8599996567,"80":10.8599996567},"Close":{"0":null,"1":null,"2":null,"3":null,"4":null,"5":null,"6":null,"7":null,"8":null,"9":null,"10":null,"11":null,"12":null,"13":null,"14":null,"15":null,"16":null,"17":null,"18":null,"19":null,"20":null,"21":null,"22":null,"23":null,"24":null,"25":null,"26":null,"27":null,"28":null,"29":null,"30":null,"31":null,"32":null,"33":null,"34":null,"35":null,"36":null,"37":null,"38":null,"39":null,"40":null,"41":null,"42":null,"43":null,"44":null,"45":null,"46":null,"47":null,"48":null,"49":null,"50":null,"51":null,"52":null,"53":null,"54":null,"55":null,"56":null,"57":null,"58":null,"59":null,"60":null,"61":null,"62":13.1999998093,"63":12.5,"64":12.5399999619,"65":12.6899995804,"66":12.1099996567,"67":13.0799999237,"68":13.25,"69":12.6000003815,"70":12.1999998093,"71":11.3699998856,"72":10.7399997711,"73":11.6499996185,"74":11.6400003433,"75":10.5900001526,"76":10.8299999237,"77":11.0,"78":10.8100004196,"79":11.1099996567,"80":11.1099996567},"Volume":{"0":null,"1":null,"2":null,"3":null,"4":null,"5":null,"6":null,"7":null,"8":null,"9":null,"10":null,"11":null,"12":null,"13":null,"14":null,"15":null,"16":null,"17":null,"18":null,"19":null,"20":null,"21":null,"22":null,"23":null,"24":null,"25":null,"26":null,"27":null,"28":null,"29":null,"30":null,"31":null,"32":null,"33":null,"34":null,"35":null,"36":null,"37":null,"38":null,"39":null,"40":null,"41":null,"42":null,"43":null,"44":null,"45":null,"46":null,"47":null,"48":null,"49":null,"50":null,"51":null,"52":null,"53":null,"54":null,"55":null,"56":null,"57":null,"58":null,"59":null,"60":null,"61":null,"62":2531000.0,"63":4431900.0,"64":4053100.0,"65":6035400.0,"66":5686200.0,"67":6590900.0,"68":3293300.0,"69":4059700.0,"70":4926000.0,"71":7531900.0,"72":8193100.0,"73":10288300.0,"74":6322600.0,"75":3304900.0,"76":2777800.0,"77":4681000.0,"78":6716800.0,"79":752507.0,"80":752507.0}}