{"Open":{"0":133.6048805139,"1":132.1896589338,"2":132.0412070366,"3":132.3084202848,"4":133.1199312697,"5":134.3372385161,"6":135.5842140245,"7":134.079918526,"8":134.8716501519,"9":134.5945419504,"10":135.9009092246,"11":135.1289484875,"12":136.385834978,"13":141.83889827,"14":142.7097966749,"15":141.9081778899,"16":137.0686991722,"17":138.05837807,"18":137.7317756135,"19":135.3466763199,"20":141.423235008,"21":142.7592786308,"22":146.2528040135,"23":148.6576975221,"24":155.1993920203,"25":154.5500030518,"26":152.9700012207,"27":155.1199951172,"28":153.75,"29":154.3699951172,"30":154.4199981689,"31":149.7899932861,"32":151.5399932861,"33":150.8099975586,"34":151.0399932861,"35":145.5099945068,"36":146.5099945068,"37":142.8999938965,"38":137.2400054932,"39":129.9799957275,"40":130.75,"41":134.4799957275,"42":131.5800018311,"43":130.5,"44":126.6999969482,"45":120.1600036621,"46":122.7799987793,"47":121.0100021362,"48":109.6500015259,"49":108.6800003052,"50":98.0,"51":100.6100006104,"52":99.4100036621,"53":102.3300018311,"54":100.9199981689,"55":94.5999984741,"56":99.9899978638,"57":105.4800033569,"58":106.9100036621,"59":108.5800018311,"60":108.0899963379,"61":112.0,"62":106.3600006104,"63":105.3700027466,"64":108.9199981689,"65":110.3499984741,"66":118.8000030518,"67":116.3099975586,"68":120.4800033569,"69":121.6299972534,"70":123.4599990845,"71":119.1200027466,"72":119.0100021362,"73":119.3000030518,"74":119.1500015259,"75":114.0,"76":119.8700027466,"77":119.5699996948,"78":122.4100036621,"79":125.5599975586,"80":125.5599975586},"High":{"0":134.5153712209,"1":133.4663210822,"2":132.8527402277,"3":133.5653000512,"4":134.4559860392,"5":135.376375505,"6":136.4452184345,"7":135.2279344798,"8":135.7227633195,"9":136.6332509785,"10":136.7619136022,"11":136.9004585531,"12":137.9099286939,"13":144.2833587059,"14":142.9176331248,"15":142.4326995537,"16":138.6224815666,"17":139.018355097,"18":138.1375421805,"19":135.5545127623,"20":142.5613597244,"21":145.7579645232,"22":147.8362752614,"23":155.8129765975,"24":157.1094396921,"25":155.5399932861,"26":154.4400024414,"27":155.2200012207,"28":155.6000061035,"29":154.8300018311,"30":154.5599975586,"31":151.3800048828,"32":151.8899993896,"33":151.6199951172,"34":151.0399932861,"35":148.0500030518,"36":147.0700073242,"37":144.0599975586,"38":138.6900024414,"39":131.0899963379,"40":134.4400024414,"41":136.1000061035,"42":134.2799987793,"43":132.2899932861,"44":128.3300018311,"45":122.4100036621,"46":124.8799972534,"47":122.5800018311,"48":109.8000030518,"49":109.1600036621,"50":107.4100036621,"51":107.4000015259,"52":106.9300003052,"53":103.6900024414,"54":100.9899978638,"55":97.7399978638,"56":106.0400009155,"57":112.4800033569,"58":113.1500015259,"59":111.5,"60":113.4599990845,"61":113.8099975586,"62":109.9199981689,"63":110.3199996948,"64":110.0699996948,"65":115.6299972534,"66":119.5699996948,"67":119.9599990845,"68":122.9199981689,"69":121.8000030518,"70":125.1800003052,"71":120.1900024414,"72":119.75,"73":120.3899993896,"74":122.8600006104,"75":117.1500015259,"76":120.3300018311,"77":123.0299987793,"78":125.0,"79":126.9223022461,"80":126.9223022461},"Low":{"0":133.3772616125,"1":132.1797526118,"2":131.8234793562,"3":132.0214087525,"4":132.536032116,"5":133.9116743778,"6":134.9013422092,"7":133.6741670244,"8":134.1491983669,"9":134.3075455275,"10":135.5941001545,"11":134.752885789,"12":136.1780136265,"13":141.0768514371,"14":140.6809788879,"15":139.0084643561,"16":136.6728389335,"17":137.3161287256,"18":136.178008295,"19":133.5751813532,"20":139.3350395921,"21":142.4128895919,"22":145.3621108747,"23":148.5983048927,"24":153.813850893,"25":152.9199981689,"26":151.5800018311,"27":152.7299957275,"28":153.5200042725,"29":153.4100036621,"30":149.7700042725,"31":149.6399993896,"32":150.3099975586,"33":149.5099945068,"34":148.8399963379,"35":145.3800048828,"36":141.2599945068,"37":139.6000061035,"38":133.0099945068,"39":126.3600006104,"40":127.9499969482,"41":127.8000030518,"42":129.0,"43":128.4499969482,"44":124.5199966431,"45":117.2799987793,"46":115.7600021362,"47":116.3799972534,"48":102.2799987793,"49":100.8099975586,"50":95.0,"51":97.0999984741,"52":99.4000015259,"53":98.2399978638,"54":94.7099990845,"55":90.5599975586,"56":99.2600021362,"57":102.8300018311,"58":105.5699996948,"59":107.6500015259,"60":107.8099975586,"61":110.1699981689,"62":104.5199966431,"63":105.1399993896,"64":104.9199981689,"65":110.1299972534,"66":114.8700027466,"67":115.0699996948,"68":120.1699981689,"69":118.0400009155,"70":122.6200027466,"71":116.7600021362,"72":114.4199981689,"73":117.9199981689,"74":118.1399993896,"75":112.0599975586,"76":117.5500030518,"77":119.1200027466,"78":120.7600021362,"79":125.5,"80":125.5},"Close":{"0":134.0205383301,"1":132.9516906738,"2":132.7141876221,"3":132.8032531738,"4":133.9116668701,"5":135.3269042969,"6":135.2774200439,"7":135.1883544922,"8":134.4164123535,"9":135.2081298828,"10":136.5540771484,"11":136.8806610107,"12":137.7317810059,"13":142.4029998779,"14":141.3935394287,"15":139.107421875,"16":137.1874542236,"17":138.1078643799,"18":136.267074585,"19":135.3565826416,"20":142.2446594238,"21":144.7584075928,"22":147.5690612793,"23":154.7144470215,"24":155.1399993896,"25":153.4100036621,"26":154.4299926758,"27":153.4799957275,"28":155.3099975586,"29":154.3099975586,"30":150.6999969482,"31":151.1000061035,"32":150.8600006104,"33":151.2200012207,"34":149.8399963379,"35":146.4299926758,"36":141.7100067139,"37":139.75,"38":133.1100006104,"39":130.1499938965,"40":134.3000030518,"41":128.8999938965,"42":134.2200012207,"43":129.5500030518,"44":127.7300033569,"45":117.8099975586,"46":124.7699966431,"47":117.9700012207,"48":102.8099975586,"49":107.9499969482,"50":99.0800018311,"51":106.6500015259,"52":103.5500030518,"53":100.3399963379,"54":95.3899993896,"55":94.7699966431,"56":105.4800033569,"57":105.8499984741,"58":112.8899993896,"59":108.0299987793,"60":112.9300003052,"61":110.9300003052,"62":105.1399993896,"63":110.0,"64":106.3399963379,"65":114.8199996948,"66":114.9400024414,"67":119.2900009155,"68":121.5,"69":121.1500015259,"70":123.9100036621,"71":118.6900024414,"72":115.7300033569,"73":120.1200027466,"74":120.4100036621,"75":116.7600021362,"76":119.3099975586,"77":121.3499984741,"78":124.7200012207,"79":126.1084976196,"80":126.1084976196},"Volume":{"0":3148600,"1":2373700,"2":2425500,"3":3090800,"4":4346000,"5":3730600,"6":3255400,"7":3531000,"8":3681000,"9":4045900,"10":4320900,"11":5623300,"12":7244100,"13":16470400,"14":5657800,"15":5580200,"16":4166600,"17":3451600,"18":3053800,"19":5057900,"20":18994600,"21":8887500,"22":5621000,"23":14386800,"24":8400500,"25":6423400,"26":5239800,"27":3835100,"28":4437800,"29":3820700,"30":6099200,"31":3343000,"32":2732900,"33":2880500,"34":3536900,"35":5452400,"36":6211500,"37":5407900,"38":8421100,"39":13012200,"40":8531400,"41":7896100,"42":4996400,"43":5446200,"44":8193300,"45":10757500,"46":11410700,"47":8446500,"48":12512700,"49":12502100,"50":10568000,"51":9258300,"52":8772500,"53":8396500,"54":10546500,"55":9729400,"56":7973900,"57":8654000,"58":7153500,"59":6423000,"60":5564500,"61":6343300,"62":6112900,"63":6328700,"64":4538800,"65":7034200,"66":5595300,"67":5158600,"68":5576800,"69":5119700,"70":5088700,"71":5637300,"72":6457600,"73":4966000,"74":8181700,"75":14349000,"76":7087900,"77":6881600,"78":4985900,"79":1775370,"80":1775370}}