{"Open":{"0":128.4386253068,"1":125.3715892973,"2":125.3616671622,"3":123.5750333402,"4":123.9125087861,"5":123.1383057505,"6":123.3765236109,"7":125.0638912668,"8":126.0862464068,"9":128.0515261113,"10":129.0838108791,"11":132.3791383625,"12":133.0342393291,"13":134.0863553405,"14":134.6024968685,"15":135.2774437596,"16":133.8779265033,"17":133.8679870652,"18":135.4958059587,"19":132.0416685132,"20":131.5850849586,"21":130.5031718206,"22":136.5975637643,"23":140.1211904793,"24":141.9475172709,"25":140.8556981332,"26":138.5330761321,"27":138.9003246958,"28":138.3742715464,"29":129.9870491249,"30":135.6943360162,"31":134.493311266,"32":133.9771795318,"33":132.577660075,"34":131.1681916245,"35":128.369157603,"36":127.4758355087,"37":124.9050743328,"38":120.6866548964,"39":118.1953098047,"40":119.475720218,"41":121.2027950639,"42":123.2871873975,"43":124.1010989785,"44":120.190368798,"45":115.8925390131,"46":115.624545899,"47":114.890046475,"48":103.3265995895,"49":104.1405068635,"50":99.5846068814,"51":103.2273433366,"52":102.7608343045,"53":106.6020849032,"54":107.3663556351,"55":101.2918292309,"56":97.7682020581,"57":98.8199996948,"58":105.8000030518,"59":109.7600021362,"60":110.9499969482,"61":106.0699996948,"62":98.1800003052,"63":99.0899963379,"64":99.5500030518,"65":104.3499984741,"66":111.5800018311,"67":114.5699996948,"68":120.8199996948,"69":124.9599990845,"70":123.5100021362,"71":119.5199966431,"72":118.0400009155,"73":122.5800018311,"74":123.2799987793,"75":117.3199996948,"76":124.5500030518,"77":125.5699996948,"78":124.3799972534,"79":125.8199996948,"80":125.8199996948},"High":{"0":128.5081125163,"1":126.8405971083,"2":125.9274320894,"3":125.6098059945,"4":124.6867202071,"5":123.7834781526,"6":125.7785425482,"7":126.5229712098,"8":128.7364081817,"9":129.5403819934,"10":132.3989930821,"11":134.0565851288,"12":135.0193805742,"13":135.7935779412,"14":135.9424732088,"15":136.2303182231,"16":134.5925785423,"17":134.8010058183,"18":136.3295767659,"19":132.1210759804,"20":132.021803278,"21":135.3370007034,"22":139.565355368,"23":142.5430651786,"24":142.8011286,"25":141.6596778997,"26":139.03928165,"27":139.4065302221,"28":139.9921513321,"29":135.9623130798,"30":136.5181563022,"31":134.7414539067,"32":135.7241135354,"33":134.681904865,"34":132.8357180178,"35":128.5478130413,"36":127.7140579062,"37":126.3542339992,"38":125.8778024353,"39":120.2201547536,"40":121.7884038517,"41":123.9224363537,"42":126.8604398714,"43":126.9001477241,"44":123.3864473012,"45":117.6791614514,"46":117.8776853788,"47":115.1778928565,"48":105.7286186623,"49":108.2100448608,"50":106.1554191935,"51":110.780806277,"52":108.6666339927,"53":111.108356376,"54":107.5648742907,"55":102.0561052342,"56":105.3613685041,"57":108.5999984741,"58":114.5500030518,"59":113.4000015259,"60":112.4499969482,"61":108.7300033569,"62":102.0999984741,"63":102.5800018311,"64":102.0800018311,"65":109.8899993896,"66":118.5299987793,"67":122.0100021362,"68":130.4700012207,"69":126.0199966431,"70":124.9899978638,"71":119.5299987793,"72":120.3700027466,"73":125.4499969482,"74":126.0299987793,"75":122.9700012207,"76":125.7900009155,"77":127.9899978638,"78":126.8700027466,"79":128.9100036621,"80":128.9100036621},"Low":{"0":125.8877268254,"1":124.815752188,"2":124.5874557495,"3":123.5750333402,"4":123.1680808438,"5":121.401307207,"6":123.0092697776,"7":123.9819929851,"8":125.6395926506,"9":127.6545039342,"10":128.8158125736,"11":131.8530771471,"12":132.5180983647,"13":133.6099257053,"14":132.8654983547,"15":134.1756897605,"16":132.7463966325,"17":132.716616722,"18":133.8382148888,"19":128.1904896568,"20":128.8455805501,"21":129.9274790835,"22":136.3791970165,"23":139.485945898,"24":141.0244338747,"25":138.6025586201,"26":137.7092407748,"27":136.8060002369,"28":136.9350471996,"29":127.5750947528,"30":134.6918299977,"31":131.7935181234,"32":133.0342404614,"33":130.9299892719,"34":130.3046600959,"35":124.3591714675,"36":121.0737657093,"37":121.9174424307,"38":120.1407456133,"39":114.4830902789,"40":118.076192103,"41":118.1853795687,"42":122.9993410286,"43":122.8008339359,"44":119.4856445897,"45":109.0438007346,"46":114.105914108,"47":109.043806271,"48":94.27436042,"49":99.525052,"50":97.2719156411,"51":99.5449072859,"52":97.6292460551,"53":102.8104654804,"54":100.1404431715,"55":91.4554512926,"56":97.381100138,"57":95.8199996948,"58":104.3799972534,"59":109.0400009155,"60":106.3000030518,"61":101.6900024414,"62":96.8000030518,"63":98.3199996948,"64":98.7200012207,"65":102.7200012207,"66":111.0400009155,"67":114.0400009155,"68":120.7200012207,"69":118.6500015259,"70":119.9100036621,"71":117.0599975586,"72":115.0800018311,"73":122.4800033569,"74":120.1399993896,"75":117.1399993896,"76":122.5,"77":122.7300033569,"78":122.4499969482,"79":125.9499969482,"80":125.9499969482},"Close":{"0":126.6023788452,"1":125.4112930298,"2":124.5874557495,"3":124.3790130615,"4":123.2177124023,"5":122.7214279175,"6":125.0539627075,"7":126.4137878418,"8":128.3393859863,"9":128.9746246338,"10":132.1409301758,"11":133.8779296875,"12":133.7985229492,"13":134.890335083,"14":135.0392303467,"15":134.7811584473,"16":132.9846038818,"17":134.4436798096,"18":134.046661377,"19":131.9821166992,"20":130.135925293,"21":134.8307800293,"22":138.9499664307,"23":141.6100463867,"24":141.1534729004,"25":138.9598846436,"26":138.0268554688,"27":136.9548797607,"28":138.3544158936,"29":135.724105835,"30":134.8605651855,"31":133.8382110596,"32":133.2625274658,"33":131.7041931152,"34":131.1979675293,"35":126.9597091675,"36":123.019203186,"37":122.5229110718,"38":121.3219070435,"39":118.8901062012,"40":121.6494445801,"41":121.4013061523,"42":126.8008880615,"43":123.9025878906,"44":121.8181915283,"45":111.8825531006,"46":117.6890945435,"47":110.4532546997,"48":99.1975097656,"49":108.2100448608,"50":100.7359848022,"51":108.666633606,"52":107.6045837402,"53":106.6219329834,"54":101.6491546631,"55":93.5795516968,"56":100.1999969482,"57":104.5699996948,"58":114.5500030518,"59":110.2200012207,"60":108.0100021362,"61":102.0800018311,"62":100.7300033569,"63":99.1800003052,"64":98.9000015259,"65":109.0,"66":114.0199966431,"67":121.25,"68":127.3700027466,"69":120.0699996948,"70":122.3700027466,"71":117.3799972534,"72":119.8899993896,"73":125.1200027466,"74":120.5500030518,"75":122.1699981689,"76":124.2799987793,"77":123.1600036621,"78":126.4899978638,"79":128.6199951172,"80":128.6199951172},"Volume":{"0":881200,"1":1072800,"2":1170300,"3":1244700,"4":756100,"5":1121500,"6":1004900,"7":839900,"8":1744400,"9":1051800,"10":819400,"11":929400,"12":912500,"13":707000,"14":952100,"15":687800,"16":889900,"17":752100,"18":710300,"19":1869000,"20":1367300,"21":1096500,"22":1171600,"23":1102200,"24":962200,"25":1152800,"26":964900,"27":941400,"28":1247900,"29":3177600,"30":1028400,"31":1072700,"32":887300,"33":1478700,"34":1632300,"35":1994900,"36":1963500,"37":1599000,"38":1533000,"39":2332500,"40":1295500,"41":1427000,"42":1422900,"43":1492500,"44":1635400,"45":2968100,"46":2707700,"47":2622200,"48":2699300,"49":1621100,"50":1836500,"51":2271500,"52":2105000,"53":1796500,"54":1538300,"55":2184700,"56":1647500,"57":2288400,"58":1104200,"59":1006800,"60":1099700,"61":1519200,"62":1363600,"63":1094000,"64":1234000,"65":1199200,"66":1629700,"67":1061800,"68":1543900,"69":833500,"70":639200,"71":739500,"72":848200,"73":761000,"74":937800,"75":710400,"76":652500,"77":629600,"78":567400,"79":157660,"80":157660}}