{"Open":{"0":329.049987793,"1":322.4899902344,"2":320.9700012207,"3":328.2099914551,"4":328.3200073242,"5":334.9899902344,"6":336.6099853516,"7":335.9100036621,"8":324.0799865723,"9":320.0,"10":323.4299926758,"11":327.7300109863,"12":323.2200012207,"13":328.7600097656,"14":330.3200073242,"15":327.7200012207,"16":314.6199951172,"17":315.4599914551,"18":315.0,"19":297.5,"20":296.2399902344,"21":293.1000061035,"22":297.7799987793,"23":300.2799987793,"24":302.75,"25":301.0,"26":294.3599853516,"27":296.8999938965,"28":297.6300048828,"29":292.6400146484,"30":292.9200134277,"31":299.0,"32":301.6799926758,"33":304.0,"34":300.0,"35":288.3399963379,"36":282.6499938965,"37":271.9599914551,"38":268.4899902344,"39":253.7400054932,"40":268.0199890137,"41":277.3999938965,"42":276.0,"43":273.950012207,"44":265.9599914551,"45":257.6400146484,"46":266.799987793,"47":261.4299926758,"48":229.8300018311,"49":232.5299987793,"50":210.3000030518,"51":214.8899993896,"52":214.4199981689,"53":208.1499938965,"54":232.2400054932,"55":239.6399993896,"56":247.5899963379,"57":251.1399993896,"58":252.1199951172,"59":264.5199890137,"60":266.7900085449,"61":271.3500061035,"62":265.9200134277,"63":254.3999938965,"64":270.3500061035,"65":271.4299926758,"66":284.6300048828,"67":281.6199951172,"68":281.5599975586,"69":281.9400024414,"70":292.5400085449,"71":290.3299865723,"72":300.6400146484,"73":309.5700073242,"74":312.6700134277,"75":311.0,"76":313.7399902344,"77":311.4299926758,"78":308.7399902344,"79":312.9289855957,"80":312.9289855957},"High":{"0":332.8500061035,"1":325.1400146484,"2":325.7099914551,"3":331.1700134277,"4":334.5,"5":336.9700012207,"6":339.6300048828,"7":337.8099975586,"8":325.4899902344,"9":322.1700134277,"10":326.450012207,"11":327.9299926758,"12":330.5299987793,"13":332.6199951172,"14":330.6099853516,"15":328.3099975586,"16":316.75,"17":316.6600036621,"18":316.5100097656,"19":315.2399902344,"20":296.8299865723,"21":296.1799926758,"22":298.9899902344,"23":302.5400085449,"24":302.9899902344,"25":301.3699951172,"26":295.5599975586,"27":298.7399902344,"28":298.2900085449,"29":293.6199951172,"30":300.0700073242,"31":300.0700073242,"32":305.450012207,"33":305.3900146484,"34":301.4299926758,"35":289.6700134277,"36":282.9899902344,"37":280.7799987793,"38":273.6400146484,"39":265.8800048828,"40":278.3900146484,"41":285.3399963379,"42":282.4200134277,"43":280.0199890137,"44":275.8200073242,"45":268.3800048828,"46":270.6900024414,"47":263.9299926758,"48":235.6000061035,"49":235.5,"50":228.5399932861,"51":232.4700012207,"52":224.9900054932,"53":229.8000030518,"54":252.9499969482,"55":250.0,"56":255.0,"57":259.2099914551,"58":276.6199951172,"59":270.4899902344,"60":277.3200073242,"61":276.0599975586,"62":270.0,"63":273.8399963379,"64":274.3299865723,"65":279.1000061035,"66":286.6300048828,"67":283.4100036621,"68":287.7600097656,"69":289.8699951172,"70":299.7099914551,"71":295.8999938965,"72":304.2399902344,"73":317.2099914551,"74":324.950012207,"75":314.9800109863,"76":314.9299926758,"77":321.3299865723,"78":311.1199951172,"79":317.3599853516,"80":317.3599853516},"Low":{"0":323.2900085449,"1":321.0100097656,"2":318.7699890137,"3":326.1099853516,"4":326.7399902344,"5":332.6400146484,"6":333.6600036621,"7":312.8299865723,"8":317.0199890137,"9":318.0199890137,"10":321.5899963379,"11":320.4599914551,"12":322.1300048828,"13":328.1799926758,"14":326.6600036621,"15":318.2799987793,"16":311.4599914551,"17":312.4200134277,"18":312.1099853516,"19":295.25,"20":288.8599853516,"21":292.1300048828,"22":295.7900085449,"23":297.6099853516,"24":299.8099975586,"25":293.8099975586,"26":293.5,"27":295.0899963379,"28":291.5299987793,"29":290.5599975586,"30":292.0899963379,"31":296.9100036621,"32":300.5,"33":297.7300109863,"34":294.7900085449,"35":279.0,"36":269.0400085449,"37":271.049987793,"38":258.9700012207,"39":252.4299926758,"40":265.3500061035,"41":270.7200012207,"42":273.1000061035,"43":272.3699951172,"44":265.9599914551,"45":255.3600006104,"46":257.2300109863,"47":241.4700012207,"48":222.3200073242,"49":211.2400054932,"50":205.7799987793,"51":207.4900054932,"52":196.7799987793,"53":199.0,"54":229.0,"55":234.5399932861,"56":243.8699951172,"57":247.3099975586,"58":250.4299926758,"59":259.7099914551,"60":266.0400085449,"61":267.8999938965,"62":251.1399993896,"63":254.1600036621,"64":259.450012207,"65":269.5,"66":280.3999938965,"67":276.1700134277,"68":279.4599914551,"69":281.5,"70":292.0799865723,"71":288.2600097656,"72":294.0400085449,"73":306.4200134277,"74":309.0100097656,"75":307.799987793,"76":309.0100097656,"77":311.4299926758,"78":305.7900085449,"79":311.8949890137,"80":311.8949890137},"Close":{"0":327.0,"1":322.7300109863,"2":325.5299987793,"3":329.6900024414,"4":332.1600036621,"5":334.6000061035,"6":335.5299987793,"7":323.1499938965,"8":317.1099853516,"9":320.3900146484,"10":325.9599914551,"11":324.7200012207,"12":328.3299865723,"13":330.950012207,"14":327.0,"15":319.5799865723,"16":313.9200134277,"17":314.2799987793,"18":313.299987793,"19":296.0,"20":290.0700073242,"21":293.4100036621,"22":296.0,"23":300.3500061035,"24":301.2300109863,"25":294.299987793,"26":294.4100036621,"27":296.0,"28":293.2799987793,"29":291.3800048828,"30":298.9200134277,"31":299.9200134277,"32":303.200012207,"33":300.4599914551,"34":295.9400024414,"35":281.1199951172,"36":269.950012207,"37":274.700012207,"38":259.9299926758,"39":265.6700134277,"40":278.2799987793,"41":273.0,"42":282.1300048828,"43":276.0199890137,"44":274.4200134277,"45":259.799987793,"46":268.1499938965,"47":246.0099945068,"48":223.2799987793,"49":233.3300018311,"50":211.0200042725,"51":225.7599945068,"52":209.1999969482,"53":224.8000030518,"54":242.0,"55":237.7599945068,"56":254.1799926758,"57":248.3200073242,"58":274.4200134277,"59":269.049987793,"60":276.2300109863,"61":273.1199951172,"62":256.4599914551,"63":272.9899902344,"64":263.5,"65":278.0100097656,"66":280.6400146484,"67":280.9899902344,"68":287.6199951172,"69":289.450012207,"70":297.8800048828,"71":294.2900085449,"72":303.5,"73":316.3599853516,"74":322.8800048828,"75":310.3999938965,"76":311.5599975586,"77":312.7099914551,"78":309.0700073242,"79":317.3599853516,"80":317.3599853516},"Volume":{"0":813900,"1":1346100,"2":760800,"3":789100,"4":679700,"5":879700,"6":951500,"7":2338800,"8":2174200,"9":1178500,"10":722700,"11":1122800,"12":1289500,"13":826100,"14":944400,"15":1070000,"16":859100,"17":1129200,"18":1251700,"19":3328100,"20":1460500,"21":1040000,"22":1110000,"23":1839700,"24":706500,"25":1125300,"26":1219500,"27":3528500,"28":1871800,"29":2215300,"30":1494500,"31":813600,"32":1339000,"33":698100,"34":722400,"35":1443900,"36":1604900,"37":1423800,"38":2319000,"39":2678200,"40":1768200,"41":1353700,"42":956000,"43":1079400,"44":1117600,"45":1678600,"46":1466500,"47":1860200,"48":2318800,"49":2480900,"50":1908100,"51":1701200,"52":1885500,"53":1738300,"54":3159500,"55":2088000,"56":1758600,"57":1722500,"58":1792100,"59":1360700,"60":1717300,"61":1686200,"62":1915300,"63":1258600,"64":871800,"65":1418700,"66":1505400,"67":1430400,"68":1201200,"69":1119200,"70":1133300,"71":1113100,"72":946400,"73":1277900,"74":1678400,"75":1285000,"76":1030300,"77":850800,"78":978800,"79":279202,"80":279202}}