{"Open":{"0":86.9100036621,"1":76.1500015259,"2":77.2699966431,"3":77.2799987793,"4":77.2900009155,"5":76.5,"6":77.6999969482,"7":76.5800018311,"8":77.3799972534,"9":81.1200027466,"10":81.0800018311,"11":80.9800033569,"12":80.1699981689,"13":78.8300018311,"14":78.5699996948,"15":78.1500015259,"16":75.6800003052,"17":79.0,"18":76.0899963379,"19":74.5500030518,"20":72.5500030518,"21":73.9499969482,"22":73.7300033569,"23":74.5599975586,"24":76.1900024414,"25":75.6600036621,"26":73.6600036621,"27":75.2799987793,"28":76.4000015259,"29":77.5999984741,"30":78.0100021362,"31":79.0,"32":79.6900024414,"33":82.0,"34":82.2799987793,"35":79.8799972534,"36":79.0599975586,"37":78.0599975586,"38":76.9499969482,"39":73.6900024414,"40":75.7300033569,"41":78.5500030518,"42":79.1500015259,"43":78.3499984741,"44":75.1800003052,"45":72.4700012207,"46":72.6900024414,"47":72.1800003052,"48":68.1500015259,"49":69.5500030518,"50":67.9499969482,"51":73.1100006104,"52":67.9000015259,"53":66.3000030518,"54":67.2600021362,"55":67.6999969482,"56":65.3899993896,"57":66.75,"58":68.6999969482,"59":71.1999969482,"60":70.1999969482,"61":71.4400024414,"62":72.0500030518,"63":73.5100021362,"64":77.5899963379,"65":80.5500030518,"66":86.2099990845,"67":86.7399978638,"68":87.3399963379,"69":85.6800003052,"70":88.2399978638,"71":89.2200012207,"72":91.9899978638,"73":97.8300018311,"74":99.8000030518,"75":99.5,"76":100.2900009155,"77":101.4100036621,"78":102.7399978638,"79":104.0,"80":104.0},"High":{"0":87.9700012207,"1":78.0999984741,"2":77.4300003052,"3":77.6200027466,"4":77.4499969482,"5":78.6900024414,"6":78.25,"7":77.9199981689,"8":81.6399993896,"9":82.3799972534,"10":81.5699996948,"11":81.1100006104,"12":80.2600021362,"13":79.5299987793,"14":78.9300003052,"15":78.7600021362,"16":76.4300003052,"17":79.0599975586,"18":76.3499984741,"19":74.5500030518,"20":73.5999984741,"21":74.0999984741,"22":74.5199966431,"23":77.3300018311,"24":76.1900024414,"25":75.7399978638,"26":75.2600021362,"27":76.7799987793,"28":77.1600036621,"29":78.4400024414,"30":78.4599990845,"31":79.3300018311,"32":82.5899963379,"33":83.1200027466,"34":82.7399978638,"35":80.3099975586,"36":79.6900024414,"37":79.2200012207,"38":78.3799972534,"39":76.4400024414,"40":79.0999984741,"41":79.7699966431,"42":80.2399978638,"43":80.1500015259,"44":76.9000015259,"45":73.4899978638,"46":74.3199996948,"47":73.8899993896,"48":71.5400009155,"49":74.0,"50":75.3399963379,"51":76.4800033569,"52":72.8700027466,"53":67.8099975586,"54":72.4199981689,"55":68.5999984741,"56":68.0299987793,"57":71.4800033569,"58":73.2799987793,"59":72.1600036621,"60":72.5299987793,"61":73.8899993896,"62":74.8399963379,"63":77.4199981689,"64":79.4899978638,"65":85.25,"66":87.8499984741,"67":88.5899963379,"68":87.9899978638,"69":88.2399978638,"70":91.7399978638,"71":91.7900009155,"72":96.1399993896,"73":100.2699966431,"74":102.4199981689,"75":100.75,"76":101.9899978638,"77":104.1999969482,"78":103.9599990845,"79":104.8099975586,"80":104.8099975586},"Low":{"0":85.3600006104,"1":75.1600036621,"2":75.5199966431,"3":76.1600036621,"4":76.0800018311,"5":76.5,"6":76.3199996948,"7":75.8099975586,"8":77.0999984741,"9":80.2900009155,"10":80.2900009155,"11":80.0500030518,"12":78.4599990845,"13":78.2200012207,"14":77.4499969482,"15":75.8300018311,"16":75.2399978638,"17":75.3700027466,"18":74.8199996948,"19":72.9700012207,"20":71.8399963379,"21":72.5699996948,"22":73.0,"23":74.5,"24":74.6600036621,"25":74.0800018311,"26":73.5100021362,"27":75.1600036621,"28":75.25,"29":75.0100021362,"30":77.4499969482,"31":78.1299972534,"32":79.6399993896,"33":80.9300003052,"34":80.3799972534,"35":77.4199981689,"36":76.7699966431,"37":76.9700012207,"38":75.6399993896,"39":73.5,"40":75.3499984741,"41":76.6299972534,"42":77.8499984741,"43":78.0,"44":74.8199996948,"45":71.0199966431,"46":70.2699966431,"47":70.9700012207,"48":67.9300003052,"49":69.5500030518,"50":67.1299972534,"51":69.8600006104,"52":63.3499984741,"53":63.9500007629,"54":66.5100021362,"55":62.4799995422,"56":63.2900009155,"57":65.7099990845,"58":68.6999969482,"59":68.5500030518,"60":69.25,"61":70.5199966431,"62":71.5299987793,"63":73.5100021362,"64":77.2399978638,"65":80.25,"66":85.1299972534,"67":85.9499969482,"68":85.1699981689,"69":85.6800003052,"70":88.2399978638,"71":88.9300003052,"72":91.4300003052,"73":96.1600036621,"74":99.3000030518,"75":97.9000015259,"76":99.5599975586,"77":100.5500030518,"78":101.6100006104,"79":103.4499969482,"80":103.4499969482},"Close":{"0":85.9700012207,"1":77.9000015259,"2":77.3399963379,"3":77.1399993896,"4":76.5299987793,"5":77.9499969482,"6":76.4700012207,"7":77.0999984741,"8":81.4700012207,"9":80.5400009155,"10":80.6200027466,"11":80.5,"12":78.6500015259,"13":78.4800033569,"14":78.2399978638,"15":76.7399978638,"16":76.0699996948,"17":76.4599990845,"18":74.9899978638,"19":73.1399993896,"20":73.0699996948,"21":72.9400024414,"22":73.8799972534,"23":76.0,"24":75.8099975586,"25":74.1399993896,"26":75.1100006104,"27":76.1399993896,"28":75.8300018311,"29":78.0500030518,"30":78.4499969482,"31":79.3000030518,"32":82.4199981689,"33":82.7699966431,"34":80.8899993896,"35":78.8700027466,"36":77.3199996948,"37":77.9700012207,"38":75.8399963379,"39":75.4100036621,"40":79.0599975586,"41":77.8000030518,"42":80.1600036621,"43":78.6100006104,"44":76.0400009155,"45":71.0899963379,"46":74.3099975586,"47":71.9000015259,"48":68.0199966431,"49":73.8399963379,"50":71.5999984741,"51":70.3700027466,"52":66.9000015259,"53":66.5100021362,"54":66.9599990845,"55":63.1800003052,"56":67.4300003052,"57":69.5899963379,"58":73.0500030518,"59":68.9599990845,"60":72.1699981689,"61":73.2300033569,"62":74.1800003052,"63":77.0699996948,"64":78.5899963379,"65":85.1100006104,"66":86.6600036621,"67":87.75,"68":86.8099975586,"69":88.0100021362,"70":91.2799987793,"71":90.9499969482,"72":95.6600036621,"73":100.0,"74":101.1900024414,"75":99.4599990845,"76":100.9700012207,"77":101.9000015259,"78":103.4800033569,"79":103.8300018311,"80":103.8300018311},"Volume":{"0":1679600,"1":5529300,"2":2817200,"3":1536000,"4":1698500,"5":1977600,"6":1204000,"7":1938100,"8":2830600,"9":1105100,"10":1343500,"11":1418500,"12":1228500,"13":845400,"14":1167100,"15":1299000,"16":1097500,"17":2016300,"18":1270200,"19":1482000,"20":1480100,"21":1258200,"22":1066800,"23":1384700,"24":906800,"25":843100,"26":849700,"27":985500,"28":2120000,"29":2227400,"30":1370200,"31":1209900,"32":1895400,"33":2653300,"34":1414000,"35":1366400,"36":2174600,"37":1442300,"38":1641700,"39":2525500,"40":2261300,"41":1939400,"42":2043800,"43":1430200,"44":1800100,"45":2063100,"46":2933100,"47":2347100,"48":4007600,"49":3552500,"50":3589000,"51":3429600,"52":2667800,"53":2650700,"54":2726500,"55":2447200,"56":2794000,"57":2500100,"58":1855700,"59":1463900,"60":2023200,"61":1695300,"62":1966300,"63":1513500,"64":2222200,"65":3234100,"66":2971500,"67":2086000,"68":1810500,"69":1452100,"70":1937700,"71":1642200,"72":3501100,"73":3859300,"74":2422600,"75":2620700,"76":1612300,"77":1262700,"78":1535500,"79":496395,"80":496395}}