{"Open":{"0":59.9447928886,"1":59.5169011785,"2":59.2979766112,"3":59.4870455001,"4":58.6014090471,"5":58.7606245398,"6":59.2780749207,"7":58.880033697,"8":59.1984707641,"9":59.0093976092,"10":58.9695925159,"11":59.6860650349,"12":59.5169015177,"13":60.7408716362,"14":62.5519559108,"15":66.2437699788,"16":66.393039026,"17":66.1741125714,"18":67.2985762683,"19":65.3183298236,"20":65.4775494412,"21":64.1441139738,"22":65.4476919833,"23":66.3631859265,"24":67.3000030518,"25":66.8600006104,"26":65.5599975586,"27":66.8300018311,"28":67.5999984741,"29":66.9899978638,"30":67.5199966431,"31":66.6600036621,"32":66.3899993896,"33":67.0400009155,"34":65.1800003052,"35":61.6100006104,"36":61.9900016785,"37":60.1100006104,"38":57.9300003052,"39":54.2999992371,"40":55.7900009155,"41":58.0299987793,"42":57.0099983215,"43":57.0600013733,"44":55.1800003052,"45":51.9199981689,"46":52.7599983215,"47":52.3899993896,"48":47.9900016785,"49":48.2599983215,"50":47.5099983215,"51":45.7599983215,"52":46.7099990845,"53":47.8400001526,"54":46.5099983215,"55":46.0200004578,"56":53.1399993896,"57":52.4799995422,"58":51.7400016785,"59":53.4199981689,"60":52.9900016785,"61":55.0600013733,"62":52.5,"63":51.2900009155,"64":53.8499984741,"65":56.6300010681,"66":59.9399986267,"67":58.9900016785,"68":59.3600006104,"69":56.5699996948,"70":60.0400009155,"71":59.7400016785,"72":59.6100006104,"73":62.0200004578,"74":59.2799987793,"75":58.1100006104,"76":58.2700004578,"77":59.6699981689,"78":56.2000007629,"79":59.7200012207,"80":59.7200012207},"High":{"0":60.6712150358,"1":60.4025391071,"2":59.9049878855,"3":59.5069479452,"4":59.0293021365,"5":59.2183693974,"6":59.7855777744,"7":59.4870449799,"8":59.4472456385,"9":59.3576847001,"10":59.5467520266,"11":59.7059674796,"12":60.9498434084,"13":62.5419992201,"14":63.3977889773,"15":68.9504416933,"16":67.0896056305,"17":67.2488217856,"18":67.7264693558,"19":66.1741159911,"20":65.656667653,"21":64.7212735159,"22":65.7362717546,"23":67.2687224942,"24":67.4000015259,"25":67.3000030518,"26":66.4000015259,"27":67.7099990845,"28":68.0899963379,"29":67.6500015259,"30":67.8600006104,"31":66.6900024414,"32":67.1999969482,"33":67.2900009155,"34":65.25,"35":62.7700004578,"36":62.2799987793,"37":60.8199996948,"38":58.5099983215,"39":56.3800010681,"40":58.2200012207,"41":59.0200004578,"42":58.7099990845,"43":58.6599998474,"44":56.0099983215,"45":52.7099990845,"46":54.0,"47":53.5400009155,"48":50.0900001526,"49":55.0,"50":52.25,"51":51.6300010681,"52":50.0499992371,"53":49.2299995422,"54":49.4199981689,"55":50.4900016785,"56":54.6399993896,"57":53.7900009155,"58":55.9500007629,"59":54.6399993896,"60":56.0999984741,"61":55.7999992371,"62":54.6899986267,"63":54.5600013733,"64":55.1300010681,"65":58.7700004578,"66":61.4900016785,"67":59.5099983215,"68":59.7200012207,"69":58.7700004578,"70":60.9000015259,"71":59.8300018311,"72":60.9599990845,"73":62.1300010681,"74":60.0400009155,"75":58.5999984741,"76":60.5,"77":60.0999984741,"78":59.4000015259,"79":59.8100013733,"80":59.8100013733},"Low":{"0":59.924890444,"1":59.5169011785,"2":59.0392524234,"3":58.6014075733,"4":58.2332232944,"5":58.5417052317,"6":58.5815045349,"7":58.7904783891,"8":58.8999378781,"9":58.4620936618,"10":58.7805249845,"11":58.9496935617,"12":59.4969990725,"13":60.6712149781,"14":62.5022016944,"15":66.1343084321,"16":65.2785248668,"17":65.616859316,"18":65.8457319133,"19":64.6118100977,"20":63.3579826698,"21":63.9849019988,"22":64.601858911,"23":65.805925062,"24":66.7699966431,"25":66.0100021362,"26":65.4400024414,"27":66.5699996948,"28":67.3099975586,"29":66.7399978638,"30":66.8199996948,"31":65.8799972534,"32":66.1800003052,"33":64.5599975586,"34":64.0400009155,"35":61.3199996948,"36":59.4599990845,"37":59.2700004578,"38":55.7999992371,"39":53.5999984741,"40":54.5200004578,"41":55.4000015259,"42":56.1599998474,"43":56.6100006104,"44":54.5400009155,"45":50.0,"46":50.4300003052,"47":51.0099983215,"48":45.3699989319,"49":47.7400016785,"50":43.6300010681,"51":45.2000007629,"52":45.2000007629,"53":45.1599998474,"54":45.4700012207,"55":45.9099998474,"56":51.3499984741,"57":49.9099998474,"58":51.6599998474,"59":52.0699996948,"60":52.8300018311,"61":53.2200012207,"62":51.4300003052,"63":51.2200012207,"64":52.7299995422,"65":56.1199989319,"66":58.2099990845,"67":57.9099998474,"68":56.0600013733,"69":56.5699996948,"70":59.5099983215,"71":58.3899993896,"72":58.8100013733,"73":59.8300018311,"74":58.8899993896,"75":55.9300003052,"76":57.8100013733,"77":58.8100013733,"78":56.0999984741,"79":58.3899993896,"80":58.3899993896},"Close":{"0":60.5418510437,"1":59.8054771423,"2":59.6363105774,"3":58.6412124634,"4":58.6810188293,"5":59.0093994141,"6":58.6511611938,"7":59.2979774475,"8":59.1387634277,"9":58.6511611938,"10":59.3676338196,"11":59.307926178,"12":60.2532730103,"13":62.4225883484,"14":63.0097007751,"15":68.1344604492,"16":65.3680877686,"17":66.980140686,"18":66.0049514771,"19":66.1442642212,"20":63.6167106628,"21":64.104309082,"22":65.139213562,"23":67.0099945068,"24":67.0899963379,"25":66.0199966431,"26":66.3899993896,"27":67.4100036621,"28":67.4599990845,"29":67.4400024414,"30":67.2699966431,"31":66.1399993896,"32":67.1100006104,"33":65.4499969482,"34":64.3399963379,"35":61.7599983215,"36":59.7299995422,"37":59.6500015259,"38":55.8300018311,"39":55.5200004578,"40":58.1800003052,"41":55.9700012207,"42":58.6800003052,"43":56.9599990845,"44":55.7700004578,"45":50.8499984741,"46":53.9799995422,"47":51.6599998474,"48":45.5400009155,"49":54.4300003052,"50":44.6100006104,"51":50.0800018311,"52":47.6100006104,"53":45.9399986267,"54":45.8300018311,"55":49.5800018311,"56":52.4000015259,"57":51.2599983215,"58":55.5400009155,"59":52.3699989319,"60":55.4900016785,"61":54.1199989319,"62":51.8800010681,"63":54.3499984741,"64":54.1300010681,"65":58.4300003052,"66":58.4000015259,"67":58.9799995422,"68":57.1399993896,"69":58.7000007629,"70":60.6599998474,"71":58.8699989319,"72":60.7900009155,"73":60.3600006104,"74":59.1800003052,"75":56.3600006104,"76":60.0999984741,"77":59.0400009155,"78":59.2599983215,"79":58.8800010681,"80":58.8800010681},"Volume":{"0":18056000,"1":15293900,"2":17755200,"3":21876100,"4":23133500,"5":18813300,"6":15200600,"7":16453300,"8":17051200,"9":18498800,"10":21365500,"11":21803400,"12":28358500,"13":29475100,"14":42778700,"15":84711000,"16":30764000,"17":30915400,"18":18055800,"19":18522400,"20":25268400,"21":16654600,"22":20970800,"23":23401400,"24":17408000,"25":18134600,"26":22299300,"27":17975600,"28":15586600,"29":11602700,"30":13405500,"31":12758400,"32":13551200,"33":26452600,"34":20775900,"35":26903100,"36":34495700,"37":26190100,"38":42226900,"39":60728000,"40":43140300,"41":49740300,"42":29223100,"43":29099200,"44":36259200,"45":56197000,"46":36569000,"47":38563500,"48":50661700,"49":48805100,"50":53878900,"51":52085200,"52":49309900,"53":44538000,"54":52344000,"55":46698500,"56":50019800,"57":41106100,"58":41459800,"59":31633500,"60":31628600,"61":48074700,"62":29586600,"63":27810000,"64":23906100,"65":32323400,"66":41410000,"67":26719500,"68":40515400,"69":23251900,"70":25674000,"71":22841600,"72":24433500,"73":27385600,"74":26420300,"75":25248000,"76":23443700,"77":35092000,"78":50187000,"79":10271569,"80":10271569}}