{"Open":{"0":260.0113630289,"1":260.5391702027,"2":260.8180615059,"3":265.7179076648,"4":266.9030313143,"5":273.4095018352,"6":275.8941478605,"7":275.7344825056,"8":275.0360008939,"9":273.2299223287,"10":274.048140769,"11":277.889828215,"12":281.2026666349,"13":285.5133686636,"14":289.1056148481,"15":289.3750432345,"16":280.8734132208,"17":283.7970829411,"18":288.7164455822,"19":283.5775545065,"20":285.1840591197,"21":282.9588812907,"22":286.5411536231,"23":298.1760169979,"24":291.2210587544,"25":292.5382004106,"26":294.414122448,"27":299.2536791599,"28":296.3599401522,"29":296.6493176052,"30":297.9165843289,"31":303.2949879593,"32":304.8416371686,"33":303.7340256109,"34":299.9521797332,"35":287.8183916603,"36":296.9087408676,"37":285.6630518538,"38":273.6689546416,"39":259.060484488,"40":266.1452061986,"41":280.3545155658,"42":273.6290314398,"43":275.544910224,"44":275.8542459727,"45":257.7034514311,"46":269.5278693525,"47":263.35123492,"48":244.561816167,"49":249.4612260298,"50":231.5000247222,"51":228.0175408605,"52":225.5528564912,"53":223.8764915187,"54":217.2607691322,"55":201.9039428852,"56":205.7157210287,"57":229.2848122128,"58":234.0445353964,"59":239.4827862473,"60":236.4792741209,"61":235.7807713953,"62":223.5671612573,"63":215.6342935892,"64":223.3675974082,"65":231.2306053073,"66":247.0863633621,"67":240.9396411114,"68":246.8099975586,"69":250.7100067139,"70":257.1799926758,"71":256.950012207,"72":256.1499938965,"73":264.7300109863,"74":260.4899902344,"75":259.4800109863,"76":254.9100036621,"77":263.0299987793,"78":260.1799926758,"79":267.4299926758,"80":267.4299926758},"High":{"0":265.5087886306,"1":264.2837895947,"2":265.5386502849,"3":266.4249930275,"4":273.6453096341,"5":276.6724436864,"6":275.9041360548,"7":277.2512263236,"8":275.7145281328,"9":275.4850312977,"10":276.2932918171,"11":282.390118649,"12":284.6452436938,"13":290.8618027586,"14":292.0492390423,"15":292.3685781645,"16":285.3637155874,"17":287.9081992202,"18":289.1155774599,"19":286.2218374938,"20":285.8626167924,"21":285.1541217662,"22":292.1689831908,"23":298.1760169979,"24":293.6956947753,"25":295.1325727686,"26":297.3777229877,"27":299.3135474177,"28":298.2259052735,"29":299.9022712584,"30":303.7839174776,"31":304.1730659451,"32":306.2286562885,"33":305.5301342613,"34":303.3348580721,"35":292.0692207715,"36":300.9899533481,"37":290.3030247937,"38":277.9896097012,"39":265.5464762484,"40":280.7237062966,"41":284.0465541529,"42":285.9025116073,"43":289.5945532681,"44":281.2026802367,"45":268.6498119588,"46":269.5278693525,"47":265.7161224205,"48":257.4240522433,"49":260.8366518464,"50":244.4620358981,"51":240.2611024893,"52":231.7694412359,"53":224.5051387037,"54":218.7575365051,"55":201.9039428852,"56":235.0523568224,"57":240.2211996033,"58":249.1319461248,"59":247.0065304158,"60":239.921836065,"61":237.9061859648,"62":228.3568200017,"63":227.8479056817,"64":224.7346401128,"65":241.169147679,"66":248.4434331125,"67":247.3258425098,"68":254.9400024414,"69":252.7700042725,"70":262.3500061035,"71":257.4700012207,"72":259.4700012207,"73":267.3299865723,"74":267.9200134277,"75":260.8800048828,"76":265.9100036621,"77":267.799987793,"78":264.8399963379,"79":270.9100036621,"80":270.9100036621},"Low":{"0":260.0113630289,"1":260.3698830622,"2":260.6985271531,"3":264.2638921549,"4":265.7079309573,"5":272.9804358379,"6":273.2398765683,"7":274.2377150759,"8":271.5036213413,"9":272.0225079661,"10":272.7209899853,"11":275.7544558736,"12":280.9332594767,"13":285.2639074364,"14":287.7385417508,"15":286.640957743,"16":280.4044248667,"17":282.3302496618,"18":283.2782090377,"19":281.8413140642,"20":279.1471096791,"21":280.8634009422,"22":283.8370023905,"23":286.0022971731,"24":289.1854465019,"25":290.4726541756,"26":293.4561998806,"27":295.8610125932,"28":293.9950525728,"29":296.2102634149,"30":296.8189487991,"31":301.3691240419,"32":303.7440016155,"33":296.8488713967,"34":294.7334400009,"35":277.4108764351,"36":282.9588885113,"37":278.0694663803,"38":267.8215676366,"39":255.0391708146,"40":263.1616595436,"41":263.6106781084,"42":269.9369931056,"43":274.5470653061,"44":267.5621569536,"45":249.4612422428,"46":257.41404819,"47":255.5281042397,"48":235.4515020889,"49":234.493552468,"50":221.900761328,"51":215.7141109716,"52":214.6065118493,"53":210.0663211927,"54":198.9602970409,"55":187.2755323106,"56":203.8996358894,"57":223.0582542212,"58":228.0175433892,"59":226.1914843021,"60":232.7273674605,"61":229.1251475511,"62":215.6043629205,"63":215.0854758373,"64":216.3327874888,"65":226.6804347851,"66":238.5049058681,"67":239.8619667705,"68":245.8699951172,"69":244.5599975586,"70":252.6600036621,"71":250.7299957275,"72":251.8399963379,"73":259.0100097656,"74":260.3299865723,"75":246.4199981689,"76":252.0099945068,"77":256.9800109863,"78":256.5799865723,"79":265.6499938965,"80":265.6499938965},"Close":{"0":265.0705871582,"1":263.2978515625,"2":265.3195495605,"3":265.3793029785,"4":271.7630615234,"5":274.3075561523,"6":274.656829834,"7":275.4451293945,"8":272.0923461914,"9":272.4116821289,"10":276.2733154297,"11":282.240447998,"12":284.3957824707,"13":289.6544189453,"14":287.9580688477,"15":287.4591674805,"16":283.1484985352,"17":287.5390014648,"18":285.3038330078,"19":286.012298584,"20":279.7757568359,"21":282.1905212402,"22":290.2930603027,"23":289.1854248047,"24":293.575958252,"25":294.0748596191,"26":297.0983276367,"27":296.2801208496,"28":298.0063781738,"29":297.1981201172,"30":303.6342468262,"31":302.915802002,"32":304.951385498,"33":300.5907897949,"34":296.9287109375,"35":285.812713623,"36":284.1862182617,"37":279.4863891602,"38":268.1907653809,"39":265.2770690918,"40":280.5740356445,"41":267.6619262695,"42":284.9346008301,"43":286.5610961914,"44":275.5848083496,"45":259.4796142578,"46":269.0788574219,"47":260.5572509766,"48":237.427230835,"49":260.6869812012,"50":222.9484863281,"51":238.6545715332,"52":224.5849609375,"53":215.4247436523,"54":201.4050140381,"55":194.3003692627,"56":233.316116333,"57":232.0787811279,"58":247.8547058105,"59":229.1950073242,"60":237.5369873047,"61":229.5043334961,"62":217.6499328613,"63":224.7346343994,"64":217.9193572998,"65":239.6025238037,"66":239.2433013916,"67":245.3999938965,"68":252.1000061035,"69":250.0899963379,"70":261.3200073242,"71":251.9600067139,"72":257.4400024414,"73":265.3599853516,"74":264.0,"75":249.1499938965,"76":263.8500061035,"77":258.0599975586,"78":263.6600036621,"79":269.825012207,"80":269.825012207},"Volume":{"0":1124500,"1":798500,"2":1026100,"3":915100,"4":1373900,"5":1076300,"6":1127400,"7":1697600,"8":1216400,"9":1147300,"10":834700,"11":2172700,"12":1636000,"13":2611200,"14":1659500,"15":1089900,"16":881200,"17":840900,"18":858100,"19":785000,"20":1268800,"21":1042000,"22":1345700,"23":1060700,"24":1000700,"25":921600,"26":1139800,"27":903500,"28":792300,"29":721200,"30":855300,"31":888200,"32":791600,"33":900900,"34":1173200,"35":1996800,"36":3430400,"37":2449200,"38":2246700,"39":2899400,"40":2520500,"41":2015100,"42":2551100,"43":2418800,"44":1913900,"45":2138600,"46":2541500,"47":1848500,"48":3430300,"49":2399200,"50":2642500,"51":2901100,"52":2103300,"53":2340900,"54":3858400,"55":3415600,"56":3329600,"57":2505000,"58":2245400,"59":2143700,"60":1321100,"61":1698100,"62":1646700,"63":1584400,"64":1553400,"65":2535600,"66":1466200,"67":1223200,"68":1646900,"69":1298900,"70":1817900,"71":1198400,"72":1087700,"73":1423600,"74":1297300,"75":1525800,"76":1258600,"77":1309200,"78":1069900,"79":289309,"80":289309}}