{"Open":{"0":22.9978059196,"1":22.1478642892,"2":22.3158768658,"3":22.6123662467,"4":22.7507298609,"5":22.8890914917,"6":22.8693263148,"7":22.8693260244,"8":23.0373372388,"9":23.333828374,"10":23.590787389,"11":23.5413719074,"12":23.7587992038,"13":23.8477457976,"14":23.2942963146,"15":23.3733599631,"16":22.8199106009,"17":22.9978059496,"18":22.9780397022,"19":22.582718759,"20":22.9286244096,"21":22.5629527464,"22":22.7803785757,"23":22.770495818,"24":23.383244094,"25":22.8199114077,"26":22.7111966955,"27":22.9780387878,"28":23.7192669856,"29":24.6680360308,"30":24.8063990992,"31":24.1145878781,"32":24.6482708587,"33":24.6186211728,"34":24.5000258543,"35":23.6698519076,"36":23.7390337867,"37":22.9879229841,"38":22.2170462754,"39":20.8999996185,"40":21.3600006104,"41":21.5499992371,"42":21.5499992371,"43":20.9799995422,"44":19.9500007629,"45":18.6200008392,"46":18.7999992371,"47":18.2099990845,"48":16.8600006104,"49":16.2399997711,"50":14.8500003815,"51":15.470000267,"52":14.5200004578,"53":14.5100002289,"54":14.25,"55":12.3999996185,"56":13.6599998474,"57":14.8400001526,"58":15.3000001907,"59":15.8800001144,"60":15.0500001907,"61":16.2399997711,"62":15.25,"63":14.3199996948,"64":14.2399997711,"65":14.3199996948,"66":16.2099990845,"67":15.5500001907,"68":16.2700004578,"69":15.9799995422,"70":16.4500007629,"71":15.3299999237,"72":14.7399997711,"73":15.0900001526,"74":14.6999998093,"75":14.2100000381,"76":14.4200000763,"77":14.1800003052,"78":14.779999733,"79":14.8299999237,"80":14.8299999237},"High":{"0":23.0867533198,"1":22.513537133,"2":22.6815497265,"3":22.7507299145,"4":22.8890916433,"5":22.8890914917,"6":23.0669876299,"7":23.1262849767,"8":23.4030100962,"9":23.6599682039,"10":23.7587989313,"11":23.8675117493,"12":23.8180968414,"13":23.8477457976,"14":23.39312697,"15":23.3733599631,"16":22.9681556361,"17":23.1361677345,"18":23.0571038494,"19":22.9780394915,"20":22.9879220464,"21":22.7803786828,"22":22.7803785757,"23":23.4820731054,"24":23.482074751,"25":22.8792090469,"26":22.8989747454,"27":23.1757000906,"28":24.8558148183,"29":24.8063996993,"30":24.90522975,"31":24.6482722935,"32":24.8360470221,"33":24.7075685704,"34":24.5000258543,"35":23.8872778366,"36":23.8576290675,"37":23.5216055073,"38":22.464121973,"39":21.4799995422,"40":21.7999992371,"41":22.0300006866,"42":21.8199996948,"43":21.1000003815,"44":20.5400009155,"45":18.8999996185,"46":18.8600006104,"47":18.3600006104,"48":16.8600006104,"49":17.1299991608,"50":16.3700008392,"51":15.6800003052,"52":14.9200000763,"53":15.0900001526,"54":14.279999733,"55":13.2299995422,"56":14.9499998093,"57":16.0900001526,"58":16.7600002289,"59":16.2900009155,"60":16.5499992371,"61":16.6700000763,"62":15.5600004196,"63":14.9399995804,"64":14.5399999619,"65":15.1400003433,"66":16.6499996185,"67":16.0499992371,"68":16.6700000763,"69":16.2199993134,"70":16.6000003815,"71":15.6099996567,"72":14.8699998856,"73":15.4099998474,"74":15.1700000763,"75":14.470000267,"76":14.8699998856,"77":15.2899999619,"78":14.8999996185,"79":15.6000003815,"80":15.6000003815},"Low":{"0":22.1280984261,"1":22.1478642892,"2":22.2565792263,"3":22.4937709715,"4":22.553068556,"5":22.5926014213,"6":22.8297951828,"7":22.7803786222,"8":22.9879228539,"9":23.2349977226,"10":23.4227758467,"11":23.4919575225,"12":23.5314881368,"13":23.383244159,"14":23.0175727415,"15":22.9088583432,"16":22.7606129639,"17":22.839677657,"18":22.7408472605,"19":22.3949407041,"20":22.34552564,"21":22.4542388356,"22":22.5333028779,"23":22.7309628039,"24":22.9385070801,"25":22.5036548188,"26":22.6617823121,"27":22.7408463556,"28":23.5117243043,"29":24.5197909935,"30":24.1244696823,"31":24.0552902381,"32":24.4802593176,"33":24.3616622335,"34":23.8872773254,"35":23.4524240935,"36":22.6123673091,"37":22.711197526,"38":21.5351187072,"39":20.5499992371,"40":20.5200004578,"41":20.9099998474,"42":21.0300006866,"43":20.3799991608,"44":19.5699996948,"45":18.0400009155,"46":17.4300003052,"47":17.6599998474,"48":15.2399997711,"49":15.1899995804,"50":14.6700000763,"51":14.3599996567,"52":13.6099996567,"53":14.029999733,"54":12.1999998093,"55":11.6300001144,"56":13.4600000381,"57":13.8000001907,"58":15.1099996567,"59":14.8500003815,"60":14.8599996567,"61":15.9300003052,"62":14.1800003052,"63":13.8900003433,"64":13.3800001144,"65":14.220000267,"66":15.3000001907,"67":15.3699998856,"68":15.9899997711,"69":15.0600004196,"70":15.8900003433,"71":14.5699996948,"72":14.0699996948,"73":14.8100004196,"74":14.3699998856,"75":13.9099998474,"76":13.9799995422,"77":14.0100002289,"78":14.529999733,"79":14.7700004578,"80":14.7700004578},"Close":{"0":22.444355011,"1":22.4641208649,"2":22.6617832184,"3":22.7111968994,"4":22.7704963684,"5":22.8890914917,"6":22.8495616913,"7":23.0867538452,"8":23.3535938263,"9":23.521604538,"10":23.4623069763,"11":23.8675117493,"12":23.7686805725,"13":23.4227771759,"14":23.2646484375,"15":23.1361675262,"16":22.8890914917,"17":22.958272934,"18":22.7507305145,"19":22.9286251068,"20":22.4344730377,"21":22.5135383606,"22":22.6024856567,"23":23.2448806763,"24":22.9385070801,"25":22.7507305145,"26":22.8890914917,"27":22.9780387878,"28":24.6878032684,"29":24.766866684,"30":24.1837673187,"31":24.5692081451,"32":24.6976852417,"33":24.6383876801,"34":24.1244697571,"35":23.6797332764,"36":22.8792095184,"37":22.72108078,"38":21.5450000763,"39":21.3600006104,"40":21.7900009155,"41":21.2099990845,"42":21.5599994659,"43":20.7099990845,"44":20.0400009155,"45":18.2299995422,"46":18.8400001526,"47":18.0100002289,"48":15.2600002289,"49":17.1100006104,"50":15.1700000763,"51":15.470000267,"52":14.6999998093,"53":14.1000003815,"54":12.5200004578,"55":12.8800001144,"56":14.7700004578,"57":15.0500001907,"58":16.6399993896,"59":15.2100000381,"60":16.2000007629,"61":16.1900005341,"62":14.5399999619,"63":14.3699998856,"64":13.5799999237,"65":15.0200004578,"66":15.3900003433,"67":15.8999996185,"68":16.2800006866,"69":16.0400009155,"70":16.0499992371,"71":14.6999998093,"72":14.529999733,"73":15.0600004196,"74":14.720000267,"75":14.029999733,"76":14.0399999619,"77":14.6999998093,"78":14.7399997711,"79":15.5500001907,"80":15.5500001907},"Volume":{"0":4513100,"1":2302000,"2":3321100,"3":2853400,"4":4438200,"5":3887000,"6":3725500,"7":2351800,"8":3233600,"9":1634200,"10":3167000,"11":2718200,"12":2966500,"13":2765800,"14":2841000,"15":2247700,"16":2546500,"17":2202500,"18":2099200,"19":3846300,"20":4826800,"21":3338800,"22":4865100,"23":4273200,"24":2565300,"25":3589300,"26":3113900,"27":3993200,"28":8907000,"29":4346600,"30":2497900,"31":4440900,"32":2794000,"33":2027500,"34":4801400,"35":3228500,"36":5006900,"37":4951400,"38":6834700,"39":7259400,"40":7042800,"41":6074800,"42":5174800,"43":7205000,"44":5566500,"45":5033000,"46":9425000,"47":8921800,"48":6013100,"49":7965800,"50":7036000,"51":6901600,"52":8432500,"53":7161600,"54":12728000,"55":9438500,"56":8422800,"57":8090500,"58":5860200,"59":6300700,"60":6907100,"61":7281800,"62":6307500,"63":4603500,"64":5810700,"65":5812600,"66":7803400,"67":4876800,"68":5048100,"69":5396000,"70":6602900,"71":7904200,"72":7997900,"73":4886300,"74":5301800,"75":8455100,"76":7053600,"77":7058800,"78":5158400,"79":1673313,"80":1673313}}