{"Open":{"0":146.9900054932,"1":143.4799957275,"2":140.3999938965,"3":144.2200012207,"4":143.2299957275,"5":145.4600067139,"6":140.3399963379,"7":135.6100006104,"8":137.4700012207,"9":138.7200012207,"10":141.1900024414,"11":145.7100067139,"12":144.4600067139,"13":145.4900054932,"14":145.6699981689,"15":147.8899993896,"16":139.5299987793,"17":136.3099975586,"18":135.6100006104,"19":129.2100067139,"20":130.0500030518,"21":129.2899932861,"22":135.7200012207,"23":143.1999969482,"24":141.7599945068,"25":139.6999969482,"26":132.7799987793,"27":139.8600006104,"28":142.4299926758,"29":144.0,"30":150.0,"31":138.6300048828,"32":137.25,"33":142.6300048828,"34":139.4700012207,"35":129.0599975586,"36":134.6699981689,"37":128.1300048828,"38":122.4199981689,"39":118.5,"40":129.2100067139,"41":130.0,"42":127.8099975586,"43":125.6600036621,"44":123.3000030518,"45":112.5199966431,"46":121.1900024414,"47":118.9599990845,"48":103.0699996948,"49":110.25,"50":101.0999984741,"51":107.8499984741,"52":114.4599990845,"53":116.8300018311,"54":111.7799987793,"55":109.5599975586,"56":115.2600021362,"57":115.6999969482,"58":117.7600021362,"59":113.3899993896,"60":109.25,"61":108.7099990845,"62":106.2699966431,"63":104.2799987793,"64":102.0899963379,"65":106.4899978638,"66":117.4300003052,"67":116.3600006104,"68":117.25,"69":118.2900009155,"70":119.9199981689,"71":117.9000015259,"72":116.2799987793,"73":117.7399978638,"74":118.3899993896,"75":113.9899978638,"76":114.4400024414,"77":114.9800033569,"78":115.8799972534,"79":122.4400024414,"80":122.4400024414},"High":{"0":147.6000061035,"1":144.9600067139,"2":143.6199951172,"3":145.3699951172,"4":144.8500061035,"5":145.5,"6":140.5800018311,"7":137.7599945068,"8":140.3200073242,"9":141.8800048828,"10":146.2100067139,"11":147.5399932861,"12":145.5899963379,"13":147.8500061035,"14":147.1300048828,"15":148.6300048828,"16":139.5299987793,"17":137.9799957275,"18":136.9600067139,"19":131.4600067139,"20":130.9299926758,"21":132.9199981689,"22":140.5200042725,"23":143.1999969482,"24":143.6399993896,"25":139.6999969482,"26":138.1699981689,"27":145.0,"28":148.3200073242,"29":150.0,"30":150.0,"31":140.3500061035,"32":144.1999969482,"33":144.2299957275,"34":139.4700012207,"35":133.7299957275,"36":135.3899993896,"37":131.1699981689,"38":128.9299926758,"39":130.0399932861,"40":130.8399963379,"41":133.9600067139,"42":131.7400054932,"43":132.3099975586,"44":126.5199966431,"45":120.3199996948,"46":123.8099975586,"47":119.5899963379,"48":113.9899978638,"49":112.75,"50":108.0699996948,"51":127.2099990845,"52":122.8499984741,"53":120.5899963379,"54":114.9700012207,"55":115.7200012207,"56":123.3799972534,"57":123.3700027466,"58":118.9800033569,"59":114.3700027466,"60":111.8099975586,"61":114.5199966431,"62":109.8899993896,"63":108.4599990845,"64":105.5699996948,"65":114.6200027466,"66":119.5899963379,"67":117.3499984741,"68":121.1200027466,"69":119.1600036621,"70":122.1500015259,"71":118.5800018311,"72":117.3600006104,"73":121.1299972534,"74":120.4400024414,"75":115.2900009155,"76":117.1200027466,"77":119.1999969482,"78":121.5100021362,"79":126.2099990845,"80":126.2099990845},"Low":{"0":144.7899932861,"1":140.3999938965,"2":138.4799957275,"3":143.0,"4":140.0399932861,"5":139.5299987793,"6":135.1199951172,"7":133.0299987793,"8":137.4700012207,"9":138.3800048828,"10":141.0399932861,"11":145.2400054932,"12":143.7100067139,"13":145.4900054932,"14":143.9700012207,"15":143.4400024414,"16":134.0099945068,"17":134.7100067139,"18":129.9700012207,"19":126.7600021362,"20":127.4100036621,"21":127.9300003052,"22":135.7200012207,"23":139.0,"24":138.5,"25":133.3600006104,"26":132.1000061035,"27":139.8600006104,"28":142.3899993896,"29":132.3300018311,"30":139.0,"31":135.5099945068,"32":137.0700073242,"33":140.5899963379,"34":134.6199951172,"35":122.6999969482,"36":124.7600021362,"37":126.6500015259,"38":120.0800018311,"39":118.0,"40":123.8499984741,"41":126.0599975586,"42":126.3600006104,"43":124.5500030518,"44":119.4400024414,"45":110.0,"46":115.9199981689,"47":109.7399978638,"48":98.4700012207,"49":104.0500030518,"50":98.0400009155,"51":105.3600006104,"52":110.1900024414,"53":107.2699966431,"54":105.0,"55":107.0599975586,"56":113.9300003052,"57":111.75,"58":113.75,"59":106.4499969482,"60":104.6500015259,"61":108.7099990845,"62":103.6500015259,"63":100.9199981689,"64":101.8499984741,"65":106.4499969482,"66":113.5999984741,"67":112.3799972534,"68":115.5100021362,"69":115.0100021362,"70":117.7900009155,"71":113.0100021362,"72":112.5100021362,"73":117.0100021362,"74":116.0500030518,"75":111.4100036621,"76":113.6999969482,"77":114.9800033569,"78":115.8799972534,"79":122.3099975586,"80":122.3099975586},"Close":{"0":146.4799957275,"1":141.8200073242,"2":143.2700042725,"3":144.1000061035,"4":144.0500030518,"5":139.6399993896,"6":135.2700042725,"7":137.0800018311,"8":139.2100067139,"9":139.75,"10":145.0200042725,"11":145.9499969482,"12":144.8500061035,"13":146.2100067139,"14":146.8399963379,"15":144.3300018311,"16":134.6699981689,"17":136.6900024414,"18":130.0700073242,"19":131.1300048828,"20":127.6699981689,"21":132.8099975586,"22":140.2899932861,"23":140.4100036621,"24":141.4499969482,"25":133.5500030518,"26":138.1699981689,"27":140.75,"28":147.0700073242,"29":149.9700012207,"30":139.4900054932,"31":135.8099975586,"32":143.9400024414,"33":140.8699951172,"34":135.0099945068,"35":132.1699981689,"36":127.0500030518,"37":126.7300033569,"38":122.8099975586,"39":127.6399993896,"40":130.3500061035,"41":127.75,"42":131.5899963379,"43":127.6100006104,"44":121.4700012207,"45":116.9300003052,"46":123.3499984741,"47":110.8499984741,"48":105.8799972534,"49":112.1500015259,"50":105.3600006104,"51":124.25,"52":118.6600036621,"53":109.9400024414,"54":109.0800018311,"55":110.0199966431,"56":121.1999969482,"57":116.75,"58":116.9800033569,"59":109.0299987793,"60":109.1999969482,"61":110.2799987793,"62":105.8000030518,"63":102.9199981689,"64":102.7399978638,"65":113.9499969482,"66":114.3499984741,"67":117.3099975586,"68":119.0500030518,"69":116.9899978638,"70":120.75,"71":114.4400024414,"72":115.4800033569,"73":119.0500030518,"74":117.9400024414,"75":111.6500015259,"76":116.5100021362,"77":116.3399963379,"78":120.9000015259,"79":125.7900009155,"80":125.7900009155},"Volume":{"0":487500,"1":311300,"2":468600,"3":292000,"4":520700,"5":461500,"6":580100,"7":550100,"8":424700,"9":429700,"10":434300,"11":390300,"12":282800,"13":307200,"14":251200,"15":331900,"16":428500,"17":419800,"18":456300,"19":561500,"20":609300,"21":386900,"22":350100,"23":299800,"24":311200,"25":436300,"26":372300,"27":378700,"28":720300,"29":1301100,"30":868300,"31":577500,"32":483900,"33":478800,"34":522000,"35":633600,"36":629500,"37":561700,"38":600900,"39":732600,"40":628900,"41":507500,"42":358900,"43":358200,"44":627000,"45":654600,"46":587600,"47":464100,"48":854300,"49":675800,"50":720000,"51":993700,"52":933900,"53":773000,"54":875600,"55":650000,"56":616300,"57":642500,"58":472400,"59":467000,"60":435500,"61":344300,"62":546000,"63":458000,"64":516200,"65":354400,"66":384600,"67":368800,"68":479900,"69":252200,"70":304700,"71":295400,"72":489100,"73":281400,"74":305600,"75":348400,"76":223300,"77":366200,"78":315300,"79":62610,"80":62610}}