{"Open":{"0":130.3217049386,"1":129.3540302395,"2":129.4224694859,"3":128.3277220708,"4":128.7089294893,"5":128.3375035601,"6":128.0735899767,"7":128.2202056067,"8":128.5134400711,"9":127.6533027289,"10":129.0217135474,"11":130.2630634915,"12":130.0968931845,"13":130.0871112564,"14":128.0442730979,"15":129.3735891668,"16":126.0112023195,"17":126.5878894417,"18":125.493166538,"19":130.5367444794,"20":131.2404962815,"21":130.7224541275,"22":134.1141638296,"23":136.6945991919,"24":138.6299230003,"25":138.708116507,"26":138.0336818352,"27":140.780272927,"28":141.6795249913,"29":141.59154948,"30":142.6080803384,"31":142.4907878747,"32":141.9336665424,"33":141.9141159046,"34":141.865239513,"35":138.5614957657,"36":139.450963847,"37":135.8833241262,"38":133.5570231898,"39":125.2976739824,"40":32.3140761055,"41":31.8644515357,"42":31.102051607,"43":29.2351463815,"44":24.7780337125,"45":24.9735197653,"46":23.7028513582,"47":22.6569940813,"48":20.9699993134,"49":22.4400005341,"50":20.3400001526,"51":21.5,"52":19.8299999237,"53":18.9099998474,"54":20.2199993134,"55":19.4899997711,"56":20.5900001526,"57":22.7000007629,"58":22.5900001526,"59":22.3799991608,"60":22.7399997711,"61":23.5300006866,"62":23.9400005341,"63":23.5300006866,"64":23.0499992371,"65":24.6499996185,"66":26.4599990845,"67":24.8999996185,"68":26.1499996185,"69":26.4799995422,"70":26.8799991608,"71":25.5200004578,"72":24.1900005341,"73":25.4099998474,"74":26.25,"75":25.7000007629,"76":26.8099994659,"77":27.0,"78":27.6299991608,"79":28.0799999237,"80":28.0799999237},"High":{"0":131.3186950684,"1":130.7224512128,"2":129.7841164948,"3":129.3442651001,"4":129.3540416516,"5":128.8653130702,"6":129.5104237961,"7":128.8946396656,"8":128.7187084474,"9":128.4157025424,"10":129.9698288477,"11":131.2111787954,"12":130.634471696,"13":130.2239518656,"14":129.3344973598,"15":129.3735891668,"16":127.2721046625,"17":128.8457819561,"18":131.8660615133,"19":132.2374757069,"20":132.090861868,"21":133.429944384,"22":136.2547387543,"23":138.9622457538,"24":139.4802886109,"25":140.2915599969,"26":141.1321559528,"27":141.5035817945,"28":142.7742648423,"29":142.8622207879,"30":143.2922983044,"31":142.9208626111,"32":142.9306417772,"33":143.5366653098,"34":143.2043237506,"35":140.0081135984,"36":139.8028418363,"37":137.1246586355,"38":135.2382164271,"39":128.3081822743,"40":33.9659436788,"41":32.1576856815,"42":31.2779906024,"43":29.4599564891,"44":28.1404182459,"45":25.5697570551,"46":23.956985246,"47":23.5953328772,"48":22.8299999237,"49":23.5599994659,"50":22.0400009155,"51":22.6100006104,"52":20.4099998474,"53":22.3500003815,"54":21.3899993896,"55":20.2099990845,"56":22.5699996948,"57":25.2299995422,"58":24.1299991608,"59":23.0599994659,"60":23.9300003052,"61":25.1399993896,"62":25.1000003815,"63":24.6900005341,"64":23.8899993896,"65":26.0400009155,"66":26.8199996948,"67":25.8500003815,"68":27.5100002289,"69":26.9400005341,"70":27.4599990845,"71":25.5699996948,"72":24.7800006866,"73":26.9899997711,"74":27.1219997406,"75":26.5400009155,"76":27.1000003815,"77":28.0900001526,"78":28.1000003815,"79":28.75,"80":28.75},"Low":{"0":129.6863618036,"1":129.1585457903,"2":127.9269916908,"3":128.1420215329,"4":128.1322450932,"5":127.32096055,"6":127.8585526081,"7":127.9856302224,"8":127.4578060955,"9":127.3014247446,"10":128.6502826297,"11":130.1555447999,"12":129.0021534132,"13":128.6698303223,"14":127.5360015782,"15":126.8029245427,"16":125.2292495748,"17":125.395414836,"18":125.493166538,"19":129.1390014911,"20":129.5104282711,"21":130.6247044435,"22":133.9186644593,"23":136.0983618998,"24":137.6524857782,"25":137.8675199192,"26":137.5449632378,"27":139.9396763731,"28":141.3765218332,"29":141.2103495791,"30":141.7968205939,"31":140.6336632381,"32":141.2787704744,"33":141.1810379712,"34":141.4156118231,"35":137.2419644595,"36":134.3194185355,"37":134.104381258,"38":129.2171994802,"39":122.4435517608,"40":31.8449066834,"41":29.9779992876,"42":29.1178552713,"43":26.1757687785,"44":24.1231507055,"45":22.35398963,"46":21.3667771199,"47":21.9532381201,"48":19.8899993896,"49":20.2049999237,"50":19.6900005341,"51":20.75,"52":17.0100002289,"53":18.8199996948,"54":19.3700008392,"55":18.2800006866,"56":19.7900009155,"57":21.5200004578,"58":22.5300006866,"59":21.6900005341,"60":22.1800003052,"61":23.5300006866,"62":23.6000003815,"63":22.5900001526,"64":22.5699996948,"65":24.5499992371,"66":24.6350002289,"67":24.4249992371,"68":25.8700008392,"69":25.6299991608,"70":26.1000003815,"71":24.1499996185,"72":23.2099990845,"73":25.3099994659,"74":25.6299991608,"75":25.6000003815,"76":25.9500007629,"77":26.8299999237,"78":27.2399997711,"79":27.8700008392,"80":27.8700008392},"Close":{"0":131.3186950684,"1":130.1457519531,"2":129.0119476318,"3":128.4841156006,"4":128.2788696289,"5":127.5751037598,"6":128.220199585,"7":128.3863830566,"8":127.9269866943,"9":128.3472747803,"10":129.8916320801,"11":130.8983917236,"12":129.3638153076,"13":128.6698303223,"14":129.3051605225,"15":127.6533050537,"16":126.1187210083,"17":127.8292388916,"18":131.2600402832,"19":132.0908660889,"20":130.2239532471,"21":133.1171722412,"22":135.4043731689,"23":138.5614929199,"24":139.1968383789,"25":138.6103668213,"26":140.8584747314,"27":141.1028289795,"28":142.3050842285,"29":142.3343963623,"30":143.2434234619,"31":141.6990661621,"32":142.5396728516,"33":142.7156066895,"34":142.3539581299,"35":138.8742828369,"36":134.8961029053,"37":135.6291809082,"38":129.5202026367,"39":126.1284866333,"40":32.0599403381,"41":30.9847602844,"42":30.2516822815,"43":26.2246398926,"44":27.1629810333,"45":22.803609848,"46":23.3216514587,"47":22.9599990845,"48":21.3400001526,"49":23.0,"50":21.25,"51":21.5400009155,"52":19.2199993134,"53":20.0100002289,"54":19.6100006104,"55":19.5,"56":22.4099998474,"57":23.2800006866,"58":23.4099998474,"59":22.6299991608,"60":23.75,"61":24.7999992371,"62":23.7900009155,"63":23.0400009155,"64":23.4899997711,"65":25.4300003052,"66":24.8199996948,"67":25.7000007629,"68":26.5,"69":26.2199993134,"70":26.3500003815,"71":24.3600006104,"72":24.6000003815,"73":26.8099994659,"74":26.4300003052,"75":26.3799991608,"76":26.8199996948,"77":27.3600006104,"78":27.8199996948,"79":28.6849994659,"80":28.6849994659},"Volume":{"0":1674300,"1":886000,"2":1370500,"3":1374100,"4":1011100,"5":1270700,"6":1485500,"7":1004600,"8":1213800,"9":925600,"10":970600,"11":1373400,"12":1306300,"13":768500,"14":1604500,"15":1872600,"16":1575600,"17":2116400,"18":3118400,"19":2487000,"20":2216200,"21":1943500,"22":2086700,"23":1640800,"24":1367200,"25":1783700,"26":2106600,"27":1372800,"28":1859600,"29":1322900,"30":940300,"31":1178400,"32":2471800,"33":1907300,"34":1528200,"35":2114800,"36":1918900,"37":1943000,"38":2811300,"39":3113300,"40":38314900,"41":18033500,"42":25202700,"43":15758700,"44":17039700,"45":11306200,"46":10318500,"47":10683700,"48":10578900,"49":8556200,"50":6441600,"51":7718300,"52":8292600,"53":5737500,"54":5900000,"55":6477500,"56":4696900,"57":5175600,"58":5518500,"59":4304400,"60":3760200,"61":6458500,"62":7902900,"63":6383200,"64":3826800,"65":5045100,"66":4253100,"67":3268900,"68":3299800,"69":3164100,"70":2551400,"71":2597100,"72":3761900,"73":3811400,"74":4002900,"75":3174100,"76":2641900,"77":2991100,"78":3126100,"79":1034942,"80":1034942}}