{"Open":{"0":595.700012207,"1":588.1799926758,"2":590.0,"3":589.950012207,"4":581.5399780273,"5":587.5100097656,"6":605.5,"7":600.4899902344,"8":602.7199707031,"9":602.6900024414,"10":601.5900268555,"11":600.549987793,"12":598.2899780273,"13":605.0,"14":611.8499755859,"15":604.799987793,"16":571.9099731445,"17":570.3300170898,"18":575.0,"19":568.6500244141,"20":567.8499755859,"21":562.299987793,"22":576.1699829102,"23":581.3599853516,"24":578.0,"25":581.3400268555,"26":578.8699951172,"27":588.6500244141,"28":591.5700073242,"29":599.0,"30":601.0,"31":601.3300170898,"32":596.1400146484,"33":610.9899902344,"34":612.3599853516,"35":590.450012207,"36":583.9400024414,"37":565.0,"38":550.3900146484,"39":527.9099731445,"40":535.950012207,"41":556.7199707031,"42":568.0,"43":571.7899780273,"44":550.0,"45":515.1400146484,"46":530.6699829102,"47":520.0,"48":486.2799987793,"49":478.0299987793,"50":416.3200073242,"51":412.9899902344,"52":399.5,"53":401.2600097656,"54":416.8399963379,"55":382.0,"56":398.9200134277,"57":433.299987793,"58":462.6300048828,"59":478.75,"60":490.0,"61":498.8500061035,"62":460.2600097656,"63":450.0,"64":464.3200073242,"65":489.4899902344,"66":520.0,"67":495.0,"68":511.6900024414,"69":496.2399902344,"70":501.2699890137,"71":495.6099853516,"72":514.8800048828,"73":520.0999755859,"74":523.5,"75":506.1799926758,"76":503.7600097656,"77":515.1199951172,"78":519.0300292969,"79":522.450012207,"80":522.450012207},"High":{"0":597.8300170898,"1":594.5800170898,"2":597.6199951172,"3":589.950012207,"4":585.3699951172,"5":589.75,"6":616.5599975586,"7":606.9199829102,"8":604.299987793,"9":605.4899902344,"10":603.799987793,"11":600.8300170898,"12":602.5,"13":614.4899902344,"14":615.0,"15":605.0,"16":572.9899902344,"17":573.4400024414,"18":577.7100219727,"19":574.7399902344,"20":570.2100219727,"21":566.2399902344,"22":584.9899902344,"23":581.5,"24":583.6300048828,"25":583.0100097656,"26":585.0999755859,"27":590.5999755859,"28":594.9699707031,"29":600.9000244141,"30":604.3400268555,"31":605.0,"32":618.5700073242,"33":619.0,"34":614.9299926758,"35":596.4299926758,"36":585.25,"37":573.8099975586,"38":560.4899902344,"39":536.8499755859,"40":559.5800170898,"41":575.0,"42":583.7199707031,"43":576.7700195312,"44":559.4799804688,"45":527.9000244141,"46":538.9400024414,"47":522.5599975586,"48":498.200012207,"49":482.299987793,"50":447.5100097656,"51":429.0400085449,"52":408.3599853516,"53":433.8900146484,"54":434.4100036621,"55":390.7900085449,"56":433.6400146484,"57":483.9800109863,"58":504.6000061035,"59":506.3999938965,"60":506.8800048828,"61":509.3999938965,"62":475.0,"63":473.9700012207,"64":470.6400146484,"65":503.3999938965,"66":524.3400268555,"67":514.6699829102,"68":515.200012207,"69":500.049987793,"70":514.4400024414,"71":513.2899780273,"72":515.9400024414,"73":528.0999755859,"74":529.5,"75":511.25,"76":514.4299926758,"77":524.0,"78":520.4899902344,"79":523.0,"80":523.0},"Low":{"0":590.7899780273,"1":582.1599731445,"2":587.950012207,"3":573.7399902344,"4":576.5900268555,"5":582.0800170898,"6":597.8900146484,"7":598.8499755859,"8":597.5999755859,"9":596.0,"10":593.0599975586,"11":594.0,"12":597.3599853516,"13":602.5100097656,"14":606.5999755859,"15":583.8300170898,"16":559.2600097656,"17":567.5,"18":568.0,"19":558.1799926758,"20":555.0300292969,"21":558.5900268555,"22":572.6599731445,"23":572.7800292969,"24":575.3200073242,"25":578.3400268555,"26":576.6900024414,"27":585.7600097656,"28":588.3800048828,"29":592.5100097656,"30":594.4199829102,"31":599.7100219727,"32":596.1400146484,"33":607.7199707031,"34":606.700012207,"35":578.5300292969,"36":555.8800048828,"37":558.8200073242,"38":544.1799926758,"39":518.5599975586,"40":532.2199707031,"41":543.7899780273,"42":563.0,"43":560.5300292969,"44":538.0800170898,"45":501.0,"46":505.5599975586,"47":502.7600097656,"48":456.0599975586,"49":432.5700073242,"50":402.2399902344,"51":370.0,"52":368.0599975586,"53":372.0,"54":391.2900085449,"55":360.5,"56":397.0899963379,"57":430.0,"58":462.6300048828,"59":476.6799926758,"60":484.299987793,"61":492.2900085449,"62":450.2699890137,"63":450.0,"64":450.0,"65":477.0299987793,"66":485.8900146484,"67":486.0299987793,"68":490.75,"69":488.1700134277,"70":498.9299926758,"71":491.0599975586,"72":495.549987793,"73":496.1099853516,"74":517.6500244141,"75":488.0,"76":499.3099975586,"77":511.5799865723,"78":508.6600036621,"79":513.0,"80":513.0},"Close":{"0":597.2600097656,"1":593.3400268555,"2":595.7600097656,"3":582.799987793,"4":581.7800292969,"5":585.7899780273,"6":598.7199707031,"7":603.1199951172,"8":602.6900024414,"9":597.2399902344,"10":598.2899780273,"11":600.0300292969,"12":601.6500244141,"13":610.2399902344,"14":615.0,"15":589.200012207,"16":567.5,"17":569.7299804688,"18":571.4099731445,"19":570.8400268555,"20":559.7800292969,"21":565.6199951172,"22":574.0700073242,"23":576.5599975586,"24":581.549987793,"25":579.4299926758,"26":584.9299926758,"27":587.8200073242,"28":592.8400268555,"29":600.3499755859,"30":603.3599853516,"31":604.6699829102,"32":614.8800048828,"33":618.2899780273,"34":613.0800170898,"35":580.1699829102,"36":558.5200195312,"37":559.5300292969,"38":544.6199951172,"39":533.9600219727,"40":559.0700073242,"41":558.2700195312,"42":582.9000244141,"43":568.3699951172,"44":555.1400146484,"45":510.6600036621,"46":537.4000244141,"47":509.549987793,"48":457.5299987793,"49":470.9800109863,"50":404.2900085449,"51":425.4800109863,"52":406.700012207,"53":408.200012207,"54":394.1900024414,"55":367.75,"56":431.8999938965,"57":460.3099975586,"58":501.4700012207,"59":490.4100036621,"60":504.2200012207,"61":495.2099914551,"62":458.2600097656,"63":467.7200012207,"64":462.4700012207,"65":500.2399902344,"66":489.9899902344,"67":510.5,"68":503.7900085449,"69":494.5299987793,"70":507.9400024414,"71":511.0,"72":510.4400024414,"73":526.3300170898,"74":518.3300170898,"75":496.6300048828,"76":512.1300048828,"77":513.2199707031,"78":514.9299926758,"79":518.9600219727,"80":518.9600219727},"Volume":{"0":541000,"1":418700,"2":524800,"3":1171700,"4":893100,"5":996300,"6":1282600,"7":615200,"8":445300,"9":431900,"10":498900,"11":592600,"12":501400,"13":677000,"14":980500,"15":2088800,"16":1492900,"17":850000,"18":564800,"19":745500,"20":767900,"21":923900,"22":614900,"23":516100,"24":443300,"25":602000,"26":403000,"27":431000,"28":466000,"29":753900,"30":637100,"31":542800,"32":737800,"33":636600,"34":734100,"35":848500,"36":884000,"37":746200,"38":1066600,"39":1943200,"40":947500,"41":1027200,"42":734000,"43":957200,"44":1034100,"45":1151700,"46":978600,"47":1004900,"48":1694000,"49":1868800,"50":1790300,"51":1924400,"52":2207100,"53":1601600,"54":1421600,"55":1593500,"56":1881400,"57":1738800,"58":1653900,"59":1621800,"60":943300,"61":1139500,"62":1505800,"63":890500,"64":1089700,"65":1267300,"66":1487700,"67":1048600,"68":1391300,"69":770500,"70":1078700,"71":839100,"72":935600,"73":1365600,"74":718800,"75":909500,"76":777400,"77":760000,"78":517900,"79":140981,"80":140981}}