{"Open":{"0":154.4799957275,"1":153.6999969482,"2":155.3300018311,"3":158.2799987793,"4":156.6100006104,"5":159.5599975586,"6":161.1499938965,"7":159.4799957275,"8":160.8099975586,"9":159.8800048828,"10":159.7100067139,"11":161.2100067139,"12":160.25,"13":162.1000061035,"14":161.0200042725,"15":162.2299957275,"16":157.8500061035,"17":161.0399932861,"18":162.2200012207,"19":161.2899932861,"20":162.8600006104,"21":162.0599975586,"22":155.5200042725,"23":154.0,"24":155.0599975586,"25":154.1900024414,"26":152.3099975586,"27":149.6100006104,"28":153.3300018311,"29":150.9700012207,"30":151.4100036621,"31":152.5299987793,"32":153.1999969482,"33":153.8899993896,"34":154.1999969482,"35":150.0200042725,"36":149.5,"37":141.6199951172,"38":136.0800018311,"39":128.3800048828,"40":130.2299957275,"41":130.4100036621,"42":127.2799987793,"43":123.3899993896,"44":122.0899963379,"45":113.5,"46":110.4000015259,"47":111.1800003052,"48":99.0599975586,"49":106.5599975586,"50":91.2300033569,"51":94.8600006104,"52":84.1200027466,"53":83.0,"54":94.3799972534,"55":83.1100006104,"56":88.8799972534,"57":90.7900009155,"58":90.6800003052,"59":101.4599990845,"60":104.7900009155,"61":107.0,"62":95.5199966431,"63":91.8799972534,"64":93.7900009155,"65":95.7799987793,"66":104.0,"67":102.4400024414,"68":105.8700027466,"69":106.1500015259,"70":108.0299987793,"71":103.6200027466,"72":103.1399993896,"73":101.8099975586,"74":104.7699966431,"75":101.6299972534,"76":104.0500030518,"77":106.1299972534,"78":108.1399993896,"79":110.9899978638,"80":110.9899978638},"High":{"0":156.0399932861,"1":156.5,"2":158.8899993896,"3":158.9100036621,"4":159.1300048828,"5":161.2400054932,"6":161.7599945068,"7":161.2700042725,"8":162.0800018311,"9":161.1399993896,"10":160.9199981689,"11":162.5399932861,"12":162.7599945068,"13":162.9900054932,"14":161.5800018311,"15":162.7200012207,"16":160.5299987793,"17":162.2400054932,"18":163.6100006104,"19":163.5399932861,"20":162.8600006104,"21":165.2700042725,"22":159.6399993896,"23":155.6799926758,"24":156.2700042725,"25":154.6600036621,"26":152.7100067139,"27":152.6699981689,"28":154.0700073242,"29":152.6699981689,"30":152.5500030518,"31":153.3500061035,"32":154.8899993896,"33":155.8899993896,"34":155.5700073242,"35":153.4499969482,"36":150.4900054932,"37":143.0800018311,"38":138.1699981689,"39":131.5299987793,"40":131.6300048828,"41":132.9100036621,"42":127.6100006104,"43":126.4899978638,"44":123.2699966431,"45":114.3799972534,"46":114.1900024414,"47":112.2799987793,"48":103.5,"49":108.1800003052,"50":103.5500030518,"51":97.3000030518,"52":90.2399978638,"53":94.0,"54":94.3799972534,"55":85.9899978638,"56":93.0299987793,"57":94.9700012207,"58":105.5999984741,"59":108.25,"60":109.3499984741,"61":109.1600036621,"62":96.2099990845,"63":94.9199981689,"64":94.2900009155,"65":100.9400024414,"66":105.4300003052,"67":106.8300018311,"68":108.4000015259,"69":106.7200012207,"70":108.6999969482,"71":104.5100021362,"72":103.1699981689,"73":106.8099975586,"74":106.2399978638,"75":103.3499984741,"76":105.7699966431,"77":109.1200027466,"78":110.8799972534,"79":113.1699981689,"80":113.1699981689},"Low":{"0":154.4799957275,"1":153.2400054932,"2":155.2400054932,"3":156.4600067139,"4":156.3000030518,"5":158.8000030518,"6":158.8999938965,"7":157.6000061035,"8":158.7299957275,"9":158.7100067139,"10":159.2200012207,"11":160.6900024414,"12":160.25,"13":160.7700042725,"14":159.7400054932,"15":160.2100067139,"16":156.0099945068,"17":160.2899932861,"18":161.5599975586,"19":160.4700012207,"20":159.7200012207,"21":162.0599975586,"22":153.5500030518,"23":153.8000030518,"24":153.7100067139,"25":151.6499938965,"26":148.25,"27":149.3999938965,"28":151.5,"29":150.6900024414,"30":151.2799987793,"31":151.7200012207,"32":152.9600067139,"33":153.2799987793,"34":153.2599945068,"35":149.1499938965,"36":140.6199951172,"37":138.0899963379,"38":131.1100006104,"39":126.9000015259,"40":126.1200027466,"41":125.4899978638,"42":124.0599975586,"43":123.0100021362,"44":117.3000030518,"45":109.9899978638,"46":107.4100036621,"47":106.0,"48":96.2699966431,"49":98.7099990845,"50":90.9499969482,"51":82.8600006104,"52":76.9100036621,"53":82.6299972534,"54":82.3799972534,"55":77.2799987793,"56":87.6299972534,"57":84.8199996948,"58":88.8199996948,"59":100.8399963379,"60":102.1399993896,"61":99.0400009155,"62":92.4899978638,"63":90.1800003052,"64":88.8099975586,"65":95.2399978638,"66":100.7699966431,"67":102.1999969482,"68":104.8000030518,"69":102.8700027466,"70":105.6800003052,"71":100.8499984741,"72":97.5599975586,"73":101.0100021362,"74":103.25,"75":101.0800018311,"76":102.1900024414,"77":105.0400009155,"78":107.2900009155,"79":110.3499984741,"80":110.3499984741},"Close":{"0":156.0399932861,"1":155.9799957275,"2":158.8600006104,"3":156.5800018311,"4":158.6499938965,"5":161.1600036621,"6":159.3899993896,"7":160.9299926758,"8":158.8699951172,"9":158.8500061035,"10":160.9199981689,"11":161.1699981689,"12":161.2299957275,"13":160.9299926758,"14":161.2700042725,"15":160.5700073242,"16":159.6300048828,"17":161.5500030518,"18":162.1399993896,"19":163.25,"20":160.7799987793,"21":163.8500061035,"22":154.0,"23":154.3099975586,"24":154.2899932861,"25":152.5800018311,"26":149.1699981689,"27":152.0800018311,"28":151.5500030518,"29":150.8800048828,"30":152.4100036621,"31":152.6600036621,"32":153.6999969482,"33":154.9499969482,"34":155.4600067139,"35":149.1799926758,"36":141.1000061035,"37":138.6399993896,"38":131.2899932861,"39":129.3899993896,"40":129.8000030518,"41":125.8399963379,"42":126.0199966431,"43":125.5800018311,"44":120.1600036621,"45":110.1200027466,"46":114.1100006104,"47":107.1800003052,"48":102.3399963379,"49":106.3099975586,"50":92.75,"51":90.0100021362,"52":83.3799972534,"53":92.9499969482,"54":83.2399978638,"55":85.0199966431,"56":91.6600036621,"57":90.3099975586,"58":105.1200027466,"59":104.7900009155,"60":107.8099975586,"61":99.5699996948,"62":93.2900009155,"63":94.0999984741,"64":91.8199996948,"65":99.8600006104,"66":101.1600036621,"67":104.9700012207,"68":106.8899993896,"69":105.7799987793,"70":105.9700012207,"71":102.5999984741,"72":99.1100006104,"73":105.9599990845,"74":104.1699981689,"75":101.5800018311,"76":105.2600021362,"77":107.5800018311,"78":109.7600021362,"79":112.8499984741,"80":112.8499984741},"Volume":{"0":769100,"1":447900,"2":473000,"3":477200,"4":556100,"5":382000,"6":335700,"7":330500,"8":257700,"9":438200,"10":631800,"11":369200,"12":413200,"13":474700,"14":186000,"15":217400,"16":310500,"17":404900,"18":240500,"19":250500,"20":386400,"21":623300,"22":2092700,"23":1664700,"24":794700,"25":565100,"26":1715300,"27":1023500,"28":1430400,"29":699800,"30":475700,"31":594500,"32":411600,"33":500200,"34":466600,"35":629900,"36":731200,"37":732300,"38":979400,"39":1424200,"40":2231200,"41":1429800,"42":2047800,"43":1887100,"44":1125900,"45":1932400,"46":1808300,"47":1752000,"48":2323700,"49":1578100,"50":1447300,"51":1277100,"52":1332800,"53":1011000,"54":1417100,"55":1139800,"56":821500,"57":1763000,"58":2848100,"59":1725600,"60":1255900,"61":1763600,"62":781100,"63":1204500,"64":806300,"65":1222300,"66":958300,"67":566000,"68":643400,"69":339800,"70":595800,"71":408100,"72":451700,"73":534300,"74":404800,"75":1142600,"76":355600,"77":392600,"78":827900,"79":119191,"80":119191}}