{"Open":{"0":178.8048355716,"1":177.3756063224,"2":176.7105968242,"3":176.3334411505,"4":176.9289534339,"5":178.1100629721,"6":178.1696248809,"7":177.2564987118,"8":178.3582045451,"9":177.077835083,"10":178.1894718624,"11":178.7949204642,"12":177.8817943903,"13":177.7527592574,"14":175.0530639823,"15":178.6559664158,"16":171.7280924499,"17":172.9191212898,"18":175.4997216079,"19":172.6709920337,"20":176.571641641,"21":174.2689762402,"22":178.0306650885,"23":183.4201319648,"24":184.7501182483,"25":183.3010123159,"26":181.6931105342,"27":183.4101880467,"28":186.3580117822,"29":187.2215318946,"30":187.588762559,"31":186.0999582036,"32":185.5242996396,"33":185.8220578779,"34":187.3505442916,"35":182.4176601902,"36":182.645957942,"37":178.189479348,"38":170.9638302896,"39":162.6265585111,"40":167.6586998294,"41":171.6784635439,"42":170.3782477111,"43":170.2789921181,"44":161.4950727091,"45":150.5275807886,"46":158.8450042998,"47":157.9914244216,"48":146.8949001534,"49":145.9222338613,"50":138.2301021905,"51":150.9245872503,"52":148.0363115998,"53":139.1233657871,"54":137.8330758107,"55":121.2081516717,"56":121.6547898854,"57":137.019205024,"58":146.4780426757,"59":141.6543247143,"60":141.8099975586,"61":140.0500030518,"62":135.3800048828,"63":136.9199981689,"64":141.8500061035,"65":147.7700042725,"66":156.4900054932,"67":153.8899993896,"68":160.6399993896,"69":158.0800018311,"70":155.7400054932,"71":151.8099975586,"72":151.6600036621,"73":157.75,"74":155.6199951172,"75":150.2599945068,"76":155.6199951172,"77":156.4799957275,"78":156.3999938965,"79":159.3200073242,"80":159.3200073242},"High":{"0":180.3432649371,"1":178.7254520154,"2":177.2564930902,"3":177.0579861016,"4":178.1200053269,"5":178.4574556174,"6":179.3110471197,"7":178.5269399831,"8":178.9835052777,"9":177.9512539178,"10":178.6559636457,"11":179.3705915068,"12":178.378060971,"13":178.0902168957,"14":178.4376056038,"15":178.6559664158,"16":173.4352507053,"17":175.4500837735,"18":176.6510485699,"19":176.6609795076,"20":178.1299259588,"21":178.8048449631,"22":181.3258823942,"23":184.3729553223,"24":185.0975109055,"25":183.8568435938,"26":182.5863994292,"27":186.2984630522,"28":188.6309210913,"29":188.1942101357,"30":187.588762559,"31":186.1396528643,"32":186.784821015,"33":189.424958065,"34":188.4820314306,"35":183.8369904639,"36":182.8543814263,"37":178.6559711509,"38":175.6485878377,"39":166.6661604525,"40":172.4923314798,"41":176.2044123737,"42":176.23418736,"43":171.9861504212,"44":165.58430437,"45":157.1874697274,"46":163.8473800344,"47":161.4156760106,"48":150.6466740944,"49":155.2818145752,"50":164.0657400228,"51":158.7656081642,"52":152.0660088652,"53":139.6394872507,"54":137.8330758107,"55":124.4438043064,"56":137.7834614096,"57":148.7807138193,"58":150.6466788364,"59":147.4110197018,"60":145.3600006104,"61":145.4299926758,"62":137.8300018311,"63":142.4799957275,"64":144.0,"65":152.25,"66":157.6399993896,"67":159.8699951172,"68":164.25,"69":158.0800018311,"70":156.9900054932,"71":153.0899963379,"72":153.7200012207,"73":160.1399993896,"74":156.7799987793,"75":153.1100006104,"76":156.8200073242,"77":160.7899932861,"78":158.4100036621,"79":162.1499938965,"80":162.1499938965},"Low":{"0":177.6435736382,"1":176.1845544237,"2":175.4798654007,"3":174.8744162243,"4":176.0753743212,"5":176.7800722439,"6":176.6808251177,"7":176.8694113737,"8":176.87933984,"9":175.6982146714,"10":177.0282099161,"11":177.7924674381,"12":176.0952316709,"13":175.6585136927,"14":173.7429281209,"15":173.951353848,"16":169.1078055,"17":171.6288252055,"18":173.9910669557,"19":172.6213623476,"20":173.5940421857,"21":173.2764430677,"22":177.4450741687,"23":182.1695304839,"24":183.0727348169,"25":181.5740143517,"26":180.8296115661,"27":183.1719897913,"28":185.7625010015,"29":186.4771320362,"30":184.720342404,"31":183.8866136079,"32":184.8791591324,"33":185.6930237218,"34":186.7351786101,"35":180.6112577403,"36":175.3012034068,"37":174.3682205738,"38":168.373318235,"39":161.1774534855,"40":163.7282769909,"41":166.9043814216,"42":169.0879515602,"43":165.4949900046,"44":159.6787352586,"45":148.8799721289,"46":153.7036896698,"47":155.4108472389,"48":138.4484488467,"49":142.2300091822,"50":138.2301021905,"51":148.5722885485,"52":133.5751116422,"53":130.3990063152,"54":122.964933236,"55":115.074296468,"56":121.3669543585,"57":136.5725681333,"58":141.8131399449,"59":138.110974291,"60":138.3999938965,"61":138.8500061035,"62":133.2299957275,"63":135.8500061035,"64":137.6399993896,"65":145.9499969482,"66":151.0700073242,"67":152.3800048828,"68":158.2599945068,"69":150.2100067139,"70":153.7299957275,"71":148.2700042725,"72":148.4100036621,"73":155.6300048828,"74":153.1799926758,"75":149.4299926758,"76":152.7799987793,"77":154.1199951172,"78":152.9400024414,"79":158.5599975586,"80":158.5599975586},"Close":{"0":180.3234100342,"1":177.7726135254,"2":177.2068634033,"3":176.4823150635,"4":177.405380249,"5":178.2887268066,"6":176.9091186523,"7":178.4773254395,"8":177.3061218262,"9":177.077835083,"10":178.4475250244,"11":179.0827484131,"12":176.5518035889,"13":176.1845550537,"14":178.2589569092,"15":174.9835968018,"16":172.0754699707,"17":174.546875,"18":174.497253418,"19":176.5716400146,"20":173.6734466553,"21":175.1424102783,"22":180.6708068848,"23":184.3729553223,"24":184.6806488037,"25":182.1695251465,"26":182.4672851562,"27":185.7327270508,"28":188.2537536621,"29":187.6582489014,"30":186.4572753906,"31":185.0875701904,"32":186.1297454834,"33":188.5812988281,"34":188.1644287109,"35":181.6931152344,"36":176.263961792,"37":174.6759185791,"38":168.859664917,"39":166.5272064209,"40":171.9861450195,"41":167.5991516113,"42":176.075378418,"43":166.4577484131,"44":162.8846130371,"45":153.3662261963,"46":163.3908081055,"47":157.2470245361,"48":139.1432189941,"49":155.2818145752,"50":148.1058044434,"51":158.3090362549,"52":140.7014923096,"53":135.3120422363,"54":124.8408203125,"55":117.2082366943,"56":136.6718139648,"57":142.4582824707,"58":149.366317749,"59":142.2299957275,"60":142.3500061035,"61":142.1199951172,"62":137.2700042725,"63":141.6000061035,"64":140.4100036621,"65":151.0399932861,"66":152.2700042725,"67":158.8000030518,"68":159.2799987793,"69":151.9299926758,"70":156.0599975586,"71":152.6999969482,"72":153.3200073242,"73":158.5800018311,"74":155.2100067139,"75":151.7700042725,"76":155.5399932861,"77":155.1199951172,"78":158.2299957275,"79":162.0388946533,"80":162.0388946533},"Volume":{"0":1257500,"1":1400800,"2":1587300,"3":1144100,"4":1168400,"5":1264400,"6":1157500,"7":698500,"8":1127000,"9":1262200,"10":1104200,"11":2144900,"12":1175900,"13":1151000,"14":1431600,"15":1093800,"16":1226300,"17":1138400,"18":1228200,"19":1647600,"20":3070500,"21":1898000,"22":1178200,"23":1584700,"24":1073000,"25":996600,"26":908500,"27":1027000,"28":979100,"29":659200,"30":765100,"31":778700,"32":974100,"33":1047000,"34":1133800,"35":1656200,"36":1871700,"37":1673100,"38":2031000,"39":2842000,"40":1950800,"41":1978300,"42":1722900,"43":2368700,"44":2953000,"45":3172300,"46":1957800,"47":2290200,"48":3807900,"49":2994200,"50":3752300,"51":2965600,"52":3671500,"53":2662700,"54":2794200,"55":2777000,"56":3077700,"57":3272400,"58":2097900,"59":1818300,"60":2262800,"61":3034500,"62":1962800,"63":1428800,"64":1503500,"65":2138300,"66":1992700,"67":1363000,"68":1752300,"69":1611000,"70":1889800,"71":1395000,"72":1442100,"73":1284700,"74":1186200,"75":1300400,"76":1342400,"77":1378800,"78":1331900,"79":465383,"80":465383}}