{"Open":{"0":117.6161122759,"1":115.5710405085,"2":110.9521942176,"3":114.5734534962,"4":117.4864155345,"5":119.0825705834,"6":119.1324439491,"7":118.503963259,"8":118.4640636051,"9":118.5538415763,"10":119.4716339111,"11":114.2941262599,"12":114.8926755844,"13":114.2442441426,"14":114.2642027726,"15":116.6284963148,"16":113.3962920638,"17":114.7530145414,"18":112.827665247,"19":111.0419752158,"20":110.9322353357,"21":108.2886238345,"22":111.1916165122,"23":113.8651628835,"24":112.25,"25":111.2200012207,"26":112.1999969482,"27":112.9199981689,"28":112.6900024414,"29":113.1800003052,"30":114.25,"31":110.0699996948,"32":110.0999984741,"33":109.9300003052,"34":109.5400009155,"35":107.7799987793,"36":105.5500030518,"37":101.8099975586,"38":98.9899978638,"39":93.7600021362,"40":96.6500015259,"41":96.0400009155,"42":94.1500015259,"43":95.7600021362,"44":90.0299987793,"45":86.6600036621,"46":87.9199981689,"47":89.5999984741,"48":86.0,"49":86.0500030518,"50":79.1100006104,"51":77.3899993896,"52":81.5999984741,"53":85.0999984741,"54":84.0,"55":81.0899963379,"56":82.1100006104,"57":86.1399993896,"58":91.6399993896,"59":89.6399993896,"60":89.9499969482,"61":92.4300003052,"62":88.9100036621,"63":89.2300033569,"64":90.3899993896,"65":92.9800033569,"66":99.7099990845,"67":99.1999969482,"68":100.2200012207,"69":99.2900009155,"70":96.8600006104,"71":100.2799987793,"72":100.3799972534,"73":106.0100021362,"74":106.1399993896,"75":97.0199966431,"76":101.8300018311,"77":100.2300033569,"78":101.6600036621,"79":102.3799972534,"80":102.3799972534},"High":{"0":117.7058919133,"1":116.9277663411,"2":115.9201985972,"3":117.5762079095,"4":119.1224735425,"5":119.8407350923,"6":119.8207849174,"7":119.0426638917,"8":119.4816042131,"9":120.149995026,"10":120.5490276117,"11":118.7134595545,"12":118.0949451798,"13":115.9102287368,"14":116.4788585051,"15":116.6683933012,"16":115.142078237,"17":115.3515682609,"18":113.8851180509,"19":111.6505070112,"20":111.5208186158,"21":110.8624056285,"22":113.75542795,"23":114.862754994,"24":112.6699981689,"25":113.0100021362,"26":113.5299987793,"27":113.9100036621,"28":116.4199981689,"29":114.7099990845,"30":114.3399963379,"31":110.7399978638,"32":110.7200012207,"33":110.4599990845,"34":110.0299987793,"35":107.7799987793,"36":106.0500030518,"37":102.8899993896,"38":101.5400009155,"39":96.4499969482,"40":97.4499969482,"41":98.1399993896,"42":98.1500015259,"43":96.6100006104,"44":93.5599975586,"45":88.4899978638,"46":92.3399963379,"47":91.0500030518,"48":86.1500015259,"49":88.7900009155,"50":81.6699981689,"51":87.3499984741,"52":85.1600036621,"53":87.6999969482,"54":86.8600006104,"55":82.2399978638,"56":86.4899978638,"57":94.9100036621,"58":94.9300003052,"59":92.6800003052,"60":95.0,"61":94.5400009155,"62":93.1600036621,"63":91.3899993896,"64":92.0500030518,"65":97.7099990845,"66":101.1200027466,"67":99.7900009155,"68":103.0400009155,"69":99.3000030518,"70":99.5100021362,"71":102.2900009155,"72":104.1200027466,"73":108.1399993896,"74":107.2399978638,"75":100.9400024414,"76":101.8300018311,"77":101.9100036621,"78":102.1399993896,"79":103.5699996948,"80":103.5699996948},"Low":{"0":116.1596286965,"1":115.5710405085,"2":110.9521942176,"3":113.7155236639,"4":117.0075755998,"5":118.2146627247,"6":118.5039636809,"7":117.4465180972,"8":118.104929835,"9":118.2445904606,"10":118.8531240594,"11":112.5184135449,"12":114.4836667981,"13":113.3563877809,"14":113.6357224745,"15":113.7254996442,"16":113.1867986363,"17":112.4984543332,"18":111.5507485738,"19":109.9745519637,"20":107.2610962071,"21":107.540429771,"22":110.283811643,"23":111.5108448939,"24":110.3399963379,"25":110.8799972534,"26":110.8300018311,"27":112.2300033569,"28":112.5999984741,"29":112.7300033569,"30":109.9499969482,"31":107.9199981689,"32":109.5,"33":108.7600021362,"34":108.4499969482,"35":103.9300003052,"36":100.9100036621,"37":100.3700027466,"38":96.2699966431,"39":92.0100021362,"40":93.9400024414,"41":93.0100021362,"42":93.9700012207,"43":92.2900009155,"44":88.7600021362,"45":85.5599975586,"46":86.0,"47":87.4199981689,"48":81.2600021362,"49":83.9199981689,"50":75.2900009155,"51":75.5599975586,"52":78.7900009155,"53":81.8600006104,"54":80.1999969482,"55":77.7699966431,"56":80.7699966431,"57":84.3899993896,"58":88.9300003052,"59":87.3399963379,"60":89.3899993896,"61":91.0999984741,"62":88.0599975586,"63":88.0299987793,"64":88.6900024414,"65":92.0599975586,"66":97.25,"67":98.0400009155,"68":97.5199966431,"69":94.3799972534,"70":96.2300033569,"71":97.5999984741,"72":99.5,"73":105.0100021362,"74":100.6100006104,"75":97.0199966431,"76":98.8799972534,"77":99.4599990845,"78":100.1500015259,"79":101.7200012207,"80":101.7200012207},"Close":{"0":117.2370223999,"1":116.7481994629,"2":114.7230911255,"3":117.3667144775,"4":118.4740371704,"5":118.7433853149,"6":118.7932662964,"7":118.2146606445,"8":118.7034835815,"9":118.753364563,"10":119.4716339111,"11":114.4038619995,"12":115.5810165405,"13":114.0247802734,"14":116.2194824219,"15":115.4313812256,"16":114.5335464478,"17":112.5882415771,"18":111.660484314,"19":111.4110870361,"20":107.6701126099,"21":110.1740722656,"22":113.0172119141,"23":111.8600006104,"24":112.0299987793,"25":112.5199966431,"26":112.0699996948,"27":112.4100036621,"28":113.9599990845,"29":114.2300033569,"30":110.0699996948,"31":109.6100006104,"32":110.1100006104,"33":109.9599990845,"34":109.6999969482,"35":105.3499984741,"36":101.2699966431,"37":100.6699981689,"38":96.7900009155,"39":96.4400024414,"40":96.5599975586,"41":94.5400009155,"42":98.0500030518,"43":93.0899963379,"44":93.2300033569,"45":85.7300033569,"46":92.1399993896,"47":88.3199996948,"48":83.3899993896,"49":87.8899993896,"50":75.3799972534,"51":85.2900009155,"52":84.6699981689,"53":84.0899963379,"54":80.6299972534,"55":79.0400009155,"56":85.9800033569,"57":91.6200027466,"58":93.7300033569,"59":90.0599975586,"60":93.5599975586,"61":92.2300033569,"62":90.5,"63":90.8799972534,"64":89.7600021362,"65":96.9300003052,"66":98.4499969482,"67":98.8300018311,"68":99.1900024414,"69":94.9300003052,"70":97.8899993896,"71":100.8199996948,"72":103.75,"73":107.5800018311,"74":100.8899993896,"75":99.8799972534,"76":100.25,"77":100.8700027466,"78":101.5999984741,"79":103.5699996948,"80":103.5699996948},"Volume":{"0":623100,"1":535200,"2":928700,"3":614500,"4":652300,"5":1058500,"6":558600,"7":566800,"8":613800,"9":654100,"10":1119400,"11":3945800,"12":1869100,"13":1323500,"14":982700,"15":561500,"16":837300,"17":702900,"18":784300,"19":537500,"20":921300,"21":735700,"22":814600,"23":549100,"24":574200,"25":768500,"26":523500,"27":435500,"28":451600,"29":583100,"30":923100,"31":670200,"32":348000,"33":615400,"34":439000,"35":1038900,"36":1091300,"37":907500,"38":1246300,"39":1358400,"40":816700,"41":933200,"42":1125700,"43":771000,"44":782600,"45":1271200,"46":1548300,"47":883900,"48":1434600,"49":1162300,"50":1022300,"51":1132100,"52":1117700,"53":826500,"54":1049500,"55":904800,"56":953200,"57":1445400,"58":1015600,"59":963700,"60":700500,"61":1063600,"62":809200,"63":910000,"64":845800,"65":1205400,"66":1672400,"67":1089500,"68":1020200,"69":905700,"70":1731500,"71":1603500,"72":1196500,"73":930600,"74":1035300,"75":761900,"76":605500,"77":1016800,"78":882400,"79":172158,"80":172158}}