{"Open":{"0":40.5614863505,"1":40.4623413706,"2":40.6804656325,"3":40.6606345028,"4":40.4821712526,"5":40.8787625302,"6":41.0671401599,"7":40.6507198851,"8":40.829186844,"9":40.6110611215,"10":40.6408068042,"11":40.5614878095,"12":40.5119157376,"13":40.8490167314,"14":40.8391021489,"15":41.2852682826,"16":40.5019979139,"17":40.0062571703,"18":40.7002960862,"19":39.9467708534,"20":40.898590965,"21":39.2428183203,"22":39.3518793648,"23":39.2725625734,"24":39.5799217224,"25":39.4212824524,"26":39.3717100583,"27":40.3136189119,"28":40.5813162426,"29":41.1960336882,"30":40.7696986654,"31":41.6223729582,"32":41.7314339321,"33":41.4637335002,"34":41.701694273,"35":41.3150126594,"36":41.2753548013,"37":39.5105174247,"38":38.3901473343,"39":36.5955647003,"40":36.4964173538,"41":37.5969597095,"42":37.8448264854,"43":38.1521884532,"44":36.962410814,"45":35.2768960838,"46":36.5162464323,"47":36.109736744,"48":32.3619388659,"49":32.0400009155,"50":28.75,"51":31.2900009155,"52":27.6700000763,"53":25.9400005341,"54":26.6900005341,"55":24.4400005341,"56":24.6399993896,"57":25.5599994659,"58":26.4099998474,"59":26.1299991608,"60":25.9400005341,"61":26.2000007629,"62":25.7900009155,"63":25.1800003052,"64":25.9799995422,"65":26.7299995422,"66":28.6000003815,"67":28.5200004578,"68":29.6299991608,"69":30.3500003815,"70":30.0,"71":29.7900009155,"72":29.0300006866,"73":29.2199993134,"74":28.7900009155,"75":27.7099990845,"76":28.2999992371,"77":28.1000003815,"78":27.9699993134,"79":28.1599998474,"80":28.1599998474},"High":{"0":41.0572268357,"1":40.670551475,"2":41.0770595591,"3":40.8291882411,"4":41.1960350044,"5":41.2356963072,"6":41.1563735989,"7":40.9679934938,"8":40.8787601363,"9":40.8787614471,"10":40.8093567543,"11":41.0076550187,"12":40.8985927365,"13":41.1068001195,"14":41.4141629602,"15":41.3447585042,"16":40.7399550214,"17":40.6804645585,"18":40.8886799051,"19":40.4325944309,"20":41.9793053987,"21":39.6493253637,"22":39.7088131284,"23":39.6790696275,"24":39.7583886141,"25":39.6889827732,"26":40.2937877015,"27":40.6209793957,"28":41.5033938436,"29":41.205950616,"30":41.6025428772,"31":41.9991368066,"32":42.0784507566,"33":42.0487074187,"34":42.2866682431,"35":41.4835664011,"36":41.3348412403,"37":40.0558350155,"38":39.0841810412,"39":37.0219018462,"40":37.7952550568,"41":39.1337583672,"42":39.1436679065,"43":39.0643529406,"44":38.1521887815,"45":36.585650712,"46":37.2796834612,"47":36.4567573685,"48":32.9469128005,"49":32.8100013733,"50":32.8499984741,"51":31.8999996185,"52":28.1299991608,"53":26.6299991608,"54":26.6900005341,"55":24.5499992371,"56":25.6399993896,"57":27.3700008392,"58":27.5499992371,"59":26.6700000763,"60":26.6900005341,"61":27.4699993134,"62":26.2199993134,"63":26.6700000763,"64":26.2999992371,"65":27.9599990845,"66":29.5300006866,"67":29.7299995422,"68":31.3400001526,"69":30.5300006866,"70":31.1000003815,"71":29.8099994659,"72":29.1700000763,"73":30.0799999237,"74":29.0699996948,"75":28.2399997711,"76":28.4699993134,"77":28.2900009155,"78":28.0300006866,"79":28.7450008392,"80":28.7450008392},"Low":{"0":40.3830194732,"1":40.0657474539,"2":40.620979191,"3":40.2838744427,"4":40.4226810307,"5":40.7498689369,"6":40.5515733813,"7":40.6110597385,"8":40.5119132346,"9":40.4623412398,"10":40.4127628517,"11":40.5019975876,"12":40.4722555884,"13":40.6606329265,"14":40.8391021489,"15":40.7597845623,"16":39.9269408924,"17":39.7484737723,"18":40.1252390476,"19":39.8674505571,"20":38.8957989051,"21":38.9354578602,"22":38.8759689406,"23":38.9652021052,"24":39.3617984632,"25":39.242819354,"26":39.2626465419,"27":40.2541286879,"28":40.5813162426,"29":40.4325928849,"30":40.6606351476,"31":41.1563756663,"32":41.4934768365,"33":41.3249267708,"34":41.533140528,"35":40.6804654061,"36":39.0940958601,"37":38.9652036161,"38":37.5771331787,"39":35.2768968959,"40":35.7924629619,"41":36.9921594443,"42":37.259856349,"43":37.8547449095,"44":36.9425807399,"45":34.9298754617,"46":34.8604712234,"47":34.6522622241,"48":30.2600002289,"49":30.6599998474,"50":28.5799999237,"51":28.7199993134,"52":23.9599990845,"53":24.1200008392,"54":24.1100006104,"55":22.7800006866,"56":24.2999992371,"57":24.7800006866,"58":25.8199996948,"59":25.2299995422,"60":24.6599998474,"61":25.9799995422,"62":24.7700004578,"63":25.1499996185,"64":25.0,"65":26.6299991608,"66":28.1000003815,"67":28.2999992371,"68":29.6200008392,"69":29.0,"70":29.7900009155,"71":28.9400005341,"72":28.1000003815,"73":29.1000003815,"74":28.1900005341,"75":27.4899997711,"76":27.3999996185,"77":27.6700000763,"78":27.2900009155,"79":28.1499996185,"80":28.1499996185},"Close":{"0":41.0473136902,"1":40.3136177063,"2":40.8291893005,"3":40.4028511047,"4":40.7300415039,"5":40.9779129028,"6":40.6308898926,"7":40.8093566895,"8":40.6308898926,"9":40.5813179016,"10":40.6903800964,"11":40.6408081055,"12":40.6804656982,"13":41.0175666809,"14":41.3943328857,"15":40.9977378845,"16":39.9566841125,"17":40.4623413086,"18":40.1450691223,"19":40.164894104,"20":39.1139259338,"21":38.9552879333,"22":38.9057159424,"23":39.4708595276,"24":39.5799217224,"25":39.4708595276,"26":40.1946411133,"27":40.4127655029,"28":41.4339904785,"29":40.7796134949,"30":41.6025428772,"31":41.6322898865,"32":41.6124572754,"33":41.8801574707,"34":42.0883712769,"35":41.2753562927,"36":39.1139259338,"37":38.9751205444,"38":37.5771331787,"39":36.2584609985,"40":37.7456817627,"41":37.1309661865,"42":39.0147743225,"43":38.4892921448,"44":37.8349151611,"45":35.4157028198,"46":37.2301101685,"47":34.9100456238,"48":30.2600002289,"49":32.8100013733,"50":30.6000003815,"51":29.5300006866,"52":26.3199996948,"53":26.0799999237,"54":24.9099998474,"55":23.5,"56":25.3600006104,"57":26.1299991608,"58":27.0,"59":25.9400005341,"60":26.4899997711,"61":26.9599990845,"62":25.1599998474,"63":26.0499992371,"64":25.4699993134,"65":27.4099998474,"66":28.2700004578,"67":29.3099994659,"68":30.6000003815,"69":29.3600006104,"70":30.7999992371,"71":29.1000003815,"72":28.5,"73":29.5400009155,"74":28.4699993134,"75":27.5900001526,"76":27.75,"77":27.8500003815,"78":27.9099998474,"79":28.6350002289,"80":28.6350002289},"Volume":{"0":4201500,"1":4206700,"2":4998100,"3":5157100,"4":4994300,"5":4643900,"6":3553800,"7":4860300,"8":3166300,"9":3517600,"10":5733900,"11":6685800,"12":4928600,"13":5673800,"14":4467300,"15":4563300,"16":3765500,"17":6266900,"18":3785200,"19":8705600,"20":7536800,"21":4574500,"22":5920800,"23":5966900,"24":3840700,"25":2991600,"26":5277200,"27":3116900,"28":5993700,"29":3835700,"30":4706300,"31":4339400,"32":4206100,"33":4741200,"34":12196500,"35":6659800,"36":7673500,"37":6226500,"38":8569100,"39":13381400,"40":8790700,"41":9620000,"42":8141200,"43":9336500,"44":9936100,"45":13133800,"46":11199900,"47":10216500,"48":9363000,"49":9801000,"50":9864600,"51":9708500,"52":7365400,"53":7761700,"54":12206800,"55":10135000,"56":12893300,"57":13131700,"58":11994200,"59":7731300,"60":8695900,"61":8473000,"62":7616600,"63":8349700,"64":6786900,"65":8617700,"66":5960000,"67":4418100,"68":8105500,"69":4041300,"70":6660800,"71":4256200,"72":5279400,"73":4144400,"74":4635900,"75":4027900,"76":5615300,"77":4893900,"78":7403600,"79":1386639,"80":1386639}}