{"Open":{"0":146.0624731568,"1":144.9854762798,"2":144.5167852489,"3":145.9827027868,"4":146.6308873059,"5":147.059702866,"6":148.5654951012,"7":145.384357929,"8":146.7704917157,"9":146.6009680062,"10":149.2635382449,"11":149.0242228684,"12":148.3959636407,"13":150.1410946173,"14":149.6026120848,"15":152.025836059,"16":148.6353023501,"17":149.3233875231,"18":149.1438796256,"19":148.1466577379,"20":152.5643452087,"21":150.74940025,"22":152.6740442753,"23":160.980849698,"24":164.8001971666,"25":163.733178291,"26":164.8301151304,"27":168.9984869367,"28":168.0611050224,"29":167.9713591212,"30":168.6893528949,"31":171.1425033646,"32":173.2765494174,"33":173.5657464596,"34":173.2566102477,"35":165.0594853545,"36":168.2505764052,"37":164.0323421064,"38":157.2911400281,"39":151.7700042725,"40":152.6000061035,"41":158.6999969482,"42":160.9499969482,"43":160.4499969482,"44":160.2200012207,"45":152.4299926758,"46":156.1100006104,"47":161.0,"48":152.0399932861,"49":160.4900054932,"50":148.0,"51":150.8399963379,"52":145.0599975586,"53":162.6300048828,"54":152.9700012207,"55":134.4100036621,"56":133.9799957275,"57":141.3200073242,"58":142.2200012207,"59":146.9499969482,"60":150.6300048828,"61":154.5099945068,"62":149.8699951172,"63":144.3300018311,"64":149.9199981689,"65":160.7299957275,"66":171.5700073242,"67":158.8300018311,"68":170.6799926758,"69":168.3899993896,"70":165.9199981689,"71":164.2599945068,"72":166.0200042725,"73":168.6600036621,"74":166.9600067139,"75":164.6499938965,"76":157.3300018311,"77":159.6000061035,"78":157.2599945068,"79":161.2599945068,"80":161.2599945068},"High":{"0":146.3716081995,"1":145.6037463653,"2":146.401526067,"3":146.5610908957,"4":147.3289518851,"5":148.2364125076,"6":148.7051049765,"7":147.1494374717,"8":147.1793546189,"9":148.9444356783,"10":149.8618749523,"11":149.522831743,"12":150.400380958,"13":150.8790411939,"14":152.145520407,"15":153.0130870646,"16":149.6724020707,"17":150.6895709362,"18":150.2109098888,"19":152.8335778423,"20":152.5643452087,"21":152.4845645531,"22":154.8978356069,"23":164.3813657849,"24":165.2788726345,"25":165.6079524557,"26":168.2505799239,"27":169.3175886922,"28":168.7491876997,"29":169.5170496666,"30":171.7009394487,"31":173.665463025,"32":173.6355484133,"33":174.4432877023,"34":173.2566102477,"35":168.8489158274,"36":168.6095753962,"37":164.8201373806,"38":160.5420793956,"39":153.9100036621,"40":158.8200073242,"41":161.3899993896,"42":165.5899963379,"43":165.5500030518,"44":163.8399963379,"45":157.0800018311,"46":163.4900054932,"47":163.0200042725,"48":161.3300018311,"49":162.1399993896,"50":156.0700073242,"51":162.5599975586,"52":159.6000061035,"53":162.6300048828,"54":153.9100036621,"55":135.4100036621,"56":143.3699951172,"57":146.0399932861,"58":153.1999969482,"59":155.2200012207,"60":156.7799987793,"61":158.0599975586,"62":152.5500030518,"63":151.8399963379,"64":157.7700042725,"65":168.6699981689,"66":173.8200073242,"67":170.5,"68":171.9700012207,"69":169.7799987793,"70":168.3500061035,"71":165.7200012207,"72":167.4100036621,"73":170.6799926758,"74":168.1300048828,"75":164.8099975586,"76":161.0599975586,"77":160.6699981689,"78":159.1600036621,"79":162.4900054932,"80":162.4900054932},"Low":{"0":144.8957303104,"1":144.3073755688,"2":144.1079223456,"3":145.2447561892,"4":145.9428198587,"5":147.0198056348,"6":144.9555717405,"7":145.3345092184,"8":145.2148345602,"9":146.2120537134,"10":148.1666079032,"11":148.445834748,"12":148.3959636407,"13":149.1438769164,"14":148.4258872197,"15":149.9715700216,"16":147.8175765261,"17":148.3860004276,"18":149.0641003821,"19":148.1466577379,"20":148.8347454397,"21":150.450231892,"22":152.3648939897,"23":159.6346149019,"24":162.2872194339,"25":163.0849776495,"26":164.4312341172,"27":167.143661383,"28":165.6777552251,"29":167.7918520149,"30":168.2605413635,"31":170.713707041,"32":171.5414002843,"33":171.6411083559,"34":169.6167564799,"35":164.6107404127,"36":162.9354040852,"37":160.0334894603,"38":153.7909114576,"39":147.7299957275,"40":150.4199981689,"41":155.7400054932,"42":158.3500061035,"43":160.4499969482,"44":156.9299926758,"45":150.8200073242,"46":151.8200073242,"47":157.2599945068,"48":149.1999969482,"49":147.1699981689,"50":144.3999938965,"51":150.6000061035,"52":144.0700073242,"53":146.4400024414,"54":130.3000030518,"55":123.6399993896,"56":133.8999938965,"57":138.1100006104,"58":141.3399963379,"59":145.2799987793,"60":146.4900054932,"61":152.7100067139,"62":144.6900024414,"63":142.5700073242,"64":149.5299987793,"65":159.3800048828,"66":166.0099945068,"67":158.8300018311,"68":169.1999969482,"69":162.2200012207,"70":164.0500030518,"71":161.2899932861,"72":162.8099975586,"73":167.8399963379,"74":165.9600067139,"75":155.0,"76":156.0099945068,"77":155.6999969482,"78":155.2599945068,"79":160.25,"80":160.25},"Close":{"0":145.484085083,"1":145.3145599365,"2":146.3217468262,"3":146.0724487305,"4":146.3018188477,"5":148.2064971924,"6":145.1051483154,"7":146.7804718018,"8":146.6608123779,"9":148.2364044189,"10":148.8546905518,"11":149.0541381836,"12":149.1937408447,"13":149.1937408447,"14":151.9859619141,"15":150.8291778564,"16":148.6253204346,"17":149.632522583,"18":149.1837768555,"19":152.6441192627,"20":149.1239318848,"21":151.557144165,"22":153.3421783447,"23":163.5237579346,"24":163.7431488037,"25":164.8301086426,"26":167.911529541,"27":167.6522369385,"28":168.6494598389,"29":168.4799346924,"30":171.6012268066,"31":172.3790588379,"32":173.3363952637,"33":173.974609375,"34":170.5341949463,"35":167.4627685547,"36":163.2944030762,"37":160.103302002,"38":154.1199951172,"39":151.7400054932,"40":158.7299957275,"41":157.7899932861,"42":165.3999938965,"43":164.9900054932,"44":161.4400024414,"45":151.6300048828,"46":163.4299926758,"47":161.0099945068,"48":155.1499938965,"49":160.8999938965,"50":147.9600067139,"51":156.1900024414,"52":158.6300048828,"53":148.5700073242,"54":134.3300018311,"55":129.6100006104,"56":142.2299957275,"57":141.8600006104,"58":151.0099945068,"59":149.0299987793,"60":156.0500030518,"61":155.2400054932,"62":147.0800018311,"63":151.1600036621,"64":156.2100067139,"65":167.3399963379,"66":167.1799926758,"67":169.3800048828,"68":170.1600036621,"69":163.1199951172,"70":168.0,"71":163.2200012207,"72":165.4100036621,"73":169.6600036621,"74":166.6699981689,"75":156.3800048828,"76":159.6399993896,"77":156.1999969482,"78":159.1100006104,"79":161.6799926758,"80":161.6799926758},"Volume":{"0":446400,"1":205700,"2":242900,"3":320700,"4":458500,"5":311200,"6":336500,"7":336700,"8":390200,"9":437600,"10":323700,"11":278500,"12":293900,"13":351600,"14":411200,"15":418500,"16":360800,"17":813900,"18":336900,"19":520500,"20":824500,"21":397000,"22":498300,"23":957300,"24":937200,"25":560000,"26":351800,"27":426700,"28":431000,"29":550800,"30":351400,"31":654800,"32":511600,"33":388200,"34":418800,"35":455300,"36":737000,"37":602000,"38":685600,"39":1178300,"40":826500,"41":1557000,"42":649600,"43":834200,"44":857600,"45":774000,"46":925500,"47":868800,"48":1352400,"49":1468600,"50":1085800,"51":1044500,"52":839200,"53":1172100,"54":1370100,"55":950400,"56":897700,"57":818600,"58":863700,"59":545300,"60":571700,"61":781000,"62":624600,"63":527400,"64":718800,"65":960600,"66":995100,"67":884500,"68":427000,"69":439100,"70":503400,"71":423400,"72":480900,"73":488500,"74":476900,"75":442700,"76":499600,"77":526400,"78":870200,"79":83403,"80":83403}}