{"Open":{"0":144.9457172881,"1":142.5907424689,"2":143.087578245,"3":143.0975006115,"4":143.9520626455,"5":144.8364159772,"6":144.8264842607,"7":144.5582024478,"8":144.1309268754,"9":145.472370959,"10":146.4858993454,"11":147.4696439899,"12":147.6385578374,"13":145.7704718129,"14":147.1019665193,"15":147.6385656292,"16":146.5852777157,"17":147.5193307202,"18":148.503046004,"19":149.0793615032,"20":148.8011409551,"21":148.4732275701,"22":150.5301311924,"23":150.758661329,"24":153.2726290338,"25":152.3683911483,"26":150.7189140084,"27":151.3250492824,"28":150.9077011256,"29":149.2085560516,"30":149.6060095835,"31":149.5165818978,"32":148.2645703052,"33":147.6683706228,"34":147.1516581037,"35":146.5,"36":145.9900054932,"37":145.3500061035,"38":142.5599975586,"39":135.3600006104,"40":134.7799987793,"41":140.0,"42":137.6799926758,"43":140.8000030518,"44":138.4799957275,"45":136.3300018311,"46":139.9700012207,"47":138.0899963379,"48":127.3099975586,"49":129.3200073242,"50":123.5699996948,"51":128.5500030518,"52":131.0200042725,"53":134.9900054932,"54":126.8300018311,"55":117.0,"56":118.7600021362,"57":118.9100036621,"58":120.5699996948,"59":121.6500015259,"60":128.4600067139,"61":134.9900054932,"62":127.6999969482,"63":129.1199951172,"64":132.3800048828,"65":137.0099945068,"66":139.8600006104,"67":137.75,"68":144.0099945068,"69":140.0,"70":145.4199981689,"71":145.5500030518,"72":148.3099975586,"73":151.9900054932,"74":150.9299926758,"75":150.1199951172,"76":152.8099975586,"77":154.25,"78":155.5700073242,"79":154.8099975586,"80":154.8099975586},"High":{"0":145.0947759385,"1":144.4488887558,"2":143.2863079601,"3":144.5283787318,"4":145.0550300148,"5":145.1047094226,"6":145.2537523739,"7":144.8662357937,"8":145.6810398662,"9":146.4660347365,"10":147.8968999656,"11":148.4633077616,"12":149.2184795186,"13":148.2347537135,"14":147.8273519323,"15":148.0062163744,"16":148.5129877781,"17":149.6159618922,"18":150.232026406,"19":149.5563158268,"20":149.0495568832,"21":149.5364550022,"22":151.7821420943,"23":153.0440909253,"24":153.5210449642,"25":152.4876411049,"26":150.9474675932,"27":151.4144905452,"28":151.1859257484,"29":150.0829698631,"30":149.6855045018,"31":149.7848753489,"32":148.8110732214,"33":148.4334959564,"34":149.2880442199,"35":149.0,"36":146.75,"37":146.2200012207,"38":144.7700042725,"39":137.2899932861,"40":140.1300048828,"41":140.9900054932,"42":143.6399993896,"43":142.6799926758,"44":143.0099945068,"45":139.6799926758,"46":141.9499969482,"47":138.75,"48":133.7599945068,"49":134.9199981689,"50":133.7599945068,"51":136.7700042725,"52":135.6699981689,"53":134.9900054932,"54":127.4400024414,"55":118.5599975586,"56":119.6500015259,"57":123.9599990845,"58":127.0999984741,"59":127.6200027466,"60":133.9900054932,"61":135.7100067139,"62":130.2299957275,"63":134.0,"64":134.7899932861,"65":140.9700012207,"66":142.0299987793,"67":144.1300048828,"68":145.4199981689,"69":141.4900054932,"70":147.4199981689,"71":147.9100036621,"72":150.6799926758,"73":152.3000030518,"74":153.0,"75":151.6399993896,"76":155.0,"77":157.0,"78":156.3000030518,"79":156.0498962402,"80":156.0498962402},"Low":{"0":144.160729646,"1":142.0939106136,"2":141.9448710113,"3":140.4841754523,"4":142.7894778772,"5":144.0713058422,"6":143.9818640509,"7":143.8030234335,"8":143.8129472044,"9":145.3133962778,"10":145.2736284307,"11":146.9926744628,"12":147.55906292,"13":145.0749102073,"14":145.8300782046,"15":146.9926750777,"16":146.0685683307,"17":147.2112822138,"18":148.1850814849,"19":148.105575337,"20":147.6981736276,"21":148.2943753827,"22":150.241960206,"23":150.3512555635,"24":151.7722022728,"25":150.5897397613,"26":149.933926298,"27":150.5798014528,"28":149.9637236439,"29":148.9303314077,"30":148.2049400776,"31":148.1155124068,"32":147.6385573099,"33":146.4660308129,"34":146.6051400199,"35":145.25,"36":143.8300018311,"37":143.5899963379,"38":138.9499969482,"39":130.8200073242,"40":134.0099945068,"41":133.1000061035,"42":137.1399993896,"43":139.8399963379,"44":137.4100036621,"45":134.8999938965,"46":134.2299957275,"47":131.5,"48":124.5,"49":124.6500015259,"50":122.4300003052,"51":127.8099975586,"52":128.7100067139,"53":126.1500015259,"54":118.1299972534,"55":109.1600036621,"56":113.8600006104,"57":116.6999969482,"58":120.3799972534,"59":120.5800018311,"60":127.5,"61":130.0500030518,"62":125.5,"63":127.2200012207,"64":131.5800018311,"65":135.5399932861,"66":137.2599945068,"67":137.3000030518,"68":140.2799987793,"69":137.8399963379,"70":144.0500030518,"71":143.5399932861,"72":146.4400024414,"73":149.6000061035,"74":150.0899963379,"75":148.5700073242,"76":151.7299957275,"77":153.6999969482,"78":153.6399993896,"79":154.4700012207,"80":154.4700012207},"Close":{"0":145.0450897217,"1":143.3657989502,"2":143.1869506836,"3":144.0613555908,"4":144.0415039062,"5":144.4687652588,"6":144.1408538818,"7":144.7768096924,"8":145.5916137695,"9":146.0785064697,"10":147.2609558105,"11":148.224822998,"12":148.3241882324,"13":147.3106536865,"14":147.5888671875,"15":147.3802185059,"16":147.8074798584,"17":148.552734375,"18":149.5861358643,"19":149.4072723389,"20":147.9267120361,"21":149.2184753418,"22":150.6394348145,"23":153.0142822266,"24":152.5571899414,"25":150.9275817871,"26":150.8977813721,"27":151.0269622803,"28":150.1326446533,"29":149.1389923096,"30":149.1787414551,"31":148.1950073242,"32":147.9962768555,"33":147.4298858643,"34":148.9799957275,"35":145.9100036621,"36":144.6499938965,"37":143.6799926758,"38":139.1199951172,"39":134.4799957275,"40":140.0200042725,"41":135.5899963379,"42":143.4799957275,"43":142.0099945068,"44":142.0299987793,"45":136.4400024414,"46":141.6399993896,"47":131.8000030518,"48":125.4100036621,"49":134.2899932861,"50":127.1299972534,"51":136.5899963379,"52":134.9600067139,"53":127.0500030518,"54":119.8899993896,"55":111.1399993896,"56":119.1800003052,"57":119.4000015259,"58":126.5699996948,"59":123.1600036621,"60":133.0099945068,"61":131.1300048828,"62":128.8099975586,"63":133.1499938965,"64":134.1699981689,"65":139.7599945068,"66":137.4799957275,"67":143.2599945068,"68":141.2299957275,"69":139.7700042725,"70":146.0299987793,"71":147.6600036621,"72":149.6699981689,"73":152.0200042725,"74":151.6699981689,"75":149.6799926758,"76":152.9900054932,"77":155.5099945068,"78":154.8600006104,"79":155.1499023438,"80":155.1499023438},"Volume":{"0":5777000,"1":5752400,"2":7731300,"3":7382900,"4":6605800,"5":6112700,"6":5042600,"7":4593200,"8":7037500,"9":4960300,"10":6476000,"11":9083600,"12":9543900,"13":10305300,"14":8671900,"15":9051900,"16":7587100,"17":7336600,"18":6288600,"19":6470600,"20":8651700,"21":5765200,"22":6541400,"23":5979900,"24":6201200,"25":5700300,"26":4835600,"27":3715300,"28":5166800,"29":5480200,"30":5716300,"31":7230700,"32":6115200,"33":7464700,"34":7776800,"35":10588900,"36":10529000,"37":10093800,"38":12566700,"39":19825500,"40":11508200,"41":13662500,"42":10560500,"43":11339200,"44":12239100,"45":13848600,"46":12698100,"47":17763400,"48":21539200,"49":20084200,"50":18877900,"51":18911800,"52":17521100,"53":18482300,"54":19785100,"55":20815200,"56":17604800,"57":13986100,"58":15066800,"59":12133200,"60":21754000,"61":15746100,"62":12606100,"63":11594500,"64":10071200,"65":14994400,"66":11567100,"67":10758200,"68":11127200,"69":8153200,"70":13838000,"71":11962300,"72":12181700,"73":10920000,"74":12226200,"75":9951100,"76":11518300,"77":10665000,"78":8653400,"79":2728106,"80":2728106}}