{"Open":{"0":24.5817559646,"1":24.0368172835,"2":23.9377365666,"3":24.1755297195,"4":23.9080115159,"5":24.0070920248,"6":24.1458055692,"7":24.0665413227,"8":24.2547922755,"9":24.2448849364,"10":24.4331370919,"11":24.7601018249,"12":24.403412722,"13":24.3637810621,"14":24.1656214242,"15":24.3439659756,"16":23.9872761667,"17":22.5208918199,"18":23.145097833,"19":22.3029165911,"20":22.5407093375,"21":22.6794205541,"22":23.2937165158,"23":23.3432562273,"24":23.1550048496,"25":22.9172127561,"26":23.4522454351,"27":24.2151616892,"28":24.3637815108,"29":23.9377367835,"30":24.6907447371,"31":23.8981052994,"32":23.9080123549,"33":23.7494852696,"34":24.0368179459,"35":23.4522460502,"36":23.1550049624,"37":22.6001567981,"38":21.8174257136,"39":20.9500007629,"40":21.2399997711,"41":21.8400001526,"42":22.0,"43":22.0,"44":20.9200000763,"45":20.3700008392,"46":20.3899993896,"47":20.8299999237,"48":19.1100006104,"49":20.1299991608,"50":16.7900009155,"51":18.4400005341,"52":16.9599990845,"53":18.1900005341,"54":18.2900009155,"55":17.5799999237,"56":18.0200004578,"57":19.6000003815,"58":19.4599990845,"59":19.8799991608,"60":20.0400009155,"61":20.1299991608,"62":18.6100006104,"63":18.5200004578,"64":19.5900001526,"65":20.6800003052,"66":21.8299999237,"67":22.1100006104,"68":22.3600006104,"69":21.6599998474,"70":22.1399993896,"71":22.1599998474,"72":21.9400005341,"73":22.3199996948,"74":22.9699993134,"75":22.9400005341,"76":23.0100002289,"77":23.25,"78":23.2600002289,"79":23.4699993134,"80":23.4699993134},"High":{"0":24.6709281466,"1":24.2845173768,"2":24.1854366568,"3":24.1755297195,"4":24.0962641107,"5":24.1557116994,"6":24.1656201401,"7":24.3835971312,"8":24.3142416576,"9":24.3935065072,"10":24.7105618772,"11":24.7700100557,"12":24.5322178307,"13":24.4727697067,"14":24.3538740315,"15":24.4628628573,"16":24.4529535524,"17":23.6999447822,"18":23.2441763607,"19":22.7785003159,"20":22.8280423636,"21":23.0955567977,"22":23.3531640078,"23":23.4225201815,"24":23.214452341,"25":23.660313067,"26":24.1061735449,"27":24.393506059,"28":24.7402848239,"29":24.7402845539,"30":24.7204694278,"31":24.0467249741,"32":24.1259896482,"33":24.1557132886,"34":24.2647015845,"35":23.4918770843,"36":23.1847277634,"37":22.6001567981,"38":22.4119063439,"39":21.4899997711,"40":21.8899993896,"41":22.6700000763,"42":22.5900001526,"43":22.25,"44":21.4599990845,"45":20.6000003815,"46":21.3799991608,"47":20.8799991608,"48":19.6599998474,"49":20.5799999237,"50":19.8199996948,"51":19.2800006866,"52":18.4500007629,"53":18.6800003052,"54":18.6499996185,"55":17.9599990845,"56":19.5799999237,"57":20.2199993134,"58":20.5300006866,"59":20.4599990845,"60":20.3199996948,"61":20.3600006104,"62":19.3099994659,"63":19.7099990845,"64":20.2199993134,"65":21.5300006866,"66":22.3299999237,"67":22.3799991608,"68":22.5200004578,"69":21.9099998474,"70":22.6100006104,"71":22.4099998474,"72":22.0499992371,"73":22.6200008392,"74":23.5599994659,"75":23.0,"76":23.3600006104,"77":23.4200000763,"78":23.3199996948,"79":23.6599998474,"80":23.6599998474},"Low":{"0":24.3142413084,"1":23.9476450987,"2":23.9179201058,"3":23.8386574276,"4":23.7990247629,"5":23.8287476595,"6":23.8386560974,"7":23.9278279891,"8":24.1259890607,"9":24.1259899475,"10":24.3736895986,"11":24.2647016238,"12":24.2845177337,"13":24.1458056627,"14":23.8683820567,"15":24.1854380598,"16":23.561233593,"17":22.4614443272,"18":22.5010760644,"19":22.1939279455,"20":22.1741123541,"21":22.6199730592,"22":22.9469360144,"23":23.0559251023,"24":22.8973965336,"25":22.907306415,"26":23.4126125122,"27":24.0269090888,"28":24.1259896462,"29":23.789117106,"30":23.9773691672,"31":23.7395755046,"32":23.650405919,"33":23.7296706975,"34":23.8881982637,"35":23.0559262596,"36":22.1939274155,"37":21.8075172269,"38":21.3418419653,"39":20.7099990845,"40":20.8700008392,"41":21.4799995422,"42":21.6700000763,"43":21.3899993896,"44":20.8500003815,"45":19.7099990845,"46":20.1200008392,"47":20.0,"48":17.7900009155,"49":18.6399993896,"50":15.1999998093,"51":17.3400001526,"52":16.7700004578,"53":17.3899993896,"54":17.5200004578,"55":16.8700008392,"56":17.8199996948,"57":19.3099994659,"58":19.2199993134,"59":19.4300003052,"60":19.5100002289,"61":19.0300006866,"62":18.4500007629,"63":18.5200004578,"64":19.4400005341,"65":20.4099998474,"66":21.6800003052,"67":21.8999996185,"68":21.4699993134,"69":21.5,"70":22.0,"71":21.6200008392,"72":21.3600006104,"73":22.0799999237,"74":22.6599998474,"75":22.4599990845,"76":22.8299999237,"77":22.9400005341,"78":23.0,"79":23.3500003815,"80":23.3500003815},"Close":{"0":24.4826755524,"1":24.1160812378,"2":24.0665416718,"3":23.9674625397,"4":23.8881969452,"5":24.1458053589,"6":23.9377365112,"7":24.3142414093,"8":24.2349758148,"9":24.2547931671,"10":24.6709289551,"11":24.4727706909,"12":24.2944259644,"13":24.1953449249,"14":24.2647018433,"15":24.3538742065,"16":24.244884491,"17":23.0460166931,"18":22.550617218,"19":22.7091445923,"20":22.7289619446,"21":22.9370288849,"22":23.1252803802,"23":23.1351890564,"24":22.9073047638,"25":23.5414180756,"26":23.9575538635,"27":24.244884491,"28":24.2052536011,"29":24.7105617523,"30":24.0170001984,"31":23.8485641479,"32":23.779209137,"33":24.0962657928,"34":23.9179210663,"35":23.0757427216,"36":22.4416275024,"37":22.1741123199,"38":21.5400009155,"39":21.2199993134,"40":21.8799991608,"41":21.7900009155,"42":22.5699996948,"43":21.5900001526,"44":21.3799991608,"45":19.9400005341,"46":21.3500003815,"47":20.2900009155,"48":19.2000007629,"49":20.2999992371,"50":18.4899997711,"51":18.5200004578,"52":18.3600006104,"53":18.1700000763,"54":17.6399993896,"55":17.2800006866,"56":19.4500007629,"57":19.4200000763,"58":20.4099998474,"59":19.9400005341,"60":20.25,"61":19.1399993896,"62":19.2199993134,"63":19.6599998474,"64":20.1100006104,"65":21.3400001526,"66":21.8299999237,"67":22.25,"68":21.6700000763,"69":21.8400001526,"70":22.4799995422,"71":21.8899993896,"72":21.9400005341,"73":22.5699996948,"74":23.1000003815,"75":22.6100006104,"76":23.2000007629,"77":23.1299991608,"78":23.2900009155,"79":23.5849990845,"80":23.5849990845},"Volume":{"0":2876000,"1":3041800,"2":4141100,"3":1909500,"4":2143000,"5":2349400,"6":1714100,"7":1752900,"8":2006200,"9":1277300,"10":2136000,"11":3974000,"12":3497100,"13":2454000,"14":2025100,"15":3254400,"16":8716500,"17":10405300,"18":4582800,"19":4234500,"20":6329500,"21":5588500,"22":4932000,"23":4900300,"24":4738500,"25":6273900,"26":4878300,"27":4263500,"28":3729700,"29":5018100,"30":6793400,"31":2813600,"32":3160400,"33":2926900,"34":2930000,"35":4400600,"36":3700000,"37":5739400,"38":5566000,"39":7063900,"40":5470800,"41":5379900,"42":3614300,"43":3698600,"44":3199100,"45":3926500,"46":6641200,"47":4769400,"48":5657500,"49":4838100,"50":7237100,"51":5958900,"52":6541100,"53":6661700,"54":3491700,"55":4383100,"56":5244300,"57":5323200,"58":4179100,"59":4103500,"60":2334400,"61":6755900,"62":3723300,"63":4387900,"64":4753500,"65":4517200,"66":3620400,"67":3375000,"68":3934000,"69":2365200,"70":3552900,"71":3200600,"72":2935800,"73":3477300,"74":4260600,"75":4282100,"76":5316800,"77":2688800,"78":3729200,"79":886300,"80":886300}}