{"Open":{"0":137.4697888428,"1":136.0858789466,"2":135.1555418494,"3":135.8681395734,"4":134.3043789173,"5":136.6302162659,"6":135.7988683103,"7":134.7893485282,"8":136.5213568932,"9":136.4322871516,"10":136.0363800029,"11":136.1254554475,"12":135.7790694234,"13":135.8285606164,"14":134.3142916458,"15":134.9674941607,"16":128.9302405808,"17":131.4737956474,"18":133.4235393451,"19":131.325345227,"20":133.1068321965,"21":131.2956624994,"22":134.1559257576,"23":135.1654431541,"24":136.8182735103,"25":135.3237848847,"26":135.5415263802,"27":136.8380548373,"28":137.174569573,"29":136.3333072528,"30":136.4223767754,"31":135.9275237126,"32":135.5019519705,"33":135.7592725624,"34":135.1456486589,"35":130.088200182,"36":129.6527284693,"37":125.6245809444,"38":121.6459278136,"39":116.3113579137,"40":115.4305099598,"41":119.7258792973,"42":117.1130293534,"43":114.4803877461,"44":105.1671630548,"45":95.5768180911,"46":97.9818315093,"47":96.695193848,"48":88.6686024562,"49":95.0027867741,"50":84.3237514223,"51":89.9552368938,"52":86.7683525386,"53":80.7211883345,"54":85.4124493588,"55":81.8296716753,"56":84.0268439684,"57":88.3222088115,"58":93.1124341746,"59":92.2315831996,"60":89.7177110933,"61":91.1033096253,"62":84.2247807907,"63":82.6511388347,"64":86.0,"65":88.9899978638,"66":94.4499969482,"67":92.0999984741,"68":96.9199981689,"69":103.1100006104,"70":101.0199966431,"71":91.1500015259,"72":90.2300033569,"73":92.0,"74":92.4700012207,"75":88.6200027466,"76":90.6900024414,"77":89.7399978638,"78":90.6399993896,"79":91.9400024414,"80":91.9400024414},"High":{"0":138.7580583474,"1":137.7980825041,"2":136.8479619439,"3":136.4421763627,"4":136.1650487318,"5":136.808357792,"6":135.8384502849,"7":135.7889556885,"8":139.3123467177,"9":137.1745737735,"10":136.4817489168,"11":136.8677420301,"12":136.6500238803,"13":135.9869036189,"14":135.3336973609,"15":135.0268746727,"16":131.5727791161,"17":133.5818943707,"18":134.1460274056,"19":134.7299687848,"20":133.4433318147,"21":132.8594148093,"22":135.19512995,"23":136.3135015723,"24":136.8677472029,"25":136.254119794,"26":136.4322793366,"27":137.3923081836,"28":137.8574605587,"29":136.917235761,"30":136.7687832307,"31":136.2937287184,"32":136.9667266738,"33":136.9370364171,"34":135.5118385454,"35":131.8300939242,"36":130.8700742867,"37":127.6238028083,"38":124.328055738,"39":117.2713831212,"40":120.329605957,"41":121.6855116614,"42":118.9539006684,"43":115.2325736251,"44":109.1854052594,"45":98.2094647406,"46":100.2383815723,"47":99.0210311338,"48":95.9628079518,"49":102.920510611,"50":93.0134592205,"51":96.4378761295,"52":89.8562674911,"53":87.2038274438,"54":88.5399463643,"55":82.8886668784,"56":89.1733613342,"57":94.1714310215,"58":97.5562545658,"59":93.8646076159,"60":93.12232726,"61":93.2015015336,"62":85.6697643988,"63":87.0058882981,"64":87.4800033569,"65":90.9899978638,"66":94.5,"67":94.8600006104,"68":104.3899993896,"69":103.1100006104,"70":102.0,"71":92.0299987793,"72":90.5699996948,"73":95.6999969482,"74":94.7099990845,"75":91.3799972534,"76":91.8700027466,"77":91.2799987793,"78":91.0999984741,"79":95.6299972534,"80":95.6299972534},"Low":{"0":136.94858687,"1":135.6702002559,"2":135.0961613376,"3":134.4231634329,"4":134.2054164369,"5":135.6305940301,"6":134.4132575705,"7":134.363763035,"8":136.2739280211,"9":134.749758727,"10":135.4326529991,"11":135.9077319437,"12":135.2842116823,"13":134.9774046826,"14":133.3344679043,"15":130.9591585783,"16":128.376002325,"17":131.1174974843,"18":132.3150628575,"19":131.325345227,"20":130.1178874013,"21":131.2956624994,"22":133.6907583105,"23":134.6111898293,"24":135.6998901844,"25":134.8982145038,"26":135.3435863127,"27":136.3629956423,"28":136.3827941802,"29":134.9971853152,"30":135.531638893,"31":133.661081853,"32":134.9378068898,"33":135.12585525,"34":133.5324076316,"35":129.4547829029,"36":124.2983640737,"37":125.040644909,"38":120.0524853583,"39":111.5013477094,"40":113.2828292503,"41":115.0445218923,"42":113.5203574881,"43":111.4221705377,"44":103.9399104925,"45":92.0435343333,"46":93.6072909451,"47":93.5775963049,"48":85.4322362967,"49":91.0538241247,"50":83.680442435,"51":86.6001021131,"52":79.5335349445,"53":76.1190176098,"54":81.6317365089,"55":77.2868739461,"56":82.0474130507,"57":83.6705489974,"58":92.5779869093,"59":89.6187350724,"60":88.3815966858,"61":88.4211741277,"62":82.3938087726,"63":82.1067923202,"64":82.7699966431,"65":87.6999969482,"66":90.3799972534,"67":90.5500030518,"68":96.8899993896,"69":97.3000030518,"70":93.6399993896,"71":90.1299972534,"72":87.0500030518,"73":90.9599990845,"74":90.4599990845,"75":88.3300018311,"76":89.1800003052,"77":89.2600021362,"78":88.4899978638,"79":91.5500030518,"80":91.5500030518},"Close":{"0":138.7482147217,"1":136.9172363281,"2":136.8083648682,"3":134.4825439453,"4":135.5316314697,"5":136.0264892578,"6":134.6705932617,"7":135.7889556885,"8":137.3725128174,"9":135.3139038086,"10":135.8384399414,"11":136.7786712646,"12":135.4326629639,"13":135.274307251,"14":135.1357421875,"15":131.7806091309,"16":130.6721343994,"17":133.0474395752,"18":132.8495025635,"19":134.4924316406,"20":130.9987335205,"21":131.9983520508,"22":133.8985900879,"23":136.1749420166,"24":136.1947479248,"25":135.759262085,"26":136.3234100342,"27":136.5807342529,"28":136.5807342529,"29":136.4619750977,"30":136.046295166,"31":134.245010376,"32":136.0759887695,"33":136.0759887695,"34":134.4132537842,"35":130.8007965088,"36":124.961479187,"37":125.337562561,"38":120.1217651367,"39":114.9158630371,"40":120.2702178955,"41":115.7571182251,"42":118.6173934937,"43":112.7978744507,"44":106.9684448242,"45":92.4790115356,"46":99.6643447876,"47":94.9730911255,"48":87.1444473267,"49":102.8413391113,"50":87.4512557983,"51":92.7957229614,"52":83.0272293091,"53":84.4227294922,"54":82.641242981,"55":78.2172088623,"56":87.5205383301,"57":90.786605835,"58":97.1108856201,"59":90.1927642822,"60":92.5383987427,"61":89.1040802002,"62":83.4923934937,"63":86.6100006104,"64":84.0500030518,"65":89.4599990845,"66":90.6399993896,"67":94.3000030518,"68":102.7600021362,"69":98.1900024414,"70":95.5,"71":90.7900009155,"72":87.3300018311,"73":95.1800003052,"74":91.7099990845,"75":89.0500030518,"76":89.3399963379,"77":89.3899993896,"78":90.7099990845,"79":94.8600006104,"80":94.8600006104},"Volume":{"0":10803700,"1":10386800,"2":10259000,"3":10531300,"4":9695300,"5":9469000,"6":10190900,"7":12355200,"8":24906000,"9":16293400,"10":10783800,"11":14697700,"12":8474200,"13":7549100,"14":9345700,"15":15166400,"16":12860500,"17":13062800,"18":9326000,"19":9048900,"20":12785200,"21":10021100,"22":9157100,"23":10150700,"24":8992300,"25":6379800,"26":5960700,"27":6578600,"28":7958000,"29":7447500,"30":6627600,"31":8996400,"32":7071200,"33":7422800,"34":9772800,"35":13618400,"36":20797200,"37":24825600,"38":23005500,"39":45942600,"40":27355400,"41":32547700,"42":25795900,"43":25025600,"44":38159400,"45":40352000,"46":31102700,"47":38127000,"48":49725200,"49":38543300,"50":38589700,"51":35239800,"52":41525600,"53":32175100,"54":30150800,"55":32536600,"56":34363200,"57":38111700,"58":29826300,"59":30041500,"60":21656900,"61":23379300,"62":28029600,"63":24018000,"64":21199400,"65":26820800,"66":22563800,"67":22903300,"68":42084700,"69":26911900,"70":46151300,"71":30118600,"72":32449600,"73":30191900,"74":23679400,"75":23035000,"76":16706000,"77":16638800,"78":15809200,"79":10059005,"80":10059005}}