{"Open":{"0":40.5565994478,"1":38.9078743045,"2":40.2308013815,"3":41.0107383578,"4":41.7116912824,"5":41.0601020338,"6":41.3858955772,"7":41.1193381821,"8":41.1983177455,"9":40.6553238147,"10":39.9741172791,"11":40.0136047646,"12":39.7766647391,"13":39.2929046849,"14":39.0757118151,"15":38.9671135186,"16":37.4368568428,"17":38.1378143007,"18":38.2365402505,"19":37.4072425076,"20":38.1081940693,"21":36.5285827271,"22":37.634312425,"23":38.2069220624,"24":40.1518204594,"25":38.8782601135,"26":37.5158424673,"27":37.5750777979,"28":38.3352683256,"29":38.9473686364,"30":38.8683830073,"31":39.5397224716,"32":39.4804885309,"33":39.983986676,"34":40.1024582207,"35":38.4241180769,"36":38.730170688,"37":36.5581970645,"38":34.7218964058,"39":33.5964232913,"40":34.3368667842,"41":34.1591591689,"42":30.9801845439,"43":31.0591656777,"44":28.3047153287,"45":26.6499996185,"46":27.8199996948,"47":26.4200000763,"48":22.4599990845,"49":21.4500007629,"50":18.5,"51":17.1499996185,"52":17.2700004578,"53":19.3400001526,"54":21.3500003815,"55":17.7199993134,"56":16.7199993134,"57":18.7000007629,"58":18.2399997711,"59":16.8400001526,"60":15.8400001526,"61":15.6999998093,"62":14.5,"63":13.2100000381,"64":13.1400003433,"65":14.1800003052,"66":18.8899993896,"67":18.3799991608,"68":20.7999992371,"69":21.3999996185,"70":21.1200008392,"71":18.5499992371,"72":18.1000003815,"73":18.75,"74":18.0,"75":16.5,"76":17.0300006866,"77":16.2099990845,"78":17.6499996185,"79":18.1000003815,"80":18.1000003815},"High":{"0":40.6651947687,"1":40.2801636155,"2":40.7046852158,"3":42.8174203075,"4":42.4126442438,"5":42.1065979315,"6":41.8202919486,"7":41.4846229516,"8":41.4550071953,"9":40.8626472901,"10":40.5368545896,"11":40.1320785524,"12":39.8457725656,"13":39.9741157573,"14":39.1448196417,"15":38.9671135186,"16":38.0687057219,"17":38.1674308641,"18":38.9078766653,"19":38.3253936691,"20":38.1674309623,"21":37.6343117444,"22":38.0489631677,"23":40.2011855904,"24":40.4381264643,"25":39.0460923342,"26":38.078579803,"27":38.0094703894,"28":39.3126526151,"29":38.9473686364,"30":39.816154442,"31":39.9247528817,"32":40.0333511531,"33":40.7836677654,"34":40.3887642253,"35":39.0855835585,"36":38.730170688,"37":37.2690247011,"38":36.4693452467,"39":35.1365487204,"40":34.3368667842,"41":35.3339997642,"42":32.8855964723,"43":31.5527951529,"44":29.8152222618,"45":27.3099994659,"46":28.1399993896,"47":26.4200000763,"48":22.5400009155,"49":22.1299991608,"50":19.1100006104,"51":18.7399997711,"52":20.2999992371,"53":22.2600002289,"54":21.7299995422,"55":18.0699996948,"56":19.0,"57":19.8700008392,"58":19.1299991608,"59":16.8400001526,"60":16.0699996948,"61":16.5699996948,"62":14.5500001907,"63":14.5600004196,"64":13.3800001144,"65":16.4699993134,"66":20.9400005341,"67":20.3500003815,"68":21.9400005341,"69":21.9899997711,"70":22.0799999237,"71":18.8999996185,"72":18.1100006104,"73":19.3500003815,"74":18.8899993896,"75":17.2299995422,"76":17.1900005341,"77":17.7099990845,"78":18.3299999237,"79":19.5900001526,"80":19.5900001526},"Low":{"0":39.3620132568,"1":38.8190208501,"2":39.6680640929,"3":40.9416305314,"4":41.0995917784,"5":40.8132872834,"6":41.1193389607,"7":40.4480017718,"8":40.66519698,"9":39.8753883413,"10":39.6483200118,"11":39.7075568949,"12":38.7696601394,"13":39.2731590543,"14":38.3846297833,"15":38.0687079889,"16":37.1703002457,"17":37.3874953896,"18":38.0292167664,"19":37.2788977845,"20":36.0645683385,"21":36.2916389118,"22":37.2196654483,"23":38.0785773446,"24":39.2830352783,"25":37.4368591246,"26":37.1801742525,"27":36.9827201556,"28":38.0588332479,"29":37.8120192703,"30":38.5327148206,"31":39.0164764032,"32":39.1448203248,"33":39.756917574,"34":39.8062812836,"35":38.2661567892,"36":35.5709410883,"37":35.600558461,"38":33.6260421051,"39":33.2015219424,"40":32.7078916953,"41":32.6585288349,"42":30.7333698102,"43":28.8082164758,"44":27.7222323737,"45":25.5100002289,"46":25.9599990845,"47":23.8700008392,"48":19.2199993134,"49":20.1800003052,"50":16.2700004578,"51":14.0600004196,"52":16.6100006104,"53":18.3899993896,"54":17.6000003815,"55":15.0699996948,"56":16.5900001526,"57":16.6100006104,"58":16.9400005341,"59":15.5699996948,"60":15.0,"61":15.0699996948,"62":13.0699996948,"63":12.7600002289,"64":12.2700004578,"65":13.9099998474,"66":17.5599994659,"67":18.25,"68":20.25,"69":19.6100006104,"70":19.6499996185,"71":17.3400001526,"72":17.0400009155,"73":17.7999992371,"74":17.3299999237,"75":16.1800003052,"76":15.8500003815,"77":16.0900001526,"78":17.2099990845,"79":17.8400001526,"80":17.8400001526},"Close":{"0":39.5989570618,"1":39.371887207,"2":40.4578704834,"3":41.4550056458,"4":41.6030921936,"5":41.6623306274,"6":41.2180633545,"7":41.1390800476,"8":40.9712486267,"9":39.8951339722,"10":39.9741172791,"11":39.8260269165,"12":39.1843070984,"13":39.371887207,"14":38.8387680054,"15":38.1773033142,"16":37.7922706604,"17":38.0193405151,"18":38.0292167664,"19":38.1773033142,"20":36.3903656006,"21":37.0419578552,"22":37.8120193481,"23":39.9444961548,"24":39.2830352783,"25":37.634311676,"26":37.4171180725,"27":37.9995994568,"28":39.2139282227,"29":38.8980064392,"30":39.7667884827,"31":39.4409980774,"32":40.0037345886,"33":40.5565986633,"34":40.0234794617,"35":38.4734840393,"36":36.3311309814,"37":35.9164810181,"38":34.5935554504,"39":34.2578887939,"40":33.9814529419,"41":33.0139389038,"42":32.4610748291,"43":28.9957962036,"44":28.6700019836,"45":26.7900009155,"46":27.1100006104,"47":24.0300006866,"48":19.8799991608,"49":21.5900001526,"50":17.1900005341,"51":18.7199993134,"52":19.7600002289,"53":21.25,"54":17.8600006104,"55":15.6099996567,"56":18.5599994659,"57":18.2600002289,"58":17.9300003052,"59":16.0100002289,"60":15.779999733,"61":15.3400001526,"62":13.2899999619,"63":13.1800003052,"64":13.0500001907,"65":16.2000007629,"66":18.0400009155,"67":19.0,"68":21.3199996948,"69":20.4400005341,"70":20.0499992371,"71":18.1499996185,"72":17.1499996185,"73":18.7999992371,"74":17.3999996185,"75":16.6800003052,"76":16.3199996948,"77":17.5400009155,"78":17.8400001526,"79":19.4349994659,"80":19.4349994659},"Volume":{"0":3593100,"1":3154100,"2":3717000,"3":5213200,"4":2783200,"5":3553800,"6":2088700,"7":2107200,"8":2332600,"9":3478000,"10":2028100,"11":3300500,"12":2781600,"13":1442500,"14":2543200,"15":2130700,"16":2665900,"17":2208000,"18":1651900,"19":2026600,"20":4457100,"21":2022500,"22":2313600,"23":3781100,"24":1875100,"25":1635700,"26":1577800,"27":1329500,"28":1886300,"29":2245000,"30":1546400,"31":2257400,"32":1746600,"33":2022100,"34":1517900,"35":3114900,"36":5139600,"37":3098100,"38":4869100,"39":5232000,"40":4442200,"41":4847800,"42":13691300,"43":6690000,"44":4643700,"45":5674200,"46":5614100,"47":7062400,"48":8191100,"49":8484300,"50":5521200,"51":11378500,"52":7752200,"53":5616300,"54":5974200,"55":5534600,"56":6327300,"57":4731600,"58":6003300,"59":6136900,"60":4721200,"61":4597700,"62":7272300,"63":6423900,"64":5436900,"65":8976800,"66":12243800,"67":8862700,"68":9866000,"69":6799100,"70":6238300,"71":6565900,"72":4225600,"73":5562000,"74":4530500,"75":5132400,"76":5183600,"77":5943000,"78":5652800,"79":2109869,"80":2109869}}