{"Open":{"0":20.1296267791,"1":19.6946061624,"2":19.3980000979,"3":19.358452065,"4":19.259583462,"5":19.5660777429,"6":19.4672093436,"7":19.2694715037,"8":19.2793579102,"9":19.0915078793,"10":19.0915074016,"11":19.3189060423,"12":19.2595837572,"13":19.3485653352,"14":19.5364155978,"15":19.7143802828,"16":18.6169382565,"17":18.7553537053,"18":18.8937712864,"19":18.4587483549,"20":18.6169378561,"21":18.6762598184,"22":19.1211687553,"23":19.407885157,"24":19.9318890054,"25":19.2002636243,"26":19.2793572411,"27":19.4078851184,"28":19.5957363916,"29":19.3881140625,"30":19.4770945794,"31":19.4375472386,"32":19.4078850478,"33":19.4375469931,"34":19.6550564106,"35":18.7850157763,"36":18.8047892232,"37":17.9940678962,"38":17.0350421768,"39":15.9178296535,"40":16.2099990845,"41":16.8600006104,"42":16.3700008392,"43":16.0300006866,"44":15.0799999237,"45":13.3299999237,"46":12.8599996567,"47":12.8800001144,"48":11.1800003052,"49":11.9300003052,"50":10.0,"51":10.279999733,"52":9.6000003815,"53":7.9600000381,"54":9.5,"55":9.0500001907,"56":9.3199996948,"57":10.0200004578,"58":9.970000267,"59":10.720000267,"60":11.0399999619,"61":10.6800003052,"62":9.6300001144,"63":9.4099998474,"64":9.3999996185,"65":9.8000001907,"66":10.8100004196,"67":10.6899995804,"68":11.9499998093,"69":12.0600004196,"70":11.8100004196,"71":10.3900003433,"72":10.3500003815,"73":10.2700004578,"74":10.3599996567,"75":10.3800001144,"76":10.6099996567,"77":10.3500003815,"78":10.779999733,"79":10.9899997711,"80":10.9899997711},"High":{"0":20.1395138552,"1":19.8033621208,"2":19.4573206686,"3":19.4177726365,"4":19.5463030188,"5":19.5957370871,"6":19.4869816116,"7":19.2991327343,"8":19.4573215157,"9":19.111282033,"10":19.2496968555,"11":19.378226615,"12":19.4474344392,"13":19.4276600606,"14":19.8429074162,"15":19.7242673595,"16":18.7949018561,"17":19.0222991069,"18":19.0618478148,"19":18.8739961152,"20":18.6861455021,"21":18.9234310786,"22":19.3090194402,"23":19.8132477301,"24":20.0109837282,"25":19.4375478085,"26":19.427659612,"27":19.6056228665,"28":19.763812917,"29":19.5067552101,"30":19.5660763772,"31":19.5067548879,"32":19.6056227952,"33":19.8923430748,"34":19.7242659427,"35":18.903658811,"36":18.8344485665,"37":18.1028219648,"38":17.341535886,"39":16.2737549885,"40":16.9799995422,"41":17.3299999237,"42":16.7000007629,"43":16.2000007629,"44":15.6199998856,"45":13.4099998474,"46":13.5,"47":13.0100002289,"48":12.1000003815,"49":12.7399997711,"50":11.3699998856,"51":10.3299999237,"52":9.75,"53":9.779999733,"54":9.8599996567,"55":9.2700004578,"56":9.970000267,"57":10.4300003052,"58":11.5900001526,"59":11.6899995804,"60":11.2399997711,"61":10.8599996567,"62":9.720000267,"63":10.0200004578,"64":9.6800003052,"65":10.0900001526,"66":11.0399999619,"67":11.4600000381,"68":12.3699998856,"69":12.0900001526,"70":11.8999996185,"71":10.6400003433,"72":10.3999996185,"73":10.9200000763,"74":11.3699998856,"75":10.8400001526,"76":10.7700004578,"77":10.7399997711,"78":11.0600004196,"79":11.529999733,"80":11.529999733},"Low":{"0":19.7835866593,"1":19.5463037829,"2":19.2496958426,"3":19.1409420457,"4":19.2200370423,"5":19.358452905,"6":19.1706026943,"7":19.1112820457,"8":19.2002631839,"9":18.8542236924,"10":19.002525598,"11":19.2002630111,"12":19.1508296872,"13":19.2398093807,"14":19.1607142461,"15":18.9135440403,"16":18.4982952281,"17":18.6663719047,"18":18.6663722992,"19":18.3598794813,"20":18.4192001084,"21":18.6663727417,"22":19.0915075253,"23":19.407885157,"24":19.3782259458,"25":19.1211688962,"26":19.2595830888,"27":19.318905206,"28":19.4474340188,"29":19.2793581056,"30":19.3683386298,"31":19.0618477628,"32":19.328790326,"33":19.4375469931,"34":19.279356951,"35":18.6268263206,"36":17.7567817616,"37":17.4601770868,"38":16.5110403313,"39":15.6607713146,"40":15.8800001144,"41":15.9399995804,"42":15.9399995804,"43":15.779999733,"44":14.6800003052,"45":12.1499996185,"46":12.0699996948,"47":12.0900001526,"48":10.529999733,"49":11.3400001526,"50":9.9899997711,"51":9.3199996948,"52":7.9400000572,"53":7.4499998093,"54":8.5,"55":8.3199996948,"56":9.2399997711,"57":9.6099996567,"58":9.6499996185,"59":10.6999998093,"60":10.3800001144,"61":10.1199998856,"62":9.3500003815,"63":9.1499996185,"64":8.9600000381,"65":9.5,"66":10.3100004196,"67":10.5699996948,"68":11.7100000381,"69":11.3599996567,"70":10.8999996185,"71":10.25,"72":9.5900001526,"73":10.2299995422,"74":10.279999733,"75":10.3000001907,"76":10.1899995804,"77":10.2399997711,"78":10.6599998474,"79":10.9899997711,"80":10.9899997711},"Close":{"0":20.0307579041,"1":19.6847190857,"2":19.3881130219,"3":19.2398090363,"4":19.4276599884,"5":19.4672088623,"6":19.2299251556,"7":19.2595844269,"8":19.2793579102,"9":18.9530925751,"10":19.1903762817,"11":19.3683395386,"12":19.2793579102,"13":19.3980007172,"14":19.6056232452,"15":19.0717353821,"16":18.6268253326,"17":18.8739967346,"18":18.6663722992,"19":18.8641090393,"20":18.4982948303,"21":18.7652416229,"22":19.1310558319,"23":19.7835865021,"24":19.3881130219,"25":19.3782272339,"26":19.2991313934,"27":19.4770946503,"28":19.4869804382,"29":19.4968681335,"30":19.5067539215,"31":19.33867836,"32":19.5067539215,"33":19.7934741974,"34":19.4474334717,"35":18.7652416229,"36":17.8358783722,"37":17.4700641632,"38":16.5209255219,"39":16.1650009155,"40":16.9699993134,"41":16.2099990845,"42":16.6900005341,"43":15.9799995422,"44":14.8699998856,"45":12.1599998474,"46":13.3699998856,"47":12.25,"48":10.8699998856,"49":12.7299995422,"50":9.9899997711,"51":10.2399997711,"52":8.1599998474,"53":9.3500003815,"54":9.1899995804,"55":8.5600004196,"56":9.7700004578,"57":9.8199996948,"58":11.4600000381,"59":11.1999998093,"60":10.7899999619,"61":10.3699998856,"62":9.4499998093,"63":9.4799995422,"64":9.0699996948,"65":9.9499998093,"66":10.4499998093,"67":11.3299999237,"68":12.0100002289,"69":11.5600004196,"70":11.1400003433,"71":10.3100004196,"72":9.7399997711,"73":10.8100004196,"74":10.9300003052,"75":10.3199996948,"76":10.2299995422,"77":10.6300001144,"78":10.8999996185,"79":11.4399995804,"80":11.4399995804},"Volume":{"0":11104200,"1":6898800,"2":9225600,"3":8343900,"4":10701700,"5":7836700,"6":6898600,"7":8704500,"8":10120300,"9":11296900,"10":7813900,"11":9686800,"12":11608300,"13":12092800,"14":14745300,"15":9356400,"16":10412200,"17":8932100,"18":8441600,"19":9626700,"20":16521800,"21":9474400,"22":10445900,"23":11465500,"24":9084700,"25":8710700,"26":8029300,"27":6421600,"28":5983000,"29":7548600,"30":6350500,"31":7611200,"32":6923000,"33":8423800,"34":8108000,"35":7456100,"36":10468800,"37":10241800,"38":13973800,"39":21650200,"40":13350600,"41":22824300,"42":13860900,"43":15279300,"44":23797200,"45":15961300,"46":17303800,"47":29399900,"48":20950900,"49":17318400,"50":17925300,"51":20549200,"52":17912800,"53":13965800,"54":23725300,"55":16697600,"56":15626800,"57":20647100,"58":22494500,"59":20794800,"60":15175400,"61":15997000,"62":14533700,"63":14255200,"64":11898600,"65":13435800,"66":19699300,"67":13998100,"68":20270400,"69":9937500,"70":11881600,"71":13975700,"72":15631500,"73":20448200,"74":15870100,"75":16088800,"76":14958700,"77":15754700,"78":12073100,"79":3846060,"80":3846060}}