{"Open":{"0":20.1783054192,"1":18.9353677905,"2":19.2169717143,"3":19.3917573239,"4":19.246102016,"5":19.1587078098,"6":18.847973225,"7":18.8382632451,"8":19.1684176036,"9":19.4694415817,"10":19.6345190724,"11":19.7898847649,"12":19.7122019263,"13":19.9064121985,"14":19.7510450786,"15":19.8675691723,"16":19.6733616842,"17":19.5859669525,"18":19.6830729931,"19":19.32378472,"20":18.7411570308,"21":18.5566609705,"22":18.7120284253,"23":18.8673944189,"24":19.2461010937,"25":19.1004447167,"26":19.2558126084,"27":19.1781291465,"28":18.4983965478,"29":18.2167945426,"30":18.4401338388,"31":18.6926067585,"32":18.527528486,"33":18.0128750099,"34":18.3721621453,"35":18.3624512735,"36":18.5178170901,"37":18.0517175538,"38":17.527351431,"39":16.8184899169,"40":16.8864628768,"41":17.3137232455,"42":17.4399584765,"43":17.4496687322,"44":16.9447274501,"45":15.9445507544,"46":15.536711863,"47":15.3230812826,"48":13.458676631,"49":13.0605485418,"50":11.9535578267,"51":10.535832976,"52":9.8561008488,"53":9.3511585872,"54":10.1668357176,"55":10.2153883863,"56":9.7589972435,"57":10.370755776,"58":11.0601965266,"59":10.5261227558,"60":10.060020334,"61":9.6521818755,"62":8.720000267,"63":8.3000001907,"64":7.6900000572,"65":8.5500001907,"66":9.4799995422,"67":9.3599996567,"68":10.1800003052,"69":10.8000001907,"70":10.7700004578,"71":10.029999733,"72":9.5799999237,"73":9.1300001144,"74":8.5600004196,"75":8.1499996185,"76":8.6899995804,"77":8.4099998474,"78":8.75,"79":8.6599998474,"80":8.6599998474},"High":{"0":20.1783054192,"1":19.3334958881,"2":19.6053891473,"3":19.3917573239,"4":19.3043641683,"5":19.1587078098,"6":18.8868158933,"7":19.197550531,"8":19.5665456879,"9":19.6636512235,"10":19.7510452271,"11":19.8578594311,"12":19.8869902266,"13":19.9646743497,"14":19.8869907145,"15":19.9161225076,"16":19.8190179879,"17":19.7122019181,"18":19.721913811,"19":19.4111788711,"20":18.7897103643,"21":18.9353677324,"22":19.0616031946,"23":19.2558118379,"24":19.3237845772,"25":19.2363903492,"26":19.2655232758,"27":19.2266806313,"28":18.5469498829,"29":18.5372391447,"30":18.7605784324,"31":18.7314494278,"32":18.5760799689,"33":18.4207137802,"34":18.614923272,"35":18.5372395792,"36":18.5178170901,"37":18.1488223751,"38":17.9157706894,"39":17.0126995516,"40":17.3525656337,"41":17.7118513396,"42":17.8575079114,"43":17.6050357017,"44":16.9447274501,"45":16.0416555748,"46":15.7503409844,"47":15.3425026163,"48":13.4975183745,"49":13.215915516,"50":12.050661718,"51":10.7494620948,"52":9.9532056647,"53":10.5843846129,"54":10.9922229499,"55":10.3222029458,"56":10.2542301523,"57":11.7205070669,"58":11.4486139329,"59":10.5649644996,"60":10.1668358179,"61":9.8172595138,"62":9.0,"63":8.4600000381,"64":8.1400003433,"65":8.8400001526,"66":10.2600002289,"67":9.6899995804,"68":11.2399997711,"69":10.8400001526,"70":11.1000003815,"71":10.1499996185,"72":9.6099996567,"73":9.5500001907,"74":8.8900003433,"75":8.5399999619,"76":8.6899995804,"77":8.8800001144,"78":8.970000267,"79":9.0799999237,"80":9.0799999237},"Low":{"0":18.9547891244,"1":18.9256571232,"2":19.119866893,"3":19.081023391,"4":19.0810243741,"5":18.6634748856,"6":18.5857907707,"7":18.8382632451,"8":19.0421826375,"9":19.3917580954,"10":19.5568355867,"11":19.6636498033,"12":19.6053882944,"13":19.7219132254,"14":19.6539402591,"15":19.6927827217,"16":19.508284046,"17":19.4985728024,"18":19.4791526794,"19":18.4692663952,"20":18.3624502903,"21":18.4401348156,"22":18.62463427,"23":18.8382624179,"24":19.0421826441,"25":18.9742097511,"26":18.9644999955,"27":18.498397246,"28":18.0225849762,"29":18.1488217258,"30":18.3138988755,"31":18.4012941473,"32":17.9740334323,"33":17.9254808554,"34":18.3041893262,"35":18.2847677879,"36":17.9837433914,"37":17.7409836076,"38":17.0321203956,"39":16.3038375334,"40":16.4980454561,"41":17.0709621221,"42":17.4011176593,"43":17.1874881288,"44":16.4300731928,"45":15.1094528183,"46":14.8764013125,"47":14.3908785662,"48":9.7104451402,"49":12.1089253616,"50":10.263939746,"51":9.7104447978,"52":9.0307136176,"53":8.7491111122,"54":9.7784173795,"55":8.855925557,"56":9.4676837132,"57":9.7687082844,"58":10.2930714545,"59":9.9920480841,"60":9.283185502,"61":9.0015829156,"62":8.25,"63":7.4499998093,"64":7.5199999809,"65":8.1400003433,"66":9.1300001144,"67":9.0500001907,"68":10.1800003052,"69":10.1199998856,"70":10.5500001907,"71":9.5799999237,"72":8.4099998474,"73":8.7899999619,"74":8.3299999237,"75":8.029999733,"76":8.1999998093,"77":8.3400001526,"78":8.3800001144,"79":8.5600004196,"80":8.5600004196},"Close":{"0":19.0324726105,"1":19.2363910675,"2":19.4888629913,"3":19.2558116913,"4":19.1781291962,"5":18.7702903748,"6":18.838262558,"7":19.1781291962,"8":19.4597320557,"9":19.6442298889,"10":19.7510452271,"11":19.6830711365,"12":19.8190174103,"13":19.7510452271,"14":19.8578605652,"15":19.7607555389,"16":19.5471248627,"17":19.6150989532,"18":19.4791526794,"19":18.7897109985,"20":18.4983959198,"21":18.6246337891,"22":18.867395401,"23":19.1489963531,"24":19.1004447937,"25":19.0518932343,"26":19.1295776367,"27":18.5663719177,"28":18.2265052795,"29":18.3818721771,"30":18.7023162842,"31":18.5178184509,"32":18.0225849152,"33":18.4110031128,"34":18.5178184509,"35":18.4207134247,"36":18.0420055389,"37":17.7506942749,"38":17.1680660248,"39":16.8476219177,"40":17.3040122986,"41":17.2457504272,"42":17.7506942749,"43":17.3525657654,"44":16.8282012939,"45":15.1191625595,"46":15.7115001678,"47":14.4200105667,"48":12.3516864777,"49":12.8372087479,"50":10.2930717468,"51":10.545542717,"52":9.477394104,"53":9.9532060623,"54":10.3222026825,"55":9.1375284195,"56":10.1862564087,"57":10.8659877777,"58":10.9922227859,"59":10.098862648,"60":9.8075494766,"61":9.3900003433,"62":8.3000001907,"63":7.75,"64":7.7699999809,"65":8.6599998474,"66":9.1499996185,"67":9.6300001144,"68":10.8199996948,"69":10.5500001907,"70":10.7299995422,"71":9.7100000381,"72":8.4799995422,"73":8.9200000763,"74":8.5600004196,"75":8.3000001907,"76":8.3299999237,"77":8.6400003433,"78":8.6000003815,"79":8.8500003815,"80":8.8500003815},"Volume":{"0":7470300,"1":4152400,"2":3256300,"3":2762700,"4":3382900,"5":4601700,"6":3180200,"7":4959100,"8":5203000,"9":3201600,"10":2396500,"11":3327500,"12":3490000,"13":2674700,"14":2131300,"15":1945800,"16":2298400,"17":1935000,"18":3096600,"19":9892200,"20":9109800,"21":5319500,"22":3480700,"23":3691100,"24":2406300,"25":4201300,"26":3954200,"27":4255600,"28":6732600,"29":3111100,"30":3157300,"31":2623600,"32":3098800,"33":3191500,"34":3001600,"35":3861600,"36":3887800,"37":3828600,"38":6147100,"39":9435900,"40":5957100,"41":8309100,"42":4390300,"43":5061600,"44":3610900,"45":6039900,"46":4885700,"47":7932800,"48":9752800,"49":9039200,"50":10840500,"51":10354800,"52":7871800,"53":5697100,"54":13813700,"55":9990700,"56":8134000,"57":6815800,"58":7089000,"59":7074700,"60":9413000,"61":11178700,"62":9015300,"63":8732800,"64":8405100,"65":9092800,"66":12017100,"67":6226400,"68":10279100,"69":6093700,"70":5605200,"71":5323900,"72":7247100,"73":7354400,"74":11069500,"75":6075000,"76":6526500,"77":7400100,"78":9553100,"79":3336497,"80":3336497}}