{"Open":{"0":179.8916694041,"1":178.4487990004,"2":175.453598264,"3":175.2744691731,"4":175.6327018041,"5":177.5333199634,"6":175.5431531285,"7":173.115141281,"8":175.0456023319,"9":176.2198072428,"10":178.6179667324,"11":179.9812293863,"12":176.7770471386,"13":179.1155069886,"14":178.9363885772,"15":182.9764447263,"16":173.9112047726,"17":171.3538238118,"18":175.4834437919,"19":172.647449037,"20":170.5378681276,"21":166.4480682834,"22":173.4733657893,"23":175.1948650727,"24":170.5876134407,"25":169.8711606261,"26":163.2936432162,"27":168.3785307492,"28":173.1449800865,"29":174.8167264942,"30":178.2398289045,"31":166.1793844134,"32":171.363784258,"33":171.7400054932,"34":165.6699981689,"35":154.75,"36":155.2799987793,"37":149.0,"38":142.8099975586,"39":142.0899963379,"40":154.5,"41":156.8099975586,"42":157.0899963379,"43":156.6499938965,"44":152.0500030518,"45":144.9799957275,"46":148.5099945068,"47":150.1300048828,"48":135.2400054932,"49":132.8200073242,"50":128.6900024414,"51":131.8699951172,"52":132.25,"53":131.8800048828,"54":129.7100067139,"55":114.3199996948,"56":121.6999969482,"57":135.7200012207,"58":140.7700042725,"59":145.0399932861,"60":142.0700073242,"61":150.8399963379,"62":138.6999969482,"63":129.5700073242,"64":130.8200073242,"65":135.2100067139,"66":154.1000061035,"67":149.5899963379,"68":152.1499938965,"69":149.5,"70":155.1000061035,"71":158.1799926758,"72":158.2100067139,"73":160.9299926758,"74":158.7899932861,"75":153.4400024414,"76":154.3099975586,"77":158.4400024414,"78":160.9799957275,"79":167.0399932861,"80":167.0399932861},"High":{"0":181.802232952,"1":180.2797538507,"2":176.6874953794,"3":176.8964644131,"4":177.7820914873,"5":178.5383514878,"6":176.5581300793,"7":174.2495389013,"8":177.3442488308,"9":177.8218965933,"10":180.9365193204,"11":180.0110807564,"12":180.0011317064,"13":181.8818452707,"14":181.762429438,"15":183.5933932758,"16":174.3689358831,"17":175.4635342739,"18":176.0705409602,"19":174.5082553004,"20":171.9011312853,"21":169.8114492206,"22":177.9214019775,"23":176.91635986,"24":172.5379889988,"25":170.4284064317,"26":168.1795046709,"27":172.6772949355,"28":175.5928985548,"29":179.1951146382,"30":178.8766834424,"31":171.1548150844,"32":173.9609595909,"33":172.4199981689,"34":166.25,"35":156.8600006104,"36":155.9900054932,"37":150.6499938965,"38":148.3800048828,"39":153.9299926758,"40":159.0,"41":159.2899932861,"42":160.7100067139,"43":158.8800048828,"44":156.1399993896,"45":150.4900054932,"46":154.7599945068,"47":152.2200012207,"48":139.0,"49":145.7599945068,"50":140.4799957275,"51":150.4400024414,"52":143.1300048828,"53":135.4199981689,"54":132.5500030518,"55":120.6900024414,"56":136.5500030518,"57":145.9400024414,"58":150.4700012207,"59":147.1699981689,"60":150.5700073242,"61":150.8399963379,"62":141.2200012207,"63":133.7899932861,"64":132.9900054932,"65":149.2100067139,"66":155.0,"67":153.1499938965,"68":157.8699951172,"69":152.4199981689,"70":162.3399963379,"71":158.3000030518,"72":160.75,"73":162.2899932861,"74":160.3399963379,"75":154.1799926758,"76":159.3600006104,"77":160.8399963379,"78":165.5700073242,"79":169.2400054932,"80":169.2400054932},"Low":{"0":179.1354094113,"1":176.9860211624,"2":173.2345452044,"3":173.4435143501,"4":174.657521649,"5":174.0903152754,"6":171.105062174,"7":172.5081381132,"8":173.2146475224,"9":174.9859101023,"10":178.1303690451,"11":176.4884824214,"12":176.697453609,"13":178.9861409303,"14":178.2398161649,"15":177.5532131031,"16":169.0153829032,"17":170.8562807606,"18":170.8164874476,"19":168.7367677101,"20":164.4379852093,"21":166.189336161,"22":172.9857681225,"23":167.9705450926,"24":169.3139043682,"25":163.9503859814,"26":163.2737372418,"27":167.502850096,"28":172.9957232461,"29":174.0505210957,"30":174.0306186807,"31":165.851004167,"32":170.1597233941,"33":165.6699981689,"34":160.8099975586,"35":152.8999938965,"36":147.0700073242,"37":146.2200012207,"38":142.2700042725,"39":142.0899963379,"40":151.7100067139,"41":152.3800048828,"42":154.6600036621,"43":154.4799957275,"44":151.4900054932,"45":144.2599945068,"46":145.5800018311,"47":142.6199951172,"48":125.25,"49":127.8899993896,"50":126.1900024414,"51":125.6399993896,"52":127.3600006104,"53":126.7600021362,"54":113.0800018311,"55":110.1900024414,"56":120.0,"57":134.3899993896,"58":139.0599975586,"59":141.3200073242,"60":142.0,"61":141.5299987793,"62":129.6600036621,"63":129.3099975586,"64":125.5599975586,"65":132.9299926758,"66":146.5200042725,"67":146.9100036621,"68":148.4900054932,"69":148.1799926758,"70":153.8099975586,"71":151.1100006104,"72":154.2299957275,"73":157.7899932861,"74":156.0500030518,"75":147.4600067139,"76":151.2899932861,"77":157.0099945068,"78":158.0200042725,"79":164.6399993896,"80":164.6399993896},"Close":{"0":181.6728820801,"1":178.2000274658,"2":174.1898345947,"3":175.5729980469,"4":175.801864624,"5":174.6276702881,"6":172.1598510742,"7":174.2395935059,"8":176.6078796387,"9":177.0457305908,"10":180.0210418701,"11":177.8517456055,"12":177.931350708,"13":179.2448730469,"14":181.6529693604,"15":178.518447876,"16":169.4731140137,"17":175.0654907227,"18":170.8761901855,"19":172.0702972412,"20":164.9255828857,"21":169.0949859619,"22":177.9214019775,"23":170.4383544922,"24":170.8961029053,"25":164.2887268066,"26":168.0899505615,"27":172.1896972656,"28":175.1053009033,"29":177.841796875,"30":175.4137878418,"31":168.3984222412,"32":172.129989624,"33":167.3000030518,"34":161.1199951172,"35":153.7299957275,"36":147.4100036621,"37":147.2700042725,"38":147.9900054932,"39":153.7100067139,"40":158.7400054932,"41":153.8099975586,"42":160.7100067139,"43":156.6900024414,"44":155.6799926758,"45":144.9199981689,"46":154.5700073242,"47":144.9199981689,"48":125.3600006104,"49":145.3699951172,"50":129.5,"51":149.6300048828,"52":132.0200042725,"53":127.3600006104,"54":114.0199966431,"55":116.3600006104,"56":136.3600006104,"57":137.4700012207,"58":149.7599945068,"59":142.2400054932,"60":149.5200042725,"61":143.7400054932,"62":131.6100006104,"63":132.4400024414,"64":127.9400024414,"65":148.5,"66":147.2700042725,"67":152.3699951172,"68":150.1199951172,"69":152.0899963379,"70":161.7299957275,"71":153.2200012207,"72":156.6499938965,"73":161.2100067139,"74":156.3000030518,"75":148.5899963379,"76":158.6799926758,"77":159.4499969482,"78":164.9199981689,"79":167.6450042725,"80":167.6450042725},"Volume":{"0":1056900,"1":833400,"2":1266800,"3":1139300,"4":883500,"5":916900,"6":883800,"7":662000,"8":1279600,"9":922800,"10":1197200,"11":1604700,"12":1571400,"13":1084600,"14":1056900,"15":961000,"16":1581300,"17":938100,"18":1028900,"19":1448000,"20":1505700,"21":1181500,"22":1735900,"23":3113100,"24":1370300,"25":1492800,"26":1680300,"27":1269000,"28":957700,"29":1158000,"30":864800,"31":1778300,"32":1069300,"33":1664400,"34":1909900,"35":2649600,"36":2046900,"37":1879300,"38":3589700,"39":3695100,"40":2706400,"41":2397400,"42":1493300,"43":1697000,"44":1858400,"45":2815600,"46":2438500,"47":2730500,"48":2672700,"49":2804300,"50":2752300,"51":3213600,"52":2664600,"53":1954800,"54":2632600,"55":2124900,"56":2776100,"57":1703000,"58":1870400,"59":2240600,"60":1623700,"61":2907200,"62":1660800,"63":1346000,"64":1143700,"65":1846000,"66":1454100,"67":1350000,"68":1303800,"69":868300,"70":1274700,"71":1278600,"72":1563000,"73":998100,"74":634800,"75":1284700,"76":1207500,"77":1404500,"78":1492500,"79":351559,"80":351559}}