{"Open":{"0":136.4083004374,"1":134.0057699096,"2":134.8595619603,"3":134.5121008633,"4":135.3658999579,"5":136.5572273428,"6":138.284662312,"7":139.2575987384,"8":139.7937033795,"9":140.1510968289,"10":141.4317903789,"11":142.4841392235,"12":143.5563547564,"13":143.8442458298,"14":139.098746728,"15":144.4597688628,"16":141.8388302983,"17":143.0897443055,"18":143.7946054724,"19":142.3550801275,"20":144.1023644376,"21":142.6628393777,"22":143.1691650673,"23":142.5039933165,"24":144.1123047177,"25":143.6854030791,"26":144.0229679094,"27":145.0058115688,"28":143.4967765588,"29":143.4471473951,"30":143.834329861,"31":143.9236832021,"32":142.841552263,"33":142.3352109988,"34":140.617703708,"35":139.7142710007,"36":138.9398983645,"37":138.2449603284,"38":136.65649789,"39":130.1637091302,"40":131.1763588698,"41":140.6375652596,"42":142.2955197758,"43":144.5599975586,"44":139.1399993896,"45":139.6000061035,"46":143.4199981689,"47":138.0,"48":127.0800018311,"49":127.9199981689,"50":122.2900009155,"51":137.4199981689,"52":138.8399963379,"53":135.7799987793,"54":125.8600006104,"55":117.9700012207,"56":116.2300033569,"57":117.5899963379,"58":117.1999969482,"59":122.0100021362,"60":128.9600067139,"61":131.2700042725,"62":124.8799972534,"63":124.4300003052,"64":128.6100006104,"65":132.3099975586,"66":134.9299926758,"67":132.7599945068,"68":132.1699981689,"69":131.1499938965,"70":136.2299957275,"71":138.7100067139,"72":138.7899932861,"73":140.7200012207,"74":141.1199951172,"75":137.9400024414,"76":140.9499969482,"77":142.6999969482,"78":140.1799926758,"79":142.0200042725,"80":142.0200042725},"High":{"0":136.5770867821,"1":135.7828589658,"2":135.494942111,"3":135.7431414177,"4":137.06354955,"5":138.5824968504,"6":139.7639136322,"7":140.5581413263,"8":140.0319766364,"9":141.4218571546,"10":142.3947753906,"11":143.6953350053,"12":143.7946128599,"13":144.767541368,"14":148.1529176325,"15":145.5419132464,"16":144.0328862789,"17":144.4101468274,"18":144.1222254966,"19":143.7846893318,"20":146.5942580456,"21":143.5166329166,"22":144.4200655121,"23":144.0428092205,"24":145.0256627579,"25":144.1817943156,"26":145.47242191,"27":145.5915496164,"28":144.1817989108,"29":144.5391990447,"30":144.5789167175,"31":144.0328898853,"32":143.9435414541,"33":142.8117574684,"34":141.5807038833,"35":140.9751089634,"36":140.3695074908,"37":140.3496543382,"38":138.2548782371,"39":131.6826650843,"40":140.1610285333,"41":142.7025545699,"42":148.0238791323,"43":146.9799957275,"44":147.3399963379,"45":147.5299987793,"46":144.2299957275,"47":139.2899932861,"48":131.6399993896,"49":134.9499969482,"50":139.6799926758,"51":146.8500061035,"52":145.0099945068,"53":136.5700073242,"54":127.4300003052,"55":121.7699966431,"56":118.1299972534,"57":121.6900024414,"58":124.6600036621,"59":129.8899993896,"60":132.9600067139,"61":132.1600036621,"62":126.7699966431,"63":130.2700042725,"64":131.3999938965,"65":134.3399963379,"66":135.4400024414,"67":133.3999938965,"68":136.3300018311,"69":133.5200042725,"70":140.6300048828,"71":140.0,"72":140.6199951172,"73":142.0700073242,"74":141.4400024414,"75":140.8200073242,"76":143.3399963379,"77":144.6000061035,"78":141.9499969482,"79":142.25,"80":142.25},"Low":{"0":134.035551025,"1":133.6483676242,"2":134.3532483734,"3":134.3135322525,"4":134.948917977,"5":135.9317695594,"6":137.649282143,"7":139.0888275394,"8":139.1484008049,"9":140.1510968289,"10":141.1935171443,"11":142.3749325498,"12":142.0274612317,"13":143.298212463,"14":137.3018129553,"15":142.087019413,"16":141.0843210551,"17":142.9308954723,"18":141.9678894121,"19":141.848766513,"20":142.1664417184,"21":142.1068836126,"22":142.0770983031,"23":142.2061706856,"24":143.4669870331,"25":143.3875653075,"26":143.9633882331,"27":143.8144755817,"28":142.8613963617,"29":143.1393720985,"30":143.2187944253,"31":142.4841515772,"32":142.3451610084,"33":140.7964103636,"34":140.1014525994,"35":138.6718463906,"36":137.6393558021,"37":136.8749156585,"38":132.9832058627,"39":125.9443836689,"40":131.1763588698,"41":137.2124688428,"42":141.8983976803,"43":141.8500061035,"44":138.6399993896,"45":138.9499969482,"46":134.5299987793,"47":131.8399963379,"48":121.7799987793,"49":125.2300033569,"50":122.2900009155,"51":133.5599975586,"52":132.1699981689,"53":123.5599975586,"54":117.6500015259,"55":111.1500015259,"56":110.6600036621,"57":113.6100006104,"58":116.6800003052,"59":121.5400009155,"60":126.3600006104,"61":127.2799987793,"62":122.7600021362,"63":124.1900024414,"64":127.2099990845,"65":129.6499938965,"66":130.9199981689,"67":130.4499969482,"68":130.5200042725,"69":130.3500061035,"70":135.2200012207,"71":136.7400054932,"72":136.9100036621,"73":137.2599945068,"74":139.3099975586,"75":137.6799926758,"76":137.3000030518,"77":139.6100006104,"78":139.4799957275,"79":139.7700042725,"80":139.7700042725},"Close":{"0":134.8496398926,"1":134.8099212646,"2":135.1077575684,"3":134.9886322021,"4":136.2991027832,"5":138.4534454346,"6":139.217880249,"7":139.8830413818,"8":139.9724121094,"9":141.1339569092,"10":142.3947753906,"11":143.4570617676,"12":143.5464172363,"13":143.3478546143,"14":143.60597229,"15":142.3848571777,"16":142.9209747314,"17":143.84425354,"18":142.1664428711,"19":143.5861358643,"20":142.206161499,"21":142.7422637939,"22":142.3451538086,"23":144.0229644775,"24":143.4868469238,"25":143.7747650146,"26":145.1547393799,"27":144.2016601562,"28":143.2485809326,"29":143.6953430176,"30":144.5094146729,"31":142.8018341064,"32":142.7323455811,"33":141.1438751221,"34":140.3298034668,"35":139.1086730957,"36":137.9768981934,"37":137.2621002197,"38":133.0427703857,"39":130.2431335449,"40":140.0816192627,"41":139.7738342285,"42":147.1800079346,"43":143.3099975586,"44":146.4600067139,"45":141.3200073242,"46":141.0200042725,"47":134.1600036621,"48":122.3099975586,"49":134.1799926758,"50":134.7100067139,"51":144.0700073242,"52":134.3500061035,"53":126.4100036621,"54":118.2799987793,"55":112.3399963379,"56":117.3799972534,"57":116.3600006104,"58":124.0100021362,"59":124.8899993896,"60":132.4299926758,"61":127.8700027466,"62":125.6600036621,"63":129.2799987793,"64":129.9199981689,"65":133.1499938965,"66":131.3899993896,"67":132.6399993896,"68":131.4900054932,"69":132.7100067139,"70":140.0899963379,"71":137.6699981689,"72":139.7299957275,"73":141.9400024414,"74":139.7200012207,"75":139.4700012207,"76":142.8000030518,"77":140.3600006104,"78":141.6600036621,"79":139.9700012207,"80":139.9700012207},"Volume":{"0":1421300,"1":1352900,"2":1181300,"3":1608500,"4":1741300,"5":1727500,"6":1270000,"7":1216100,"8":2187500,"9":1245100,"10":1610800,"11":1640000,"12":1493600,"13":2088200,"14":3703300,"15":2107600,"16":2425900,"17":1203300,"18":1107800,"19":990300,"20":1712000,"21":1240200,"22":1334600,"23":1214300,"24":1063400,"25":1005200,"26":1241700,"27":1070700,"28":954200,"29":1100100,"30":941400,"31":1381800,"32":1047800,"33":1364300,"34":1562200,"35":2669800,"36":1387500,"37":1703300,"38":2804200,"39":4069200,"40":3094700,"41":2939600,"42":3070500,"43":2588300,"44":3375700,"45":3688100,"46":3858200,"47":2985600,"48":3817000,"49":4477400,"50":4316200,"51":5317100,"52":4329400,"53":4362300,"54":3866100,"55":3541000,"56":3076800,"57":3060600,"58":3381700,"59":2288300,"60":2413500,"61":2394600,"62":1951000,"63":2494100,"64":1398400,"65":2270100,"66":2132700,"67":1929800,"68":2256900,"69":1858100,"70":2554000,"71":1857200,"72":1577000,"73":1949200,"74":1814600,"75":2020200,"76":3091100,"77":2415000,"78":1511900,"79":503146,"80":503146}}