{"Open":{"0":54.8390576317,"1":53.8477525241,"2":54.1748831677,"3":53.9766242739,"4":53.7981884669,"5":54.5218386593,"6":54.9976652152,"7":55.0472313831,"8":55.7510605911,"9":55.5131466778,"10":56.355753447,"11":56.3755818613,"12":56.3557559514,"13":56.7522791012,"14":56.881151439,"15":57.3470595072,"16":56.7126248963,"17":56.9505394644,"18":56.5044509375,"19":57.4263668183,"20":58.4573286326,"21":58.2392370905,"22":58.2392391695,"23":58.3879357966,"24":58.4672385985,"25":58.3681087298,"26":58.8042830783,"27":59.2008084279,"28":58.9628924133,"29":58.863762573,"30":59.1115886295,"31":59.2900232851,"32":58.9926283047,"33":59.1611525097,"34":58.9926300204,"35":58.5961099593,"36":58.1896722556,"37":57.475932949,"38":56.6531507698,"39":53.3620152721,"40":53.4611444559,"41":56.2665393496,"42":55.9195800216,"43":57.2974976992,"44":54.4623614799,"45":51.5974845336,"46":52.7573157201,"47":51.8948781494,"48":48.1180036078,"49":49.5099983215,"50":42.2400016785,"51":45.8800010681,"52":44.7400016785,"53":44.3600006104,"54":41.9500007629,"55":38.7599983215,"56":41.2200012207,"57":40.6300010681,"58":42.8400001526,"59":43.6599998474,"60":43.0400009155,"61":45.0699996948,"62":42.4799995422,"63":42.2200012207,"64":43.5800018311,"65":45.3899993896,"66":48.5,"67":46.6399993896,"68":48.4399986267,"69":48.3499984741,"70":47.9399986267,"71":47.7099990845,"72":47.4000015259,"73":48.2999992371,"74":47.7900009155,"75":45.8800010681,"76":46.0499992371,"77":45.9500007629,"78":45.5,"79":46.0,"80":46.0},"High":{"0":54.9481019166,"1":54.511929645,"2":54.4326211055,"3":54.1253179375,"4":54.1649707058,"5":54.9183626349,"6":55.4437537428,"7":55.7411464706,"8":55.8006251433,"9":56.4846262909,"10":56.4548863315,"11":56.6531501654,"12":56.7522799439,"13":57.1388879083,"14":57.3470627867,"15":57.3668860841,"16":57.347060238,"17":57.2479305551,"18":56.7621888744,"19":58.4672375421,"20":58.5663729212,"21":58.4573256565,"22":58.9331542649,"23":58.5663712124,"24":58.8241094318,"25":58.8042820861,"26":59.3197627526,"27":59.2801109588,"28":59.2503721193,"29":59.3197625125,"30":59.5477619878,"31":59.4089789665,"32":59.4783699901,"33":59.3395879228,"34":59.6072425842,"35":59.2801098745,"36":58.6853253348,"37":57.9616746503,"38":57.3867152392,"39":53.4214912247,"40":55.4734948615,"41":56.9901962175,"42":58.4870631129,"43":57.664279935,"44":55.4239297077,"45":53.1141855199,"46":53.3322713338,"47":52.1922730352,"48":49.4959186136,"49":49.5600013733,"50":47.8800010681,"51":47.5,"52":45.1500015259,"53":44.6599998474,"54":42.0699996948,"55":38.8899993896,"56":41.4000015259,"57":43.4500007629,"58":45.2700004578,"59":44.0299987793,"60":45.5600013733,"61":45.5099983215,"62":43.6500015259,"63":44.1899986267,"64":44.3400001526,"65":47.0099983215,"66":48.5999984741,"67":48.0900001526,"68":49.7299995422,"69":48.6399993896,"70":49.25,"71":48.4000015259,"72":47.8499984741,"73":48.2999992371,"74":48.0,"75":46.9000015259,"76":46.1500015259,"77":46.0999984741,"78":45.75,"79":46.4300003052,"80":46.4300003052},"Low":{"0":54.283924809,"1":53.6197525517,"2":54.046012308,"3":53.6792331651,"4":53.6792327806,"5":54.3632298253,"6":54.9679272406,"7":54.9381870974,"8":55.3446252132,"9":55.5131466778,"10":56.1178420873,"11":56.3061907306,"12":56.0781914255,"13":56.6828879707,"14":56.7423691746,"15":56.9604507121,"16":56.6333223694,"17":56.4747129629,"18":56.1674066929,"19":57.2578428028,"20":57.6444578399,"21":58.0112371268,"22":58.1103683049,"23":58.0310649651,"24":58.328456337,"25":58.3383669731,"26":58.7745451026,"27":58.8042844289,"28":58.8042835723,"29":58.6952385544,"30":59.1016734501,"31":58.9331524595,"32":58.952978932,"33":58.5961082955,"34":58.9133274912,"35":58.0608037049,"36":57.1190597894,"37":56.9802798496,"38":54.402885245,"39":51.1315762923,"40":53.2331444804,"41":55.1562774427,"42":55.9195800216,"43":55.7014941095,"44":53.5107084317,"45":51.0324403287,"46":50.7251350409,"47":50.6953985529,"48":46.2840848783,"49":46.6100006104,"50":41.1699981689,"51":45.3699989319,"52":41.5900001526,"53":41.0400009155,"54":37.5099983215,"55":36.2700004578,"56":38.8300018311,"57":39.9099998474,"58":42.4500007629,"59":42.4000015259,"60":43.0400009155,"61":44.0600013733,"62":41.7999992371,"63":41.8600006104,"64":43.3100013733,"65":44.6899986267,"66":46.4799995422,"67":46.3300018311,"68":48.3499984741,"69":46.5,"70":46.9300003052,"71":47.4099998474,"72":46.7599983215,"73":47.3699989319,"74":46.3100013733,"75":44.2599983215,"76":45.5,"77":44.9700012207,"78":45.1199989319,"79":45.7099990845,"80":45.7099990845},"Close":{"0":54.5119285583,"1":54.2145347595,"2":54.1947059631,"3":53.7783622742,"4":53.8774909973,"5":54.8588829041,"6":55.0472297668,"7":55.6420173645,"8":55.5131454468,"9":56.2070617676,"10":56.3260154724,"11":56.4449729919,"12":56.6729736328,"13":57.1091499329,"14":57.3272399902,"15":57.1785392761,"16":56.9802780151,"17":56.5143623352,"18":56.5143623352,"19":58.3482818604,"20":57.8922843933,"21":58.0707168579,"22":58.3284568787,"23":58.3383674622,"24":58.4771537781,"25":58.6754112244,"26":59.2305450439,"27":59.071937561,"28":58.8935012817,"29":59.0917625427,"30":59.4288063049,"31":59.0124549866,"32":59.2503700256,"33":59.2008056641,"34":59.6072425842,"35":58.1401100159,"36":57.3173217773,"37":57.0992355347,"38":54.4524497986,"39":53.0249710083,"40":55.4338417053,"41":55.5726280212,"42":58.4077568054,"43":56.2467155457,"44":54.7795791626,"45":51.4091377258,"46":53.1934890747,"47":51.7560958862,"48":46.75,"49":48.4700012207,"50":45.2599983215,"51":47.1800003052,"52":44.8499984741,"53":41.8300018311,"54":38.2999992371,"55":37.5600013733,"56":39.4500007629,"57":41.6100006104,"58":44.2900009155,"59":42.8100013733,"60":45.0,"61":44.25,"62":42.1199989319,"63":43.9500007629,"64":43.8300018311,"65":46.6699981689,"66":46.5099983215,"67":47.8199996948,"68":49.0,"69":46.9300003052,"70":48.9199981689,"71":47.6100006104,"72":47.0999984741,"73":48.0600013733,"74":46.5299987793,"75":45.3800010681,"76":45.6800003052,"77":45.0699996948,"78":45.4300003052,"79":46.3499984741,"80":46.3499984741},"Volume":{"0":11867700,"1":11354500,"2":14698300,"3":9973900,"4":10676000,"5":15398000,"6":13040100,"7":14302900,"8":16345300,"9":17735400,"10":10234100,"11":14264300,"12":11968900,"13":12869600,"14":12858900,"15":8594300,"16":14359900,"17":15240200,"18":13163600,"19":20225600,"20":17685200,"21":12336800,"22":15417900,"23":11414900,"24":9347000,"25":8757800,"26":7984900,"27":7431200,"28":9179100,"29":8173200,"30":9965500,"31":10075700,"32":6265700,"33":7597200,"34":10842400,"35":14415500,"36":15915100,"37":15837800,"38":23754000,"39":40891800,"40":25698600,"41":27099200,"42":20526100,"43":17948500,"44":22353900,"45":27898300,"46":27457400,"47":22653900,"48":31913100,"49":33697200,"50":28682300,"51":32106700,"52":35408300,"53":41956900,"54":51513500,"55":44978500,"56":49096200,"57":42511700,"58":37821700,"59":23297900,"60":23446000,"61":25373900,"62":21936400,"63":17621900,"64":14207100,"65":22850000,"66":21279600,"67":18937100,"68":19167300,"69":19586000,"70":21801900,"71":12893200,"72":17606800,"73":19844600,"74":18957900,"75":26863700,"76":15815200,"77":17668200,"78":15175000,"79":6728300,"80":6728300}}