{"Open":{"0":28.8681052534,"1":28.3211712922,"2":28.41066836,"3":28.5598314225,"4":28.5498868453,"5":28.3410598165,"6":28.2416172944,"7":28.1819513533,"8":28.1720069595,"9":28.5996108777,"10":28.1819530404,"11":27.8836262172,"12":28.0427341632,"13":28.1720084328,"14":28.2117856414,"15":28.3211709586,"16":27.7941285419,"17":28.1918974331,"18":28.2316733822,"19":27.1477507991,"20":27.2471945116,"21":26.8593698156,"22":26.919034271,"23":27.3267484996,"24":28.0725645058,"25":27.8935677516,"26":27.8438479262,"27":28.0427336298,"28":28.3410597572,"29":28.5200004578,"30":28.5,"31":29.7999992371,"32":29.9699993134,"33":29.3600006104,"34":29.7999992371,"35":29.9200000763,"36":30.3700008392,"37":29.8799991608,"38":28.5499992371,"39":28.0,"40":28.4400005341,"41":29.5200004578,"42":29.6800003052,"43":30.6499996185,"44":32.7200012207,"45":30.6800003052,"46":31.2999992371,"47":31.8099994659,"48":28.6000003815,"49":30.5400009155,"50":29.3299999237,"51":31.8099994659,"52":33.6500015259,"53":35.75,"54":34.25,"55":31.7800006866,"56":31.5,"57":29.9899997711,"58":28.0,"59":29.2900009155,"60":30.0,"61":29.5799999237,"62":30.2999992371,"63":30.2299995422,"64":31.6100006104,"65":32.2999992371,"66":31.4599990845,"67":31.7099990845,"68":30.3299999237,"69":31.2000007629,"70":32.0499992371,"71":32.3699989319,"72":32.0499992371,"73":31.8500003815,"74":32.0999984741,"75":32.1699981689,"76":32.3300018311,"77":32.0499992371,"78":33.0200004578,"79":32.9799995422,"80":32.9799995422},"High":{"0":28.9973794307,"1":28.6592753201,"2":28.7089964353,"3":28.6393851965,"4":28.5697757629,"5":28.500167369,"6":28.410669307,"7":28.5498868453,"8":28.7487722942,"9":28.699053575,"10":28.4603922133,"11":28.1918968646,"12":28.4007252147,"13":28.4703346262,"14":28.4603914292,"15":28.351004336,"16":28.3510049896,"17":28.3112271522,"18":28.2416178416,"19":27.4063010416,"20":27.2969168082,"21":27.1278645244,"22":27.4560236805,"23":27.943291705,"24":28.1521182804,"25":28.102397593,"26":28.1819519456,"27":28.3112264391,"28":28.6791637797,"29":28.7800006866,"30":28.7099990845,"31":30.7299995422,"32":30.2000007629,"33":29.7999992371,"34":30.5200004578,"35":30.6399993896,"36":30.4200000763,"37":29.8799991608,"38":29.2999992371,"39":28.1800003052,"40":29.6900005341,"41":30.4200000763,"42":30.9699993134,"43":33.7000007629,"44":32.9900016785,"45":31.7000007629,"46":32.75,"47":32.2599983215,"48":30.3799991608,"49":30.9799995422,"50":33.2099990845,"51":34.9399986267,"52":36.8400001526,"53":36.5,"54":34.25,"55":32.7200012207,"56":31.6800003052,"57":30.1900005341,"58":29.1800003052,"59":29.8999996185,"60":30.3600006104,"61":30.2600002289,"62":31.7800006866,"63":31.9899997711,"64":32.8400001526,"65":32.7599983215,"66":32.5,"67":31.9500007629,"68":31.2999992371,"69":32.2299995422,"70":32.3699989319,"71":32.4900016785,"72":32.6399993896,"73":32.1300010681,"74":32.6199989319,"75":32.5999984741,"76":32.6100006104,"77":33.0999984741,"78":33.1100006104,"79":33.5299987793,"80":33.5299987793},"Low":{"0":28.2018416549,"1":28.2416175148,"2":28.1918959554,"3":28.2615052441,"4":28.261505127,"5":28.0327891706,"6":28.0725652817,"7":28.0924531208,"8":28.1720069595,"9":28.0626214502,"10":27.8537934672,"11":27.8637372988,"12":27.9035136296,"13":28.1720084328,"14":28.0626206513,"15":27.9830669346,"16":27.6051876073,"17":28.0129009579,"18":27.2571391242,"19":27.0483100031,"20":26.5709864517,"21":26.72015118,"22":26.8792583314,"23":27.2074187803,"24":27.7444049488,"25":27.7145731832,"26":27.7941275278,"27":27.9731224159,"28":28.2714504402,"29":28.4300003052,"30":28.0799999237,"31":29.3500003815,"32":29.3799991608,"33":29.1399993896,"34":29.7800006866,"35":29.8799991608,"36":29.5900001526,"37":28.6200008392,"38":28.3299999237,"39":27.0599994659,"40":28.2800006866,"41":28.9699993134,"42":29.6499996185,"43":30.4300003052,"44":31.5100002289,"45":30.0,"46":31.1800003052,"47":30.0699996948,"48":28.3700008392,"49":28.25,"50":29.0,"51":30.9099998474,"52":32.5099983215,"53":33.4099998474,"54":31.0300006866,"55":30.7700004578,"56":29.4200000763,"57":27.8199996948,"58":27.3299999237,"59":28.5499992371,"60":29.1200008392,"61":29.1000003815,"62":29.8299999237,"63":29.8500003815,"64":31.6000003815,"65":31.2800006866,"66":30.5699996948,"67":30.7199993134,"68":30.0100002289,"69":31.0499992371,"70":31.5699996948,"71":31.0699996948,"72":31.8400001526,"73":30.8899993896,"74":31.7399997711,"75":31.7399997711,"76":32.0800018311,"77":31.9599990845,"78":32.4700012207,"79":32.9799995422,"80":32.9799995422},"Close":{"0":28.5001678467,"1":28.5399456024,"2":28.6393852234,"3":28.430557251,"4":28.261505127,"5":28.2813949585,"6":28.2018413544,"7":28.261505127,"8":28.6791629791,"9":28.132232666,"10":27.9234027863,"11":27.9930114746,"12":28.2515621185,"13":28.2117862701,"14":28.2813949585,"15":28.0327892303,"16":28.1720085144,"17":28.1720085144,"18":27.2969169617,"19":27.3963565826,"20":26.7102069855,"21":26.829536438,"22":27.2372493744,"23":27.9234027863,"24":27.8935680389,"25":27.804069519,"26":27.9830665588,"27":28.2813949585,"28":28.5300006866,"29":28.6299991608,"30":28.2299995422,"31":29.7099990845,"32":29.5400009155,"33":29.7800006866,"34":30.3099994659,"35":30.2700004578,"36":29.6700000763,"37":28.75,"38":28.3600006104,"39":28.1299991608,"40":29.6800003052,"41":29.3400001526,"42":30.9599990845,"43":33.4700012207,"44":32.0400009155,"45":31.25,"46":32.5999984741,"47":30.5900001526,"48":29.1200008392,"49":30.7099990845,"50":31.1000003815,"51":33.0,"52":33.9099998474,"53":34.1800003052,"54":31.7700004578,"55":31.0799999237,"56":30.1499996185,"57":27.9400005341,"58":29.0,"59":29.1299991608,"60":29.6499996185,"61":30.1200008392,"62":30.5,"63":31.6000003815,"64":32.2900009155,"65":32.6300010681,"66":31.8600006104,"67":31.0200004578,"68":31.0599994659,"69":31.3299999237,"70":32.0900001526,"71":32.0299987793,"72":31.9500007629,"73":31.9300003052,"74":31.9300003052,"75":32.1699981689,"76":32.3100013733,"77":32.8800010681,"78":32.9599990845,"79":33.1198005676,"80":33.1198005676},"Volume":{"0":6224900,"1":5442000,"2":6929600,"3":5882200,"4":7341600,"5":5725300,"6":4549300,"7":3796000,"8":6134700,"9":5676400,"10":5537500,"11":5614300,"12":7318200,"13":4821800,"14":3959600,"15":4642200,"16":4241700,"17":3323300,"18":4454300,"19":3938600,"20":6094400,"21":5321700,"22":5330300,"23":5243800,"24":5524100,"25":5952000,"26":4511200,"27":4096200,"28":4375600,"29":3682000,"30":4807900,"31":15999100,"32":7528100,"33":6187500,"34":9065300,"35":7668600,"36":7335200,"37":7565800,"38":8376600,"39":13514400,"40":11950800,"41":10566900,"42":9597800,"43":25208100,"44":14613600,"45":13149900,"46":16506300,"47":12935100,"48":15294000,"49":16518300,"50":24770300,"51":25167900,"52":25779400,"53":16699300,"54":21979200,"55":13199900,"56":13695000,"57":20521000,"58":18238900,"59":14993000,"60":12972800,"61":17225200,"62":17162600,"63":18951500,"64":14538900,"65":15549200,"66":16983100,"67":18720700,"68":17331700,"69":13509400,"70":13328100,"71":16203200,"72":14498700,"73":15774600,"74":11003100,"75":14815400,"76":9433400,"77":11731700,"78":9341400,"79":4016777,"80":4016777}}