{"Open":{"0":52.657036361,"1":52.3873560307,"2":52.3174403064,"3":51.9079295995,"4":51.9878325678,"5":52.1376559282,"6":52.6470436769,"7":52.0078101819,"8":51.9279080301,"9":51.8180365745,"10":51.8479996212,"11":52.2275478704,"12":52.1576331204,"13":51.558347334,"14":51.4085268721,"15":51.4085290098,"16":50.3597787678,"17":50.9291021155,"18":51.5483580985,"19":51.1388490832,"20":51.9279057528,"21":51.6482392653,"22":52.9367006941,"23":53.4560767614,"24":53.7257565132,"25":53.0166062339,"26":56.8120650682,"27":55.8132622593,"28":54.7545255629,"29":53.7157656397,"30":53.9454893435,"31":53.8955520508,"32":53.775696938,"33":53.4660633715,"34":53.5859250567,"35":52.2475252607,"36":52.3300018311,"37":50.75,"38":48.1199989319,"39":44.8800010681,"40":45.6699981689,"41":48.2599983215,"42":47.9000015259,"43":46.7900009155,"44":43.7299995422,"45":41.25,"46":40.8699989319,"47":41.7400016785,"48":36.5200004578,"49":35.4099998474,"50":32.5900001526,"51":34.3600006104,"52":33.3199996948,"53":34.0,"54":37.5400009155,"55":31.2399997711,"56":31.6599998474,"57":33.7799987793,"58":33.6300010681,"59":33.8499984741,"60":33.7200012207,"61":34.8400001526,"62":32.8300018311,"63":32.4000015259,"64":32.6300010681,"65":34.5200004578,"66":37.6300010681,"67":36.6399993896,"68":38.4300003052,"69":39.4099998474,"70":38.2900009155,"71":36.0699996948,"72":34.5099983215,"73":35.2400016785,"74":35.3899993896,"75":33.7799987793,"76":34.5400009155,"77":33.9900016785,"78":33.5600013733,"79":32.1599998474,"80":32.1599998474},"High":{"0":52.9367007305,"1":52.746926667,"2":52.4772490558,"3":52.2375334748,"4":52.5172021456,"5":52.6570353257,"6":52.866782134,"7":52.1875955047,"8":52.2275489666,"9":52.0977009286,"10":52.2874727227,"11":52.6070912706,"12":52.297465304,"13":51.8579882713,"14":51.6782048488,"15":51.5383710035,"16":51.0889102413,"17":51.8080483501,"18":51.9279052968,"19":52.4073326922,"20":52.1975799167,"21":52.6969844361,"22":53.4760566722,"23":53.8056572012,"24":53.9155282139,"25":53.486042303,"26":56.8120650682,"27":56.0529734879,"28":54.8843713646,"29":54.0653498968,"30":54.1652277971,"31":53.995434902,"32":54.0353847334,"33":54.055358837,"34":53.7956733304,"35":52.7768910394,"36":52.3300018311,"37":51.0200004578,"38":48.3300018311,"39":45.6500015259,"40":48.7099990845,"41":49.0499992371,"42":48.5800018311,"43":47.1500015259,"44":44.6599998474,"45":41.9399986267,"46":43.2400016785,"47":41.9500007629,"48":37.3100013733,"49":37.0400009155,"50":37.9599990845,"51":37.7000007629,"52":34.9000015259,"53":38.2299995422,"54":37.9700012207,"55":32.0,"56":33.9900016785,"57":35.1699981689,"58":35.7000007629,"59":34.9700012207,"60":35.5699996948,"61":35.3600006104,"62":33.2000007629,"63":34.6100006104,"64":33.7200012207,"65":36.0,"66":38.0499992371,"67":38.2299995422,"68":40.4700012207,"69":39.4099998474,"70":38.5200004578,"71":36.2900009155,"72":34.5900001526,"73":36.3800010681,"74":35.9500007629,"75":34.4900016785,"76":34.6699981689,"77":34.2999992371,"78":33.5600013733,"79":32.5999984741,"80":32.5999984741},"Low":{"0":52.397344752,"1":52.2175570924,"2":51.9578696676,"3":51.7481208517,"4":51.738131159,"5":51.9678569856,"6":51.9079296467,"7":51.758108768,"8":51.7780856568,"9":51.5483586002,"10":51.758106963,"11":52.1476415903,"12":51.4085288705,"13":51.4784448621,"14":50.7393251203,"15":50.9990188378,"16":50.1899836371,"17":50.9291021155,"18":51.3685727841,"19":51.1388490832,"20":51.1987742988,"21":51.5783231746,"22":52.6170831834,"23":53.1863987892,"24":53.206377121,"25":52.7669048191,"26":54.5347856502,"27":54.5747415442,"28":53.8156496213,"29":53.5259939414,"30":53.5959089039,"31":53.2762936136,"32":53.6358647551,"33":53.4660633715,"34":53.0765320376,"35":52.1576325992,"36":50.2799987793,"37":48.8800010681,"38":46.2099990845,"39":43.9700012207,"40":45.5499992371,"41":46.8600006104,"42":46.8199996948,"43":45.1800003052,"44":43.2099990845,"45":38.6300010681,"46":40.2599983215,"47":39.4900016785,"48":33.1800003052,"49":34.1699981689,"50":32.2200012207,"51":32.25,"52":31.6599998474,"53":32.0,"54":30.8700008392,"55":28.5200004578,"56":30.5100002289,"57":32.2400016785,"58":32.7200012207,"59":33.0299987793,"60":32.9000015259,"61":34.3699989319,"62":31.8700008392,"63":32.1500015259,"64":32.3800010681,"65":34.2400016785,"66":36.1800003052,"67":35.9799995422,"68":38.4300003052,"69":36.9799995422,"70":36.8199996948,"71":34.4099998474,"72":32.9900016785,"73":34.8600006104,"74":34.4500007629,"75":33.5600013733,"76":33.7000007629,"77":32.8699989319,"78":32.1599998474,"79":31.3799991608,"80":31.3799991608},"Close":{"0":52.8967475891,"1":52.6969833374,"2":52.0177993774,"3":51.7780838013,"4":51.7880706787,"5":52.6470451355,"6":52.0078086853,"7":52.0377731323,"8":51.9678573608,"9":51.6182746887,"10":52.0777244568,"11":52.3274269104,"12":51.4384918213,"13":51.8180389404,"14":51.3985366821,"15":51.2886695862,"16":50.7293395996,"17":51.4285049438,"18":51.6082839966,"19":52.317440033,"20":51.3885498047,"21":52.3374176025,"22":52.6670227051,"23":53.5160064697,"24":53.2463302612,"25":53.1864013672,"26":55.7433433533,"27":54.6546478271,"28":53.8655891418,"29":53.9954338074,"30":54.1252746582,"31":53.6358642578,"32":53.6458511353,"33":53.8256340027,"34":53.5659484863,"35":52.2675018311,"36":50.3600006104,"37":48.9500007629,"38":46.2099990845,"39":45.6300010681,"40":48.6899986267,"41":47.0800018311,"42":48.5,"43":45.5299987793,"44":44.1800003052,"45":39.3899993896,"46":43.1800003052,"47":39.7299995422,"48":33.1899986267,"49":37.0099983215,"50":33.4199981689,"51":36.7200012207,"52":34.5900001526,"53":37.3100013733,"54":31.2600002289,"55":29.7399997711,"56":33.7400016785,"57":33.2900009155,"58":35.4099998474,"59":33.7000007629,"60":35.4300003052,"61":34.8300018311,"62":32.6300010681,"63":33.1800003052,"64":32.7000007629,"65":35.7000007629,"66":36.2700004578,"67":37.9700012207,"68":39.4199981689,"69":37.4199981689,"70":37.4199981689,"71":34.5600013733,"72":34.0,"73":36.1399993896,"74":34.9700012207,"75":33.7099990845,"76":33.7700004578,"77":32.9199981689,"78":32.4000015259,"79":31.4950008392,"80":31.4950008392},"Volume":{"0":1081400,"1":829300,"2":786600,"3":759500,"4":904800,"5":699400,"6":656300,"7":742900,"8":889000,"9":892300,"10":688100,"11":1064000,"12":1155200,"13":1085300,"14":1009100,"15":650500,"16":745200,"17":841500,"18":679500,"19":880900,"20":1024300,"21":824100,"22":773400,"23":1405200,"24":679300,"25":800000,"26":1263300,"27":917900,"28":767200,"29":838100,"30":930300,"31":681800,"32":704200,"33":751000,"34":1096200,"35":1106700,"36":1200400,"37":1616300,"38":1911700,"39":3377400,"40":1988900,"41":1682300,"42":1052100,"43":1604800,"44":1821300,"45":1965200,"46":1895600,"47":2214800,"48":2844000,"49":2900100,"50":2949100,"51":2852000,"52":2518400,"53":2331800,"54":3513800,"55":1796900,"56":1846200,"57":2509900,"58":1160100,"59":1097900,"60":1361700,"61":1932400,"62":1277700,"63":1380000,"64":1425100,"65":1301500,"66":1372300,"67":1046500,"68":1474500,"69":842400,"70":1110900,"71":1296600,"72":1792000,"73":1686700,"74":1118600,"75":867000,"76":778300,"77":1440000,"78":2221000,"79":1149800,"80":1149800}}