{"Open":{"0":18.0274386118,"1":17.8002447991,"2":18.4719531707,"3":17.9089025461,"4":17.9780489044,"5":18.0867079127,"6":18.8967061213,"7":19.0646332815,"8":20.0425617622,"9":19.7165853061,"10":19.7462199969,"11":19.9931707391,"12":20.0721954262,"13":20.2500004773,"14":20.526585814,"15":20.8328059985,"16":19.9931705056,"17":20.1907334142,"18":22.7195122182,"19":22.6306092867,"20":22.8479267436,"21":22.6009745673,"22":22.235488735,"23":23.6875616131,"24":24.339512118,"25":23.5492679966,"26":24.803781623,"27":24.0036586564,"28":24.5271962849,"29":24.102439419,"30":24.1617064595,"31":23.9542694166,"32":23.9443907742,"33":22.4599990845,"34":23.9699993134,"35":23.2299995422,"36":23.5900001526,"37":23.6000003815,"38":21.0699996948,"39":22.4699993134,"40":21.8400001526,"41":22.3199996948,"42":22.2600002289,"43":23.5400009155,"44":22.2700004578,"45":20.8999996185,"46":21.5499992371,"47":20.2600002289,"48":18.1399993896,"49":16.6200008392,"50":14.3299999237,"51":11.7899999619,"52":9.4399995804,"53":9.4899997711,"54":10.8299999237,"55":9.6899995804,"56":9.6700000763,"57":13.1800003052,"58":14.3500003815,"59":12.3299999237,"60":12.3100004196,"61":11.6899995804,"62":10.5900001526,"63":10.0500001907,"64":10.1400003433,"65":12.1199998856,"66":13.8000001907,"67":13.4200000763,"68":15.6499996185,"69":14.9300003052,"70":14.279999733,"71":12.9799995422,"72":12.75,"73":13.0100002289,"74":13.1300001144,"75":11.8500003815,"76":12.3100004196,"77":10.0600004196,"78":10.75,"79":10.5,"80":10.5},"High":{"0":18.0373168864,"1":18.8571957436,"2":18.4917078377,"3":18.3237806919,"4":18.2842678783,"5":19.0547581852,"6":19.4498781988,"7":19.9832921142,"8":20.1117078018,"9":19.9536601449,"10":20.0623172678,"11":20.0326838391,"12":20.3191466531,"13":20.2500004773,"14":20.9809751484,"15":20.8328059985,"16":20.2203651754,"17":20.5167089676,"18":23.341828463,"19":23.1739012083,"20":22.9269510611,"21":22.8380493938,"22":23.7962204163,"23":24.3987823638,"24":24.5568304017,"25":23.6184140353,"26":24.9519519811,"27":24.6556097489,"28":24.6358554299,"29":24.3197577049,"30":24.3493899142,"31":24.1320746044,"32":24.3000011444,"33":24.9599990845,"34":24.4300003052,"35":23.7000007629,"36":23.7700004578,"37":23.7199993134,"38":23.3600006104,"39":22.9400005341,"40":22.3400001526,"41":23.1100006104,"42":24.4899997711,"43":24.5200004578,"44":22.7099990845,"45":21.8600006104,"46":21.7000007629,"47":20.7099990845,"48":18.1399993896,"49":16.9200000763,"50":14.3299999237,"51":11.8199996948,"52":10.1899995804,"53":11.2100000381,"54":11.2299995422,"55":9.75,"56":13.1999998093,"57":15.1800003052,"58":14.720000267,"59":13.220000267,"60":12.5799999237,"61":12.4499998093,"62":11.0100002289,"63":10.2299995422,"64":11.5100002289,"65":13.0900001526,"66":14.7899999619,"67":15.0799999237,"68":16.9599990845,"69":14.9499998093,"70":15.0500001907,"71":13.1599998474,"72":12.8500003815,"73":13.9399995804,"74":13.5,"75":12.6800003052,"76":12.3999996185,"77":11.3000001907,"78":10.970000267,"79":10.9499998093,"80":10.9499998093},"Low":{"0":17.0593903056,"1":17.6619508315,"2":17.8002455087,"3":17.6718295891,"4":17.6817063209,"5":17.8891480552,"6":18.6596331812,"7":19.044878616,"8":19.6079270908,"9":19.4893906266,"10":19.7363417216,"11":19.6968300259,"12":19.686952115,"13":19.7067085352,"14":20.1018294197,"15":20.2401226673,"16":19.7956106605,"17":19.9734151225,"18":22.0675611487,"19":22.4429258349,"20":22.482439982,"21":22.1367069573,"22":21.8502454232,"23":23.3517077884,"24":23.6480498189,"25":23.0652438416,"26":23.0850013244,"27":23.9147560634,"28":24.2110990094,"29":23.5492691971,"30":23.8554874742,"31":23.4801235051,"32":23.815976965,"33":21.8099994659,"34":23.5599994659,"35":22.6200008392,"36":23.0900001526,"37":22.7399997711,"38":20.6100006104,"39":21.3299999237,"40":21.1499996185,"41":21.8999996185,"42":22.0799999237,"43":23.0,"44":21.7399997711,"45":20.0,"46":20.1399993896,"47":19.4799995422,"48":15.7899999619,"49":15.3999996185,"50":10.0399999619,"51":8.0,"52":8.0699996948,"53":8.5100002289,"54":9.4499998093,"55":8.5200004578,"56":9.6199998856,"57":12.5,"58":12.970000267,"59":11.5,"60":11.0100002289,"61":11.4499998093,"62":9.6499996185,"63":9.3199996948,"64":10.1099996567,"65":11.5500001907,"66":12.9899997711,"67":13.3500003815,"68":14.6899995804,"69":13.4799995422,"70":13.6999998093,"71":12.1800003052,"72":12.0399999619,"73":12.9099998474,"74":12.4300003052,"75":11.8100004196,"76":8.8000001907,"77":10.0100002289,"78":10.0500001907,"79":10.1199998856,"80":10.1199998856},"Close":{"0":17.2767066956,"1":18.6300010681,"2":17.9385375977,"3":17.800245285,"4":17.9286575317,"5":18.7287807465,"6":19.17329216,"7":19.943780899,"8":19.7857322693,"9":19.5486602783,"10":20.0326843262,"11":19.9141464233,"12":20.0425624847,"13":19.7363414764,"14":20.7439022064,"15":20.4870738983,"16":19.9339027405,"17":20.3092689514,"18":22.9368286133,"19":23.1245117188,"20":22.8775615692,"21":22.1663417816,"22":23.5097560883,"23":24.2703666687,"24":23.6875610352,"25":23.2924385071,"26":23.8456096649,"27":24.2901229858,"28":24.4185371399,"29":23.9839038849,"30":24.043170929,"31":23.7962207794,"32":24.3000011444,"33":23.4200000763,"34":24.0699996948,"35":23.6499996185,"36":23.5,"37":22.7800006866,"38":23.0499992371,"39":21.6599998474,"40":22.25,"41":22.0799999237,"42":24.3500003815,"43":23.3099994659,"44":22.25,"45":20.6000003815,"46":20.7700004578,"47":19.6200008392,"48":15.8400001526,"49":16.1200008392,"50":11.6499996185,"51":10.1300001144,"52":9.7899999619,"53":10.7399997711,"54":9.779999733,"55":9.1700000763,"56":12.75,"57":13.9300003052,"58":13.1400003433,"59":12.5900001526,"60":11.7899999619,"61":11.5600004196,"62":10.2299995422,"63":10.1499996185,"64":11.3400001526,"65":12.5500001907,"66":13.2399997711,"67":14.5799999237,"68":14.9300003052,"69":13.7100000381,"70":14.0699996948,"71":12.6199998856,"72":12.2399997711,"73":13.779999733,"74":12.5399999619,"75":12.0600004196,"76":10.1899995804,"77":10.6300001144,"78":10.3100004196,"79":10.8599996567,"80":10.8599996567},"Volume":{"0":7396100,"1":16167000,"2":8907100,"3":5726800,"4":5397900,"5":16608700,"6":11790500,"7":7490400,"8":4812600,"9":3782900,"10":4082400,"11":5016200,"12":4777500,"13":4145500,"14":10321900,"15":6867900,"16":7101500,"17":4140400,"18":32146600,"19":9088500,"20":10433400,"21":8810700,"22":16149200,"23":9957400,"24":7468700,"25":5206700,"26":10399900,"27":8710200,"28":5240100,"29":6895700,"30":3694000,"31":5995100,"32":3914500,"33":34627300,"34":12587500,"35":9807300,"36":11854100,"37":16448800,"38":17192800,"39":12412400,"40":9563500,"41":7991500,"42":10544400,"43":10134400,"44":9204000,"45":7879400,"46":7152700,"47":13332000,"48":9767400,"49":9865300,"50":15532800,"51":24316500,"52":12107900,"53":11711000,"54":12430800,"55":7752600,"56":14752100,"57":13340700,"58":9411800,"59":9618600,"60":12009400,"61":7993900,"62":10127900,"63":15479200,"64":11864600,"65":13755900,"66":9005700,"67":9083400,"68":12328500,"69":6748900,"70":6609700,"71":6958200,"72":3922200,"73":7101200,"74":5467600,"75":4729100,"76":49855800,"77":20257600,"78":8737600,"79":3241811,"80":3241811}}