{"Open":{"0":50.4744313771,"1":49.0116914342,"2":48.8832047501,"3":49.6639918806,"4":48.7250709158,"5":49.2488931904,"6":49.1302877894,"7":48.9820412242,"8":49.9506126838,"9":50.0099116023,"10":50.8005839335,"11":51.0773186023,"12":50.3162961071,"13":50.7116333447,"14":50.5633795445,"15":50.7511641788,"16":49.6541122437,"17":49.4169082034,"18":49.8122468716,"19":48.2902034961,"20":48.7547252337,"21":47.2129164474,"22":47.440231967,"23":46.9460625173,"24":46.6890969066,"25":45.5920395964,"26":44.4949847605,"27":44.5246335806,"28":45.1176397056,"29":45.1571688548,"30":44.8705536169,"31":44.7914854603,"32":44.6926547932,"33":44.3763868008,"34":44.3072003294,"35":42.7653928897,"36":42.8938799889,"37":41.2235828904,"38":39.5038764525,"39":38.0114841637,"40":39.2370276842,"41":39.7114282109,"42":39.3556265861,"43":38.7230891317,"44":36.6376967425,"45":35.4912239638,"46":35.1354225595,"47":34.9575192276,"48":31.8299999237,"49":31.5200004578,"50":29.4400005341,"51":28.1200008392,"52":26.0699996948,"53":23.5799999237,"54":26.7900009155,"55":23.7700004578,"56":23.9300003052,"57":26.7700004578,"58":27.9599990845,"59":28.4400005341,"60":28.0599994659,"61":27.6900005341,"62":25.5,"63":24.1800003052,"64":23.4099998474,"65":24.2099990845,"66":27.0400009155,"67":26.7900009155,"68":29.6800003052,"69":29.5699996948,"70":28.8799991608,"71":27.6100006104,"72":26.6800003052,"73":28.3299999237,"74":27.9799995422,"75":26.7199993134,"76":27.7199993134,"77":27.8700008392,"78":29.0200004578,"79":30.2099990845,"80":30.2099990845},"High":{"0":50.7017487098,"1":49.5453949665,"2":49.4169082642,"3":49.6639918806,"4":49.436675603,"5":49.2686566362,"6":49.2587728026,"7":49.9802611203,"8":50.3261784789,"9":50.6127985098,"10":51.1366190653,"11":51.1563836979,"12":50.8302324081,"13":50.9883668285,"14":50.7511624355,"15":50.9685997855,"16":49.6541122437,"17":49.9209590082,"18":49.8122468716,"19":48.804139796,"20":48.7547252337,"21":48.1617202181,"22":47.9739354815,"23":47.6082472736,"24":46.6890969066,"25":45.6908719026,"26":44.8409016111,"27":45.2955399131,"28":45.6019233055,"29":45.3449555168,"30":45.0978709395,"31":45.1275205881,"32":44.9990372235,"33":44.8211359758,"34":44.5443993701,"35":43.0618935854,"36":42.9334106521,"37":41.6189196543,"38":41.0456815298,"39":39.3852735825,"40":39.8201473788,"41":41.1741682588,"42":40.047464076,"43":39.0097081009,"44":37.5667332925,"45":36.1929431681,"46":36.3708453202,"47":35.313321564,"48":31.8299999237,"49":32.4700012207,"50":31.5499992371,"51":28.8700008392,"52":26.5400009155,"53":26.8199996948,"54":27.0,"55":24.8199996948,"56":26.7000007629,"57":28.7999992371,"58":30.4799995422,"59":28.8899993896,"60":28.5699996948,"61":27.9799995422,"62":25.6700000763,"63":25.0300006866,"64":23.9099998474,"65":25.8600006104,"66":28.1599998474,"67":29.1200008392,"68":30.6700000763,"69":29.5900001526,"70":29.6599998474,"71":27.6399993896,"72":26.9899997711,"73":29.2999992371,"74":28.7399997711,"75":27.3799991608,"76":27.9899997711,"77":29.3799991608,"78":30.2000007629,"79":31.7199993134,"80":31.7199993134},"Low":{"0":49.3576081597,"1":48.8634391963,"2":48.4681045303,"3":48.547168719,"4":48.6460058229,"5":48.5471702191,"6":48.7942526727,"7":48.8634379289,"8":49.703528138,"9":49.950613723,"10":50.6424499756,"11":50.3953665999,"12":49.9802609783,"13":50.4447815839,"14":49.6738737024,"15":49.9703798798,"16":48.754724643,"17":48.8832046899,"18":48.7547252975,"19":47.9937027998,"20":46.9460645174,"21":46.0862114983,"22":45.2658872478,"23":45.315303048,"24":45.7106404573,"25":44.4356820084,"26":44.1787168485,"27":44.5147518579,"28":45.0879869963,"29":44.890317101,"30":44.5938163706,"31":43.9513995258,"32":44.4159175323,"33":44.1490656964,"34":43.9612797206,"35":42.2909910225,"36":40.8381346944,"37":40.2253630285,"38":38.6637867759,"39":37.7545179048,"40":37.8928871156,"41":38.2190354539,"42":38.6736745895,"43":37.4678992251,"44":36.400497686,"45":33.4157152897,"46":33.3267655984,"47":33.5441953748,"48":29.6700000763,"49":29.4500007629,"50":27.25,"51":25.8500003815,"52":22.1299991608,"53":22.1100006104,"54":23.7900009155,"55":22.0300006866,"56":23.8600006104,"57":25.5,"58":27.2900009155,"59":26.7199993134,"60":27.0699996948,"61":26.4099998474,"62":24.0799999237,"63":23.5599994659,"64":22.2700004578,"65":24.1200008392,"66":26.1100006104,"67":26.7099990845,"68":29.1100006104,"69":27.7800006866,"70":28.6200008392,"71":26.0699996948,"72":25.5,"73":28.3199996948,"74":27.3400001526,"75":26.3799991608,"76":27.1800003052,"77":27.6900005341,"78":29.0200004578,"79":30.3199996948,"80":30.3199996948},"Close":{"0":49.7529449463,"1":49.1994743347,"2":49.4169082642,"3":48.7547225952,"4":49.0018081665,"5":49.0907554626,"6":48.8733215332,"7":49.9209594727,"8":50.0790939331,"9":50.3953666687,"10":50.9784851074,"11":50.6029167175,"12":50.5436134338,"13":50.8401145935,"14":50.7116317749,"15":50.2866477966,"16":49.1105232239,"17":49.624458313,"18":48.7843742371,"19":48.794254303,"20":47.0350151062,"21":46.412361145,"22":46.9757118225,"23":46.3332939148,"24":45.8687744141,"25":44.5641670227,"26":44.3961486816,"27":44.9496192932,"28":45.5426254272,"29":44.929851532,"30":45.0682182312,"31":44.5345191956,"32":44.4554519653,"33":44.6630020142,"34":44.1292991638,"35":42.6467933655,"36":41.0456848145,"37":40.235244751,"38":38.6934394836,"39":39.1974906921,"40":39.7806129456,"41":38.683555603,"42":40.0375785828,"43":37.8138160706,"44":37.3196487427,"45":33.6627998352,"46":36.1435279846,"47":33.8999977112,"48":29.7299995422,"49":32.4399986267,"50":27.4500007629,"51":28.1100006104,"52":23.8500003815,"53":26.1499996185,"54":23.8400001526,"55":22.4699993134,"56":26.4899997711,"57":27.6200008392,"58":30.3099994659,"59":27.9500007629,"60":28.0699996948,"61":26.6800003052,"62":24.4200000763,"63":24.2099990845,"64":22.7199993134,"65":25.3299999237,"66":26.5599994659,"67":28.7700004578,"68":29.8799991608,"69":28.6800003052,"70":29.0200004578,"71":26.3999996185,"72":26.7600002289,"73":28.8899993896,"74":27.4699993134,"75":26.9899997711,"76":27.4400005341,"77":28.8299999237,"78":29.8799991608,"79":31.5849990845,"80":31.5849990845},"Volume":{"0":1453600,"1":1174200,"2":921100,"3":903800,"4":936900,"5":977100,"6":842700,"7":880300,"8":958800,"9":799300,"10":816900,"11":972000,"12":841500,"13":748500,"14":1115200,"15":828900,"16":1553200,"17":1085700,"18":863600,"19":941700,"20":5575700,"21":2926700,"22":2813600,"23":1765000,"24":1110800,"25":933400,"26":826000,"27":821500,"28":574900,"29":565500,"30":478700,"31":689900,"32":573400,"33":562200,"34":966500,"35":1561600,"36":1141200,"37":1418000,"38":1660900,"39":2470400,"40":1300800,"41":1067000,"42":618100,"43":1117200,"44":1405600,"45":1178700,"46":1253800,"47":1420200,"48":1333300,"49":1694800,"50":2258200,"51":2125600,"52":1463400,"53":1976600,"54":1580200,"55":1550300,"56":1040900,"57":1291400,"58":1405400,"59":1155600,"60":982200,"61":1571900,"62":1351500,"63":1602800,"64":1551800,"65":1490000,"66":1527300,"67":1281600,"68":1669200,"69":957400,"70":1077900,"71":1185000,"72":1173600,"73":1233400,"74":1113200,"75":836400,"76":1091700,"77":1490600,"78":2674800,"79":572891,"80":572891}}