{"Open":{"0":169.9600067139,"1":164.9700012207,"2":167.0200042725,"3":168.4100036621,"4":170.0,"5":174.3500061035,"6":175.1799926758,"7":177.8500061035,"8":178.9199981689,"9":180.3200073242,"10":179.0599975586,"11":177.6499938965,"12":176.8500061035,"13":180.1499938965,"14":179.2799987793,"15":180.1999969482,"16":175.0800018311,"17":178.25,"18":180.8899993896,"19":179.1199951172,"20":177.7100067139,"21":176.5500030518,"22":180.1999969482,"23":183.3399963379,"24":185.5,"25":183.7400054932,"26":181.9900054932,"27":184.3500061035,"28":186.4199981689,"29":188.4900054932,"30":193.9799957275,"31":193.8099975586,"32":191.3200073242,"33":189.2599945068,"34":187.9700012207,"35":185.8899993896,"36":188.7299957275,"37":185.8099975586,"38":181.5899963379,"39":178.4900054932,"40":176.6000061035,"41":187.1999969482,"42":185.6999969482,"43":187.2700042725,"44":182.8399963379,"45":179.8399963379,"46":180.1799926758,"47":167.2100067139,"48":149.5,"49":145.9299926758,"50":140.9799957275,"51":126.0500030518,"52":116.5599975586,"53":106.4400024414,"54":116.9400024414,"55":106.6500015259,"56":110.4700012207,"57":118.7200012207,"58":123.6200027466,"59":131.8699951172,"60":128.0,"61":130.75,"62":119.8099975586,"63":115.9000015259,"64":115.1100006104,"65":120.3799972534,"66":133.75,"67":135.3399963379,"68":144.6699981689,"69":147.9100036621,"70":142.9299926758,"71":141.0,"72":142.4499969482,"73":142.5599975586,"74":145.2899932861,"75":153.0,"76":159.4400024414,"77":155.5,"78":161.5,"79":173.4900054932,"80":173.4900054932},"High":{"0":170.1999969482,"1":167.6100006104,"2":169.4400024414,"3":169.4700012207,"4":174.2599945068,"5":176.9499969482,"6":178.0,"7":179.3500061035,"8":181.4499969482,"9":181.4900054932,"10":180.1600036621,"11":178.2200012207,"12":179.9600067139,"13":180.3600006104,"14":179.8200073242,"15":180.3699951172,"16":178.0299987793,"17":180.7400054932,"18":181.7200012207,"19":180.7899932861,"20":178.0800018311,"21":179.6199951172,"22":182.9400024414,"23":184.8699951172,"24":185.5,"25":184.0299987793,"26":183.8399963379,"27":187.1100006104,"28":188.1999969482,"29":196.3600006104,"30":195.5700073242,"31":194.4299926758,"32":191.9499969482,"33":191.3200073242,"34":189.8999938965,"35":189.2899932861,"36":189.3699951172,"37":188.1999969482,"38":187.3500061035,"39":180.7599945068,"40":188.4199981689,"41":189.0200042725,"42":192.1199951172,"43":194.5599975586,"44":183.75,"45":179.8399963379,"46":180.8300018311,"47":167.6999969482,"48":150.75,"49":151.1900024414,"50":142.3500061035,"51":127.4599990845,"52":119.5299987793,"53":118.0999984741,"54":121.3899993896,"55":108.4899978638,"56":118.6200027466,"57":126.9100036621,"58":138.4400024414,"59":133.2899932861,"60":132.5800018311,"61":131.2700042725,"62":120.3700027466,"63":118.7600021362,"64":115.7900009155,"65":127.9300003052,"66":141.6300048828,"67":145.1999969482,"68":149.6600036621,"69":148.1900024414,"70":145.0,"71":142.5899963379,"72":142.4499969482,"73":149.0,"74":148.1499938965,"75":153.0,"76":159.4600067139,"77":163.4100036621,"78":165.5899963379,"79":178.0200042725,"80":178.0200042725},"Low":{"0":165.3200073242,"1":164.1699981689,"2":166.6399993896,"3":168.2799987793,"4":168.9400024414,"5":174.1499938965,"6":174.9499969482,"7":177.5200042725,"8":177.8699951172,"9":177.9100036621,"10":176.7100067139,"11":175.5599975586,"12":176.5500030518,"13":179.1799926758,"14":177.6499938965,"15":176.8999938965,"16":174.6199951172,"17":177.5,"18":179.7599945068,"19":175.6600036621,"20":174.5399932861,"21":176.5099945068,"22":180.0299987793,"23":183.3399963379,"24":183.1100006104,"25":182.0,"26":181.9900054932,"27":183.4400024414,"28":185.7100067139,"29":188.2599945068,"30":191.4499969482,"31":189.1100006104,"32":189.4299926758,"33":188.4600067139,"34":187.6799926758,"35":185.6300048828,"36":182.6399993896,"37":182.8800048828,"38":179.7799987793,"39":171.0899963379,"40":176.6000061035,"41":180.25,"42":185.6999969482,"43":184.8099975586,"44":175.0099945068,"45":169.1699981689,"46":166.2599945068,"47":154.4900054932,"48":136.5299987793,"49":134.1300048828,"50":121.5699996948,"51":113.5400009155,"52":101.2600021362,"53":98.0199966431,"54":106.4499969482,"55":100.3300018311,"56":108.6100006104,"57":116.3499984741,"58":123.1399993896,"59":126.3600006104,"60":123.3499984741,"61":123.0599975586,"62":114.3099975586,"63":111.7900009155,"64":110.4000015259,"65":119.0400009155,"66":130.2100067139,"67":134.5899963379,"68":142.0,"69":139.0200042725,"70":141.3800048828,"71":138.4100036621,"72":136.3800048828,"73":141.3200073242,"74":143.0800018311,"75":145.6100006104,"76":150.6399993896,"77":155.5,"78":156.8300018311,"79":170.1000061035,"80":170.1000061035},"Close":{"0":167.4799957275,"1":167.2299957275,"2":169.4199981689,"3":169.1600036621,"4":173.8399963379,"5":174.9100036621,"6":177.5800018311,"7":179.2200012207,"8":180.3899993896,"9":178.2299957275,"10":177.7400054932,"11":177.0,"12":179.6300048828,"13":179.5599975586,"14":179.7700042725,"15":177.1799926758,"16":177.4900054932,"17":180.5800018311,"18":179.9799957275,"19":179.0399932861,"20":175.3999938965,"21":178.5800018311,"22":182.5099945068,"23":184.3200073242,"24":183.8800048828,"25":182.3300018311,"26":183.5700073242,"27":186.1199951172,"28":187.5099945068,"29":194.7299957275,"30":195.2799987793,"31":190.9400024414,"32":189.8999938965,"33":188.8099975586,"34":189.5599975586,"35":187.5500030518,"36":184.5099945068,"37":183.6000061035,"38":182.5899963379,"39":175.6900024414,"40":187.9600067139,"41":181.0399932861,"42":191.2299957275,"43":187.0299987793,"44":179.7100067139,"45":176.0899963379,"46":170.7100067139,"47":158.9900054932,"48":136.8899993896,"49":151.0200042725,"50":121.9100036621,"51":124.4300003052,"52":107.7600021362,"53":114.5100021362,"54":107.2399978638,"55":104.3199996948,"56":117.7699966431,"57":122.8199996948,"58":137.0500030518,"59":128.7100067139,"60":131.9499969482,"61":126.3899993896,"62":116.1699981689,"63":116.0100021362,"64":113.3099975586,"65":126.4100036621,"66":133.4499969482,"67":141.1600036621,"68":146.8000030518,"69":140.4499969482,"70":144.6799926758,"71":141.4799957275,"72":138.5299987793,"73":148.5200042725,"74":145.6100006104,"75":148.1799926758,"76":154.1300048828,"77":159.6699981689,"78":163.7200012207,"79":176.9322052002,"80":176.9322052002},"Volume":{"0":814900,"1":556600,"2":579300,"3":526600,"4":857500,"5":827600,"6":729600,"7":728000,"8":996900,"9":790300,"10":1123400,"11":1029200,"12":647600,"13":592600,"14":566000,"15":557000,"16":677800,"17":713100,"18":495200,"19":514800,"20":529100,"21":681100,"22":797800,"23":496900,"24":483500,"25":449000,"26":443900,"27":518700,"28":747100,"29":1629600,"30":649500,"31":791600,"32":564500,"33":641400,"34":445000,"35":875000,"36":939500,"37":584700,"38":922400,"39":1776200,"40":1390800,"41":959600,"42":1780800,"43":1734300,"44":1551000,"45":1780000,"46":1455800,"47":1891800,"48":1912800,"49":2088800,"50":1827900,"51":1782700,"52":1563000,"53":1187300,"54":1672700,"55":1119100,"56":1299900,"57":1129800,"58":1589800,"59":1058600,"60":971200,"61":1273700,"62":1361500,"63":897100,"64":931800,"65":918400,"66":1705500,"67":1130100,"68":1515800,"69":537800,"70":630100,"71":655600,"72":915100,"73":1394900,"74":961300,"75":1922000,"76":2124400,"77":1822400,"78":1783700,"79":1175624,"80":1175624}}