{"Open":{"0":197.5345491802,"1":205.2396343196,"2":211.2623310878,"3":211.0632472276,"4":211.7899355612,"5":209.4405959846,"6":211.1130255895,"7":210.4858559831,"8":211.6107651111,"9":211.4415094834,"10":213.0542082968,"11":214.3284395067,"12":218.4099347556,"13":220.0027106536,"14":219.1366511698,"15":222.2226419848,"16":219.9927571903,"17":222.1131426396,"18":222.9891790025,"19":221.0081537788,"20":222.7303507535,"21":220.749323478,"22":224.3430467062,"23":223.5964181011,"24":222.6407481598,"25":226.1946524699,"26":228.8326744589,"27":228.2354036399,"28":227.4589140809,"29":228.155750791,"30":226.1349193744,"31":226.9711286467,"32":227.5783722859,"33":225.4082063915,"34":221.9837464817,"35":217.1954383761,"36":218.3402524602,"37":208.8731669603,"38":207.5790413551,"39":194.6377040924,"40":197.0069476044,"41":202.9500141129,"42":201.4368805613,"43":207.7084418929,"44":194.1200407217,"45":185.9271821419,"46":192.6268132066,"47":189.9390014843,"48":174.6199951172,"49":174.6300048828,"50":155.0,"51":155.3200073242,"52":154.9400024414,"53":166.3399963379,"54":160.4799957275,"55":153.0299987793,"56":153.4799957275,"57":160.7400054932,"58":175.6699981689,"59":183.6399993896,"60":186.9100036621,"61":180.8300018311,"62":171.9900054932,"63":176.1300048828,"64":183.4299926758,"65":186.9600067139,"66":190.6300048828,"67":181.0,"68":186.3699951172,"69":190.4400024414,"70":192.6699981689,"71":198.4600067139,"72":195.2100067139,"73":202.3999938965,"74":200.3099975586,"75":192.2700042725,"76":192.2299957275,"77":193.4400024414,"78":190.0,"79":190.6399993896,"80":190.6399993896},"High":{"0":202.4522591597,"1":209.8786092239,"2":213.034297393,"3":213.2732305171,"4":213.9202779012,"5":211.9790919229,"6":211.3817962576,"7":211.7899420324,"8":212.1284076253,"9":214.6967574083,"10":214.0198322478,"11":218.4796201273,"12":220.3411827886,"13":221.9936854107,"14":222.8100021892,"15":223.4869152015,"16":222.5611164023,"17":223.2380482563,"18":224.8308367801,"19":224.0443934084,"20":223.6760607218,"21":222.2624685279,"22":227.4688766131,"23":224.8706407156,"24":226.5530214918,"25":229.539490804,"26":229.9476306306,"27":228.4046346775,"28":229.1910523789,"29":229.9376664843,"30":228.4344928171,"31":228.8227358301,"32":228.6734144882,"33":226.1946499498,"34":223.2181411677,"35":219.753848341,"36":219.7837061469,"37":214.7664503593,"38":209.0722724872,"39":197.2160128577,"40":202.0739899433,"41":208.5546131112,"42":211.0433278522,"43":207.9274503382,"44":200.6802989651,"45":192.1191148582,"46":195.4141809835,"47":192.6865412765,"48":181.5500030518,"49":178.6399993896,"50":166.4700012207,"51":170.6799926758,"52":175.1000061035,"53":167.3699951172,"54":160.4799957275,"55":154.5399932861,"56":162.5599975586,"57":179.7700042725,"58":191.1900024414,"59":190.5399932861,"60":187.4900054932,"61":183.5599975586,"62":177.9100036621,"63":183.9600067139,"64":184.7599945068,"65":187.2100067139,"66":190.6399993896,"67":188.6799926758,"68":194.25,"69":190.7599945068,"70":197.8600006104,"71":198.4600067139,"72":198.6300048828,"73":204.1300048828,"74":202.5800018311,"75":194.6199951172,"76":194.5899963379,"77":194.2400054932,"78":190.4700012207,"79":193.9900054932,"80":193.9900054932},"Low":{"0":197.1662237185,"1":205.2396343196,"2":208.1962281624,"3":210.0478458051,"4":209.4604987875,"5":209.3111777602,"6":208.7636746581,"7":207.7781290695,"8":210.6650399238,"9":210.8940035866,"10":212.2379013733,"11":213.0442522588,"12":216.8271133969,"13":218.3302991489,"14":218.618993457,"15":221.0380095807,"16":218.7682968006,"17":219.6343887484,"18":221.7846325574,"19":220.8090593354,"20":218.4198885969,"21":219.3456826459,"22":221.2868930203,"23":220.9086052483,"24":221.9737734329,"25":224.9801566041,"26":226.2045884375,"27":225.8064119196,"28":223.7457352631,"29":225.9358182282,"30":225.4579800498,"31":225.5376243512,"32":224.4923553083,"33":220.4905113579,"34":220.5601915644,"35":215.8515394708,"36":207.9573110177,"37":208.8333389592,"38":200.5011251817,"39":189.7498572276,"40":193.8313556028,"41":196.987054228,"42":199.386163767,"43":198.1019944683,"44":191.5317674361,"45":181.178703088,"46":185.4692563217,"47":183.5280601127,"48":164.1199951172,"49":164.4799957275,"50":149.2100067139,"51":151.3999938965,"52":152.1699981689,"53":153.4499969482,"54":150.8000030518,"55":142.0099945068,"56":152.9499969482,"57":160.0,"58":174.8300018311,"59":178.4600067139,"60":179.2400054932,"61":177.0099945068,"62":170.2299957275,"63":175.2200012207,"64":177.3500061035,"65":181.6000061035,"66":178.6699981689,"67":179.5500030518,"68":186.0299987793,"69":185.0299987793,"70":191.4799957275,"71":190.7599945068,"72":194.1799926758,"73":200.8200073242,"74":194.6499938965,"75":186.0700073242,"76":190.8899993896,"77":188.6999969482,"78":186.4199981689,"79":190.5500030518,"80":190.5500030518},"Close":{"0":202.3925323486,"1":209.5202331543,"2":210.7645874023,"3":211.77003479,"4":210.336517334,"5":211.3320159912,"6":209.4206848145,"7":211.640625,"8":211.81980896,"9":212.1980895996,"10":213.3827209473,"11":218.3900299072,"12":219.4651641846,"13":218.9176330566,"14":221.8045501709,"15":221.9737701416,"16":221.3167572021,"17":222.1330566406,"18":222.561126709,"19":223.7258453369,"20":220.3312225342,"21":219.8932037354,"22":222.7303619385,"23":222.4615631104,"24":224.9602355957,"25":228.8227386475,"26":228.5639038086,"27":226.9711303711,"28":229.0019073486,"29":225.9855804443,"30":227.5186462402,"31":227.6978302002,"32":224.9602355957,"33":222.7900848389,"34":221.7946014404,"35":218.071472168,"36":208.8134307861,"37":209.3709106445,"38":201.0287322998,"39":196.8377227783,"40":201.1382293701,"41":197.7834320068,"42":210.6849517822,"43":199.6649169922,"44":199.0277862549,"45":185.7380371094,"46":195.2349853516,"47":187.5100097656,"48":166.0200042725,"49":177.6300048828,"50":152.2299957275,"51":168.9499969482,"52":167.9900054932,"53":160.1399993896,"54":154.0399932861,"55":150.2200012207,"56":162.0700073242,"57":173.4600067139,"58":190.5,"59":185.0,"60":181.9600067139,"61":180.1199951172,"62":177.1699981689,"63":183.5200042725,"64":178.5,"65":184.0,"66":179.8999938965,"67":185.1999969482,"68":190.7899932861,"69":188.3200073242,"70":197.0,"71":195.0,"72":198.2200012207,"73":203.5,"74":194.8399963379,"75":187.7799987793,"76":191.7599945068,"77":189.4299926758,"78":189.8500061035,"79":193.6399993896,"80":193.6399993896},"Volume":{"0":1214700,"1":2182200,"2":1968100,"3":1538100,"4":1683300,"5":980000,"6":1186500,"7":1306900,"8":1265400,"9":882700,"10":876600,"11":1934500,"12":1527200,"13":1411400,"14":1211600,"15":1154200,"16":1231700,"17":1334800,"18":925000,"19":1038000,"20":1390100,"21":1244700,"22":1802600,"23":1316400,"24":1458500,"25":1229800,"26":1053400,"27":1283700,"28":1433500,"29":1187900,"30":1177100,"31":912300,"32":1450300,"33":957700,"34":1198700,"35":1185500,"36":1907300,"37":2240700,"38":2314500,"39":2997800,"40":2246600,"41":1772600,"42":1677300,"43":1761000,"44":1615100,"45":1918500,"46":1826200,"47":2323600,"48":3092700,"49":2287300,"50":1992100,"51":2130400,"52":2801800,"53":2507600,"54":2684600,"55":2303300,"56":1814200,"57":1775700,"58":2310900,"59":2163100,"60":1925000,"61":2767400,"62":1498700,"63":1898500,"64":1396000,"65":1918700,"66":2523200,"67":1285800,"68":1873500,"69":815600,"70":1230000,"71":1312500,"72":1550500,"73":1639300,"74":1130300,"75":1231400,"76":920600,"77":1329300,"78":1083200,"79":210683,"80":210683}}