{"Open":{"0":131.0905409383,"1":129.6281092567,"2":130.7423379879,"3":131.0208851312,"4":131.7769838872,"5":133.8562006843,"6":135.0798525334,"7":137.4873820508,"8":138.2733148441,"9":139.8551041429,"10":141.0986606341,"11":140.1535596187,"12":138.7806775721,"13":140.5216485421,"14":140.5216443606,"15":141.1185692377,"16":136.6318023505,"17":137.9748477322,"18":138.7906121061,"19":137.467473208,"20":142.1134068599,"21":139.805356299,"22":141.5662421041,"23":144.0334396398,"24":146.97818462,"25":146.4608653844,"26":140.7703570511,"27":144.9785439898,"28":143.9240111476,"29":142.8600006104,"30":142.25,"31":141.0200042725,"32":141.6199951172,"33":141.6300048828,"34":141.3399963379,"35":139.2799987793,"36":138.9400024414,"37":136.0299987793,"38":133.3300018311,"39":126.3799972534,"40":127.7399978638,"41":133.2799987793,"42":133.0299987793,"43":138.3800048828,"44":136.1199951172,"45":134.0200042725,"46":139.2299957275,"47":139.4600067139,"48":130.7899932861,"49":132.9499969482,"50":131.0,"51":133.2100067139,"52":136.3399963379,"53":142.4900054932,"54":132.1600036621,"55":120.9499969482,"56":123.2399978638,"57":120.1200027466,"58":123.2900009155,"59":130.6499938965,"60":133.8699951172,"61":136.9600067139,"62":134.0,"63":135.3500061035,"64":140.9199981689,"65":142.2700042725,"66":143.1300048828,"67":142.0500030518,"68":144.5099945068,"69":144.9700012207,"70":147.2799987793,"71":148.9400024414,"72":152.8899993896,"73":155.4199981689,"74":156.6300048828,"75":155.4100036621,"76":154.6100006104,"77":157.1799926758,"78":162.0,"79":164.0,"80":164.0},"High":{"0":131.5780045703,"1":131.7869177997,"2":131.8764590318,"3":132.2445383785,"4":133.5179601072,"5":135.656865054,"6":137.5570183741,"7":139.2681605901,"8":140.1734545477,"9":140.9593810595,"10":141.237938122,"11":141.009125651,"12":140.8400110419,"13":141.5164920716,"14":141.0091231403,"15":141.2578467331,"16":138.382736622,"17":139.1587139285,"18":140.4122118791,"19":142.9789149259,"20":142.1134068599,"21":140.8400020433,"22":143.3271194617,"23":146.6001376722,"24":147.1075039529,"25":146.4608653844,"26":144.7994763136,"27":145.1078785069,"28":144.1528209082,"29":143.7400054932,"30":142.3200073242,"31":141.9600067139,"32":141.8399963379,"33":142.8099975586,"34":142.6499938965,"35":141.5899963379,"36":139.2299957275,"37":137.0200042725,"38":134.6699981689,"39":126.8000030518,"40":133.0,"41":135.6499938965,"42":140.8600006104,"43":141.9100036621,"44":142.3600006104,"45":140.9299926758,"46":141.9299926758,"47":141.8399963379,"48":136.5,"49":139.3699951172,"50":138.6799926758,"51":143.5899963379,"52":144.0,"53":142.9799957275,"54":132.25,"55":126.8799972534,"56":124.5999984741,"57":126.1399993896,"58":135.7400054932,"59":137.6100006104,"60":141.7700042725,"61":142.0200042725,"62":137.1900024414,"63":142.8000030518,"64":144.6000061035,"65":143.5,"66":144.8000030518,"67":147.25,"68":146.3999938965,"69":146.5899963379,"70":151.5500030518,"71":153.3999938965,"72":155.5899963379,"73":157.6699981689,"74":160.1999969482,"75":155.8000030518,"76":157.2799987793,"77":162.5599975586,"78":164.8999938965,"79":164.4400024414,"80":164.4400024414},"Low":{"0":130.0558951288,"1":129.5584629263,"2":130.2648173326,"3":131.0208851312,"4":131.3292921436,"5":133.3189766745,"6":134.8311416523,"7":137.1789829646,"8":137.4077906058,"9":139.2880360489,"10":139.1288746818,"11":138.6413932215,"12":137.7161876691,"13":139.9645385944,"14":139.1587136233,"15":137.9848028229,"16":136.6318023505,"17":137.517213042,"18":138.2534032919,"19":137.3878990832,"20":138.7508308111,"21":138.9597332492,"22":141.0489192008,"23":143.7847287667,"24":146.0529722684,"25":144.6303569364,"26":140.3923116586,"27":142.4416899415,"28":142.7501030728,"29":141.7899932861,"30":140.5700073242,"31":140.5299987793,"32":140.3600006104,"33":141.1999969482,"34":140.3300018311,"35":137.8699951172,"36":134.6199951172,"37":133.3099975586,"38":129.0500030518,"39":121.5100021362,"40":126.2099990845,"41":128.6900024414,"42":133.0,"43":137.5299987793,"44":135.5500030518,"45":133.3099975586,"46":134.7200012207,"47":137.3899993896,"48":125.9300003052,"49":128.5099945068,"50":128.25,"51":131.1000061035,"52":134.0800018311,"53":131.1199951172,"54":120.2300033569,"55":117.0599975586,"56":117.4100036621,"57":119.2099990845,"58":121.9400024414,"59":130.1999969482,"60":133.5099945068,"61":134.5200042725,"62":132.9799957275,"63":133.0299987793,"64":138.4600067139,"65":140.3000030518,"66":140.0500030518,"67":140.5,"68":143.5500030518,"69":142.8800048828,"70":144.0500030518,"71":148.5099945068,"72":152.0,"73":153.0299987793,"74":155.6100006104,"75":151.4100036621,"76":153.5700073242,"77":154.0,"78":160.6100006104,"79":162.4400024414,"80":162.4400024414},"Close":{"0":131.5282745361,"1":131.0905303955,"2":131.5780029297,"3":131.8267059326,"4":133.0205383301,"5":135.2191314697,"6":137.2884063721,"7":138.2235717773,"8":139.9247436523,"9":140.3823699951,"10":140.7007141113,"11":138.8602600098,"12":140.1834106445,"13":140.8300476074,"14":140.4818572998,"15":138.3529052734,"16":137.5968017578,"17":138.5419006348,"18":139.1985015869,"19":141.9343261719,"20":138.9199523926,"21":140.27293396,"22":142.7003631592,"23":146.5901947021,"24":146.5404510498,"25":145.6550445557,"26":144.7596740723,"27":143.5061798096,"28":142.7699890137,"29":141.8000030518,"30":141.1199951172,"31":141.0099945068,"32":140.8300018311,"33":142.0,"34":142.0399932861,"35":138.1499938965,"36":135.4100036621,"37":133.5299987793,"38":129.1900024414,"39":126.1299972534,"40":132.8399963379,"41":130.3099975586,"42":140.3800048828,"43":140.1499938965,"44":141.4600067139,"45":135.7200012207,"46":141.1900024414,"47":140.0200042725,"48":126.0199966431,"49":139.3699951172,"50":129.3800048828,"51":143.1999969482,"52":143.0899963379,"53":133.0899963379,"54":122.4000015259,"55":119.0500030518,"56":122.8899993896,"57":121.9400024414,"58":134.3500061035,"59":134.1100006104,"60":138.4400024414,"61":138.7200012207,"62":136.4199981689,"63":142.1799926758,"64":139.6600036621,"65":141.6100006104,"66":141.8800048828,"67":146.2200012207,"68":145.7299957275,"69":144.4199981689,"70":151.1100006104,"71":151.1799926758,"72":154.7299957275,"73":157.2899932861,"74":157.7899932861,"75":152.6699981689,"76":156.7100067139,"77":159.9299926758,"78":162.9299926758,"79":164.0850067139,"80":164.0850067139},"Volume":{"0":2204200,"1":1963500,"2":2102900,"3":2448300,"4":5188600,"5":4522800,"6":4177600,"7":5117100,"8":4685200,"9":3676500,"10":3794800,"11":5393200,"12":4849500,"13":2742100,"14":3138700,"15":3183300,"16":2826400,"17":2649100,"18":2815500,"19":5243400,"20":3913500,"21":5137800,"22":3177500,"23":4060900,"24":3285000,"25":2670400,"26":4892100,"27":2976400,"28":3953200,"29":3455500,"30":2273700,"31":2858200,"32":3082800,"33":3417000,"34":2900900,"35":4727400,"36":3401600,"37":4659000,"38":4292800,"39":7898300,"40":7355700,"41":6936600,"42":5301900,"43":6882100,"44":8010700,"45":5351300,"46":5961200,"47":7211800,"48":7836300,"49":6841700,"50":6619700,"51":8909200,"52":6734600,"53":6554800,"54":9113500,"55":7299300,"56":6827300,"57":6472100,"58":6723600,"59":4717400,"60":5057400,"61":7560100,"62":3297900,"63":4725000,"64":4013200,"65":4159900,"66":3900600,"67":4006600,"68":4415300,"69":2289000,"70":3809600,"71":3614400,"72":3512900,"73":3709900,"74":2562200,"75":4270200,"76":3279300,"77":5692900,"78":4414000,"79":1064569,"80":1064569}}