{"Open":{"0":58.2726452973,"1":57.6251680193,"2":56.1634494925,"3":56.8992157883,"4":57.252382894,"5":58.5912548422,"6":58.8085539032,"7":58.5221151714,"8":58.30481678,"9":57.8307139349,"10":58.0282562259,"11":58.6110088649,"12":58.6801491341,"13":58.0282569536,"14":57.3664898256,"15":57.623292563,"16":54.1959209891,"17":54.5317427951,"18":55.2330232263,"19":53.4946450865,"20":54.4724857552,"21":54.245307095,"22":55.0354811841,"23":56.2701257501,"24":59.2629017825,"25":57.8307136322,"26":58.433220807,"27":59.3320419489,"28":60.3296354268,"29":59.7567584439,"30":60.4481588747,"31":59.8061417714,"32":59.5987229555,"33":59.8160232353,"34":59.4801971332,"35":56.3886502366,"36":54.5811287124,"37":52.1019665293,"38":48.9116494444,"39":45.306484939,"40":45.2274700051,"41":47.4893407806,"42":44.6842273252,"43":42.5211318687,"44":38.3628512667,"45":33.9872734919,"46":34.9453561807,"47":33.1773465782,"48":28.3770522626,"49":25.8287464331,"50":21.5124330494,"51":22.1840789603,"52":19.8036848644,"53":18.8851110071,"54":19.2308111916,"55":16.8405404409,"56":18.8554796068,"57":24.0903675648,"58":25.394151857,"59":25.6805909141,"60":26.767077177,"61":26.7176898182,"62":23.9422112667,"63":23.1816701162,"64":22.8952339899,"65":25.4929241659,"66":29.3252581722,"67":29.5919422492,"68":34.4300003052,"69":34.2099990845,"70":33.5,"71":29.9099998474,"72":29.0100002289,"73":28.8400001526,"74":28.1100006104,"75":27.2800006866,"76":28.4500007629,"77":29.5,"78":29.2900009155,"79":30.5200004578,"80":30.5200004578},"High":{"0":58.7141017262,"1":57.7526980389,"2":56.6932017046,"3":57.1444710287,"4":58.7337228729,"5":58.9764630982,"6":58.9073238992,"7":58.6603946719,"8":59.3715508167,"9":58.4529754554,"10":58.690023467,"11":59.4110593797,"12":58.7394133917,"13":58.2850611989,"14":57.8307133201,"15":57.623292563,"16":54.6305180004,"17":55.400933027,"18":55.3614272365,"19":55.4206901202,"20":54.8576940165,"21":55.1441313804,"22":55.5885991745,"23":57.4356297721,"24":59.8654085535,"25":59.0357271616,"26":59.0851125736,"27":60.7543502452,"28":61.030912189,"29":60.556808963,"30":60.9222616235,"31":60.418524009,"32":60.3592639539,"33":61.1988220088,"34":59.8357751279,"35":56.5664392404,"36":54.6008834643,"37":52.230370535,"38":49.7610849853,"39":46.4423586696,"40":47.6868782043,"41":48.111598541,"42":44.6941028171,"43":42.8372003812,"44":39.6666347828,"45":34.9848639985,"46":36.6936121041,"47":33.6712040719,"48":28.9400495263,"49":28.5054550171,"50":25.0879602398,"51":23.0927768751,"52":21.7198524791,"53":20.5938574487,"54":20.0407391086,"55":17.482556715,"56":22.8557246258,"57":26.5300247515,"58":28.6536125017,"59":29.15734829,"60":27.3498291842,"61":26.9053561945,"62":24.3471742641,"63":24.7126294797,"64":23.6063881113,"65":26.9152343237,"66":31.3303183683,"67":32.4859476722,"68":36.9300003052,"69":34.4399986267,"70":33.9900016785,"71":30.3799991608,"72":29.0100002289,"73":30.1800003052,"74":29.7800006866,"75":28.3700008392,"76":29.3500003815,"77":30.5799999237,"78":30.5900001526,"79":31.5900001526,"80":31.5900001526},"Low":{"0":57.7821348276,"1":56.5264219415,"2":55.751422489,"3":56.5068059066,"4":57.0365570888,"5":58.0578878257,"6":58.0973978745,"7":58.1171521622,"8":58.2060467846,"9":57.2578411799,"10":57.7319424796,"11":58.4233443694,"12":57.692434115,"13":57.751697956,"14":56.5071750505,"15":55.2527750842,"16":53.8699769984,"17":54.1662893098,"18":54.3835914569,"19":53.3464863271,"20":53.4452612133,"21":53.7316986003,"22":54.8181826777,"23":56.2108614926,"24":58.3640812562,"25":57.8307136322,"26":58.0480125495,"27":59.2826569506,"28":60.112336916,"29":59.7370036915,"30":59.8950371171,"31":58.9270760349,"32":59.5493379593,"33":59.77651373,"34":58.6011314063,"35":53.5835394493,"36":51.0352317461,"37":50.5314995202,"38":47.1337631182,"39":43.4890892306,"40":44.2891400171,"41":43.6076203843,"42":42.2840796238,"43":40.2098785163,"44":36.6738594983,"45":30.1253079367,"46":32.7921372763,"47":30.9056028607,"48":22.9742517452,"49":23.3792137269,"50":21.1864871797,"51":19.0727769518,"52":16.7417698919,"53":17.1269776868,"54":16.7516462098,"55":15.9120896728,"56":18.5492884826,"57":22.2532189979,"58":24.5545956105,"59":25.4830471535,"60":25.0484532838,"61":25.7793617049,"62":23.0038831512,"63":22.4803933782,"64":22.3717443619,"65":24.7027529026,"66":28.6733664386,"67":29.3055058619,"68":32.9500007629,"69":31.4300003052,"70":31.5699996948,"71":28.8799991608,"72":27.4699993134,"73":28.8199996948,"74":27.8199996948,"75":26.9699993134,"76":27.7800006866,"77":28.6599998474,"78":28.7900009155,"79":30.4400997162,"80":30.4400997162},"Close":{"0":58.6160011292,"1":56.8697814941,"2":56.3890838623,"3":57.0169372559,"4":57.8998565674,"5":58.8283081055,"6":58.2554321289,"7":58.4430961609,"8":58.4924850464,"9":57.5245246887,"10":58.4727287292,"11":59.3024101257,"12":57.8109588623,"13":57.998626709,"14":57.6134185791,"15":55.8552818298,"16":53.9786262512,"17":54.9268302917,"18":54.3934669495,"19":55.3910598755,"20":53.8107147217,"21":53.751449585,"22":54.9959716797,"23":57.27759552,"24":58.6406402588,"25":58.7295341492,"26":58.9764633179,"27":59.8061447144,"28":60.2308616638,"29":60.4185256958,"30":60.3592643738,"31":59.430809021,"32":60.1123352051,"33":60.2802467346,"34":59.0357246399,"35":54.4230957031,"36":51.4599494934,"37":50.5512542725,"38":47.1436386108,"39":44.8323822021,"40":47.6868782043,"41":43.7063903809,"42":44.4471740723,"43":40.664226532,"44":37.6516952515,"45":31.3204421997,"46":35.0638809204,"47":31.478477478,"48":23.082901001,"49":28.5054550171,"50":21.4037837982,"51":22.6285514832,"52":19.4974937439,"53":18.9838809967,"54":16.8504180908,"55":17.1368560791,"56":22.5692882538,"57":24.7817687988,"58":28.4165611267,"59":27.1226539612,"60":26.9448661804,"61":25.9966583252,"62":23.5570030212,"63":23.2409343719,"64":23.171792984,"65":26.6584281921,"66":29.0585746765,"67":32.1600036621,"68":34.2900009155,"69":32.3699989319,"70":32.2200012207,"71":28.8999996185,"72":27.6299991608,"73":29.6599998474,"74":29.0100002289,"75":27.1299991608,"76":29.0400009155,"77":28.7000007629,"78":30.2099990845,"79":31.5,"80":31.5},"Volume":{"0":2347600,"1":1597800,"2":1815400,"3":1809900,"4":2375800,"5":1545500,"6":1371200,"7":1026100,"8":2009900,"9":1243900,"10":1534300,"11":1393600,"12":1302100,"13":768200,"14":1307700,"15":1669000,"16":1450900,"17":1107000,"18":1075500,"19":1427800,"20":1317300,"21":1634000,"22":1147200,"23":1454300,"24":2614000,"25":1857300,"26":1499100,"27":1581100,"28":1691200,"29":1393800,"30":1520400,"31":1577300,"32":1647000,"33":1426500,"34":1774200,"35":2754200,"36":2554100,"37":2380600,"38":2824800,"39":3919400,"40":3389000,"41":3110200,"42":3165000,"43":2213700,"44":3666200,"45":4637300,"46":6362800,"47":3329400,"48":6204300,"49":4789700,"50":4148100,"51":4480300,"52":4408000,"53":3806000,"54":4474600,"55":5803900,"56":5354200,"57":5470600,"58":5818600,"59":4182200,"60":2819000,"61":3857100,"62":4446000,"63":3368600,"64":3939000,"65":3744200,"66":5523600,"67":3969000,"68":3851200,"69":2478100,"70":2391700,"71":2757000,"72":2174300,"73":3166700,"74":2287900,"75":4151800,"76":2619300,"77":1915200,"78":2477600,"79":453777,"80":453777}}