{"Open":{"0":118.8194339757,"1":117.4931622453,"2":117.4337771731,"3":119.2549174907,"4":118.9184043847,"5":120.3238442332,"6":120.4525109596,"7":119.7299994403,"8":119.6112215153,"9":118.7204457842,"10":118.7105622471,"11":118.5225042041,"12":120.4694452601,"13":120.4992679335,"14":120.5291026698,"15":121.8712933152,"16":117.5663245437,"17":119.3658600598,"18":120.6981151394,"19":118.8389281017,"20":118.7792762321,"21":116.323550459,"22":118.1230866644,"23":119.8231969465,"24":121.7321032734,"25":120.9466718655,"26":120.2010034093,"27":120.6086305927,"28":123.1836648127,"29":123.5216952082,"30":124.4264343645,"31":123.9193840144,"32":122.954991981,"33":123.0544116816,"34":125.0229611385,"35":121.6127937992,"36":123.6708273685,"37":119.604479859,"38":109.4634448722,"39":103.4683113553,"40":106.5802077155,"41":110.6664508368,"42":110.0699168736,"43":109.6424061698,"44":103.3490036739,"45":97.2544473113,"46":97.6819575449,"47":99.749937395,"48":90.6826586024,"49":93.118496669,"50":85.0553882844,"51":73.1247701277,"52":68.1139090124,"53":64.0376100716,"54":71.8322793862,"55":64.8429270278,"56":72.339335755,"57":79.6468403453,"58":85.5823237506,"59":83.5938845795,"60":86.8946893651,"61":87.5608157297,"62":80.2731895549,"63":79.3883362178,"64":81.6551517218,"65":86.5864799962,"66":94.4109785267,"67":90.9212695214,"68":95.8824285988,"69":94.8384934636,"70":97.2743233178,"71":94.3413864655,"72":93.4565340761,"73":95.9420752158,"74":94.699303141,"75":92.0899963379,"76":93.8000030518,"77":95.2600021362,"78":96.0699996948,"79":99.3199996948,"80":99.3199996948},"High":{"0":119.225227356,"1":118.5917847945,"2":119.1559391519,"3":119.4231806479,"4":121.4719599166,"5":121.6204136383,"6":120.7098479436,"7":120.4624119634,"8":120.4327153848,"9":118.9579910936,"10":118.8194353006,"11":121.2344157559,"12":121.0460937696,"13":122.1894437771,"14":122.428055912,"15":122.1596175615,"16":120.1612351468,"17":120.9764966172,"18":121.7022778461,"19":119.6740755299,"20":118.9781168826,"21":118.5307164762,"22":119.6144142769,"23":121.6426184195,"24":122.1596174887,"25":121.2548771473,"26":121.1156824966,"27":122.4777660225,"28":124.4761442186,"29":124.5457389741,"30":124.8340599644,"31":125.1820456632,"32":123.7603140709,"33":125.997304908,"34":125.4703563749,"35":123.700650912,"36":123.6708273685,"37":119.7536065549,"38":111.8893402077,"39":106.5503869608,"40":110.5372002208,"41":112.3765077472,"42":112.8935010411,"43":110.596854943,"44":105.4368684635,"45":99.2428841875,"46":103.5379032987,"47":102.7127040833,"48":94.3513268953,"49":96.0017238891,"50":87.0935314803,"51":75.1828020185,"52":69.7146013444,"53":72.786727343,"54":72.5580621556,"55":68.7104361023,"56":77.1414050512,"57":86.4870605256,"58":90.4142258976,"59":89.2012757277,"60":89.0223161266,"61":88.4257884836,"62":83.4348042941,"63":82.7885612609,"64":83.7529530823,"65":88.8533044031,"66":95.6239261906,"67":94.2220743015,"68":97.8310958273,"69":95.2858887138,"70":99.2428790611,"71":95.3455492064,"72":95.5245102676,"73":98.0995273147,"74":97.2444998323,"75":93.6999969482,"76":96.0299987793,"77":96.6600036621,"78":99.6600036621,"79":102.3499984741,"80":102.3499984741},"Low":{"0":118.0375309416,"1":116.8399315019,"2":117.0873663657,"3":117.9880393139,"4":118.3542474696,"5":120.2545620715,"6":119.6904071682,"7":119.4627628439,"8":118.3938339002,"9":117.9781336824,"10":117.6614225999,"11":118.3542485991,"12":119.4652901079,"13":120.0021587298,"14":120.3501430504,"15":118.7892177917,"16":117.5663245437,"17":118.5307202351,"18":119.6641270944,"19":117.8844793161,"20":115.4188131072,"21":116.0451705262,"22":117.6359217682,"23":119.2366117377,"24":120.7975355505,"25":120.0916434206,"26":119.7635448957,"27":120.4595039023,"28":122.9052848664,"29":123.2532595706,"30":123.7702465791,"31":122.1099067824,"32":122.4479460407,"33":122.2988111366,"34":123.7006488742,"35":121.3045885239,"36":117.8347625732,"37":111.3126942295,"38":106.9083038748,"39":102.3349029558,"40":104.4824063188,"41":106.530506119,"42":108.9265642098,"43":106.2620620239,"44":101.5792960666,"45":92.6114490258,"46":94.5004617073,"47":97.1947963207,"48":88.5948014968,"49":87.869017276,"50":70.7684669558,"51":63.8785354964,"52":60.6473262327,"53":59.6531033355,"54":65.1511305259,"55":62.6854710689,"56":71.6334415735,"57":77.867188416,"58":85.4530705009,"59":82.9178157667,"60":84.9360779105,"61":85.0355000389,"62":78.6227909951,"63":78.7918067062,"64":80.6808219703,"65":83.5143486682,"66":90.2253199653,"67":90.0662410918,"68":94.2220780424,"69":92.5020817187,"70":96.2602239008,"71":92.024855697,"72":91.2593122171,"73":94.7887782355,"74":93.9834646753,"75":91.4899978638,"76":93.1600036621,"77":94.8199996948,"78":95.7200012207,"79":99.3199996948,"80":99.3199996948},"Close":{"0":119.225227356,"1":118.3740386963,"2":119.1163482666,"3":118.4037322998,"4":120.2842559814,"5":120.7989273071,"6":119.7596893311,"7":119.8091812134,"8":118.8392181396,"9":118.2948532104,"10":118.0474243164,"11":121.1057510376,"12":120.2308349609,"13":121.2051696777,"14":122.000541687,"15":119.5348815918,"16":119.0675964355,"17":120.4495620728,"18":119.723777771,"19":119.0278320312,"20":115.5679473877,"21":116.5025100708,"22":118.6599655151,"23":121.4238891602,"24":120.8074798584,"25":120.7776565552,"26":120.5092086792,"27":122.318687439,"28":124.3071289062,"29":124.0486297607,"30":124.6948699951,"31":122.517539978,"32":122.7263259888,"33":125.8382263184,"34":124.5855026245,"35":122.1993865967,"36":117.8347625732,"37":112.6449508667,"38":106.9977874756,"39":105.9538574219,"40":110.3980102539,"41":107.9323501587,"42":112.6350021362,"43":106.8983612061,"44":104.7011413574,"45":93.6752624512,"46":103.4185943604,"47":98.5767593384,"48":89.4001159668,"49":95.9321289062,"50":72.1703109741,"51":73.3633804321,"52":64.6440811157,"53":69.4660415649,"54":65.9763336182,"55":67.4080123901,"56":76.8530883789,"57":83.2359695435,"58":87.6005859375,"59":86.4771194458,"60":88.1971130371,"61":85.5524978638,"62":79.955039978,"63":82.3809356689,"64":81.7247467041,"65":88.2567672729,"66":90.4341049194,"67":93.8045043945,"68":94.7589569092,"69":94.6495895386,"70":98.497215271,"71":93.7945632935,"72":91.9055557251,"73":96.5386047363,"74":94.5799942017,"75":92.6200027466,"76":94.9499969482,"77":94.9000015259,"78":98.75,"79":102.2600021362,"80":102.2600021362},"Volume":{"0":2788800,"1":2774200,"2":3635400,"3":4191100,"4":4030100,"5":2932400,"6":2391100,"7":3817200,"8":3823400,"9":3673700,"10":3781000,"11":5913800,"12":3477800,"13":4843500,"14":3365200,"15":3670600,"16":3497400,"17":3228600,"18":2566900,"19":3471800,"20":4370300,"21":3979400,"22":4119600,"23":3215300,"24":2469100,"25":2068800,"26":2975800,"27":2316300,"28":2727500,"29":2532100,"30":2774700,"31":3430000,"32":3170500,"33":4696000,"34":3861600,"35":5399600,"36":6522600,"37":12739800,"38":8830100,"39":9987800,"40":8794000,"41":8337500,"42":5206700,"43":6619100,"44":7886900,"45":8188200,"46":9289500,"47":6205500,"48":9903400,"49":10007100,"50":14770800,"51":15323900,"52":11133900,"53":12141200,"54":11541400,"55":9594400,"56":9004100,"57":9907500,"58":10103600,"59":6885800,"60":5717100,"61":5523700,"62":8115400,"63":8246500,"64":6448500,"65":9422300,"66":7854900,"67":4715600,"68":6543900,"69":5489700,"70":5655000,"71":7379600,"72":9034700,"73":7136000,"74":5271900,"75":5541500,"76":4772300,"77":4096200,"78":5432100,"79":1512372,"80":1512372}}