{"Open":{"0":294.0162139637,"1":290.3084370117,"2":288.0619433057,"3":290.0002841407,"4":295.7060715102,"5":300.3183980341,"6":297.3263222813,"7":292.624561155,"8":298.3502242451,"9":297.4953406486,"10":300.0202028783,"11":305.2189829972,"12":306.3521956045,"13":309.1454295824,"14":310.1394675336,"15":314.0062858824,"16":295.258755528,"17":296.998310003,"18":300.4277475945,"19":316.501320336,"20":306.1633302957,"21":298.2110351261,"22":314.672282658,"23":329.2548153138,"24":324.0559813446,"25":318.7180188569,"26":312.107669298,"27":320.9446451678,"28":326.0440543162,"29":333.0520015275,"30":339.4536153709,"31":321.3124494885,"32":329.2051002897,"33":329.9705169856,"34":324.2746985162,"35":297.4158082468,"36":303.9963546433,"37":294.473460313,"38":283.936698107,"39":274.1752330907,"40":294.8710945712,"41":298.5092359298,"42":297.0877720347,"43":296.07385608,"44":289.0360797848,"45":271.372034358,"46":274.0360517209,"47":276.879021663,"48":255.5370441457,"49":252.4853581957,"50":222.4853293311,"51":215.7755671001,"52":202.2268448895,"53":189.3838915005,"54":198.8172984003,"55":189.5429238121,"56":209.4900054932,"57":231.8200073242,"58":240.1799926758,"59":253.3500061035,"60":246.4600067139,"61":252.25,"62":228.9499969482,"63":219.5800018311,"64":223.0599975586,"65":231.6199951172,"66":264.1799926758,"67":259.8900146484,"68":271.700012207,"69":256.2099914551,"70":266.200012207,"71":266.0,"72":270.0100097656,"73":278.1600036621,"74":273.0299987793,"75":262.4200134277,"76":255.4600067139,"77":268.8500061035,"78":268.5299987793,"79":270.200012207,"80":270.200012207},"High":{"0":298.0122311212,"1":295.0400619149,"2":290.2885761117,"3":296.7597525312,"4":299.871088035,"5":302.0679125378,"6":299.4833954094,"7":295.5569515449,"8":302.5549805582,"9":298.7577564993,"10":305.4277656526,"11":306.6503983959,"12":310.0500136147,"13":313.479415256,"14":310.8154052464,"15":314.8412731184,"16":296.8989102144,"17":301.4416556542,"18":302.1772317029,"19":317.0977485006,"20":307.1275471922,"21":307.7338941668,"22":324.8711097933,"23":330.5470510005,"24":324.9009186514,"25":319.3641366993,"26":317.9824301234,"27":324.8810222596,"28":333.1812309076,"29":342.2667416306,"30":342.1573966663,"31":330.0202216713,"32":333.4098868764,"33":332.0480501887,"34":325.089816004,"35":303.4893582387,"36":305.0699010862,"37":302.8134438637,"38":292.0082724102,"39":292.6941432335,"40":298.7577518121,"41":306.4615302505,"42":304.4734581402,"43":307.8034777552,"44":296.888995055,"45":281.5708611809,"46":286.1434123983,"47":282.7935224835,"48":264.0062266511,"49":261.3720500015,"50":244.3044345944,"51":236.4117648085,"52":214.0558765008,"53":200.1990013487,"54":222.8034116594,"55":198.7576489067,"56":232.6300048828,"57":250.1100006104,"58":260.9800109863,"59":262.8800048828,"60":257.9299926758,"61":254.9900054932,"62":237.1999969482,"63":226.3600006104,"64":224.4400024414,"65":252.3999938965,"66":265.0,"67":272.2699890137,"68":277.4200134277,"69":259.299987793,"70":274.4899902344,"71":266.3999938965,"72":274.9400024414,"73":280.2200012207,"74":274.9200134277,"75":263.4100036621,"76":273.3699951172,"77":276.4700012207,"78":268.6799926758,"79":274.4270019531,"80":274.4270019531},"Low":{"0":292.7338979521,"1":289.9804182135,"2":285.8253604238,"3":289.6424454565,"4":293.4396688707,"5":291.7498055328,"6":291.2030825029,"7":290.7657171729,"8":294.9704748053,"9":294.950608796,"10":299.1553956912,"11":300.3581588883,"12":305.4774383902,"13":308.8969203946,"14":305.71599184,"15":301.8988951212,"16":290.944639368,"17":291.6106172698,"18":294.1454278507,"19":303.93671059,"20":295.4973046538,"21":298.2110351261,"22":314.2349040451,"23":321.769719534,"24":321.0738710868,"25":312.8432578242,"26":311.1335023634,"27":320.9446451678,"28":326.0440543162,"29":331.6305362531,"30":334.751840746,"31":321.0738903609,"32":328.3303430516,"33":322.0877823672,"34":313.3601631138,"35":293.3601213119,"36":287.6643365914,"37":292.8631255048,"38":280.3283395168,"39":272.0281099966,"40":282.3263245177,"41":286.8690736118,"42":292.0479982041,"43":294.2348820003,"44":283.5490073728,"45":265.6364531974,"46":265.8451983763,"47":270.9545404314,"48":236.0340320683,"49":241.1831641412,"50":211.809368376,"51":202.5151051741,"52":180.2983959561,"53":185.9047627718,"54":185.9942295222,"55":184.7317894909,"56":207.3699951172,"57":228.3099975586,"58":235.0,"59":240.3999938965,"60":241.2400054932,"61":238.0899963379,"62":220.2100067139,"63":215.9199981689,"64":213.2899932861,"65":229.0800018311,"66":251.4400024414,"67":257.3299865723,"68":255.7599945068,"69":250.2400054932,"70":263.5899963379,"71":258.549987793,"72":263.2900085449,"73":271.4700012207,"74":266.3399963379,"75":242.5700073242,"76":255.4600067139,"77":262.7900085449,"78":258.1099853516,"79":267.4400024414,"80":267.4400024414},"Close":{"0":296.1136474609,"1":292.9327087402,"2":287.4655151367,"3":294.473449707,"4":298.1812133789,"5":296.1533813477,"6":292.584777832,"7":295.5172119141,"8":298.9665222168,"9":296.5609436035,"10":304.125579834,"11":306.1633300781,"12":306.839263916,"13":309.4833984375,"14":310.5569763184,"15":304.7120361328,"16":292.0380859375,"17":299.8909606934,"18":296.4416503906,"19":309.0957641602,"20":296.4317016602,"21":306.6007080078,"22":323.459564209,"23":323.6782531738,"24":321.5907592773,"25":313.5191955566,"26":317.9227600098,"27":323.7279663086,"28":332.6245727539,"29":339.5430603027,"30":337.2766723633,"31":323.3999328613,"32":331.8591918945,"33":326.5311279297,"34":314.9108581543,"35":298.6682739258,"36":290.4774475098,"37":294.8313293457,"38":283.9963378906,"39":291.6802062988,"40":298.5390625,"41":289.7219543457,"42":304.4138183594,"43":297.3462219238,"44":292.6543884277,"45":266.0042419434,"46":285.8551635742,"47":274.9804077148,"48":236.4316558838,"49":260.218963623,"50":212.2666168213,"51":227.9326324463,"52":192.9822998047,"53":193.8471069336,"54":186.7695770264,"55":191.6999969482,"56":230.6399993896,"57":233.5500030518,"58":260.3399963379,"59":241.2200012207,"60":255.3000030518,"61":240.0,"62":223.3300018311,"63":220.5700073242,"64":218.1499938965,"65":250.75,"66":256.2200012207,"67":266.75,"68":258.2799987793,"69":258.7799987793,"70":272.5100097656,"71":262.8099975586,"72":270.7099914551,"73":279.0199890137,"74":266.7300109863,"75":243.6300048828,"76":271.7799987793,"77":263.9599914551,"78":266.6700134277,"79":271.2699890137,"80":271.2699890137},"Volume":{"0":1506400,"1":962200,"2":1340500,"3":1559500,"4":1553700,"5":1374800,"6":1405200,"7":1399400,"8":1731900,"9":1082900,"10":1606800,"11":1929900,"12":1500000,"13":1504000,"14":1556600,"15":1632200,"16":1910900,"17":1815000,"18":1808000,"19":3943100,"20":2436500,"21":1947800,"22":2531000,"23":2157200,"24":1262500,"25":1602600,"26":1088400,"27":1520700,"28":1687200,"29":2110200,"30":1109900,"31":2749400,"32":1539600,"33":1887800,"34":2160600,"35":3102200,"36":2549800,"37":2379600,"38":2872200,"39":3199200,"40":2347300,"41":2510300,"42":1917000,"43":2037000,"44":2048600,"45":2649500,"46":2372500,"47":3144100,"48":3684400,"49":2692000,"50":3096000,"51":3669400,"52":3607200,"53":3343900,"54":3904500,"55":3027200,"56":2921200,"57":2837400,"58":3166300,"59":3203300,"60":2129800,"61":2783600,"62":2465500,"63":1891400,"64":1490600,"65":3327200,"66":2577800,"67":1892300,"68":2620600,"69":1410700,"70":1626800,"71":1542800,"72":2077800,"73":1831600,"74":1782300,"75":2999000,"76":3581000,"77":2624900,"78":1528900,"79":788045,"80":788045}}