{"Open":{"0":54.1715138023,"1":53.3945036593,"2":53.4841583764,"3":54.1217071455,"4":53.4741953885,"5":54.291053748,"6":54.1416280375,"7":53.7331972312,"8":54.3707487003,"9":54.081858531,"10":55.1676811065,"11":55.1975631114,"12":54.4205571114,"13":53.6933551233,"14":52.7968028569,"15":55.3967961732,"16":55.0182538307,"17":56.3730395638,"18":57.5285937345,"19":55.0979485232,"20":55.4067565009,"21":55.1975633425,"22":55.7753427113,"23":56.2136521187,"24":57.1600139938,"25":57.2397041065,"26":56.9807018459,"27":57.5983259322,"28":58.0466005509,"29":57.8374039398,"30":58.455026339,"31":57.7776336081,"32":57.4588628229,"33":56.8213176552,"34":56.3132705688,"35":54.6596343282,"36":54.2013972755,"37":49.8979607197,"38":46.9692320973,"39":44.8972077348,"40":46.3615724974,"41":47.5400009155,"42":45.8899993896,"43":45.0600013733,"44":43.5600013733,"45":42.8899993896,"46":45.2799987793,"47":43.9900016785,"48":39.3300018311,"49":39.1899986267,"50":36.5,"51":38.2099990845,"52":35.7799987793,"53":34.6500015259,"54":32.0600013733,"55":31.6900005341,"56":38.2000007629,"57":41.5200004578,"58":40.9000015259,"59":39.8400001526,"60":35.5200004578,"61":35.2700004578,"62":34.0499992371,"63":32.1100006104,"64":31.3299999237,"65":31.7900009155,"66":33.8400001526,"67":33.5600013733,"68":36.2999992371,"69":36.7200012207,"70":35.1699981689,"71":35.1500015259,"72":32.1199989319,"73":32.5,"74":30.6399993896,"75":30.0499992371,"76":30.6299991608,"77":29.8099994659,"78":30.2000007629,"79":29.7900009155,"80":29.7900009155},"High":{"0":54.6596330652,"1":54.2113595913,"2":54.3508256492,"3":54.1914384699,"4":54.4504376892,"5":54.6098266036,"6":54.1914393844,"7":53.872663675,"8":54.9684468528,"9":54.8887506407,"10":55.4665301842,"11":55.2772582229,"12":54.8588688435,"13":54.071895511,"14":55.2473705303,"15":56.3431547068,"16":56.4427716728,"17":57.508668306,"18":57.9669054616,"19":56.2535010507,"20":55.7056055659,"21":55.5163361898,"22":56.1538831007,"23":57.0105842215,"24":57.7875959239,"25":57.4887456355,"26":57.2695909277,"27":58.3653743163,"28":58.4351047316,"29":58.4649858338,"30":58.6044527722,"31":58.116330233,"32":57.5186341589,"33":57.289513158,"34":56.5822358821,"35":54.7791769995,"36":54.2910523763,"37":50.2864648955,"38":49.0213317859,"39":46.5906909369,"40":46.9991182111,"41":48.3899993896,"42":47.0699996948,"43":45.7000007629,"44":46.7999992371,"45":45.6100006104,"46":45.8499984741,"47":44.3800010681,"48":40.5999984741,"49":41.2799987793,"50":39.4500007629,"51":40.6899986267,"52":36.4199981689,"53":35.0499992371,"54":33.9500007629,"55":34.4900016785,"56":39.1300010681,"57":41.7299995422,"58":43.5600013733,"59":40.1399993896,"60":37.1500015259,"61":37.4700012207,"62":34.2000007629,"63":32.8400001526,"64":31.8799991608,"65":31.9599990845,"66":35.4300003052,"67":34.7799987793,"68":37.3100013733,"69":36.7200012207,"70":36.0499992371,"71":35.2599983215,"72":32.3499984741,"73":32.9500007629,"74":31.4799995422,"75":31.2299995422,"76":30.8099994659,"77":30.7800006866,"78":30.4300003052,"79":29.7900009155,"80":29.7900009155},"Low":{"0":54.0818587009,"1":52.8366530522,"2":53.2749644002,"3":53.6734316313,"4":53.4343478333,"5":53.9922046708,"6":53.4841585389,"7":53.4044643993,"8":54.1316671593,"9":53.9125083178,"10":54.8688320288,"11":54.5500536303,"12":52.9761154531,"13":53.2550396006,"14":51.6512103315,"15":54.7492867029,"16":54.9385625179,"17":56.1738055844,"18":56.602158934,"19":55.008293422,"20":54.4205542062,"21":54.4803225358,"22":55.2872196406,"23":55.9048392663,"24":56.8611649128,"25":56.7715086161,"26":56.3132685809,"27":57.3692081759,"28":57.7776352412,"29":57.6282061751,"30":57.6680542176,"31":57.1600116922,"32":56.8412408848,"33":56.4925810043,"34":55.2473731051,"35":53.145461359,"36":49.360029428,"37":47.8956685059,"38":45.4650191915,"39":44.8075526299,"40":44.1700062563,"41":45.0499992371,"42":44.8600006104,"43":44.1800003052,"44":42.7200012207,"45":42.7200012207,"46":42.5099983215,"47":41.6300010681,"48":35.6100006104,"49":36.3100013733,"50":35.8499984741,"51":36.0,"52":29.1499996185,"53":30.5,"54":29.6499996185,"55":30.25,"56":36.0499992371,"57":37.3100013733,"58":40.0600013733,"59":36.0999984741,"60":34.5,"61":34.9500007629,"62":31.8099994659,"63":30.8700008392,"64":29.7299995422,"65":30.0,"66":32.3199996948,"67":32.6300010681,"68":35.1300010681,"69":33.75,"70":34.7099990845,"71":32.5200004578,"72":30.2000007629,"73":30.8999996185,"74":29.5100002289,"75":29.6000003815,"76":28.7999992371,"77":29.5900001526,"78":28.7999992371,"79":28.8500003815,"80":28.8500003815},"Close":{"0":54.6297492981,"1":54.1416282654,"2":53.9224739075,"3":54.0818595886,"4":54.1615486145,"5":54.0918197632,"6":53.7332000732,"7":53.7830085754,"8":54.2810935974,"9":54.8190193176,"10":55.0879859924,"11":54.7990951538,"12":53.3347358704,"13":53.2749633789,"14":55.1876029968,"15":56.333190918,"16":56.0343437195,"17":57.3791656494,"18":56.6718902588,"19":55.6159553528,"20":54.7692108154,"21":55.0082931519,"22":55.4665298462,"23":56.7316589355,"24":57.4987106323,"25":57.0404701233,"26":57.1998558044,"27":57.7079048157,"28":58.2557945251,"29":58.3155632019,"30":57.7477493286,"31":57.3791656494,"32":56.8910484314,"33":56.721698761,"34":56.3132705688,"35":53.9025497437,"36":49.4696083069,"37":48.7125244141,"38":46.4512252808,"39":46.0129127502,"40":46.7700004578,"41":45.2099990845,"42":46.9300003052,"43":45.25,"44":45.7299995422,"45":43.6199989319,"46":45.5600013733,"47":42.4900016785,"48":36.0699996948,"49":41.2799987793,"50":37.5200004578,"51":38.25,"52":35.1500015259,"53":30.8600006104,"54":31.9400005341,"55":33.7299995422,"56":37.6599998474,"57":39.4000015259,"58":41.2299995422,"59":36.3800010681,"60":35.0999984741,"61":35.6100006104,"62":32.0400009155,"63":31.5,"64":30.5400009155,"65":30.7000007629,"66":32.7700004578,"67":34.2999992371,"68":36.4700012207,"69":34.2599983215,"70":34.7799987793,"71":32.8199996948,"72":30.6800003052,"73":31.1900005341,"74":31.0599994659,"75":30.1100006104,"76":29.7099990845,"77":30.1399993896,"78":29.3299999237,"79":29.4549999237,"80":29.4549999237},"Volume":{"0":3713000,"1":3536100,"2":4200300,"3":2997600,"4":4103100,"5":3850700,"6":4051400,"7":3958600,"8":5007400,"9":4097100,"10":2950500,"11":3999900,"12":6753500,"13":5303600,"14":6784500,"15":7995100,"16":8275100,"17":6242300,"18":6666000,"19":5129600,"20":5552100,"21":4071100,"22":3619400,"23":3162700,"24":4332000,"25":2703600,"26":2882100,"27":2848600,"28":2234200,"29":2401800,"30":2481800,"31":3086600,"32":2135100,"33":2924800,"34":2324600,"35":7538400,"36":9351700,"37":9286300,"38":10355900,"39":11854000,"40":9043200,"41":7338100,"42":8990300,"43":10774800,"44":10708100,"45":9602300,"46":9366900,"47":10508900,"48":16353400,"49":14308800,"50":15849900,"51":8133500,"52":14219600,"53":18052600,"54":12617900,"55":9616800,"56":12803100,"57":16346700,"58":8986300,"59":8297400,"60":7443300,"61":7794100,"62":8545900,"63":7853500,"64":9915900,"65":13833000,"66":14036100,"67":8923800,"68":10383700,"69":9067500,"70":8860200,"71":20028700,"72":17862300,"73":20139900,"74":14553900,"75":12562700,"76":15697200,"77":11631600,"78":15077600,"79":5870246,"80":5870246}}