{"Open":{"0":85.5556931257,"1":86.932245488,"2":92.219000853,"3":90.3237544763,"4":90.9721195368,"5":91.7202461074,"6":90.6030531027,"7":90.0444443056,"8":90.8324758684,"9":90.5033044637,"10":90.7127811346,"11":90.9820974223,"12":90.2938209542,"13":91.002051541,"14":90.7227504815,"15":90.8623962547,"16":90.4135225288,"17":89.8848467399,"18":91.371127126,"19":91.5299987793,"20":91.8700027466,"21":91.6699981689,"22":92.2099990845,"23":92.3799972534,"24":92.7699966431,"25":93.3799972534,"26":94.4300003052,"27":94.6100006104,"28":94.9800033569,"29":94.5999984741,"30":95.1399993896,"31":94.9400024414,"32":95.9800033569,"33":94.2300033569,"34":94.9199981689,"35":94.0,"36":95.1999969482,"37":94.0100021362,"38":92.0999984741,"39":88.0999984741,"40":86.9400024414,"41":86.4400024414,"42":86.5599975586,"43":87.3199996948,"44":83.7799987793,"45":79.7600021362,"46":75.0,"47":71.0100021362,"48":67.5699996948,"49":65.7799987793,"50":58.3199996948,"51":53.3499984741,"52":50.4000015259,"53":43.0699996948,"54":49.4500007629,"55":46.0600013733,"56":49.8600006104,"57":55.0,"58":56.8899993896,"59":56.5099983215,"60":57.7700004578,"61":57.7900009155,"62":52.0,"63":49.75,"64":49.8800010681,"65":52.7099990845,"66":54.5200004578,"67":55.4300003052,"68":58.7099990845,"69":58.3899993896,"70":59.0900001526,"71":58.6100006104,"72":56.3600006104,"73":59.2999992371,"74":59.2400016785,"75":55.2200012207,"76":56.6800003052,"77":56.3400001526,"78":57.0900001526,"79":57.9399986267,"80":57.9399986267},"High":{"0":85.8549465947,"1":94.2239780314,"2":92.2788561117,"3":91.6903265185,"4":92.0194989922,"5":91.7601470747,"6":91.0419485394,"7":91.6803535355,"8":91.3611503975,"9":91.7900745598,"10":91.460907196,"11":91.2015489375,"12":91.2115280014,"13":91.9297281012,"14":91.2314783331,"15":90.9322286566,"16":91.4708715335,"17":91.7601465274,"18":92.4085294999,"19":92.3499984741,"20":92.7600021362,"21":91.9599990845,"22":92.9899978638,"23":93.4800033569,"24":93.5899963379,"25":94.5299987793,"26":94.9700012207,"27":95.4199981689,"28":95.4199981689,"29":95.4199981689,"30":95.5999984741,"31":95.9300003052,"32":96.3199996948,"33":94.9599990845,"34":95.1399993896,"35":95.6100006104,"36":96.1100006104,"37":95.0250015259,"38":92.8399963379,"39":88.2699966431,"40":88.4499969482,"41":88.3199996948,"42":88.2799987793,"43":87.9449996948,"44":84.1299972534,"45":79.9899978638,"46":75.0,"47":73.0,"48":68.9300003052,"49":66.3600006104,"50":60.9799995422,"51":53.8100013733,"52":51.0900001526,"53":49.3600006104,"54":51.2099990845,"55":48.7599983215,"56":57.6500015259,"57":57.8899993896,"58":61.4599990845,"59":58.2700004578,"60":60.0,"61":60.1399993896,"62":52.4599990845,"63":52.1850013733,"64":50.75,"65":53.5099983215,"66":58.5200004578,"67":58.4199981689,"68":62.2700004578,"69":58.7000007629,"70":62.2200012207,"71":58.6500015259,"72":58.0900001526,"73":61.2900009155,"74":60.4099998474,"75":56.9799995422,"76":57.2789993286,"77":57.9900016785,"78":58.5,"79":59.0299987793,"80":59.0299987793},"Low":{"0":83.737249992,"1":85.9746450908,"2":90.253929499,"3":89.9746228993,"4":90.8025461348,"5":90.3536741282,"6":89.984599501,"7":90.0444443056,"8":90.1442050712,"9":90.4434492053,"10":90.363649551,"11":90.2638952311,"12":90.2638971306,"13":90.842447672,"14":90.4284893911,"15":90.0643997239,"16":90.0444442864,"17":89.5756237585,"18":90.5731305686,"19":91.2399978638,"20":91.2200012207,"21":91.0699996948,"22":91.7850036621,"23":92.0599975586,"24":92.5100021362,"25":93.0400009155,"26":94.1900024414,"27":94.4000015259,"28":94.1500015259,"29":94.2300033569,"30":94.5400009155,"31":94.6999969482,"32":94.1299972534,"33":93.8600006104,"34":94.5350036621,"35":93.6500015259,"36":93.7399978638,"37":92.4850006104,"38":89.4400024414,"39":85.4100036621,"40":85.2099990845,"41":84.9739990234,"42":86.1699981689,"43":85.9499969482,"44":80.1699981689,"45":73.25,"46":70.8799972534,"47":70.1750030518,"48":62.2400016785,"49":60.3899993896,"50":51.4700012207,"51":49.0400009155,"52":39.0600013733,"53":42.7799987793,"54":47.4300003052,"55":42.4300003052,"56":49.75,"57":54.1699981689,"58":56.1220016479,"59":53.9000015259,"60":56.2400016785,"61":56.4300003052,"62":48.1199989319,"63":48.5900001526,"64":48.7599983215,"65":51.3849983215,"66":53.1199989319,"67":55.1399993896,"68":58.0099983215,"69":55.6100006104,"70":59.0900001526,"71":54.5,"72":55.8300018311,"73":58.4599990845,"74":57.3349990845,"75":55.2200012207,"76":55.2080001831,"77":55.9099998474,"78":56.2099990845,"79":57.8300018311,"80":57.8300018311},"Close":{"0":83.8798904419,"1":93.3262252808,"2":90.4733734131,"3":90.9821014404,"4":91.0319747925,"5":90.5631484985,"6":90.2539291382,"7":91.0020523071,"8":90.4434509277,"9":90.652923584,"10":90.7726287842,"11":90.2738723755,"12":90.9721221924,"13":90.9621505737,"14":90.662902832,"15":90.4634017944,"16":90.2040481567,"17":91.4309768677,"18":91.8200073242,"19":92.1200027466,"20":91.3099975586,"21":91.75,"22":92.2799987793,"23":92.5800018311,"24":93.1699981689,"25":94.4499969482,"26":94.5800018311,"27":95.1299972534,"28":94.5100021362,"29":95.0899963379,"30":95.1699981689,"31":95.8700027466,"32":94.3499984741,"33":94.9199981689,"34":94.8399963379,"35":95.3199996948,"36":93.7699966431,"37":92.5400009155,"38":89.4499969482,"39":86.8899993896,"40":86.6500015259,"41":85.5,"42":88.0899963379,"43":86.3600006104,"44":83.3700027466,"45":73.3799972534,"46":72.7300033569,"47":71.4300003052,"48":63.3600006104,"49":63.8499984741,"50":52.4399986267,"51":53.1300010681,"52":45.0099983215,"53":48.8100013733,"54":47.6300010681,"55":47.7099990845,"56":55.0400009155,"57":56.3300018311,"58":58.8400001526,"59":57.25,"60":57.6399993896,"61":57.0999984741,"62":51.0,"63":49.8800010681,"64":50.2000007629,"65":51.8199996948,"66":55.0999984741,"67":57.75,"68":58.4000015259,"69":58.2599983215,"70":60.7000007629,"71":55.9099998474,"72":57.5499992371,"73":59.9199981689,"74":57.5099983215,"75":55.7099990845,"76":56.3300018311,"77":56.6899986267,"78":57.7799987793,"79":58.7700004578,"80":58.7700004578},"Volume":{"0":1593400,"1":3940600,"2":1960200,"3":1768800,"4":1516400,"5":945700,"6":908900,"7":1586800,"8":685500,"9":809300,"10":682000,"11":908500,"12":1010900,"13":1001400,"14":901300,"15":519000,"16":907200,"17":1016500,"18":739700,"19":740200,"20":932900,"21":1438200,"22":660600,"23":973400,"24":1128200,"25":611000,"26":580400,"27":676700,"28":465400,"29":506400,"30":466200,"31":962800,"32":534200,"33":527600,"34":421700,"35":713900,"36":937400,"37":778500,"38":984500,"39":2623100,"40":2420900,"41":1628800,"42":1446500,"43":1368900,"44":2409500,"45":1633300,"46":2145400,"47":2586500,"48":2194800,"49":2633100,"50":2337400,"51":2960400,"52":2218200,"53":2433300,"54":2763700,"55":1847000,"56":3074900,"57":2533600,"58":1826300,"59":1975700,"60":2033000,"61":2603700,"62":3141100,"63":3217500,"64":1692100,"65":1977700,"66":2614700,"67":1857500,"68":2046900,"69":1071800,"70":2045400,"71":2021700,"72":1221500,"73":1533700,"74":1245400,"75":1341100,"76":981800,"77":1418000,"78":1152800,"79":214507,"80":214507}}