{"Open":{"0":150.8949490983,"1":148.5941763181,"2":147.3093327785,"3":146.1539747166,"4":144.5503962633,"5":146.8711037081,"6":145.6161193683,"7":145.1778747816,"8":145.8252819796,"9":146.1838488341,"10":147.3890106414,"11":148.5941780432,"12":147.4886166212,"13":144.4209087132,"14":141.8611781906,"15":144.3910396109,"16":137.1799418446,"17":138.1560483692,"18":140.9348986512,"19":139.9787140257,"20":141.5822904024,"21":141.1340853637,"22":143.8930338589,"23":149.122069184,"24":147.6977725716,"25":144.3312705156,"26":142.4388566218,"27":145.2874372126,"28":147.4487632449,"29":148.8531414597,"30":146.3929992136,"31":143.6539890951,"32":143.9826737798,"33":146.9408020476,"34":144.7994064491,"35":136.2735924789,"36":135.4469038512,"37":125.7856359671,"38":117.0,"39":116.25,"40":123.0699996948,"41":122.7600021362,"42":115.4899978638,"43":113.7900009155,"44":104.6399993896,"45":102.0,"46":108.8300018311,"47":106.1999969482,"48":90.0,"49":98.2300033569,"50":84.6800003052,"51":87.5199966431,"52":67.1500015259,"53":61.1800003052,"54":73.7099990845,"55":75.0199966431,"56":76.0500030518,"57":83.5100021362,"58":87.5999984741,"59":78.6999969482,"60":76.7099990845,"61":74.9800033569,"62":70.0,"63":69.2900009155,"64":64.3600006104,"65":64.5500030518,"66":78.3099975586,"67":75.2399978638,"68":86.0400009155,"69":81.5599975586,"70":81.0,"71":78.0199966431,"72":80.0899963379,"73":85.3000030518,"74":81.6100006104,"75":77.6299972534,"76":81.4300003052,"77":80.4499969482,"78":81.25,"79":82.3799972534,"80":82.3799972534},"High":{"0":151.9905620685,"1":149.4208633374,"2":147.3989849001,"3":146.6320535008,"4":147.0304421736,"5":147.0005741996,"6":145.9846520372,"7":146.3930036999,"8":147.0404108477,"9":147.5583271929,"10":148.4447749066,"11":150.0284295055,"12":147.8471795017,"13":146.6021648696,"14":144.4806797739,"15":144.4408429672,"16":139.0723629112,"17":141.2237345725,"18":142.667955173,"19":142.9667328256,"20":141.6818971122,"21":143.8830723944,"22":147.64798193,"23":149.5702689937,"24":148.2754580691,"25":144.8193038555,"26":145.2675260866,"27":148.3551385057,"28":150.3670695529,"29":148.932823789,"30":146.7714864644,"31":145.2774842806,"32":147.319301091,"33":148.3152955472,"34":144.9388467286,"35":136.8313535884,"36":135.5066617983,"37":127.1601219192,"38":127.2799987793,"39":124.3300018311,"40":123.6800003052,"41":123.7399978638,"42":118.5400009155,"43":115.0,"44":113.6200027466,"45":108.9199981689,"46":110.0299987793,"47":106.5,"48":97.8099975586,"49":100.7799987793,"50":91.0699996948,"51":89.6100006104,"52":67.1600036621,"53":72.6999969482,"54":84.0,"55":80.6999969482,"56":81.3600006104,"57":92.6800003052,"58":96.0,"59":82.7900009155,"60":78.4300003052,"61":79.2399978638,"62":71.4100036621,"63":70.5899963379,"64":64.7099990845,"65":70.9000015259,"66":81.9800033569,"67":83.9400024414,"68":89.0299987793,"69":81.5699996948,"70":83.3000030518,"71":81.9899978638,"72":80.9899978638,"73":85.6299972534,"74":83.25,"75":80.0500030518,"76":82.4700012207,"77":83.5,"78":82.1800003052,"79":85.8399963379,"80":85.8399963379},"Low":{"0":150.426824938,"1":148.1459765408,"2":145.6260948167,"3":144.1021889052,"4":144.142030041,"5":145.6161259749,"6":144.4707181918,"7":144.9587521768,"8":145.5264770584,"9":146.0643177436,"10":146.9109318643,"11":147.4786558827,"12":142.8472235561,"13":143.1759008795,"14":140.6858979838,"15":139.2815222487,"16":132.8273992276,"17":137.7676064982,"18":139.8193764015,"19":138.2755518205,"20":138.3950732609,"21":140.3073983362,"22":143.1061803575,"23":146.7216902774,"24":145.1978021447,"25":142.2097723224,"26":141.881095521,"27":144.6400391829,"28":147.4487632449,"29":146.0742905144,"30":143.3252980383,"31":143.6539890951,"32":143.9826737798,"33":145.6858396336,"34":141.9707368955,"35":133.6839699586,"36":122.9868627594,"37":119.3713529926,"38":114.4599990845,"39":116.0,"40":116.6399993896,"41":113.8799972534,"42":111.2799987793,"43":108.8000030518,"44":103.8899993896,"45":101.7600021362,"46":102.8000030518,"47":99.5599975586,"48":88.7600021362,"49":91.5999984741,"50":78.1200027466,"51":67.7399978638,"52":46.5600013733,"53":52.6500015259,"54":69.5199966431,"55":67.2799987793,"56":75.0,"57":79.2300033569,"58":80.5899963379,"59":76.25,"60":72.8399963379,"61":74.5199966431,"62":67.6500015259,"63":61.5499992371,"64":57.0,"65":63.7799987793,"66":72.6800003052,"67":74.9599990845,"68":79.6699981689,"69":75.7099990845,"70":78.8600006104,"71":77.5299987793,"72":76.25,"73":82.2900009155,"74":79.2900009155,"75":77.1100006104,"76":78.75,"77":79.9599990845,"78":78.4000015259,"79":81.5299987793,"80":81.5299987793},"Close":{"0":150.8849945068,"1":148.6738586426,"2":146.7515716553,"3":144.3611602783,"4":146.1439971924,"5":145.8651275635,"6":144.8093566895,"7":146.2137298584,"8":146.5623168945,"9":146.711730957,"10":148.4248657227,"11":149.6598968506,"12":143.7934265137,"13":143.544418335,"14":144.3810882568,"15":140.456817627,"16":137.4488677979,"17":140.6858978271,"18":142.0404663086,"19":142.7376556396,"20":139.5006408691,"21":140.9149627686,"22":146.8113250732,"23":147.1201019287,"24":145.6360473633,"25":143.4946289062,"26":145.1479949951,"27":146.6021728516,"28":150.1778259277,"29":146.1340484619,"30":144.3213043213,"31":144.3611602783,"32":147.0404205322,"33":146.2535552979,"34":142.6679534912,"35":134.2915344238,"36":123.5844650269,"37":119.7099990845,"38":119.6399993896,"39":124.0,"40":122.9599990845,"41":114.2799987793,"42":118.3300018311,"43":110.2200012207,"44":110.6600036621,"45":104.1900024414,"46":109.9800033569,"47":100.1100006104,"48":93.7099990845,"49":95.6100006104,"50":86.4199981689,"51":75.2399978638,"52":63.8100013733,"53":66.8000030518,"54":74.5800018311,"55":70.1299972534,"56":79.1399993896,"57":85.25,"58":82.8099975586,"59":78.8499984741,"60":76.1600036621,"61":74.8099975586,"62":69.1500015259,"63":63.0,"64":59.0800018311,"65":70.5899963379,"66":73.8199996948,"67":82.5299987793,"68":81.3099975586,"69":78.0899963379,"70":82.6800003052,"71":80.7300033569,"72":80.3899993896,"73":84.2600021362,"74":79.7699966431,"75":79.9000015259,"76":80.0199966431,"77":81.0999984741,"78":80.7099990845,"79":85.0449981689,"80":85.0449981689},"Volume":{"0":1905600,"1":2116900,"2":2178200,"3":2073200,"4":1412800,"5":1197900,"6":848200,"7":987500,"8":944700,"9":799900,"10":804500,"11":1058900,"12":2757200,"13":1297100,"14":1863100,"15":2073400,"16":2641200,"17":1958500,"18":1290700,"19":1848600,"20":2070200,"21":1527600,"22":1812900,"23":1872300,"24":1065900,"25":1717600,"26":1169800,"27":1461300,"28":1583400,"29":1933900,"30":2441200,"31":2352800,"32":2018000,"33":1279600,"34":1858100,"35":3197500,"36":5128400,"37":4961200,"38":6958600,"39":6660800,"40":6375500,"41":6796500,"42":7343700,"43":6977200,"44":6790100,"45":6687400,"46":5395500,"47":8901300,"48":9065700,"49":8552800,"50":9327200,"51":12101600,"52":25881800,"53":17497700,"54":18154700,"55":12931800,"56":9113100,"57":8717900,"58":10444300,"59":5749800,"60":6097800,"61":5173600,"62":7651300,"63":8062700,"64":10622200,"65":12186100,"66":11850400,"67":9143600,"68":10343000,"69":4157800,"70":6093100,"71":4822700,"72":5398800,"73":5299500,"74":4155000,"75":4747000,"76":3709700,"77":4540300,"78":3545000,"79":2338296,"80":2338296}}