{"Open":{"0":238.1882848567,"1":238.3280109416,"2":239.1762546202,"3":242.0802563489,"4":241.5513457779,"5":246.0620396363,"6":249.4849704957,"7":247.6587408234,"8":250.7723064867,"9":248.7963904348,"10":254.4247667348,"11":257.0892540203,"12":256.3108748467,"13":257.5682821755,"14":255.9216980736,"15":257.4086115884,"16":252.7981417559,"17":255.7819799148,"18":259.9633324299,"19":259.3446136992,"20":261.140896429,"21":257.6880293298,"22":265.052827692,"23":268.6953294447,"24":265.8711649356,"25":267.4578726503,"26":266.400052172,"27":269.2342225333,"28":271.4396418658,"29":272.5673125078,"30":272.8168151063,"31":277.1478522209,"32":281.5387983025,"33":284.053634561,"34":276.2596885026,"35":264.299987793,"36":268.0,"37":260.5199890137,"38":256.8399963379,"39":236.6600036621,"40":245.9100036621,"41":258.2300109863,"42":257.1600036621,"43":260.2600097656,"44":242.6199951172,"45":218.1499938965,"46":220.8000030518,"47":220.9100036621,"48":200.3399963379,"49":205.0399932861,"50":182.0,"51":188.8999938965,"52":182.9199981689,"53":173.5599975586,"54":180.3399963379,"55":171.5500030518,"56":175.2599945068,"57":193.5,"58":209.6600036621,"59":215.3399963379,"60":222.1600036621,"61":218.3099975586,"62":201.9299926758,"63":195.3999938965,"64":203.0099945068,"65":220.5899963379,"66":238.2799987793,"67":232.8999938965,"68":228.8800048828,"69":238.8000030518,"70":238.25,"71":230.4199981689,"72":231.1100006104,"73":242.9299926758,"74":235.6499938965,"75":233.1300048828,"76":233.4600067139,"77":239.2299957275,"78":242.3600006104,"79":248.7400054932,"80":248.7400054932},"High":{"0":241.2320045567,"1":241.1122565242,"2":241.4515563798,"3":244.7048430891,"4":246.7306560796,"5":248.9161330298,"6":250.2533884684,"7":251.0018455479,"8":251.5906244998,"9":254.1253857692,"10":255.692154633,"11":257.7379088185,"12":257.5782475292,"13":257.9574628818,"14":257.9774518195,"15":258.3566666434,"16":255.6622243845,"17":259.953361495,"18":262.4182559478,"19":263.3463622526,"20":263.2665132131,"21":260.9812186534,"22":268.7152498515,"23":268.74521426,"24":269.3739133199,"25":268.6354343805,"26":268.1763838671,"27":272.3777272252,"28":276.4193520207,"29":273.8446742807,"30":277.4272925778,"31":280.2214935129,"32":286.6582348366,"33":285.0216070507,"34":276.2596885026,"35":268.6499938965,"36":269.450012207,"37":267.4599914551,"38":256.8399963379,"39":241.6600036621,"40":259.7799987793,"41":263.2900085449,"42":270.3500061035,"43":264.7200012207,"44":244.4900054932,"45":223.7400054932,"46":227.6000061035,"47":221.6600036621,"48":212.1300048828,"49":213.5700073242,"50":193.9400024414,"51":206.4299926758,"52":187.3500061035,"53":181.4799957275,"54":183.0,"55":182.0399932861,"56":196.6100006104,"57":217.9100036621,"58":227.4700012207,"59":226.5500030518,"60":226.3300018311,"61":221.9799957275,"62":207.3000030518,"63":206.9700012207,"64":210.2599945068,"65":231.4799957275,"66":239.9799957275,"67":234.3600006104,"68":248.1799926758,"69":240.0,"70":240.8999938965,"71":233.4400024414,"72":238.0,"73":246.7799987793,"74":240.9400024414,"75":235.1199951172,"76":241.5,"77":243.6100006104,"78":245.9499969482,"79":256.7207946777,"80":256.7207946777},"Low":{"0":237.5196669598,"1":238.0685368256,"2":238.7471477712,"3":240.3138985091,"4":241.5513457779,"5":245.9123395203,"6":246.531061745,"7":247.6587408234,"8":248.7165527642,"9":248.3373466148,"10":253.6463748546,"11":255.243074472,"12":255.2430870945,"13":255.9516244863,"14":254.823958099,"15":253.8559481002,"16":251.4808537841,"17":255.0834250123,"18":259.0851404841,"19":258.2368846266,"20":255.602342363,"21":257.6880293298,"22":264.1746357597,"23":261.3005908183,"24":265.6615756265,"25":265.3023188898,"26":265.7613560569,"27":268.1664194979,"28":261.919287076,"29":267.4878023929,"30":272.437593071,"31":273.3556930294,"32":281.3791242647,"33":274.6530270776,"34":268.5555912735,"35":263.6000061035,"36":258.7099914551,"37":260.4599914551,"38":243.8999938965,"39":232.0599975586,"40":242.6199951172,"41":249.4900054932,"42":255.6699981689,"43":248.7799987793,"44":231.3899993896,"45":209.3999938965,"46":213.8999938965,"47":206.6799926758,"48":189.0,"49":194.5399932861,"50":180.0,"51":185.4900054932,"52":165.2299957275,"53":166.0,"54":171.4700012207,"55":164.1900024414,"56":172.0200042725,"57":192.1300048828,"58":209.1199951172,"59":215.3399963379,"60":218.3000030518,"61":210.7599945068,"62":195.6999969482,"63":192.0,"64":202.9799957275,"65":217.4400024414,"66":228.6699981689,"67":225.3200073242,"68":228.1300048828,"69":229.5899963379,"70":235.2100067139,"71":227.7899932861,"72":229.6300048828,"73":235.5,"74":235.0,"75":227.75,"76":233.0700073242,"77":236.5,"78":237.6499938965,"79":248.0700073242,"80":248.0700073242},"Close":{"0":241.2220306396,"1":240.623260498,"2":241.3717193604,"3":240.5035095215,"4":245.1139831543,"5":248.3373413086,"6":247.51902771,"7":250.9719085693,"8":248.9161376953,"9":252.5087280273,"10":255.5224914551,"11":257.0992431641,"12":255.8119049072,"13":256.9395751953,"14":256.5603637695,"15":255.0933837891,"16":254.5944213867,"17":259.6539916992,"18":260.1329956055,"19":263.2665100098,"20":256.2609863281,"21":260.4722900391,"22":266.3102111816,"23":263.7954406738,"24":267.4578857422,"25":266.9489135742,"26":267.8769836426,"27":270.4317321777,"28":272.8467407227,"29":272.2080383301,"30":277.2576293945,"31":280.1017456055,"32":284.7222290039,"33":278.295501709,"34":271.2699890137,"35":266.2600097656,"36":260.0299987793,"37":261.0100097656,"38":244.0700073242,"39":240.0299987793,"40":259.5199890137,"41":252.8699951172,"42":269.5799865723,"43":252.6100006104,"44":238.4700012207,"45":210.8500061035,"46":227.6000061035,"47":211.2599945068,"48":193.3399963379,"49":213.0700073242,"50":185.3999938965,"51":202.0899963379,"52":174.3500061035,"53":177.9100036621,"54":175.8000030518,"55":165.0899963379,"56":195.75,"57":207.1300048828,"58":224.3300018311,"59":220.1900024414,"60":222.2200012207,"61":211.5,"62":197.5500030518,"63":206.7200012207,"64":208.7899932861,"65":229.1600036621,"66":228.7100067139,"67":226.5200042725,"68":241.6799926758,"69":231.0899963379,"70":237.7599945068,"71":229.8300018311,"72":234.7100067139,"73":239.3600006104,"74":239.4700012207,"75":228.2599945068,"76":239.8300018311,"77":240.0,"78":245.1999969482,"79":256.3900146484,"80":256.3900146484},"Volume":{"0":869700,"1":475800,"2":714900,"3":743700,"4":887200,"5":811100,"6":594300,"7":707000,"8":551800,"9":856700,"10":603200,"11":830400,"12":911000,"13":596600,"14":810000,"15":495600,"16":707400,"17":781100,"18":441800,"19":563500,"20":827800,"21":748200,"22":742100,"23":715200,"24":806900,"25":647800,"26":729300,"27":946300,"28":981300,"29":910900,"30":931900,"31":771100,"32":986300,"33":1000900,"34":961400,"35":990000,"36":1090700,"37":951300,"38":1993700,"39":1989200,"40":1526000,"41":1734900,"42":1221400,"43":1557400,"44":2197400,"45":2551400,"46":2208100,"47":1611900,"48":2632300,"49":2329300,"50":2856300,"51":2046600,"52":2819000,"53":2610500,"54":2017300,"55":1699800,"56":1404700,"57":1686800,"58":1650700,"59":1305800,"60":1026900,"61":1379100,"62":1455000,"63":1025200,"64":1002100,"65":1429000,"66":1009500,"67":1059600,"68":2129400,"69":944100,"70":926900,"71":989000,"72":1263900,"73":1523500,"74":809400,"75":807400,"76":788300,"77":757900,"78":1024700,"79":430984,"80":430984}}