{"Open":{"0":113.7480890043,"1":112.4561764849,"2":112.5654882662,"3":113.6288321393,"4":114.5927973396,"5":116.3219788791,"6":117.9716562964,"7":117.5741381297,"8":116.6499238845,"9":116.4412341299,"10":117.3853246552,"11":118.2101609803,"12":118.2598503809,"13":120.833735517,"14":119.9890251681,"15":120.1380933243,"16":117.7629632675,"17":118.4685405264,"18":119.0051878528,"19":116.6996152504,"20":117.0275623293,"21":115.2288138388,"22":118.707048244,"23":119.879706208,"24":119.8797089549,"25":119.8797104476,"26":117.5840770669,"27":119.184067296,"28":118.1505312276,"29":114.2847281113,"30":116.1232247421,"31":113.5195242811,"32":113.1915742172,"33":114.3145383684,"34":112.883493642,"35":111.2040147424,"36":110.9058780031,"37":108.7493746663,"38":104.1879212584,"39":98.3544304045,"40":100.9978872917,"41":102.5481833065,"42":101.9121691667,"43":102.1407348369,"44":96.6749428873,"45":93.43521361,"46":94.6078771594,"47":93.1072766163,"48":87.7507978412,"49":88.376879302,"50":80.0291195571,"51":78.5782040972,"52":76.5210762789,"53":77.5546110441,"54":80.4663889164,"55":75.2092891479,"56":76.8887816769,"57":81.489978401,"58":89.0400009155,"59":88.5599975586,"60":90.75,"61":91.6800003052,"62":87.1100006104,"63":82.7900009155,"64":86.0299987793,"65":89.3499984741,"66":97.2600021362,"67":95.1699981689,"68":99.5,"69":100.2300033569,"70":101.2200012207,"71":97.3600006104,"72":98.1100006104,"73":97.8600006104,"74":102.0500030518,"75":99.5,"76":98.5699996948,"77":96.5,"78":97.5999984741,"79":100.0299987793,"80":100.0299987793},"High":{"0":114.1952946758,"1":113.6984017947,"2":114.2350394293,"3":114.5828678681,"4":116.1629719424,"5":117.9318979982,"6":118.2201013668,"7":117.9915315941,"8":116.938121069,"9":117.6735271418,"10":118.5579856414,"11":119.0946248208,"12":119.7604606894,"13":121.3902576061,"14":120.5356073379,"15":120.2772219522,"16":119.3132580792,"17":119.3033198637,"18":119.4027014789,"19":117.7629598163,"20":117.4151360135,"21":117.5940156223,"22":119.7207083484,"23":120.6548611549,"24":120.6051718742,"25":120.1579752902,"26":118.7467981218,"27":119.4325123618,"28":118.1505312276,"29":116.7791186478,"30":116.7989956389,"31":114.2847317576,"32":114.2251066073,"33":114.6921797073,"34":113.1518185523,"35":112.1679828262,"36":111.2139550464,"37":109.4052656984,"38":104.8935119316,"39":100.3718030548,"40":102.2401126437,"41":104.018973786,"42":103.3332752483,"43":102.1904268831,"44":98.8115719717,"45":94.8761994884,"46":95.770605819,"47":93.9917404566,"48":89.8377348197,"49":89.3209675213,"50":82.9210236241,"51":80.9433983636,"52":77.9223100163,"53":79.9993095311,"54":81.1520997224,"55":76.640335125,"56":81.708614436,"57":89.479972315,"58":93.7699966431,"59":92.4100036621,"60":93.1200027466,"61":92.5100021362,"62":87.6900024414,"63":86.5,"64":87.4899978638,"65":95.0,"66":101.0,"67":99.8399963379,"68":102.4800033569,"69":100.4800033569,"70":101.7900009155,"71":98.1600036621,"72":98.1900024414,"73":103.5500030518,"74":103.0599975586,"75":100.6800003052,"76":98.5899963379,"77":97.4400024414,"78":99.5299987793,"79":100.5800018311,"80":100.5800018311},"Low":{"0":112.3965472281,"1":112.3468600511,"2":112.3965474393,"3":113.4300791186,"4":114.5331729512,"5":116.2225947906,"6":117.1865689643,"7":116.4312969157,"8":115.4375183393,"9":116.2325411799,"10":117.047435431,"11":117.8225872786,"12":118.0710297062,"13":119.61139007,"14":118.8958684103,"15":118.1306605636,"16":117.4747660763,"17":118.4188560639,"18":117.5840817572,"19":115.9642199871,"20":114.2847267641,"21":115.1691894516,"22":118.4287909862,"23":119.3728837506,"24":119.0648094523,"25":118.0213462074,"26":117.4747606345,"27":117.6933969008,"28":115.5667041396,"29":113.2909478669,"30":115.2785130165,"31":111.2536988826,"32":112.4959234793,"33":112.5157985827,"34":111.9791575677,"35":110.0114738584,"36":107.5866554992,"37":105.3705202501,"38":100.3121842192,"39":95.959416415,"40":98.8811380213,"41":98.1755488231,"42":100.3221146778,"43":98.4239987537,"44":96.1879926808,"45":91.1395837118,"46":90.8215768175,"47":90.2849366858,"48":83.3284712434,"49":80.9533395066,"50":75.8254334905,"51":76.1036933966,"52":71.6813639198,"53":72.844094817,"54":75.318606863,"55":71.711186026,"56":76.0838145082,"57":80.1185644208,"58":89.0400009155,"59":88.0,"60":90.5,"61":89.5199966431,"62":82.9800033569,"63":81.3300018311,"64":84.7799987793,"65":88.0500030518,"66":94.3199996948,"67":94.6399993896,"68":99.2699966431,"69":97.2399978638,"70":99.8300018311,"71":95.8600006104,"72":95.4700012207,"73":97.8399963379,"74":101.5199966431,"75":97.3000030518,"76":93.7200012207,"77":95.7399978638,"78":96.5,"79":99.2600021362,"80":99.2600021362},"Close":{"0":113.8474655151,"1":113.1716918945,"2":114.1754150391,"3":113.7779006958,"4":115.7753982544,"5":117.6536407471,"6":117.90209198,"7":117.276008606,"8":116.3120422363,"9":116.6002426147,"10":118.1207199097,"11":118.2896652222,"12":119.5716400146,"13":120.3368453979,"14":120.2175979614,"15":118.5182342529,"16":118.4884262085,"17":118.4387283325,"18":117.6337738037,"19":117.4151382446,"20":114.7219924927,"21":117.2561264038,"22":119.2436904907,"23":119.8697738647,"24":120.5455474854,"25":118.2101593018,"26":118.6374816895,"27":118.2101593018,"28":115.7654571533,"29":116.1033477783,"30":116.6002426147,"31":111.9592895508,"32":113.0623779297,"33":113.1518173218,"34":112.5754241943,"35":110.6574325562,"36":107.8549728394,"37":105.4897766113,"38":100.3519363403,"39":100.0438537598,"40":101.9817352295,"41":99.7755355835,"42":102.9456939697,"43":99.5569076538,"44":98.4438705444,"45":91.8252944946,"46":95.7606658936,"47":91.8650512695,"48":83.8750534058,"49":88.2675628662,"50":76.9484024048,"51":79.7111129761,"52":74.0763778687,"53":78.7272720337,"54":76.9782180786,"55":72.4664535522,"56":79.8502426147,"57":86.2799987793,"58":91.9400024414,"59":89.8899993896,"60":92.0500030518,"61":90.1800003052,"62":84.1100006104,"63":86.1500015259,"64":86.2699966431,"65":94.0899963379,"66":94.4599990845,"67":99.2799987793,"68":101.0299987793,"69":99.5199966431,"70":101.1999969482,"71":97.3199996948,"72":95.6999969482,"73":103.3300018311,"74":101.5400009155,"75":97.6100006104,"76":96.0800018311,"77":95.8300018311,"78":99.3000030518,"79":100.3899993896,"80":100.3899993896},"Volume":{"0":3917000,"1":2764600,"2":3332000,"3":4443800,"4":5482800,"5":5120900,"6":3180900,"7":3367100,"8":5694200,"9":3683200,"10":4019400,"11":4906100,"12":5596900,"13":4169400,"14":4125900,"15":3382500,"16":4192100,"17":3422700,"18":3019500,"19":5056200,"20":6067800,"21":5618400,"22":4000300,"23":3811000,"24":3763700,"25":3946900,"26":4056800,"27":3959300,"28":7629200,"29":5639900,"30":3815600,"31":12050300,"32":5198400,"33":4914900,"34":5493800,"35":5334300,"36":7074400,"37":5426300,"38":7263500,"39":11689000,"40":8358000,"41":8371600,"42":8935200,"43":5881600,"44":6843100,"45":9053800,"46":9725800,"47":7893800,"48":11417400,"49":13456400,"50":10210000,"51":11584600,"52":10468300,"53":11112000,"54":11355200,"55":11494600,"56":9955900,"57":16273700,"58":12537800,"59":10665800,"60":8248200,"61":14088100,"62":8110000,"63":7152600,"64":5625700,"65":8952300,"66":7688400,"67":7655400,"68":8080500,"69":5355500,"70":5013600,"71":7727300,"72":7944400,"73":9559900,"74":4729700,"75":5472900,"76":7696500,"77":5854900,"78":4631500,"79":1621641,"80":1621641}}