{"Open":{"0":50.826102866,"1":50.5386697011,"2":50.1818561785,"3":50.5584896084,"4":51.0144207849,"5":51.7181353023,"6":51.9361893569,"7":52.1542403927,"8":51.9361905062,"9":51.5595532976,"10":51.7676940653,"11":51.8767222873,"12":51.7280474079,"13":51.5397299606,"14":51.2126489454,"15":51.440617346,"16":49.6466369629,"17":49.9043314706,"18":50.330528693,"19":49.5574341072,"20":50.1818553331,"21":49.75,"22":50.5299987793,"23":51.1599998474,"24":51.8300018311,"25":51.5200004578,"26":51.4000015259,"27":52.1899986267,"28":52.7099990845,"29":52.3199996948,"30":52.4399986267,"31":52.0299987793,"32":52.0099983215,"33":51.8400001526,"34":51.9799995422,"35":49.2900009155,"36":49.4500007629,"37":47.9599990845,"38":45.7799987793,"39":42.1100006104,"40":42.9300003052,"41":44.3899993896,"42":43.4000015259,"43":42.0999984741,"44":38.7799987793,"45":35.4199981689,"46":34.5099983215,"47":33.6300010681,"48":30.1200008392,"49":30.9799995422,"50":26.8700008392,"51":27.7099990845,"52":25.9599990845,"53":27.5,"54":27.4500007629,"55":24.0200004578,"56":24.9899997711,"57":28.3400001526,"58":30.1399993896,"59":30.7299995422,"60":30.7199993134,"61":31.3299999237,"62":28.4599990845,"63":27.4799995422,"64":27.7900009155,"65":29.9500007629,"66":32.8499984741,"67":31.9699993134,"68":34.4099998474,"69":34.8600006104,"70":35.1399993896,"71":32.5800018311,"72":32.2200012207,"73":32.5600013733,"74":31.8099994659,"75":31.3299999237,"76":32.3699989319,"77":32.0800018311,"78":32.25,"79":33.5900001526,"80":33.5900001526},"High":{"0":51.2324736717,"1":50.7071631513,"2":50.5783133618,"3":51.1630908735,"4":52.1046827568,"5":52.2632662872,"6":52.1344160567,"7":52.2930005973,"8":52.104683961,"9":51.8469873139,"10":51.9461011266,"11":52.1938895638,"12":51.8767212198,"13":51.6685803442,"14":51.5000829614,"15":51.440617346,"16":49.9638042344,"17":50.5089327334,"18":50.5684060395,"19":50.8360168146,"20":50.2115885816,"21":50.2999992371,"22":50.7700004578,"23":51.7400016785,"24":52.0900001526,"25":51.7000007629,"26":51.9199981689,"27":53.0499992371,"28":53.2799987793,"29":52.5200004578,"30":52.4700012207,"31":52.4900016785,"32":52.1599998474,"33":52.3499984741,"34":52.0600013733,"35":49.6599998474,"36":49.5099983215,"37":48.2999992371,"38":45.9500007629,"39":42.9700012207,"40":44.5800018311,"41":44.9799995422,"42":43.9799995422,"43":42.25,"44":40.2799987793,"45":36.6399993896,"46":35.0299987793,"47":34.2099990845,"48":30.9899997711,"49":32.0299987793,"50":28.8099994659,"51":28.4400005341,"52":28.2700004578,"53":28.5699996948,"54":27.4500007629,"55":24.5200004578,"56":27.9300003052,"57":32.4599990845,"58":32.7400016785,"59":32.1699981689,"60":32.2999992371,"61":31.9500007629,"62":29.0200004578,"63":28.9799995422,"64":28.2800006866,"65":30.9200000763,"66":33.6399993896,"67":33.7200012207,"68":36.3600006104,"69":35.4399986267,"70":35.3499984741,"71":33.0299987793,"72":32.4700012207,"73":33.5800018311,"74":33.0299987793,"75":32.0999984741,"76":32.6599998474,"77":32.4399986267,"78":33.5600013733,"79":34.3199996948,"80":34.3199996948},"Low":{"0":50.6080527285,"1":50.1521185641,"2":49.8745987422,"3":50.2908828073,"4":50.9846837552,"5":51.6685786274,"6":51.6884022011,"7":51.8668101605,"8":51.5595529624,"9":51.291942708,"10":51.4505267966,"11":51.7280484723,"12":51.2324730759,"13":51.2126490902,"14":50.5584909875,"15":50.2512381891,"16":49.4781397231,"17":49.7556614463,"18":50.0133614183,"19":49.4781403978,"20":49.0519465192,"21":49.6800003052,"22":50.1800003052,"23":50.9700012207,"24":51.25,"25":51.0800018311,"26":51.4000015259,"27":52.0400009155,"28":52.4500007629,"29":51.9399986267,"30":51.8699989319,"31":51.4000015259,"32":51.7099990845,"33":51.6699981689,"34":50.9599990845,"35":48.7999992371,"36":47.2799987793,"37":46.7299995422,"38":43.7999992371,"39":41.4700012207,"40":42.7099990845,"41":42.2200012207,"42":42.4199981689,"43":40.0099983215,"44":38.3300018311,"45":31.8999996185,"46":32.5200004578,"47":32.6399993896,"48":28.1200008392,"49":29.0499992371,"50":26.0,"51":25.6399993896,"52":25.5799999237,"53":25.9899997711,"54":24.1599998474,"55":22.8500003815,"56":24.5300006866,"57":27.8299999237,"58":29.5799999237,"59":30.6299991608,"60":30.25,"61":30.4300003052,"62":27.6399993896,"63":27.4400005341,"64":26.8199996948,"65":29.2999992371,"66":31.4699993134,"67":31.5499992371,"68":34.4099998474,"69":33.6500015259,"70":33.6800003052,"71":31.8199996948,"72":30.7600002289,"73":32.2700004578,"74":31.5699996948,"75":31.0900001526,"76":31.5200004578,"77":31.5900001526,"78":32.1500015259,"79":33.4841995239,"80":33.4841995239},"Close":{"0":51.1630935669,"1":50.6377830505,"2":50.4990234375,"3":50.8360137939,"4":51.3712348938,"5":51.906452179,"6":52.005569458,"7":52.1145973206,"8":51.7280464172,"9":51.3910560608,"10":51.7379608154,"11":52.1443328857,"12":51.3018531799,"13":51.4406166077,"14":51.3414993286,"15":50.816192627,"16":49.6466369629,"17":50.1025619507,"18":50.0430984497,"19":50.8261032104,"20":49.2699966431,"21":49.6899986267,"22":50.2000007629,"23":51.5299987793,"24":51.8699989319,"25":51.5800018311,"26":51.8800010681,"27":52.3899993896,"28":52.4700012207,"29":52.3800010681,"30":52.2799987793,"31":51.8300018311,"32":51.7900009155,"33":52.2799987793,"34":51.2299995422,"35":49.3800010681,"36":47.5800018311,"37":46.9199981689,"38":43.8899993896,"39":42.7200012207,"40":44.5600013733,"41":42.5699996948,"42":43.8300018311,"43":40.6199989319,"44":39.1800003052,"45":32.6599998474,"46":35.0200004578,"47":33.2999992371,"48":28.2999992371,"49":31.9300003052,"50":26.7999992371,"51":28.4300003052,"52":28.1800003052,"53":26.7999992371,"54":24.3799991608,"55":23.5300006866,"56":27.6100006104,"57":29.7399997711,"58":32.5299987793,"59":30.8700008392,"60":32.0299987793,"61":30.5699996948,"62":27.8999996185,"63":28.0499992371,"64":27.7199993134,"65":30.6299991608,"66":31.5799999237,"67":33.4700012207,"68":35.4599990845,"69":34.3199996948,"70":34.4300003052,"71":32.4700012207,"72":30.9500007629,"73":33.0600013733,"74":32.5499992371,"75":31.4599990845,"76":31.7600002289,"77":31.8999996185,"78":33.2999992371,"79":34.1399993896,"80":34.1399993896},"Volume":{"0":4416800,"1":5162300,"2":3271700,"3":6578000,"4":9880500,"5":5793900,"6":5526900,"7":6924900,"8":6611200,"9":4542400,"10":5389500,"11":6101700,"12":4656500,"13":3530700,"14":4264500,"15":3943600,"16":6494000,"17":4091100,"18":3877500,"19":4584000,"20":9443000,"21":5276800,"22":4774500,"23":7647200,"24":6538200,"25":6698300,"26":4513800,"27":5972700,"28":4999200,"29":3762300,"30":3469700,"31":4554800,"32":5528700,"33":3686900,"34":5308000,"35":8697000,"36":10896800,"37":9898400,"38":13487100,"39":13640200,"40":13068400,"41":11120000,"42":7751100,"43":11269300,"44":10764500,"45":14632700,"46":12698400,"47":11010000,"48":13658700,"49":13500800,"50":8989500,"51":9725900,"52":12074700,"53":9083800,"54":16243600,"55":11715300,"56":12986000,"57":13540400,"58":11543000,"59":7336500,"60":6287300,"61":8939400,"62":5379300,"63":7140500,"64":4855300,"65":7687600,"66":7997900,"67":6563400,"68":10681800,"69":4460900,"70":6987200,"71":9863800,"72":7156200,"73":7119100,"74":5212400,"75":5502600,"76":6105900,"77":12189800,"78":8255900,"79":2234636,"80":2234636}}