{"Open":{"0":136.5500030518,"1":133.3099975586,"2":130.25,"3":131.6499938965,"4":128.2200012207,"5":128.3099975586,"6":127.0199966431,"7":127.0,"8":129.7799987793,"9":132.4700012207,"10":139.8000030518,"11":140.7200012207,"12":138.6399993896,"13":141.9100036621,"14":140.4900054932,"15":143.0299987793,"16":139.0200042725,"17":141.0299987793,"18":140.2400054932,"19":134.1000061035,"20":135.6799926758,"21":132.2200012207,"22":134.9799957275,"23":133.1900024414,"24":135.1100006104,"25":129.9400024414,"26":126.5999984741,"27":127.5699996948,"28":129.5399932861,"29":132.1000061035,"30":132.7599945068,"31":136.8000030518,"32":132.0399932861,"33":131.2400054932,"34":133.9799957275,"35":131.8600006104,"36":129.8899993896,"37":125.7900009155,"38":122.7699966431,"39":119.6699981689,"40":121.5899963379,"41":120.9000015259,"42":119.0,"43":119.4300003052,"44":115.7099990845,"45":112.3199996948,"46":115.5500030518,"47":115.0500030518,"48":103.2900009155,"49":101.4199981689,"50":87.5800018311,"51":86.75,"52":81.4700012207,"53":64.3899993896,"54":66.6200027466,"55":58.7000007629,"56":66.9800033569,"57":77.4800033569,"58":83.5999984741,"59":81.5800018311,"60":78.4000015259,"61":79.1699981689,"62":72.6699981689,"63":68.7799987793,"64":64.8600006104,"65":65.2300033569,"66":80.0800018311,"67":80.7300033569,"68":87.2600021362,"69":87.1299972534,"70":84.9100036621,"71":77.9300003052,"72":76.5400009155,"73":79.1699981689,"74":75.9000015259,"75":73.5,"76":75.1600036621,"77":76.1299972534,"78":77.7900009155,"79":80.2699966431,"80":80.2699966431},"High":{"0":137.4499969482,"1":133.4700012207,"2":132.1300048828,"3":132.1699981689,"4":129.1199951172,"5":128.5399932861,"6":128.2299957275,"7":129.9299926758,"8":133.0,"9":137.6399993896,"10":141.2799987793,"11":141.1499938965,"12":141.5500030518,"13":142.0599975586,"14":144.0500030518,"15":144.3699951172,"16":141.1499938965,"17":141.8000030518,"18":140.8200073242,"19":135.4600067139,"20":135.6799926758,"21":133.6799926758,"22":135.9199981689,"23":136.2599945068,"24":135.8200073242,"25":129.9400024414,"26":128.1000061035,"27":129.2799987793,"28":133.8300018311,"29":133.75,"30":142.6100006104,"31":139.3099975586,"32":133.1600036621,"33":135.5800018311,"34":135.0899963379,"35":132.3000030518,"36":131.25,"37":129.2100067139,"38":128.0399932861,"39":125.25,"40":122.6200027466,"41":121.6600036621,"42":123.2099990845,"43":121.4000015259,"44":119.8799972534,"45":115.8899993896,"46":117.2200012207,"47":116.1999969482,"48":104.8300018311,"49":102.7300033569,"50":95.1299972534,"51":89.4000015259,"52":81.8099975586,"53":67.7799987793,"54":67.6399993896,"55":64.5299987793,"56":77.6299972534,"57":86.3499984741,"58":85.3600006104,"59":82.0,"60":81.5199966431,"61":79.6200027466,"62":74.3799972534,"63":71.9300003052,"64":67.0599975586,"65":74.1699981689,"66":84.6699981689,"67":86.0899963379,"68":90.9400024414,"69":87.1299972534,"70":85.7200012207,"71":79.8700027466,"72":76.9700012207,"73":80.8099975586,"74":78.4899978638,"75":75.2699966431,"76":76.1500015259,"77":78.5500030518,"78":80.3600006104,"79":82.7549972534,"80":82.7549972534},"Low":{"0":134.0399932861,"1":130.0299987793,"2":129.0099945068,"3":127.6600036621,"4":127.0800018311,"5":126.4300003052,"6":125.9400024414,"7":126.9899978638,"8":129.4400024414,"9":132.0099945068,"10":138.8899993896,"11":139.0099945068,"12":138.3800048828,"13":140.3699951172,"14":139.7100067139,"15":140.8099975586,"16":137.3500061035,"17":139.5200042725,"18":135.1900024414,"19":132.9700012207,"20":131.1499938965,"21":131.2599945068,"22":132.8800048828,"23":133.1199951172,"24":130.4900054932,"25":126.9599990845,"26":125.2099990845,"27":127.0800018311,"28":129.5,"29":131.8000030518,"30":128.0099945068,"31":131.2299957275,"32":130.7100067139,"33":130.7899932861,"34":133.1199951172,"35":128.2700042725,"36":124.7699966431,"37":125.3799972534,"38":121.9599990845,"39":118.5500030518,"40":118.9499969482,"41":116.5999984741,"42":117.8399963379,"43":118.8700027466,"44":115.3499984741,"45":110.0599975586,"46":112.3799972534,"47":108.0,"48":97.4199981689,"49":90.3199996948,"50":81.3300018311,"51":83.5599975586,"52":59.8800010681,"53":58.5,"54":58.2299995422,"55":56.6199989319,"56":66.0100021362,"57":71.7799987793,"58":79.9199981689,"59":76.3000030518,"60":75.0,"61":75.9499969482,"62":65.7399978638,"63":63.5099983215,"64":60.0499992371,"65":65.0,"66":76.1600036621,"67":78.3600006104,"68":86.25,"69":81.6299972534,"70":80.7200012207,"71":76.4000015259,"72":72.3799972534,"73":78.3899993896,"74":74.9700012207,"75":72.5100021362,"76":73.5100021362,"77":76.0199966431,"78":77.1299972534,"79":79.5,"80":79.5},"Close":{"0":134.7899932861,"1":130.9499969482,"2":131.0,"3":128.0099945068,"4":127.6100006104,"5":126.75,"6":127.0,"7":129.9199981689,"8":132.5800018311,"9":137.5,"10":140.6499938965,"11":139.6999969482,"12":141.2899932861,"13":141.1900024414,"14":143.8099975586,"15":141.8600006104,"16":139.9199981689,"17":139.9700012207,"18":135.5299987793,"19":135.1499938965,"20":131.6799926758,"21":133.1699981689,"22":133.1199951172,"23":133.9700012207,"24":130.5,"25":127.0100021362,"26":127.3000030518,"27":128.25,"28":133.1799926758,"29":132.6399993896,"30":137.9799957275,"31":131.4199981689,"32":131.3300018311,"33":134.1699981689,"34":135.0,"35":128.7899932861,"36":125.3600006104,"37":125.8300018311,"38":123.3399963379,"39":121.1500015259,"40":120.8600006104,"41":117.2200012207,"42":123.1699981689,"43":119.6999969482,"44":118.5699996948,"45":112.3799972534,"46":117.1999969482,"47":108.5,"48":97.4300003052,"49":96.4800033569,"50":85.4300003052,"51":85.8700027466,"52":65.0500030518,"53":66.3799972534,"54":58.6599998474,"55":63.3300018311,"56":77.2900009155,"57":82.3700027466,"58":82.2900009155,"59":78.0400009155,"60":80.1500015259,"61":76.2399978638,"62":66.9199981689,"63":64.8600006104,"64":62.0099983215,"65":73.3499984741,"66":81.1800003052,"67":85.0899963379,"68":88.0100021362,"69":83.4100036621,"70":82.7399978638,"71":79.3000030518,"72":74.7399978638,"73":79.5999984741,"74":76.2399978638,"75":73.0500030518,"76":75.0599975586,"77":77.3199996948,"78":78.9599990845,"79":81.9895019531,"80":81.9895019531},"Volume":{"0":585200,"1":843700,"2":1035300,"3":739600,"4":594400,"5":658300,"6":723400,"7":654700,"8":916800,"9":973100,"10":819000,"11":772900,"12":827400,"13":619200,"14":797400,"15":530500,"16":620000,"17":380900,"18":499200,"19":532300,"20":484800,"21":572600,"22":465900,"23":782600,"24":508200,"25":432800,"26":577000,"27":712300,"28":672600,"29":688800,"30":2264600,"31":1082400,"32":778100,"33":769300,"34":833700,"35":887500,"36":966700,"37":1283400,"38":1044300,"39":1616100,"40":1223000,"41":1304400,"42":798100,"43":683000,"44":1049500,"45":979300,"46":851500,"47":1163900,"48":1231900,"49":1663600,"50":1332900,"51":1219400,"52":1463100,"53":1785500,"54":1745700,"55":1289200,"56":1183600,"57":1410100,"58":1177000,"59":1117800,"60":1101600,"61":1034600,"62":1218300,"63":1639000,"64":1078300,"65":1360600,"66":1613400,"67":1083800,"68":941100,"69":516500,"70":639000,"71":579100,"72":934000,"73":1212300,"74":590600,"75":721400,"76":570100,"77":980800,"78":1090800,"79":427124,"80":427124}}