{"Open":{"0":168.6657038455,"1":166.9727853675,"2":169.5520113544,"3":170.0200551837,"4":168.5661307048,"5":164.0250989549,"6":161.0475312661,"7":163.6167986547,"8":164.8217631805,"9":166.4748673498,"10":167.2316961376,"11":166.6341994344,"12":168.1478848567,"13":170.9063566525,"14":170.0300172723,"15":173.5453487528,"16":171.6134118177,"17":163.6168003326,"18":164.3138849782,"19":167.0425001215,"20":165.0906407855,"21":163.467410432,"22":162.7205385287,"23":160.9778153263,"24":161.3363186146,"25":161.8143304179,"26":163.4574671625,"27":162.9296706329,"28":162.531336978,"29":164.1744687836,"30":166.9229802831,"31":165.5387615655,"32":164.224261223,"33":163.4674193973,"34":162.6010388618,"35":160.2309345917,"36":160.0317694471,"37":157.3429930806,"38":152.2343252176,"39":147.7331293661,"40":146.1995303718,"41":151.8658669934,"42":151.4575623889,"43":151.4276935044,"44":148.9779268817,"45":144.3970590572,"46":146.0103156013,"47":147.7231528232,"48":138.2427513611,"49":135.0660142823,"50":122.9964188613,"51":121.9906122141,"52":130.8934392109,"53":134.9166371501,"54":124.5100932053,"55":124.191421911,"56":116.6827732768,"57":122.9964189075,"58":123.5242099126,"59":128.5532081144,"60":134.4386294995,"61":139.2784255737,"62":136.5996115971,"63":137.7747109612,"64":143.0526615348,"65":148.2808307151,"66":151.9455362887,"67":149.0575858294,"68":148.5299987793,"69":152.9600067139,"70":152.6600036621,"71":152.0,"72":153.75,"73":157.6799926758,"74":156.2100067139,"75":155.6000061035,"76":151.8999938965,"77":151.8699951172,"78":151.9900054932,"79":155.0099945068,"80":155.0099945068},"High":{"0":169.8607260417,"1":170.219224021,"2":171.0059469994,"3":170.428353942,"4":168.8349970262,"5":165.0308936375,"6":164.2840169986,"7":165.3296476394,"8":166.3254939536,"9":168.5362671134,"10":167.4607506785,"11":168.0582458224,"12":170.6374892213,"13":172.798465099,"14":172.4299842201,"15":173.8540572689,"16":173.0474263791,"17":169.2433000652,"18":167.8690472379,"19":167.869050595,"20":166.8831589386,"21":164.1047485179,"22":163.5371360708,"23":161.8840349799,"24":163.198553045,"25":163.0292585609,"26":163.905592919,"27":164.0649296292,"28":164.6723906396,"29":166.8632384248,"30":168.1677824036,"31":165.9470603095,"32":164.9313003328,"33":163.6665999063,"34":163.2981250441,"35":161.6450432759,"36":160.8682728872,"37":158.6276222242,"38":153.6882608754,"39":148.2609242768,"40":151.9455417396,"41":153.8973774791,"42":153.2899074928,"43":154.6442580901,"44":150.6708547609,"45":147.2152931367,"46":151.1488627865,"47":148.5098762686,"48":140.6128442618,"49":136.9481544826,"50":127.9756201023,"51":138.9697167899,"52":148.6891260347,"53":138.242760171,"54":136.4502412983,"55":125.4362240803,"56":125.0080107185,"57":125.8544799195,"58":132.2278645627,"59":134.0801328769,"60":143.7995354014,"61":142.4053680117,"62":142.9232128142,"63":145.6319016908,"64":147.1356187944,"65":152.5530003382,"66":152.3637880009,"67":150.2127659061,"68":154.9499969482,"69":152.9600067139,"70":153.9700012207,"71":153.1399993896,"72":156.8999938965,"73":157.75,"74":159.2200012207,"75":156.0599975586,"76":154.5399932861,"77":153.4400024414,"78":154.6900024414,"79":155.75,"80":155.75},"Low":{"0":166.6740204458,"1":166.4350375053,"2":168.9146732405,"3":167.460749826,"4":166.6043213182,"5":160.4400626286,"6":161.0475312661,"7":163.6167986547,"8":164.8217631805,"9":166.4748673498,"10":165.4292250191,"11":166.2856487488,"12":168.0283735144,"13":170.6872702514,"14":170.000143237,"15":171.3047047801,"16":171.2349870875,"17":162.9197141562,"18":162.5114138833,"19":163.8159673908,"20":162.5612094773,"21":161.8143247437,"22":159.7828083573,"23":160.0716108681,"24":161.1272003537,"25":161.4359056927,"26":162.2823811703,"27":162.3421276425,"28":161.7446134945,"29":163.5869258077,"30":165.9171856401,"31":163.666589502,"32":163.0093331125,"33":161.4956569603,"34":161.3761577705,"35":158.757093028,"36":157.4027477813,"37":152.3040363663,"38":149.3961853146,"39":141.7979058632,"40":145.2136567273,"41":148.1513815177,"42":149.8542566242,"43":150.8998985945,"44":146.3389372155,"45":142.2858793321,"46":143.9887580218,"47":144.865092032,"48":130.5448841199,"49":127.617107445,"50":118.7043356759,"51":119.9491336237,"52":129.8278812677,"53":123.4843780203,"54":122.6080394072,"55":111.7633213078,"56":116.4138993536,"57":118.6943827732,"58":123.4345802055,"59":127.4677442517,"60":133.4427877995,"61":138.7705517595,"62":135.982194572,"63":137.7747109612,"64":142.674252002,"65":142.0070398371,"66":146.3289894172,"67":145.9505644322,"68":148.5299987793,"69":145.5700073242,"70":151.3699951172,"71":150.5500030518,"72":151.2899932861,"73":154.0500030518,"74":154.9299926758,"75":149.4499969482,"76":150.0299987793,"77":150.2700042725,"78":150.9700012207,"79":154.1100006104,"80":154.1100006104},"Close":{"0":166.8333587646,"1":169.4922637939,"2":170.508026123,"3":167.5802459717,"4":166.6839904785,"5":161.5653686523,"6":163.547088623,"7":164.6126403809,"8":166.1960296631,"9":166.9130401611,"10":166.4549407959,"11":167.9785766602,"12":170.4383087158,"13":171.8125762939,"14":172.051574707,"15":171.9519958496,"16":171.9918365479,"17":165.3694763184,"18":166.7138671875,"19":164.821762085,"20":162.6906585693,"21":162.4815368652,"22":160.0317687988,"23":161.3363189697,"24":161.4458618164,"25":162.4317474365,"26":162.9296722412,"27":162.5711669922,"28":164.3537139893,"29":166.3852386475,"30":166.1462249756,"31":164.2242584229,"32":163.3479156494,"33":163.1487579346,"34":161.5255279541,"35":160.3205718994,"36":157.7114562988,"37":152.4733276367,"38":149.6351776123,"39":145.5821075439,"40":151.8359985352,"41":149.2766723633,"42":153.2401275635,"43":152.9015350342,"44":150.0135955811,"45":143.4310913086,"46":150.8999023438,"47":146.0003509521,"48":130.6345062256,"49":134.4386291504,"50":119.8694763184,"51":138.1232452393,"52":140.4435577393,"53":125.1075973511,"54":124.0221328735,"55":113.3566665649,"56":124.4105072021,"57":123.6735916138,"58":131.0926055908,"59":131.7398986816,"60":142.5547332764,"61":140.6228179932,"62":138.0435791016,"63":144.6061859131,"64":146.269241333,"65":151.3778991699,"66":149.6750183105,"67":148.4800109863,"68":154.3000030518,"69":148.6900024414,"70":153.1900024414,"71":152.5599975586,"72":155.4199981689,"73":156.8899993896,"74":156.1199951172,"75":151.1799926758,"76":153.3699951172,"77":151.6199951172,"78":154.2599945068,"79":155.4199981689,"80":155.4199981689},"Volume":{"0":780600,"1":734900,"2":663300,"3":716000,"4":507200,"5":1385400,"6":550000,"7":616100,"8":949300,"9":726500,"10":849100,"11":542100,"12":991300,"13":845200,"14":795300,"15":698100,"16":849000,"17":2275700,"18":936400,"19":924100,"20":1003200,"21":896900,"22":878300,"23":677000,"24":582400,"25":540200,"26":445800,"27":439600,"28":556800,"29":458000,"30":462400,"31":643300,"32":481200,"33":567700,"34":468400,"35":721200,"36":1479800,"37":1177300,"38":1126500,"39":1790000,"40":1122700,"41":986400,"42":1436700,"43":1094800,"44":1173100,"45":1436300,"46":1409000,"47":1507500,"48":2165000,"49":1650200,"50":2074200,"51":2436300,"52":2454100,"53":1928900,"54":1666000,"55":1714300,"56":1428000,"57":1415000,"58":1011400,"59":996100,"60":1664800,"61":1462700,"62":1213200,"63":1466200,"64":744500,"65":972400,"66":879800,"67":811800,"68":779300,"69":888600,"70":862500,"71":530700,"72":724600,"73":813700,"74":557000,"75":664200,"76":502700,"77":554700,"78":387900,"79":133418,"80":133418}}