{"Open":{"0":379.5914435827,"1":377.275499377,"2":379.0324161229,"3":371.8850136941,"4":374.4005452357,"5":365.7857246442,"6":371.0464718289,"7":361.1539105706,"8":369.0399947139,"9":365.1069454558,"10":368.261394455,"11":369.798672967,"12":367.6324722406,"13":372.3940881148,"14":368.9202290765,"15":366.1950030884,"16":354.4556933917,"17":359.6066187642,"18":361.5332453113,"19":349.4145630313,"20":355.8033255955,"21":359.2172966315,"22":357.3306110474,"23":355.2742473826,"24":342.1074382021,"25":344.7328035209,"26":341.4086673676,"27":340.7699890137,"28":342.5599975586,"29":332.6199951172,"30":339.0,"31":346.0700073242,"32":348.1600036621,"33":341.450012207,"34":342.8299865723,"35":333.4299926758,"36":342.7399902344,"37":332.0700073242,"38":332.6600036621,"39":329.6700134277,"40":324.9200134277,"41":346.8999938965,"42":356.1700134277,"43":367.3999938965,"44":368.9100036621,"45":342.8500061035,"46":356.3099975586,"47":356.1700134277,"48":318.6700134277,"49":320.5899963379,"50":317.3500061035,"51":318.0400085449,"52":300.0,"53":303.5599975586,"54":310.6099853516,"55":309.9100036621,"56":293.7900085449,"57":323.5700073242,"58":339.1400146484,"59":342.700012207,"60":353.6199951172,"61":347.1400146484,"62":320.4100036621,"63":325.0400085449,"64":343.3500061035,"65":394.1799926758,"66":400.549987793,"67":388.0400085449,"68":399.299987793,"69":400.0,"70":397.7399902344,"71":396.299987793,"72":419.5100097656,"73":447.5100097656,"74":428.7300109863,"75":430.7600097656,"76":417.2099914551,"77":424.1199951172,"78":421.2799987793,"79":431.2099914551,"80":431.2099914551},"High":{"0":380.3700709824,"1":380.5896693857,"2":379.0324161229,"3":378.1539710637,"4":375.7182316462,"5":376.5767157459,"6":371.7652071097,"7":369.8984880527,"8":369.9982982632,"9":370.8268820481,"10":373.9912927687,"11":376.1175299171,"12":372.9530873896,"13":374.1310495474,"14":369.7787024012,"15":368.7904377537,"16":362.4516201489,"17":362.0523233767,"18":363.3799682661,"19":359.8961015412,"20":359.1973417003,"21":359.2172966315,"22":365.4563135776,"23":361.3635284015,"24":345.2618859407,"25":348.4762100968,"26":341.8977960719,"27":346.2699890137,"28":344.2300109863,"29":340.6900024414,"30":346.2600097656,"31":350.9100036621,"32":349.0799865723,"33":347.8699951172,"34":346.4899902344,"35":346.0199890137,"36":345.8599853516,"37":342.1199951172,"38":341.5199890137,"39":336.6700134277,"40":349.9299926758,"41":365.8200073242,"42":375.4299926758,"43":388.7300109863,"44":372.8900146484,"45":366.1499938965,"46":367.299987793,"47":357.8699951172,"48":334.1499938965,"49":346.6099853516,"50":333.0199890137,"51":352.7099914551,"52":321.8699951172,"53":323.2900085449,"54":326.1099853516,"55":310.0,"56":334.5199890137,"57":349.950012207,"58":354.9599914551,"59":354.5599975586,"60":354.5599975586,"61":349.6000061035,"62":338.6600036621,"63":348.0599975586,"64":389.1400146484,"65":402.9700012207,"66":404.2699890137,"67":397.299987793,"68":405.2900085449,"69":402.0100097656,"70":404.4299926758,"71":417.2900085449,"72":439.2200012207,"73":449.9400024414,"74":435.2900085449,"75":431.8999938965,"76":431.2600097656,"77":426.3099975586,"78":424.6900024414,"79":437.1799926758,"80":437.1799926758},"Low":{"0":376.2972273038,"1":376.7963323574,"2":366.214964857,"3":369.8385996983,"4":363.04054934,"5":365.7857246442,"6":361.8127356123,"7":360.7945276802,"8":363.9689095679,"9":363.1304156863,"10":367.5825973269,"11":367.6025289047,"12":367.6324722406,"13":368.8603341071,"14":364.2384726007,"15":356.532030176,"16":350.0334894236,"17":355.7234739767,"18":346.0005749108,"19":349.384616997,"20":352.6089700408,"21":352.3094503788,"22":353.6570886905,"23":335.3194037257,"24":339.0328668671,"25":342.1473610348,"26":333.9917080842,"27":340.0,"28":333.1300048828,"29":332.4599914551,"30":338.7399902344,"31":343.1900024414,"32":341.4299926758,"33":336.1099853516,"34":337.3999938965,"35":332.2200012207,"36":328.6300048828,"37":330.6600036621,"38":332.1900024414,"39":314.0100097656,"40":321.299987793,"41":337.9700012207,"42":351.1600036621,"43":366.6199951172,"44":348.5199890137,"45":342.8500061035,"46":345.6900024414,"47":329.3399963379,"48":307.3200073242,"49":318.0,"50":286.9700012207,"51":317.9100036621,"52":290.1300048828,"53":288.0100097656,"54":298.7300109863,"55":275.5,"56":283.0100097656,"57":323.5700073242,"58":331.5899963379,"59":332.2699890137,"60":335.5700073242,"61":328.0299987793,"62":316.1499938965,"63":324.0899963379,"64":343.3500061035,"65":382.1900024414,"66":376.7799987793,"67":378.0199890137,"68":397.4899902344,"69":380.2799987793,"70":391.7399902344,"71":393.9899902344,"72":417.0400085449,"73":427.6199951172,"74":425.0199890137,"75":407.9700012207,"76":410.7600097656,"77":415.5599975586,"78":416.0400085449,"79":425.0199890137,"80":425.0199890137},"Close":{"0":379.581451416,"1":379.3817749023,"2":373.4222717285,"3":374.5902404785,"4":363.6594543457,"5":371.0464782715,"6":362.431640625,"7":367.9519348145,"8":365.9653930664,"9":367.4528198242,"10":369.3594665527,"11":368.4111022949,"12":370.0382385254,"13":369.768737793,"14":366.6342468262,"15":358.6383056641,"16":357.2308044434,"17":359.2372741699,"18":351.4210510254,"19":357.5302734375,"20":353.5572814941,"21":354.8749389648,"22":354.3758239746,"23":341.2489624023,"24":345.0622558594,"25":343.6846618652,"26":340.6499938965,"27":342.2799987793,"28":335.5,"29":338.1499938965,"30":345.6900024414,"31":347.1799926758,"32":341.6799926758,"33":344.6000061035,"34":340.0899963379,"35":341.9100036621,"36":331.200012207,"37":338.2799987793,"38":333.3399963379,"39":324.3299865723,"40":348.6199951172,"41":351.5799865723,"42":373.5599975586,"43":377.5299987793,"44":362.3599853516,"45":352.3099975586,"46":357.1600036621,"47":333.6499938965,"48":314.7300109863,"49":343.0700073242,"50":311.2900085449,"51":333.0,"52":305.3599853516,"53":316.1300048828,"54":310.6300048828,"55":281.3099975586,"56":326.7200012207,"57":330.3099975586,"58":352.7900085449,"59":342.7799987793,"60":351.3200073242,"61":332.5700073242,"62":333.9899902344,"63":347.2900085449,"64":387.2699890137,"65":399.0299987793,"66":381.5,"67":395.6199951172,"68":403.3500061035,"69":385.7900085449,"70":397.7099914551,"71":413.200012207,"72":436.5,"73":429.7799987793,"74":430.5700073242,"75":410.4899902344,"76":424.2399902344,"77":417.7799987793,"78":421.0199890137,"79":436.799987793,"80":436.799987793},"Volume":{"0":226200,"1":192900,"2":329000,"3":178600,"4":383100,"5":414100,"6":238500,"7":256400,"8":203500,"9":208200,"10":259100,"11":270000,"12":278500,"13":173800,"14":274500,"15":245800,"16":212700,"17":284800,"18":516900,"19":245900,"20":257000,"21":218000,"22":323800,"23":415300,"24":271600,"25":210900,"26":270000,"27":170100,"28":277900,"29":264000,"30":288600,"31":289500,"32":265700,"33":336500,"34":342300,"35":286100,"36":283700,"37":307900,"38":408400,"39":532900,"40":386200,"41":478800,"42":430900,"43":489100,"44":401800,"45":407600,"46":399900,"47":333500,"48":498300,"49":560700,"50":446700,"51":482300,"52":493200,"53":334700,"54":441800,"55":535200,"56":543300,"57":366800,"58":328800,"59":291100,"60":245800,"61":526400,"62":270800,"63":283000,"64":452400,"65":399600,"66":365700,"67":262200,"68":221100,"69":234800,"70":323300,"71":328000,"72":387200,"73":271800,"74":257000,"75":230600,"76":210400,"77":186600,"78":241900,"79":66283,"80":66283}}