{"Open":{"0":281.0491724141,"1":273.9960007216,"2":276.2207115058,"3":275.2031092712,"4":275.6221330845,"5":277.1085667553,"6":276.6895918812,"7":275.5024142965,"8":268.7385755765,"9":260.1091892623,"10":261.835049879,"11":262.5433820267,"12":265.1072269353,"13":267.4017561463,"14":263.2516578856,"15":266.8431057979,"16":260.877321433,"17":260.1291054505,"18":265.2967844381,"19":258.6127575478,"20":264.8378813832,"21":265.0872764239,"22":273.7566074276,"23":273.8962332959,"24":275.9513366358,"25":273.0682266346,"26":273.2278460043,"27":271.601731509,"28":261.0169993501,"29":259.3808932631,"30":262.0445617668,"31":261.3761438455,"32":256.2583449806,"33":258.5029862087,"34":256.6075273379,"35":244.5263511515,"36":248.0479579894,"37":239.8076181025,"38":231.347800171,"39":225.7599945068,"40":228.0500030518,"41":243.3000030518,"42":242.0599975586,"43":246.3500061035,"44":236.7599945068,"45":216.0,"46":218.0,"47":212.3399963379,"48":190.0,"49":193.5399932861,"50":181.3099975586,"51":174.8399963379,"52":165.7799987793,"53":149.9100036621,"54":170.0,"55":154.0,"56":151.3999938965,"57":159.4700012207,"58":184.9400024414,"59":188.6499938965,"60":183.1000061035,"61":176.8000030518,"62":182.1900024414,"63":186.5,"64":179.3000030518,"65":175.4700012207,"66":183.7299957275,"67":186.1600036621,"68":199.8099975586,"69":206.7200012207,"70":201.3999938965,"71":196.6699981689,"72":193.4400024414,"73":193.2599945068,"74":195.0599975586,"75":185.3399963379,"76":180.0,"77":176.7100067139,"78":181.75,"79":179.1799926758,"80":179.1799926758},"High":{"0":281.1489403841,"1":278.7845892878,"2":277.4278217873,"3":278.8843251018,"4":278.4952802272,"5":279.0938488959,"6":276.6895918812,"7":275.8216596226,"8":269.3570944035,"9":262.154295849,"10":263.4212602882,"11":266.3143802899,"12":268.3894015194,"13":267.8407108612,"14":267.3219292568,"15":266.972770677,"16":264.4388279272,"17":265.3865456341,"18":267.5613988059,"19":266.2445360185,"20":265.0573587514,"21":273.9560919812,"22":273.8463894757,"23":277.7271163344,"24":277.1285500218,"25":275.0534783586,"26":276.1907751035,"27":271.7014994828,"28":261.3561860912,"29":264.4188561273,"30":263.1718455152,"31":262.9124854293,"32":260.208907038,"33":260.4782824512,"34":256.6274687552,"35":249.8935453088,"36":248.9557948246,"37":241.7230444204,"38":237.8622499014,"39":229.4700012207,"40":237.1499938965,"41":245.6900024414,"42":253.1600036621,"43":249.2799987793,"44":240.3000030518,"45":226.5299987793,"46":219.9900054932,"47":213.6699981689,"48":201.3800048828,"49":198.4100036621,"50":189.2700042725,"51":177.3300018311,"52":169.8099975586,"53":171.5599975586,"54":172.8099975586,"55":154.0,"56":164.0399932861,"57":191.25,"58":194.9199981689,"59":191.6999969482,"60":183.1000061035,"61":196.0700073242,"62":195.4900054932,"63":189.3300018311,"64":179.5,"65":179.1900024414,"66":195.7599945068,"67":198.0099945068,"68":214.5,"69":206.7200012207,"70":204.0299987793,"71":197.8899993896,"72":193.7200012207,"73":199.4700012207,"74":195.3699951172,"75":186.8800048828,"76":182.0299987793,"77":180.1300048828,"78":182.8699951172,"79":186.3300018311,"80":186.3300018311},"Low":{"0":274.8838954742,"1":273.9960007216,"2":275.0834114055,"3":274.1057529403,"4":273.2777227114,"5":276.1009924566,"6":271.6515984628,"7":271.1527804524,"8":259.4806736977,"9":258.1538342791,"10":260.6678528066,"11":262.0744999211,"12":264.71817141,"13":264.2792043789,"14":261.7951429397,"15":261.6454895748,"16":258.682547851,"17":258.0740131316,"18":259.9295899321,"19":258.6127575478,"20":259.321050276,"21":263.8701802349,"22":265.7856421175,"23":272.6392542924,"24":270.9433009481,"25":271.3223936868,"26":272.0406771785,"27":260.9371835827,"28":254.6920845429,"29":258.9120111997,"30":260.8573928768,"31":255.6498212762,"32":255.0911327716,"33":254.8217702926,"34":250.2427140667,"35":240.4061805272,"36":238.3112031899,"37":232.1758249553,"38":229.4124324312,"39":223.3099975586,"40":227.6699981689,"41":237.0099945068,"42":239.3699951172,"43":238.0299987793,"44":232.9700012207,"45":211.3500061035,"46":206.8699951172,"47":204.4100036621,"48":185.7100067139,"49":185.1300048828,"50":170.9799957275,"51":161.8500061035,"52":135.0800018311,"53":141.2299957275,"54":150.0,"55":141.1199951172,"56":149.3300018311,"57":157.8099975586,"58":184.0299987793,"59":178.8800048828,"60":175.5,"61":175.0500030518,"62":181.0099945068,"63":176.0099945068,"64":162.0299987793,"65":172.6799926758,"66":181.3600006104,"67":183.9299926758,"68":199.8099975586,"69":196.75,"70":198.3800048828,"71":189.1999969482,"72":184.3000030518,"73":192.1499938965,"74":188.5399932861,"75":178.2400054932,"76":177.0200042725,"77":174.6399993896,"78":175.5599975586,"79":178.5099945068,"80":178.5099945068},"Close":{"0":275.9513244629,"1":275.1333007812,"2":275.9812927246,"3":275.3627319336,"4":276.3005065918,"5":276.9489440918,"6":276.210723877,"7":271.501953125,"8":260.129119873,"9":261.5657043457,"10":262.3837585449,"11":266.1048583984,"12":267.1224365234,"13":264.598449707,"14":267.2321472168,"15":263.2616577148,"16":258.9219970703,"17":264.9176635742,"18":260.0293579102,"19":266.0649719238,"20":263.1718444824,"21":271.7214355469,"22":271.7813110352,"23":276.5399475098,"24":273.527130127,"25":273.4473266602,"26":276.1309204102,"27":262.1343383789,"28":259.3808898926,"29":262.0545043945,"30":262.8526306152,"31":256.5875854492,"32":258.0540771484,"33":257.4654541016,"34":250.8213348389,"35":248.8859405518,"36":238.5606079102,"37":234.1311645508,"38":230.4299926758,"39":227.5299987793,"40":236.8999938965,"41":238.9400024414,"42":252.75,"43":243.6199951172,"44":238.75,"45":213.2200012207,"46":217.3699951172,"47":206.5099945068,"48":185.7200012207,"49":198.25,"50":171.3899993896,"51":172.6600036621,"52":149.8200073242,"53":168.2400054932,"54":153.6199951172,"55":144.1199951172,"56":160.4199981689,"57":182.0700073242,"58":194.9199981689,"59":181.2200012207,"60":179.5200042725,"61":189.2299957275,"62":186.1199951172,"63":180.3500061035,"64":169.5099945068,"65":176.9600067139,"66":185.4199981689,"67":196.7700042725,"68":208.1900024414,"69":197.5700073242,"70":203.1900024414,"71":194.1499938965,"72":187.4400024414,"73":198.8699951172,"74":188.6399993896,"75":179.25,"76":177.0500030518,"77":177.7400054932,"78":177.3500061035,"79":186.0650024414,"80":186.0650024414},"Volume":{"0":553500,"1":442400,"2":571500,"3":533700,"4":506500,"5":481600,"6":335600,"7":647900,"8":1076900,"9":703100,"10":728900,"11":541700,"12":590800,"13":400900,"14":385700,"15":305800,"16":545100,"17":434500,"18":504900,"19":737800,"20":387900,"21":607100,"22":482600,"23":559600,"24":534000,"25":310900,"26":744000,"27":901400,"28":636500,"29":616100,"30":545000,"31":700400,"32":753600,"33":506300,"34":725200,"35":853400,"36":802200,"37":1021100,"38":819000,"39":1117700,"40":891300,"41":879900,"42":816100,"43":720600,"44":629400,"45":1032600,"46":880400,"47":801300,"48":875100,"49":850000,"50":1073200,"51":1072600,"52":1507300,"53":971400,"54":1372300,"55":1052600,"56":992500,"57":1620500,"58":1004600,"59":911200,"60":885800,"61":2338700,"62":1463100,"63":1267500,"64":1325000,"65":1348300,"66":945700,"67":778100,"68":1024800,"69":516400,"70":368300,"71":690700,"72":683000,"73":666100,"74":621000,"75":834700,"76":956100,"77":593900,"78":582000,"79":151182,"80":151182}}