{"Open":{"0":63.9599990845,"1":63.1199989319,"2":62.9900016785,"3":63.8699989319,"4":63.7000007629,"5":64.1600036621,"6":64.6800003052,"7":65.4000015259,"8":65.5400009155,"9":65.6100006104,"10":66.1500015259,"11":67.1999969482,"12":67.2900009155,"13":66.9400024414,"14":67.3399963379,"15":68.0,"16":66.5599975586,"17":66.6100006104,"18":66.7399978638,"19":66.3000030518,"20":66.8300018311,"21":68.8700027466,"22":67.6200027466,"23":69.25,"24":69.4199981689,"25":69.3099975586,"26":68.8199996948,"27":69.2600021362,"28":69.1900024414,"29":69.25,"30":69.6800003052,"31":69.4300003052,"32":69.7200012207,"33":69.8300018311,"34":70.0199966431,"35":69.6699981689,"36":68.3799972534,"37":67.1100006104,"38":65.7399978638,"39":64.8199996948,"40":62.1199989319,"41":64.2900009155,"42":65.0199966431,"43":66.3700027466,"44":64.8300018311,"45":62.0699996948,"46":63.5,"47":64.0,"48":58.0,"49":59.7999992371,"50":56.2000007629,"51":58.8300018311,"52":57.6300010681,"53":55.7099990845,"54":55.0499992371,"55":52.1100006104,"56":53.5299987793,"57":53.7099990845,"58":54.0,"59":56.0900001526,"60":56.1699981689,"61":56.0800018311,"62":54.3699989319,"63":52.7099990845,"64":54.5200004578,"65":56.6699981689,"66":59.8499984741,"67":58.1599998474,"68":60.4799995422,"69":60.2599983215,"70":60.7999992371,"71":62.4799995422,"72":63.0200004578,"73":62.5699996948,"74":61.7999992371,"75":59.8699989319,"76":60.0999984741,"77":60.1800003052,"78":59.7599983215,"79":60.5999984741,"80":60.5999984741},"High":{"0":64.0199966431,"1":63.6100006104,"2":63.5299987793,"3":64.1399993896,"4":64.0599975586,"5":64.3399963379,"6":66.1900024414,"7":65.7099990845,"8":65.8700027466,"9":66.1600036621,"10":67.1699981689,"11":67.6200027466,"12":67.4100036621,"13":67.5,"14":67.9499969482,"15":68.0100021362,"16":67.0599975586,"17":67.1100006104,"18":66.9100036621,"19":67.1399993896,"20":67.4800033569,"21":68.9300003052,"22":69.4400024414,"23":69.7399978638,"24":69.5400009155,"25":69.6600036621,"26":69.4800033569,"27":69.4499969482,"28":69.5999984741,"29":69.8300018311,"30":69.9400024414,"31":69.9700012207,"32":70.5199966431,"33":70.4499969482,"34":70.1999969482,"35":70.1900024414,"36":68.5100021362,"37":67.75,"38":65.9400024414,"39":65.0400009155,"40":64.8399963379,"41":66.1699981689,"42":68.1399993896,"43":68.8300018311,"44":66.4499969482,"45":62.9700012207,"46":66.2099990845,"47":64.7399978638,"48":60.7900009155,"49":62.5,"50":60.8699989319,"51":60.4500007629,"52":57.6300010681,"53":57.1500015259,"54":55.8300018311,"55":53.3400001526,"56":54.4700012207,"57":55.0999984741,"58":58.3300018311,"59":58.0900001526,"60":58.3199996948,"61":58.0,"62":54.4799995422,"63":55.2000007629,"64":54.9300003052,"65":58.3100013733,"66":60.5299987793,"67":60.5499992371,"68":61.3499984741,"69":60.5900001526,"70":64.4400024414,"71":63.1199989319,"72":63.1300010681,"73":63.1300010681,"74":62.0400009155,"75":60.4199981689,"76":60.5800018311,"77":60.8899993896,"78":60.6399993896,"79":60.5999984741,"80":60.5999984741},"Low":{"0":63.3100013733,"1":62.8699989319,"2":62.9900016785,"3":63.5400009155,"4":63.3699989319,"5":63.7200012207,"6":64.5,"7":64.6600036621,"8":65.2900009155,"9":65.2200012207,"10":65.9700012207,"11":66.6900024414,"12":66.4000015259,"13":66.7200012207,"14":67.1500015259,"15":66.9300003052,"16":66.3300018311,"17":66.6100006104,"18":66.2600021362,"19":65.8000030518,"20":66.2099990845,"21":67.3899993896,"22":67.6200027466,"23":68.8000030518,"24":68.8000030518,"25":68.8799972534,"26":68.8199996948,"27":68.8000030518,"28":68.6100006104,"29":69.1500015259,"30":69.4000015259,"31":69.3600006104,"32":69.5999984741,"33":69.0,"34":69.4499969482,"35":67.7900009155,"36":66.4400024414,"37":65.8700027466,"38":63.4399986267,"39":61.2200012207,"40":61.2799987793,"41":63.1300010681,"42":64.5299987793,"43":66.0800018311,"44":64.3399963379,"45":61.0499992371,"46":62.9099998474,"47":60.4900016785,"48":56.6300010681,"49":58.5900001526,"50":54.7799987793,"51":57.6100006104,"52":50.5099983215,"53":51.5099983215,"54":50.0600013733,"55":50.75,"56":51.3899993896,"57":52.6599998474,"58":53.8199996948,"59":56.0,"60":55.5999984741,"61":55.9599990845,"62":52.7299995422,"63":52.3899993896,"64":53.6699981689,"65":55.4599990845,"66":58.2299995422,"67":57.9300003052,"68":59.8300018311,"69":58.7000007629,"70":60.1100006104,"71":61.6800003052,"72":61.2299995422,"73":61.8899993896,"74":60.9099998474,"75":58.7999992371,"76":59.1500015259,"77":59.4599990845,"78":59.0999984741,"79":59.6300010681,"80":59.6300010681},"Close":{"0":63.7000007629,"1":63.2799987793,"2":63.3800010681,"3":63.6899986267,"4":63.8199996948,"5":64.25,"6":65.3399963379,"7":65.5299987793,"8":65.5800018311,"9":65.8799972534,"10":67.0999984741,"11":67.3099975586,"12":66.8199996948,"13":67.4899978638,"14":67.7699966431,"15":67.0999984741,"16":66.5999984741,"17":66.8799972534,"18":66.5500030518,"19":67.0100021362,"20":66.5999984741,"21":67.4199981689,"22":68.8799972534,"23":68.9499969482,"24":69.4499969482,"25":68.9100036621,"26":69.1699981689,"27":69.1500015259,"28":69.25,"29":69.6900024414,"30":69.8600006104,"31":69.5999984741,"32":70.0800018311,"33":70.4000015259,"34":69.7399978638,"35":68.1900024414,"36":66.6200027466,"37":65.8799972534,"38":63.7400016785,"39":62.4099998474,"40":64.7699966431,"41":63.7799987793,"42":68.0500030518,"43":67.1299972534,"44":66.1900024414,"45":61.8600006104,"46":66.1299972534,"47":61.8100013733,"48":57.3899993896,"49":62.3899993896,"50":57.4399986267,"51":59.7400016785,"52":55.8899993896,"53":54.3199996948,"54":52.0999984741,"55":50.9700012207,"56":53.7299995422,"57":53.6599998474,"58":57.8400001526,"59":56.3899993896,"60":58.0,"61":56.2599983215,"62":53.0999984741,"63":55.0600013733,"64":54.2200012207,"65":58.0699996948,"66":58.4099998474,"67":60.2599983215,"68":60.5099983215,"69":59.5299987793,"70":64.4100036621,"71":62.2900009155,"72":61.8699989319,"73":62.1899986267,"74":61.3800010681,"75":59.0400009155,"76":60.1199989319,"77":59.6300010681,"78":59.7999992371,"79":59.8899993896,"80":59.8899993896},"Volume":{"0":1783000,"1":1741100,"2":2234600,"3":3367800,"4":3026800,"5":3306500,"6":4468200,"7":2709900,"8":2884400,"9":2947100,"10":2614400,"11":4423100,"12":2375500,"13":1989900,"14":2238500,"15":2349400,"16":2239500,"17":2714700,"18":1849300,"19":2494300,"20":3366300,"21":4519500,"22":5786000,"23":2919200,"24":4301000,"25":2392900,"26":3272400,"27":2160600,"28":1562900,"29":1945100,"30":2659300,"31":2386600,"32":3222400,"33":3325100,"34":2973300,"35":3311000,"36":2842300,"37":3500500,"38":7126500,"39":7217500,"40":4547200,"41":5292000,"42":6529900,"43":5455400,"44":6143800,"45":5468900,"46":8481000,"47":6512700,"48":7600500,"49":7748600,"50":6075200,"51":6056400,"52":6467000,"53":6263100,"54":5791700,"55":5705700,"56":7752300,"57":4715900,"58":5455200,"59":3997900,"60":3625200,"61":2879400,"62":3815900,"63":3088100,"64":2787100,"65":4762700,"66":4299600,"67":2198100,"68":2559200,"69":2706500,"70":4836700,"71":3491200,"72":2102300,"73":3174600,"74":2852800,"75":2107100,"76":2438400,"77":1649300,"78":2555900,"79":498999,"80":498999}}