{"Open":{"0":48.8464805808,"1":47.8537862584,"2":48.3014734384,"3":48.2333494587,"4":48.4571914816,"5":48.9535356863,"6":49.5764030554,"7":48.8075542176,"8":49.3330959525,"9":49.4888149354,"10":49.9559663759,"11":49.7905181591,"12":49.5472072833,"13":49.6737320433,"14":49.4596196472,"15":49.1384538731,"16":48.3890642418,"17":48.3598643218,"18":49.0216618685,"19":47.7564642598,"20":46.9584144013,"21":46.2479563771,"22":45.8586603806,"23":45.2747224803,"24":45.2552595364,"25":45.410974207,"26":44.914630341,"27":44.8465049728,"28":44.3501551998,"29":44.2041663691,"30":44.496141454,"31":43.8927348575,"32":44.0387195581,"33":43.8830036414,"34":44.1749710788,"35":44.0776493235,"36":42.5399436985,"37":41.2552770344,"38":40.7297297454,"39":38.3161172512,"40":39.3769407264,"41":41.0314351336,"42":41.2650121928,"43":41.5861755927,"44":40.7394676261,"45":38.7346088784,"46":40.3599079682,"47":39.7564988233,"48":36.4669794952,"49":37.22609857,"50":34.9682025556,"51":37.8587011585,"52":36.4961781352,"53":36.6226991771,"54":35.1920455175,"55":32.0387743249,"56":32.1300010681,"57":32.2299995422,"58":34.6399993896,"59":34.5,"60":36.8800010681,"61":36.7599983215,"62":36.8499984741,"63":36.1300010681,"64":36.6100006104,"65":38.5099983215,"66":38.2200012207,"67":38.8899993896,"68":40.1300010681,"69":40.7599983215,"70":41.0499992371,"71":41.0900001526,"72":41.0999984741,"73":41.0,"74":40.25,"75":38.0,"76":38.4399986267,"77":38.0099983215,"78":38.7599983215,"79":39.6199989319,"80":39.6199989319},"High":{"0":48.9924667697,"1":48.6129092766,"2":48.7296939002,"3":48.5934440367,"4":48.9340727805,"5":49.3136302428,"6":49.702924169,"7":49.7515861128,"8":49.5472080382,"9":50.3939204294,"10":50.0824837768,"11":49.9948958616,"12":49.9365013036,"13":50.0922218465,"14":49.6737317441,"15":49.245506206,"16":48.7394281242,"17":48.9535360378,"18":49.410955892,"19":47.8343245535,"20":47.4936909214,"21":46.4231383254,"22":45.9657164236,"23":45.8781248729,"24":45.7029450838,"25":45.4207048869,"26":45.4304417921,"27":44.9535573089,"28":44.4280154949,"29":44.6810513667,"30":44.5545329628,"31":44.3112246584,"32":44.262562328,"33":44.4280145578,"34":44.9827548941,"35":44.4669396411,"36":43.0752202271,"37":41.9462704136,"38":41.3331358441,"39":39.4158697175,"40":40.9535782344,"41":42.4328869945,"42":42.7735200964,"43":42.7053931424,"44":41.3136743094,"45":40.6518759196,"46":41.3818002115,"47":40.437761505,"48":37.5667282362,"49":39.1239004161,"50":40.1555236988,"51":39.4937301304,"52":37.9560252606,"53":36.6226991771,"54":35.9900949286,"55":32.3696731331,"56":33.3400001526,"57":36.1399993896,"58":36.8199996948,"59":38.0400009155,"60":37.9199981689,"61":38.9599990845,"62":37.9799995422,"63":36.5499992371,"64":37.7000007629,"65":38.8699989319,"66":39.9000015259,"67":40.75,"68":41.5400009155,"69":40.9399986267,"70":42.3899993896,"71":41.2200012207,"72":41.3199996948,"73":41.9500007629,"74":40.4099998474,"75":38.8199996948,"76":38.4799995422,"77":38.8400001526,"78":39.5699996948,"79":40.2099990845,"80":40.2099990845},"Low":{"0":47.7369974253,"1":47.8440555779,"2":48.1068264238,"3":47.9997722895,"4":48.2528137821,"5":48.7199622436,"6":48.8659446237,"7":48.6615680285,"8":49.2065785497,"9":49.4109583543,"10":49.6250675724,"11":49.4693537284,"12":49.1579132629,"13":49.6445325764,"14":49.0411298465,"15":48.690764618,"16":48.2820081986,"17":48.1262908774,"18":48.7394275997,"19":45.0898123164,"20":45.9754523345,"21":44.9535568386,"22":45.2552579804,"23":44.9146279233,"24":45.1773992433,"25":44.5058687632,"26":44.7102489266,"27":44.243098828,"28":43.6591617875,"29":43.7662152294,"30":43.7078226718,"31":43.8148782757,"32":43.7370164964,"33":43.7370174475,"34":44.1068451802,"35":42.4134245837,"36":41.1871526434,"37":40.9827734397,"38":39.2212219238,"39":37.5375329129,"40":38.9876504022,"41":40.359906813,"42":40.963309127,"43":41.4012629707,"44":40.0192747454,"45":38.3842449813,"46":39.3380120124,"47":39.0655054617,"48":34.8222161546,"49":35.746786495,"50":33.459694712,"51":37.1093125704,"52":34.0630995929,"53":33.8976519582,"54":33.2261177422,"55":30.1215110861,"56":31.7700004578,"57":31.7099990845,"58":34.6399993896,"59":34.0499992371,"60":36.3699989319,"61":36.75,"62":36.6899986267,"63":35.3400001526,"64":36.1500015259,"65":37.0299987793,"66":37.6100006104,"67":38.6199989319,"68":40.1300010681,"69":39.7299995422,"70":40.8899993896,"71":40.2099990845,"72":40.1699981689,"73":40.6300010681,"74":38.7000007629,"75":37.5,"76":37.4500007629,"77":37.9199981689,"78":38.6899986267,"79":39.2400016785,"80":39.2400016785},"Close":{"0":47.9316444397,"1":48.3014755249,"2":48.4961204529,"3":48.2430801392,"4":48.7394294739,"5":49.2163085938,"6":48.8756790161,"7":49.401222229,"8":49.5082778931,"9":49.8781089783,"10":49.7223892212,"11":49.6542663574,"12":49.7223892212,"13":49.6639976501,"14":49.2065811157,"15":48.904876709,"16":48.4377250671,"17":48.8270149231,"18":48.7686233521,"19":46.7151069641,"20":46.257686615,"21":45.0216827393,"22":45.274723053,"23":45.0411453247,"24":45.4109764099,"25":44.9827537537,"26":44.9632911682,"27":44.3501548767,"28":44.1847076416,"29":44.4280128479,"30":43.9608612061,"31":44.0095252991,"32":43.9316635132,"33":44.340423584,"34":44.6615867615,"35":42.627532959,"36":41.3526039124,"37":40.9925041199,"38":39.2212219238,"39":39.2893486023,"40":40.9438438416,"41":40.7783966064,"42":42.7540550232,"43":42.0046653748,"44":41.0217056274,"45":39.2601547241,"46":41.0217056274,"47":39.3964042664,"48":35.4450836182,"49":38.997379303,"50":37.1969032288,"51":38.7832679749,"52":37.2942276001,"53":36.1068840027,"54":33.3623695374,"55":30.5399990082,"56":32.3800010681,"57":34.3699989319,"58":36.6399993896,"59":36.6399993896,"60":37.3100013733,"61":38.6699981689,"62":37.6100006104,"63":36.2200012207,"64":37.4099998474,"65":37.2799987793,"66":38.4799995422,"67":40.1300010681,"68":40.9099998474,"69":40.4399986267,"70":42.1199989319,"71":40.9099998474,"72":40.4000015259,"73":40.8499984741,"74":39.0699996948,"75":37.7599983215,"76":37.8100013733,"77":38.4500007629,"78":39.4199981689,"79":39.5499992371,"80":39.5499992371},"Volume":{"0":8717200,"1":7850700,"2":6532500,"3":6423600,"4":5987200,"5":6449500,"6":6049700,"7":7776400,"8":8455900,"9":6748300,"10":7159100,"11":11468200,"12":10192400,"13":7300100,"14":5699000,"15":10049500,"16":7419900,"17":9545300,"18":6318000,"19":17717800,"20":11794000,"21":10197600,"22":10126000,"23":13515300,"24":8763500,"25":7138300,"26":6272100,"27":9814000,"28":10533000,"29":6111300,"30":9026000,"31":12033800,"32":5888600,"33":5242900,"34":9367800,"35":18907800,"36":12475900,"37":14293000,"38":13884500,"39":24002300,"40":14560000,"41":18031600,"42":12612900,"43":11502300,"44":15485300,"45":16480100,"46":20532700,"47":16557300,"48":19322800,"49":16308900,"50":18032100,"51":16972000,"52":18217800,"53":15889800,"54":21595700,"55":24246000,"56":21746000,"57":21540900,"58":14403400,"59":14679500,"60":18352900,"61":15865800,"62":18310500,"63":14393600,"64":10338000,"65":14463800,"66":12021300,"67":11727600,"68":8933800,"69":8449800,"70":8526500,"71":7415200,"72":7429400,"73":10455400,"74":13229600,"75":15089300,"76":11190800,"77":7182400,"78":8785500,"79":2087911,"80":2087911}}