{"Open":{"0":21.8555676578,"1":21.1775651074,"2":20.5593886532,"3":20.6790359499,"4":20.8684776338,"5":21.0678878169,"6":21.0080652151,"7":20.6391532835,"8":21.0379769784,"9":21.0280069046,"10":21.5065946887,"11":21.9951557005,"12":21.5564492507,"13":21.028006352,"14":19.7417987208,"15":19.8514754073,"16":18.505443573,"17":18.7347679822,"18":19.253238678,"19":18.9940033608,"20":19.9112980929,"21":19.8415040343,"22":20.3400349963,"23":21.1277141341,"24":21.4667146046,"25":20.4297697597,"26":20.1306518271,"27":19.9312396195,"28":20.3101237806,"29":20.0708280051,"30":19.0438568257,"31":18.4456190344,"32":18.2661489505,"33":18.8145323534,"34":18.2960615863,"35":18.6749438423,"36":19.4426812242,"37":18.146501809,"38":16.9699700518,"39":16.0526756803,"40":17.09958833,"41":17.428616828,"42":17.2099990845,"43":16.4599990845,"44":15.8599996567,"45":12.970000267,"46":12.970000267,"47":12.220000267,"48":10.6400003433,"49":10.4799995422,"50":9.4300003052,"51":10.1000003815,"52":8.9399995804,"53":7.0199999809,"54":8.5699996948,"55":9.279999733,"56":10.0,"57":10.9399995804,"58":10.9600000381,"59":10.1099996567,"60":9.8100004196,"61":10.779999733,"62":10.1300001144,"63":10.279999733,"64":9.8900003433,"65":10.6400003433,"66":12.0500001907,"67":11.4899997711,"68":12.2600002289,"69":12.8199996948,"70":12.1999998093,"71":11.4600000381,"72":11.3100004196,"73":11.4099998474,"74":11.1000003815,"75":10.6999998093,"76":11.3699998856,"77":11.2899999619,"78":11.4200000763,"79":11.3000001907,"80":11.3000001907},"High":{"0":22.0848911313,"1":21.4268302362,"2":20.8983874787,"3":21.0180366951,"4":21.1775658721,"5":21.2473590137,"6":21.087829982,"7":21.1177418711,"8":21.5365072296,"9":21.7159792085,"10":22.1247730357,"11":22.0749204702,"12":21.5963306826,"13":21.057918852,"14":20.0010346998,"15":20.0209757769,"16":18.7547087145,"17":19.3230319362,"18":19.5324163165,"19":20.1505934858,"20":20.2602696586,"21":20.0010335659,"22":21.008065646,"23":21.536508818,"24":21.4766854384,"25":20.5394470251,"26":20.3300627841,"27":20.479624048,"28":20.5892995112,"29":20.1505927729,"30":19.3330033953,"31":18.6051485604,"32":18.5752371881,"33":19.2332978368,"34":19.2831513087,"35":19.4127684289,"36":19.5822690962,"37":18.4256775311,"38":17.5482650618,"39":16.9899131558,"40":17.608089447,"41":17.7975300443,"42":17.2099990845,"43":16.7399997711,"44":15.8599996567,"45":13.7899999619,"46":13.0699996948,"47":12.279999733,"48":10.7399997711,"49":11.029999733,"50":10.1499996185,"51":10.5699996948,"52":9.0,"53":8.6400003433,"54":9.8400001526,"55":10.1300001144,"56":11.1300001144,"57":11.3000001907,"58":11.6800003052,"59":10.3900003433,"60":10.1999998093,"61":11.0500001907,"62":10.4799995422,"63":11.1700000763,"64":10.279999733,"65":11.6300001144,"66":12.4499998093,"67":12.0100002289,"68":13.4099998474,"69":13.0500001907,"70":12.6499996185,"71":11.5399999619,"72":11.4300003052,"73":12.0,"74":11.7299995422,"75":11.1099996567,"76":11.470000267,"77":11.6400003433,"78":11.5399999619,"79":11.5699996948,"80":11.5699996948},"Low":{"0":21.1975078371,"1":20.67903485,"2":20.3001526911,"3":20.529477245,"4":20.7388586973,"5":20.6890056585,"6":20.4297701796,"7":20.34003399,"8":20.9681830475,"9":20.9980944038,"10":21.4268299247,"11":21.476685648,"12":21.0778587564,"13":19.8913579768,"14":19.1535328266,"15":18.9640921259,"16":18.1863844961,"17":18.6649721487,"18":19.0438568754,"19":18.8942988238,"20":19.691945461,"21":19.482563539,"22":20.1206823582,"23":20.8485364882,"24":20.7986839513,"25":19.8215622359,"26":19.7019155121,"27":19.7417975877,"28":20.200446514,"29":19.3529450948,"30":18.5951788189,"31":17.837411528,"32":18.20632585,"33":18.0866767477,"34":18.2063259841,"35":18.0767071257,"36":17.9969426289,"37":17.3388814371,"38":16.4714398051,"39":15.9729109102,"40":16.8503231885,"41":16.7207047962,"42":16.6200008392,"43":16.1100006104,"44":14.1300001144,"45":11.9099998474,"46":11.5,"47":11.2399997711,"48":9.6199998856,"49":9.0100002289,"50":9.3000001907,"51":9.3800001144,"52":6.5,"53":6.9200000763,"54":8.029999733,"55":9.1800003052,"56":9.7600002289,"57":9.8599996567,"58":10.470000267,"59":9.5200004578,"60":9.3500003815,"61":10.3900003433,"62":10.0,"63":9.6599998474,"64":9.6599998474,"65":10.529999733,"66":11.529999733,"67":11.4399995804,"68":12.1599998474,"69":12.0399999619,"70":11.8500003815,"71":11.1300001144,"72":10.6099996567,"73":11.3500003815,"74":10.8199996948,"75":10.3699998856,"76":10.8000001907,"77":11.1400003433,"78":10.9600000381,"79":11.220000267,"80":11.220000267},"Close":{"0":21.3670082092,"1":20.6989765167,"2":20.6989765167,"3":20.8585071564,"4":21.0479488373,"5":21.0379772186,"6":20.5593891144,"7":20.9881229401,"8":21.2772712708,"9":21.4567432404,"10":21.9552726746,"11":21.8057155609,"12":21.0878295898,"13":19.9711227417,"14":19.8913593292,"15":19.083738327,"16":18.505443573,"17":19.2931213379,"18":19.253238678,"19":20.1107120514,"20":19.7816810608,"21":19.9013271332,"22":20.7588005066,"23":21.2972145081,"24":20.8086547852,"25":20.1904754639,"26":19.7717094421,"27":20.0708274841,"28":20.2901821136,"29":19.4227390289,"30":18.6948852539,"31":18.1963539124,"32":18.355884552,"33":18.4157066345,"34":19.1335926056,"35":19.3529453278,"36":18.0467967987,"37":17.3987064362,"38":16.5013504028,"39":16.9799423218,"40":17.608089447,"41":16.9599990845,"42":17.0900001526,"43":16.1900005341,"44":14.3000001907,"45":11.9200000763,"46":12.6400003433,"47":11.470000267,"48":9.6899995804,"49":11.0100002289,"50":9.9499998093,"51":9.6700000763,"52":7.0100002289,"53":8.220000267,"54":9.5900001526,"55":9.220000267,"56":10.6999998093,"57":10.8699998856,"58":10.720000267,"59":9.8999996185,"60":10.0,"61":10.8199996948,"62":10.1099996567,"63":9.8199996948,"64":9.9399995804,"65":11.3299999237,"66":11.6700000763,"67":11.8000001907,"68":12.970000267,"69":12.1999998093,"70":12.1800003052,"71":11.3699998856,"72":10.8299999237,"73":11.4499998093,"74":11.1400003433,"75":10.8900003433,"76":11.0399999619,"77":11.2299995422,"78":11.3299999237,"79":11.5100002289,"80":11.5100002289},"Volume":{"0":4173100,"1":4112400,"2":4134100,"3":4618900,"4":3837200,"5":2755100,"6":2978700,"7":4009700,"8":4663300,"9":2693800,"10":5895400,"11":4348400,"12":3651700,"13":6915600,"14":3837100,"15":6210900,"16":5218000,"17":5749300,"18":2667200,"19":6835000,"20":6418100,"21":4382900,"22":5751400,"23":5799500,"24":4562000,"25":3914400,"26":3084400,"27":3700000,"28":2526200,"29":5452500,"30":8316700,"31":9032300,"32":5129400,"33":10674000,"34":10289100,"35":6743900,"36":8160100,"37":7583500,"38":8435500,"39":10254800,"40":6259700,"41":6850700,"42":4980000,"43":5986500,"44":12326700,"45":11130800,"46":10123100,"47":6191900,"48":9966000,"49":8048400,"50":5974300,"51":9859900,"52":11140100,"53":9692700,"54":10596100,"55":5976500,"56":6575400,"57":7359200,"58":7391300,"59":6190400,"60":4505800,"61":7845900,"62":5447500,"63":6169500,"64":5030400,"65":7121700,"66":8002300,"67":4607700,"68":7787300,"69":3659300,"70":4580700,"71":3392700,"72":3279000,"73":4603000,"74":3984700,"75":4879100,"76":4681900,"77":3342700,"78":4938000,"79":1085657,"80":1085657}}