{"Open":{"0":60.2746460014,"1":60.45285524,"2":57.1460659271,"3":57.1064630521,"4":58.3341307096,"5":57.8391014937,"6":59.0667751489,"7":59.6608076939,"8":58.8786638097,"9":58.938067466,"10":57.8688084333,"11":56.9678562164,"12":55.8391935119,"13":55.9282972766,"14":54.9283371496,"15":54.5917194811,"16":52.6413074614,"17":52.4927993945,"18":54.0570882134,"19":52.2551855839,"20":53.4531569078,"21":53.9976868214,"22":52.8393178308,"23":53.4729542416,"24":55.2649559637,"25":54.4531133657,"26":53.8491763895,"27":54.9976424862,"28":57.7104004786,"29":58.1064199587,"30":58.8984654395,"31":57.1800003052,"32":56.6500015259,"33":58.7000007629,"34":59.9500007629,"35":57.0,"36":56.0699996948,"37":53.1100006104,"38":50.6800003052,"39":45.9300003052,"40":47.8899993896,"41":47.5299987793,"42":46.0999984741,"43":42.7000007629,"44":40.1399993896,"45":31.8899993896,"46":36.0800018311,"47":33.1100006104,"48":28.1700000763,"49":25.8400001526,"50":20.5200004578,"51":20.8299999237,"52":18.6000003815,"53":17.0100002289,"54":17.6100006104,"55":18.7099990845,"56":17.9899997711,"57":18.25,"58":22.25,"59":22.0499992371,"60":22.8299999237,"61":25.5300006866,"62":21.9300003052,"63":22.1900005341,"64":22.3999996185,"65":21.1599998474,"66":25.3899993896,"67":23.25,"68":26.0699996948,"69":26.7999992371,"70":25.3199996948,"71":24.8099994659,"72":24.0100002289,"73":22.6100006104,"74":23.4400005341,"75":24.1800003052,"76":24.8999996185,"77":25.4500007629,"78":26.2600002289,"79":25.9899997711,"80":25.9899997711},"High":{"0":61.3043019803,"1":60.7498714542,"2":58.1460213923,"3":58.5816452211,"4":58.5222438731,"5":58.8291580378,"6":60.4627547695,"7":59.8885240303,"8":59.5221982965,"9":59.0964763689,"10":57.9777152625,"11":57.0371598745,"12":56.0372018097,"13":55.9282972766,"14":55.2847581133,"15":54.7303267987,"16":52.8195179511,"17":53.1363338941,"18":55.3837641929,"19":54.0768898596,"20":55.1758532578,"21":54.1560957233,"22":53.304645625,"23":55.1857554491,"24":55.5322716836,"25":54.8590364234,"26":54.5422167458,"27":56.5916341907,"28":58.4331413479,"29":59.4726991116,"30":59.3043884713,"31":57.2999992371,"32":57.9300003052,"33":60.3499984741,"34":60.2200012207,"35":57.0099983215,"36":56.1500015259,"37":54.4599990845,"38":50.7599983215,"39":47.5299987793,"40":48.2099990845,"41":48.25,"42":46.25,"43":42.7900009155,"44":40.8499984741,"45":37.25,"46":36.7099990845,"47":34.1399993896,"48":28.1700000763,"49":26.2900009155,"50":23.75,"51":21.75,"52":19.1000003815,"53":17.7700004578,"54":19.8600006104,"55":18.8199996948,"56":18.7700004578,"57":22.3299999237,"58":24.8600006104,"59":23.9300003052,"60":24.7000007629,"61":25.6399993896,"62":22.6900005341,"63":24.7999992371,"64":22.5100002289,"65":23.5300006866,"66":26.0,"67":25.2800006866,"68":27.2700004578,"69":26.7999992371,"70":26.4599990845,"71":24.8099994659,"72":24.1100006104,"73":25.5,"74":25.9099998474,"75":25.0799999237,"76":25.2999992371,"77":26.8899993896,"78":26.6800003052,"79":26.2399997711,"80":26.2399997711},"Low":{"0":59.7796177085,"1":57.5915885936,"2":56.4530255788,"3":56.6609368419,"4":57.2153695159,"5":57.3836763898,"6":58.8390625898,"7":58.7202569668,"8":58.5420444341,"9":57.1559663632,"10":56.7302418443,"11":55.9976012264,"12":55.1461531395,"13":55.3144594842,"14":53.4135518309,"15":53.4234524089,"16":51.7304572049,"17":51.7700585571,"18":51.8393635705,"19":52.2353839989,"20":53.1165375164,"21":51.5225453695,"22":51.7205566313,"23":53.4729542416,"24":54.7303245237,"25":53.9580850624,"26":53.3541481031,"27":54.5323184599,"28":57.076764855,"29":57.7302011735,"30":57.4727815996,"31":56.2999992371,"32":56.2900009155,"33":58.25,"34":58.9300003052,"35":55.2799987793,"36":52.7799987793,"37":52.0900001526,"38":47.8400001526,"39":45.0200004578,"40":45.6899986267,"41":44.8100013733,"42":44.8100013733,"43":39.6300010681,"44":38.0499992371,"45":30.7800006866,"46":33.0400009155,"47":29.4300003052,"48":22.5,"49":22.7099990845,"50":19.9899997711,"51":18.4599990845,"52":15.5799999237,"53":15.2600002289,"54":16.4300003052,"55":16.5,"56":16.8299999237,"57":16.5699996948,"58":22.0799999237,"59":20.6000003815,"60":21.5,"61":22.6900005341,"62":20.6499996185,"63":20.9400005341,"64":18.2700004578,"65":21.0699996948,"66":22.1000003815,"67":23.1800003052,"68":24.0300006866,"69":24.7199993134,"70":25.3199996948,"71":23.5200004578,"72":21.8999996185,"73":22.4200000763,"74":22.75,"75":23.0400009155,"76":24.0900001526,"77":25.1700000763,"78":25.3999996185,"79":25.0400009155,"80":25.0400009155},"Close":{"0":61.2944030762,"1":57.6509933472,"2":57.6410942078,"3":58.5519447327,"4":57.9381103516,"5":58.79945755,"6":59.6212081909,"7":59.0271720886,"8":59.2449836731,"9":57.551990509,"10":56.9579544067,"11":56.3243179321,"12":55.6213798523,"13":55.4134674072,"14":54.7798309326,"15":53.948184967,"16":52.175983429,"17":52.4036941528,"18":53.0571327209,"19":53.8095741272,"20":53.9580841064,"21":51.5423469543,"22":52.8591194153,"23":54.9877433777,"24":54.9085350037,"25":54.146194458,"26":54.5224151611,"27":56.1956100464,"28":58.3440361023,"29":58.908367157,"30":57.75,"31":56.4700012207,"32":57.6899986267,"33":60.2599983215,"34":59.1300010681,"35":55.8699989319,"36":53.1199989319,"37":52.2700004578,"38":47.9300003052,"39":47.4199981689,"40":47.7299995422,"41":45.1699981689,"42":45.8800010681,"43":41.2099990845,"44":39.1500015259,"45":33.8199996948,"46":34.5200004578,"47":31.3600006104,"48":22.8899993896,"49":24.9200000763,"50":20.2900009155,"51":20.2999992371,"52":16.75,"53":16.7199993134,"54":18.9500007629,"55":16.6200008392,"56":17.5,"57":21.1100006104,"58":23.1399993896,"59":23.1499996185,"60":24.3299999237,"61":23.6200008392,"62":20.8700008392,"63":21.2199993134,"64":20.0599994659,"65":23.0900001526,"66":22.5100002289,"67":24.3099994659,"68":25.6299991608,"69":25.3299999237,"70":26.2999992371,"71":23.9799995422,"72":21.9500007629,"73":25.4500007629,"74":24.8500003815,"75":23.7199993134,"76":24.6900005341,"77":25.9400005341,"78":25.7600002289,"79":26.0149993896,"80":26.0149993896},"Volume":{"0":4497400,"1":9671100,"2":7878000,"3":6578000,"4":5585200,"5":6179700,"6":4941400,"7":4044300,"8":5411900,"9":7231300,"10":7222300,"11":6122600,"12":6499800,"13":4152000,"14":5107000,"15":4607600,"16":7797200,"17":5148700,"18":9915000,"19":5282600,"20":9482400,"21":7341400,"22":7009000,"23":6227700,"24":3571700,"25":5589000,"26":4114100,"27":6780700,"28":8065000,"29":6661100,"30":6811500,"31":5258000,"32":7065100,"33":13576300,"34":6490700,"35":10276800,"36":8826300,"37":6040700,"38":13247500,"39":14193700,"40":11884700,"41":8506400,"42":6923700,"43":15767100,"44":13937000,"45":14834800,"46":12222900,"47":13535400,"48":23939000,"49":17766900,"50":14482400,"51":13424800,"52":17497000,"53":17581700,"54":19580400,"55":12971100,"56":14391400,"57":18300300,"58":18506600,"59":11426300,"60":10263000,"61":11631300,"62":9305100,"63":11990400,"64":14114500,"65":10180000,"66":14246900,"67":18008600,"68":15625800,"69":11670100,"70":11312400,"71":8269100,"72":11792600,"73":13646100,"74":9923400,"75":11871900,"76":9894300,"77":9947800,"78":10755800,"79":3175738,"80":3175738}}