{"Open":{"0":90.3337476075,"1":89.9370204092,"2":90.4825157722,"3":90.0560355943,"4":88.3600446906,"5":88.2211898109,"6":88.9848857924,"7":88.786523946,"8":88.5385726462,"9":89.3617665775,"10":91.1073511262,"11":90.5321051463,"12":89.9766964457,"13":89.4311947555,"14":88.9253820298,"15":87.9038170442,"16":84.4027399116,"17":85.7317653785,"18":85.8904443139,"19":86.23757732,"20":85.6722450773,"21":85.3350380207,"22":87.7054582641,"23":83.9861832855,"24":85.3151998063,"25":85.186264946,"26":84.3829031555,"27":85.1565086266,"28":84.3432285864,"29":82.2505190177,"30":81.5562595141,"31":82.2009273737,"32":82.3992931904,"33":81.546340606,"34":81.5165869311,"35":79.9495257058,"36":80.8619907495,"37":79.9991208556,"38":80.0487104982,"39":76.051728253,"40":76.4980353196,"41":80.7330564617,"42":80.8322347937,"43":80.8619895908,"44":79.3147724774,"45":77.3609158752,"46":79.8205936429,"47":79.1759194816,"48":73.7904105494,"49":76.2200012207,"50":70.7699966431,"51":71.6500015259,"52":71.4499969482,"53":71.3499984741,"54":69.5500030518,"55":70.2699966431,"56":68.9899978638,"57":68.4100036621,"58":68.1399993896,"59":71.8000030518,"60":73.6200027466,"61":76.25,"62":74.6600036621,"63":75.9800033569,"64":76.2799987793,"65":78.3300018311,"66":81.6800003052,"67":79.1800003052,"68":81.1699981689,"69":81.8199996948,"70":82.3300018311,"71":81.2300033569,"72":82.6500015259,"73":83.9499969482,"74":82.8199996948,"75":81.6200027466,"76":79.1999969482,"77":80.1900024414,"78":81.5999984741,"79":81.2300033569,"80":81.2300033569},"High":{"0":91.3850601898,"1":91.3156309413,"2":90.9883316695,"3":90.37341338,"4":88.766689021,"5":89.3121830721,"6":89.3716897455,"7":88.8956232779,"8":89.1931686401,"9":90.8593965522,"10":91.3057094112,"11":90.8792359425,"12":90.224648097,"13":89.7188195629,"14":88.9253820298,"15":88.1021829062,"16":85.8011908458,"17":85.9995498325,"18":87.4376676521,"19":86.4161028034,"20":85.9598698781,"21":87.4971766417,"22":88.4691460195,"23":86.0293024624,"24":85.5234858497,"25":85.2358583008,"26":85.2755305646,"27":85.2953609343,"28":84.5316742493,"29":82.2505190177,"30":82.1215889697,"31":82.4290462186,"32":82.4290461774,"33":82.1513432429,"34":81.9529766899,"35":81.9132984154,"36":81.2686350869,"37":80.9611668638,"38":81.0801902795,"39":76.855089155,"40":80.881825955,"41":81.7248630335,"42":82.3893707932,"43":82.0918276364,"44":81.9430613967,"45":80.0586310754,"46":81.5066617336,"47":79.5032174623,"48":77.420418672,"49":77.2300033569,"50":76.0899963379,"51":76.0699996948,"52":74.6600036621,"53":72.8600006104,"54":72.5,"55":71.6100006104,"56":69.75,"57":70.3799972534,"58":74.1800003052,"59":73.4300003052,"60":77.5899963379,"61":77.5999984741,"62":75.4700012207,"63":77.1200027466,"64":77.4400024414,"65":80.8499984741,"66":81.9700012207,"67":83.0,"68":83.2900009155,"69":82.4700012207,"70":83.1999969482,"71":82.9599990845,"72":83.3300018311,"73":84.1600036621,"74":84.1299972534,"75":82.3000030518,"76":80.6500015259,"77":81.8799972534,"78":82.0999984741,"79":83.5400009155,"80":83.5400009155},"Low":{"0":89.6295658244,"1":89.7684151077,"2":90.2444767497,"3":88.3898003279,"4":87.6856234795,"5":88.0525845131,"6":88.7170937836,"7":88.2906206435,"8":88.1418560561,"9":89.3518463935,"10":90.3039902347,"11":90.1155481907,"12":88.9749696556,"13":88.8857056934,"14":87.5368512976,"15":84.8788114265,"16":84.015935944,"17":85.1961889037,"18":85.7218390192,"19":85.4937224004,"20":84.3035547941,"21":85.3350380207,"22":87.3384870966,"23":83.311754494,"24":84.5614322437,"25":84.1349524124,"26":84.2440508437,"27":84.253961059,"28":82.2207632083,"29":80.7826419671,"30":81.0008426762,"31":81.5860121313,"32":80.901663123,"33":81.0504373015,"34":81.0405164333,"35":79.9098525362,"36":79.1957553617,"37":79.1164060547,"38":77.3609154961,"39":73.5722118227,"40":76.4484495329,"41":77.2716536447,"42":79.2255054394,"43":80.2768273383,"44":78.7791960225,"45":76.3591890765,"46":76.8650068252,"47":77.3906646472,"48":72.6597516614,"49":72.2600021362,"50":67.1200027466,"51":71.3799972534,"52":68.8300018311,"53":68.9100036621,"54":68.5,"55":65.25,"56":67.1900024414,"57":66.75,"58":68.0999984741,"59":71.25,"60":72.8799972534,"61":75.5199966431,"62":72.9899978638,"63":74.0299987793,"64":75.3199996948,"65":77.9000015259,"66":78.4000015259,"67":78.3399963379,"68":80.1800003052,"69":79.8300018311,"70":80.7300033569,"71":80.5599975586,"72":82.2600021362,"73":82.4400024414,"74":80.7600021362,"75":78.2099990845,"76":78.8300018311,"77":80.1699981689,"78":81.0199966431,"79":80.8399963379,"80":80.8399963379},"Close":{"0":91.2858810425,"1":90.5023498535,"2":90.8891525269,"3":88.4691390991,"4":87.8740615845,"5":88.6476669312,"6":88.7964401245,"7":88.7766113281,"8":89.1931686401,"9":90.7899703979,"10":90.4329223633,"11":90.224647522,"12":89.2328414917,"13":88.9154586792,"14":87.8343887329,"15":85.2755355835,"16":85.3945465088,"17":85.5433197021,"18":86.5251998901,"19":85.791267395,"20":84.7399520874,"21":86.624382019,"22":87.6360321045,"23":85.1267623901,"24":84.9779891968,"25":84.3829040527,"26":84.958152771,"27":84.5515060425,"28":82.5678939819,"29":81.2983856201,"30":81.9728164673,"31":81.7843704224,"32":81.3281402588,"33":81.814125061,"34":81.6653518677,"35":80.6636276245,"36":79.6123123169,"37":79.2850189209,"38":77.4402618408,"39":75.9327087402,"40":80.7033004761,"41":78.4816513062,"42":82.2901916504,"43":80.9115829468,"44":81.5264968872,"45":78.3130493164,"46":81.3479690552,"47":78.6006698608,"48":73.8399963379,"49":76.75,"50":69.9199981689,"51":74.4800033569,"52":71.6299972534,"53":70.7300033569,"54":71.3600006104,"55":66.4000015259,"56":69.0500030518,"57":68.2200012207,"58":73.5299987793,"59":71.7300033569,"60":76.9499969482,"61":76.9400024414,"62":73.8000030518,"63":76.8700027466,"64":76.25,"65":80.3099975586,"66":78.5599975586,"67":81.6200027466,"68":82.4899978638,"69":80.5400009155,"70":82.8399963379,"71":82.0699996948,"72":83.0,"73":83.4599990845,"74":83.0999984741,"75":78.5599975586,"76":79.9800033569,"77":80.8799972534,"78":81.4300003052,"79":83.3198013306,"80":83.3198013306},"Volume":{"0":7873500,"1":5633300,"2":7178400,"3":10622400,"4":14504300,"5":9269800,"6":5673000,"7":9791500,"8":8230600,"9":9173700,"10":6920300,"11":9667200,"12":9563100,"13":7443200,"14":12593600,"15":14270000,"16":10350700,"17":9061400,"18":8121400,"19":10511900,"20":9180900,"21":9286100,"22":14400100,"23":27948600,"24":15372300,"25":10896400,"26":10105900,"27":9783100,"28":18731800,"29":18500700,"30":8343000,"31":9558500,"32":11202500,"33":10440200,"34":8870200,"35":13105100,"36":12568400,"37":11393400,"38":15013600,"39":27922000,"40":17977600,"41":16597900,"42":19297900,"43":14330000,"44":13557800,"45":18075200,"46":16724700,"47":13620400,"48":21626700,"49":24672800,"50":19855300,"51":23612400,"52":17708500,"53":18386200,"54":22019000,"55":17533400,"56":18990400,"57":17472800,"58":17226000,"59":11896200,"60":15079500,"61":14389000,"62":11131000,"63":12255100,"64":9579400,"65":13658500,"66":10169800,"67":10956000,"68":13241600,"69":7353700,"70":11598600,"71":10314000,"72":8726200,"73":14726300,"74":11141000,"75":17057800,"76":11387300,"77":7779100,"78":7334400,"79":3744070,"80":3744070}}