{"Open":{"0":158.3474955146,"1":157.8887565953,"2":156.6521316644,"3":158.8860380138,"4":158.4970715626,"5":161.3991490101,"6":162.3764921914,"7":161.3193717075,"8":162.9449320872,"9":162.1770319779,"10":163.9023269297,"11":166.9639568534,"12":166.2259653982,"13":166.9440082455,"14":165.737314036,"15":167.0537119971,"16":160.7110248856,"17":163.3338761241,"18":167.382807966,"19":173.5759015484,"20":171.7409139065,"21":169.9657462916,"22":176.6574855337,"23":183.5287129009,"24":180.4770485649,"25":182.3519386857,"26":183.0799408249,"27":190.1306828875,"28":185.0744886856,"29":182.5813059288,"30":182.750837484,"31":185.1044187972,"32":188.0599975586,"33":186.9499969482,"34":183.1699981689,"35":167.7700042725,"36":174.1999969482,"37":169.7100067139,"38":163.3200073242,"39":152.4100036621,"40":165.3099975586,"41":173.8000030518,"42":168.4900054932,"43":166.0500030518,"44":162.6100006104,"45":151.0,"46":158.1600036621,"47":157.1300048828,"48":145.3000030518,"49":147.5,"50":140.0,"51":140.0,"52":138.0,"53":142.7700042725,"54":146.0,"55":137.0099945068,"56":143.75,"57":148.9100036621,"58":148.3999938965,"59":151.75,"60":152.4400024414,"61":159.3999938965,"62":153.0,"63":151.8600006104,"64":155.1000061035,"65":160.3200073242,"66":169.5899963379,"67":165.6699981689,"68":166.3600006104,"69":164.3500061035,"70":169.0,"71":171.1999969482,"72":174.3000030518,"73":179.5,"74":176.6300048828,"75":173.5,"76":171.3899993896,"77":174.1100006104,"78":172.0599975586,"79":176.5899963379,"80":176.5899963379},"High":{"0":160.2921808364,"1":159.5143062611,"2":158.6666336479,"3":159.2350755238,"4":160.3619880796,"5":161.778118771,"6":162.7753965207,"7":162.8651526604,"8":163.1543667518,"9":163.4934437136,"10":165.7871780788,"11":167.0138237,"12":167.7318619789,"13":167.033774657,"14":166.345653053,"15":167.0736617797,"16":162.9349613714,"17":165.3084785133,"18":168.2903328203,"19":173.5759015484,"20":171.930383572,"21":174.0246670332,"22":180.14795184,"23":183.6982480058,"24":183.3192914034,"25":185.1243649915,"26":188.3256074195,"27":190.180549736,"28":185.3437574763,"29":185.7227194832,"30":184.9049574197,"31":187.1887222083,"32":188.1799926758,"33":187.25,"34":183.5,"35":174.5500030518,"36":174.8399963379,"37":173.2599945068,"38":167.0299987793,"39":163.7100067139,"40":172.9199981689,"41":175.0,"42":170.6999969482,"43":170.8699951172,"44":163.1100006104,"45":157.75,"46":161.0299987793,"47":157.6999969482,"48":153.4700012207,"49":161.9100036621,"50":149.3500061035,"51":147.5,"52":146.0,"53":150.1499938965,"54":147.1000061035,"55":140.5700073242,"56":149.6000061035,"57":154.3300018311,"58":156.6600036621,"59":154.8899993896,"60":160.6000061035,"61":164.7799987793,"62":157.75,"63":155.4799957275,"64":157.3800048828,"65":166.5,"66":170.0,"67":166.6699981689,"68":167.3699951172,"69":165.5700073242,"70":173.75,"71":173.5700073242,"72":177.2799987793,"73":180.0,"74":178.75,"75":173.6699981689,"76":174.0,"77":175.0599975586,"78":174.5599975586,"79":176.8999938965,"80":176.8999938965},"Low":{"0":157.89872432,"1":157.629455075,"2":156.083676983,"3":156.8914857829,"4":157.5197453176,"5":160.5913578607,"6":160.7409448767,"7":160.8207336722,"8":161.2794829211,"9":162.1271803474,"10":163.5831912855,"11":164.9793720073,"12":165.9766463846,"13":165.2286921855,"14":164.8198218692,"15":164.0020496031,"16":159.763615708,"17":162.6258186248,"18":165.2386705533,"19":170.3247718489,"20":169.1180730462,"21":169.9358292281,"22":175.829744555,"23":177.9240262889,"24":179.5695237044,"25":181.9829361856,"26":182.7508378992,"27":183.0001648403,"28":181.3546533302,"29":182.3718712571,"30":182.1524657628,"31":184.9947178167,"32":186.4700012207,"33":181.1000061035,"34":177.25,"35":163.2299957275,"36":167.6499938965,"37":168.2100067139,"38":157.9799957275,"39":152.0,"40":162.3099975586,"41":162.2599945068,"42":165.6199951172,"43":165.6900024414,"44":156.0,"45":150.0,"46":152.5800018311,"47":151.1499938965,"48":138.5800018311,"49":140.7299957275,"50":135.0,"51":135.0,"52":135.0200042725,"53":139.0,"54":135.8600006104,"55":132.5200042725,"56":141.2700042725,"57":144.4400024414,"58":148.3699951172,"59":149.1999969482,"60":150.0099945068,"61":156.5599975586,"62":150.8200073242,"63":150.3600006104,"64":152.1900024414,"65":157.5800018311,"66":163.2599945068,"67":163.5,"68":163.3300018311,"69":162.3000030518,"70":168.0,"71":169.2400054932,"72":172.8999938965,"73":175.8699951172,"74":174.9900054932,"75":166.1100006104,"76":170.8200073242,"77":170.9100036621,"78":170.7100067139,"79":174.0500030518,"80":174.0500030518},"Close":{"0":160.1824798584,"1":158.1879272461,"2":158.5968170166,"3":157.1507720947,"4":159.6539154053,"5":161.6484680176,"6":160.9005126953,"7":162.8352355957,"8":161.688369751,"9":162.7355041504,"10":165.7173614502,"11":166.6448364258,"12":166.0464630127,"13":165.2486419678,"14":166.2658691406,"15":164.5904388428,"16":161.8379516602,"17":165.0093078613,"18":167.5822601318,"19":172.3093566895,"20":169.7662963867,"21":173.9049987793,"22":179.6293640137,"23":179.4099578857,"24":183.1298065186,"25":183.3890991211,"26":188.1859893799,"27":183.9376068115,"28":184.2068634033,"29":183.2095947266,"30":184.845123291,"31":186.7200012207,"32":187.2799987793,"33":184.4199981689,"34":178.5899963379,"35":170.8899993896,"36":168.0700073242,"37":170.1699981689,"38":158.1799926758,"39":162.0099945068,"40":172.7899932861,"41":164.5099945068,"42":170.5500030518,"43":166.2700042725,"44":161.5700073242,"45":150.6199951172,"46":160.9199981689,"47":153.6300048828,"48":139.0599975586,"49":158.8300018311,"50":135.4199981689,"51":146.5700073242,"52":140.3999938965,"53":142.7100067139,"54":137.3500061035,"55":135.9799957275,"56":148.3399963379,"57":146.9199981689,"58":156.1100006104,"59":149.6999969482,"60":160.2299957275,"61":157.7100067139,"62":152.1100006104,"63":155.2599945068,"64":153.8300018311,"65":165.2700042725,"66":163.4900054932,"67":165.1300048828,"68":165.1399993896,"69":165.5099945068,"70":173.6999969482,"71":171.8800048828,"72":177.0399932861,"73":178.6000061035,"74":175.0599975586,"75":167.8200073242,"76":173.5200042725,"77":171.4199981689,"78":174.5500030518,"79":174.9463043213,"80":174.9463043213},"Volume":{"0":22622100,"1":21116200,"2":20813700,"3":21634100,"4":27746500,"5":21385000,"6":20725900,"7":21626500,"8":23477400,"9":21417900,"10":23865400,"11":34371700,"12":29517200,"13":24138800,"14":19680800,"15":24918100,"16":32078100,"17":24899900,"18":34754500,"19":51597500,"20":36142700,"21":30149100,"22":36433300,"23":39186300,"24":27751400,"25":33529100,"26":35844300,"27":53159900,"28":47062900,"29":35295800,"30":23149500,"31":27792200,"32":29997500,"33":36862400,"34":48572600,"35":68311100,"36":68073300,"37":56206100,"38":93174900,"39":97073600,"40":71030800,"41":71677000,"42":49814400,"43":47817300,"44":72821100,"45":70419300,"46":65354400,"47":56371600,"48":93226400,"49":92727400,"50":87905900,"51":81059800,"52":81593200,"53":85922700,"54":84866200,"55":78975200,"56":82516700,"57":75638200,"58":64568100,"59":57042300,"60":63420300,"61":77927200,"62":57969900,"63":49630700,"64":41243300,"65":67111700,"66":62769000,"67":48318200,"68":51431800,"69":41905300,"70":52874300,"71":40940800,"72":50479600,"73":52765600,"74":36669600,"75":56203700,"76":34651600,"77":32790800,"78":34277600,"79":14192056,"80":14192056}}