{"Open":{"0":169.0646636922,"1":167.0798702409,"2":167.7150090347,"3":166.0080773134,"4":165.3431822798,"5":166.4149738489,"6":166.2462553517,"7":165.1347693301,"8":165.3034817556,"9":164.4103267657,"10":162.2667427847,"11":163.2095247947,"12":160.7682303995,"13":160.2323349032,"14":163.2194517338,"15":169.5211770959,"16":167.0401838321,"17":168.1615727648,"18":170.0967546041,"19":166.5340442841,"20":168.0325829497,"21":168.1615846363,"22":169.8288118559,"23":171.8136008699,"24":172.6769843447,"25":168.002790579,"26":168.0127231968,"27":168.4493811267,"28":169.2631476845,"29":167.4272126755,"30":168.7371738293,"31":167.8638609572,"32":165.8691421588,"33":166.3554196232,"34":167.1791200817,"35":164.4798002185,"36":162.7530155311,"37":155.7268503791,"38":148.8991561362,"39":140.0099945068,"40":140.3800048828,"41":146.8200073242,"42":140.5599975586,"43":137.0700073242,"44":126.1100006104,"45":112.2600021362,"46":116.0100021362,"47":112.7099990845,"48":102.0999984741,"49":112.2600021362,"50":96.0299987793,"51":101.9700012207,"52":101.3700027466,"53":105.4199981689,"54":106.7399978638,"55":97.8099975586,"56":94.0,"57":98.2699966431,"58":105.7900009155,"59":105.5999984741,"60":106.5500030518,"61":105.3000030518,"62":97.9599990845,"63":94.6299972534,"64":94.5699996948,"65":97.1999969482,"66":109.8399963379,"67":105.0,"68":110.8300018311,"69":114.5999984741,"70":113.4599990845,"71":104.5899963379,"72":100.5999984741,"73":100.4100036621,"74":107.4599990845,"75":101.6600036621,"76":106.9499969482,"77":104.0899963379,"78":104.9400024414,"79":106.3000030518,"80":106.3000030518},"High":{"0":169.7692718506,"1":169.005121815,"2":168.2112072863,"3":166.7920789906,"4":166.7623020132,"5":166.7821557134,"6":166.2462553517,"7":165.5813598633,"8":166.2363216863,"9":164.7279009151,"10":163.2492207501,"11":163.4675424171,"12":161.7308562003,"13":161.6514545353,"14":169.5211754951,"15":172.1212510756,"16":169.3028466093,"17":170.8708107904,"18":171.138773961,"19":169.6601021579,"20":168.6776346188,"21":170.0669841076,"22":171.07922595,"23":172.1212413441,"24":172.6769843447,"25":169.0547435498,"26":168.5684627898,"27":169.2035969874,"28":169.7494274297,"29":169.3723012484,"30":169.1936828771,"31":168.0027958607,"32":167.3775890038,"33":169.0348869752,"34":167.6653846725,"35":164.5194894154,"36":162.7530155311,"37":157.791036829,"38":153.8413013415,"39":142.25,"40":147.5599975586,"41":148.1100006104,"42":143.3600006104,"43":138.3800048828,"44":129.2299957275,"45":114.8799972534,"46":119.1800003052,"47":114.6399993896,"48":113.0899963379,"49":112.9800033569,"50":107.3300018311,"51":111.8600006104,"52":110.7300033569,"53":109.8499984741,"54":106.7399978638,"55":98.6500015259,"56":100.1800003052,"57":108.9800033569,"58":111.7200012207,"59":110.7200012207,"60":108.4700012207,"61":108.8099975586,"62":99.6699981689,"63":100.3300018311,"64":97.3700027466,"65":103.6800003052,"66":111.9300003052,"67":108.1200027466,"68":115.1600036621,"69":114.5999984741,"70":113.7399978638,"71":104.8199996948,"72":101.0100021362,"73":105.8099975586,"74":110.9700012207,"75":105.6999969482,"76":107.8099975586,"77":105.8399963379,"78":106.3600006104,"79":109.9800033569,"80":109.9800033569},"Low":{"0":167.6653810314,"1":166.2264086713,"2":165.4126418788,"3":164.1820714756,"4":165.0454602997,"5":165.0355433002,"6":163.6759370716,"7":163.546944037,"8":164.7973498814,"9":160.5002821227,"10":161.5026083989,"11":161.5125202235,"12":159.5277347945,"13":159.4781039219,"14":157.2055314342,"15":166.811923753,"16":166.7424618576,"17":167.7050788849,"18":167.5264512948,"19":164.7576613182,"20":166.4248903197,"21":167.7447799216,"22":168.995187317,"23":170.7517294083,"24":169.7097134727,"25":167.2783454009,"26":166.1073238165,"27":167.6157565891,"28":168.0722748914,"29":167.3974268505,"30":167.7447773402,"31":164.2118491267,"32":165.3828624466,"33":166.3554196232,"34":166.0080843442,"35":161.8499404262,"36":154.6749091464,"37":152.2435442628,"38":143.5005321884,"39":136.3800048828,"40":137.5099945068,"41":138.6699981689,"42":135.4600067139,"43":128.8200073242,"44":122.4700012207,"45":108.5999984741,"46":109.2600021362,"47":108.6800003052,"48":101.0299987793,"49":106.7399978638,"50":94.6100006104,"51":99.0,"52":100.5999984741,"53":101.5800018311,"54":98.5299987793,"55":87.6399993896,"56":90.7799987793,"57":93.8399963379,"58":103.7099990845,"59":104.9899978638,"60":103.4199981689,"61":101.5999984741,"62":94.4499969482,"63":94.1200027466,"64":90.9499969482,"65":95.8799972534,"66":103.1100006104,"67":103.1500015259,"68":109.4400024414,"69":109.2300033569,"70":107.1500015259,"71":100.5999984741,"72":95.6900024414,"73":100.0100021362,"74":100.8399963379,"75":100.4199981689,"76":103.75,"77":102.5699996948,"78":102.3199996948,"79":105.4199981689,"80":105.4199981689},"Close":{"0":169.7692718506,"1":168.0325775146,"2":166.6432189941,"3":164.6286468506,"4":165.4622650146,"5":165.9882354736,"6":164.7278900146,"7":165.5813598633,"8":165.3134002686,"9":161.3835144043,"10":162.7033996582,"11":161.7903900146,"12":159.7460632324,"13":160.6392059326,"14":169.0745849609,"15":170.1860809326,"16":166.7523803711,"17":169.4318389893,"18":167.8142547607,"19":169.3921508789,"20":167.2386627197,"21":167.8043212891,"22":169.2333679199,"23":171.7242736816,"24":169.8387298584,"25":168.6577758789,"26":167.5264434814,"27":168.072265625,"28":168.3005218506,"29":169.2929077148,"30":168.489074707,"31":165.5317382812,"32":166.9806213379,"33":168.2409667969,"34":167.2882843018,"35":162.6140899658,"36":154.7642211914,"37":152.2931671143,"38":143.5699920654,"39":140.3800048828,"40":147.5099945068,"41":139.2299957275,"42":143.0899963379,"43":131.5899963379,"44":125.1299972534,"45":108.5999984741,"46":116.8399963379,"47":111.1800003052,"48":102.2799987793,"49":112.75,"50":99.5299987793,"51":109.7600021362,"52":107.75,"53":104.8399963379,"54":98.7600021362,"55":88.0999984741,"56":98.7699966431,"57":105.0,"58":110.7099990845,"59":107.2900009155,"60":106.9000015259,"61":103.4300003052,"62":95.8600006104,"63":95.7399978638,"64":91.6699981689,"65":102.7900009155,"66":103.6200027466,"67":107.6399993896,"68":114.75,"69":110.7600021362,"70":109.3799972534,"71":100.9499969482,"72":96.2900009155,"73":105.4800033569,"74":105.5999984741,"75":104.6299972534,"76":104.0599975586,"77":103.5599975586,"78":105.0599975586,"79":109.7099990845,"80":109.7099990845},"Volume":{"0":509100,"1":461900,"2":372900,"3":324800,"4":462500,"5":443600,"6":546000,"7":463100,"8":446600,"9":618800,"10":615200,"11":755000,"12":700900,"13":991500,"14":1879400,"15":1282200,"16":1144800,"17":709500,"18":739300,"19":981100,"20":814100,"21":605200,"22":523000,"23":402600,"24":359300,"25":568100,"26":646200,"27":479000,"28":340000,"29":375200,"30":387300,"31":649100,"32":750300,"33":538900,"34":826600,"35":799500,"36":1083800,"37":985100,"38":1429300,"39":1945500,"40":1320700,"41":1493100,"42":1159700,"43":1630600,"44":1354800,"45":1380900,"46":1762200,"47":1314600,"48":1927400,"49":2085400,"50":1467100,"51":1772900,"52":1896900,"53":1339100,"54":1342000,"55":1387800,"56":1394400,"57":1560200,"58":1134500,"59":812600,"60":1145500,"61":978100,"62":899700,"63":793400,"64":1138500,"65":1141700,"66":921300,"67":672200,"68":1221500,"69":731800,"70":833900,"71":725900,"72":889800,"73":1130900,"74":1208100,"75":903200,"76":590000,"77":630700,"78":679100,"79":196596,"80":196596}}