{"Open":{"0":805.1699829102,"1":790.0999755859,"2":779.8900146484,"3":790.5599975586,"4":796.3200073242,"5":806.1599731445,"6":816.5999755859,"7":815.1500244141,"8":820.0,"9":827.4299926758,"10":823.0,"11":833.9699707031,"12":831.0,"13":838.2299804688,"14":833.5,"15":836.0700073242,"16":800.4699707031,"17":802.1500244141,"18":801.2899780273,"19":792.4299926758,"20":773.6699829102,"21":762.9699707031,"22":756.6099853516,"23":779.5100097656,"24":787.3800048828,"25":777.450012207,"26":785.2399902344,"27":781.6099853516,"28":781.0,"29":767.6400146484,"30":770.0,"31":759.6799926758,"32":754.5800170898,"33":763.9199829102,"34":751.9699707031,"35":735.25,"36":732.3300170898,"37":707.8099975586,"38":686.0599975586,"39":672.0900268555,"40":704.4799804688,"41":725.0399780273,"42":750.4699707031,"43":754.6599731445,"44":711.6300048828,"45":670.0,"46":688.6799926758,"47":683.3699951172,"48":618.9600219727,"49":667.1300048828,"50":610.0,"51":633.9600219727,"52":645.0900268555,"53":696.2800292969,"54":718.6699829102,"55":645.9000244141,"56":615.5100097656,"57":636.1799926758,"58":648.1500244141,"59":650.4000244141,"60":664.1099853516,"61":677.8300170898,"62":667.5999755859,"63":632.2100219727,"64":641.700012207,"65":657.1699829102,"66":717.8499755859,"67":709.0999755859,"68":730.200012207,"69":718.5200195312,"70":696.9000244141,"71":705.1099853516,"72":699.7600097656,"73":708.2399902344,"74":718.5200195312,"75":700.0,"76":695.5599975586,"77":704.0,"78":707.0100097656,"79":713.8400268555,"80":713.8400268555},"High":{"0":809.9899902344,"1":802.0700073242,"2":793.8599853516,"3":801.1199951172,"4":805.4899902344,"5":813.0999755859,"6":822.25,"7":824.6199951172,"8":835.9699707031,"9":830.4600219727,"10":830.6699829102,"11":834.8400268555,"12":839.5,"13":843.8200073242,"14":834.4699707031,"15":836.0700073242,"16":807.7399902344,"17":803.6500244141,"18":812.1099853516,"19":794.3599853516,"20":774.7100219727,"21":766.5,"22":775.3200073242,"23":790.5,"24":788.1400146484,"25":808.9400024414,"26":799.1500244141,"27":787.8699951172,"28":784.3800048828,"29":775.0300292969,"30":772.2199707031,"31":763.2600097656,"32":770.4199829102,"33":765.9000244141,"34":762.0300292969,"35":737.0,"36":732.3300170898,"37":721.9699707031,"38":710.4400024414,"39":703.1599731445,"40":725.5900268555,"41":751.2100219727,"42":775.3699951172,"43":754.6599731445,"44":724.1099853516,"45":687.8400268555,"46":701.8800048828,"47":686.5999755859,"48":653.299987793,"49":680.1099853516,"50":645.5700073242,"51":697.3099975586,"52":707.6400146484,"53":755.6599731445,"54":726.4400024414,"55":654.8699951172,"56":652.9400024414,"57":679.0800170898,"58":668.8800048828,"59":668.3699951172,"60":688.2700195312,"61":709.9899902344,"62":691.9099731445,"63":673.1099853516,"64":651.7399902344,"65":705.950012207,"66":731.3400268555,"67":746.6500244141,"68":738.5599975586,"69":718.5200195312,"70":717.0200195312,"71":707.9799804688,"72":701.0999755859,"73":720.9099731445,"74":718.5200195312,"75":700.0,"76":705.799987793,"77":720.5100097656,"78":714.7700195312,"79":724.4600219727,"80":724.4600219727},"Low":{"0":796.4699707031,"1":788.200012207,"2":779.0999755859,"3":787.1799926758,"4":795.0,"5":800.5200195312,"6":813.2199707031,"7":813.6599731445,"8":818.1799926758,"9":815.5100097656,"10":816.6799926758,"11":825.3599853516,"12":830.2800292969,"13":833.8900146484,"14":824.3900146484,"15":817.8699951172,"16":794.0599975586,"17":790.6900024414,"18":799.3900146484,"19":766.2100219727,"20":752.7600097656,"21":757.6300048828,"22":756.6099853516,"23":776.700012207,"24":770.6699829102,"25":770.1799926758,"26":779.2199707031,"27":775.4899902344,"28":770.299987793,"29":759.1500244141,"30":761.0100097656,"31":750.1699829102,"32":753.700012207,"33":751.4299926758,"34":748.4299926758,"35":717.6599731445,"36":699.8900146484,"37":698.1199951172,"38":685.4299926758,"39":666.3599853516,"40":698.4899902344,"41":722.9199829102,"42":738.950012207,"43":724.9600219727,"44":698.6099853516,"45":660.8800048828,"46":666.9699707031,"47":650.0300292969,"48":595.9099731445,"49":608.0700073242,"50":600.0,"51":632.5599975586,"52":642.7700195312,"53":676.0399780273,"54":641.7199707031,"55":579.4000244141,"56":592.6400146484,"57":632.700012207,"58":630.950012207,"59":641.6900024414,"60":654.799987793,"61":671.8300170898,"62":641.5900268555,"63":627.4000244141,"64":611.8200073242,"65":653.9099731445,"66":701.0800170898,"67":695.3200073242,"68":712.6799926758,"69":677.5,"70":693.700012207,"71":685.7899780273,"72":684.8499755859,"73":697.8200073242,"74":703.7399902344,"75":681.4799804688,"76":687.7899780273,"77":698.0100097656,"78":697.3699951172,"79":710.2700195312,"80":710.2700195312},"Close":{"0":805.0599975586,"1":789.5399780273,"2":793.7299804688,"3":797.1599731445,"4":797.0700073242,"5":810.8599853516,"6":817.6900024414,"7":822.5700073242,"8":830.6300048828,"9":818.3900146484,"10":830.6699829102,"11":831.3099975586,"12":835.1300048828,"13":834.9199829102,"14":831.1199951172,"15":819.950012207,"16":799.8800048828,"17":799.950012207,"18":802.6199951172,"19":777.0,"20":757.1799926758,"21":758.0599975586,"22":768.0,"23":779.0300292969,"24":778.5200195312,"25":787.1500244141,"26":780.7700195312,"27":780.0,"28":772.7899780273,"29":769.4799804688,"30":763.200012207,"31":752.2399902344,"32":766.3900146484,"33":755.3900146484,"34":760.2199707031,"35":726.5800170898,"36":703.0,"37":700.3800048828,"38":691.6500244141,"39":701.700012207,"40":724.1400146484,"41":731.049987793,"42":773.8900146484,"43":734.0999755859,"44":715.549987793,"45":669.7800292969,"46":701.7100219727,"47":658.6500244141,"48":639.7700195312,"49":672.6400146484,"50":622.6300048828,"51":682.4899902344,"52":700.1300048828,"53":721.4299926758,"54":645.1199951172,"55":589.4099731445,"56":645.5300292969,"57":640.299987793,"58":659.2700195312,"59":658.7800292969,"60":685.4000244141,"61":690.5100097656,"62":656.2399902344,"63":655.5700073242,"64":630.5800170898,"65":702.5999755859,"66":709.4899902344,"67":740.9899902344,"68":727.4199829102,"69":690.7800292969,"70":711.7700195312,"71":692.9600219727,"72":695.8699951172,"73":720.9099731445,"74":707.6300048828,"75":683.4299926758,"76":704.200012207,"77":703.299987793,"78":713.3800048828,"79":721.0800170898,"80":721.0800170898},"Volume":{"0":150300,"1":149700,"2":187900,"3":105800,"4":148200,"5":168200,"6":167600,"7":147200,"8":152200,"9":133600,"10":103900,"11":122900,"12":164200,"13":84600,"14":83000,"15":123000,"16":144000,"17":162500,"18":111800,"19":177400,"20":157800,"21":130800,"22":160200,"23":149700,"24":180500,"25":423400,"26":216400,"27":242100,"28":107800,"29":172500,"30":123200,"31":152200,"32":111100,"33":111800,"34":147700,"35":181100,"36":184300,"37":167000,"38":206500,"39":338700,"40":306800,"41":261900,"42":181100,"43":281400,"44":231400,"45":217500,"46":197500,"47":182200,"48":259700,"49":252500,"50":294000,"51":267200,"52":280400,"53":246900,"54":299100,"55":303900,"56":223500,"57":191900,"58":460700,"59":188000,"60":293000,"61":221800,"62":148400,"63":192800,"64":166700,"65":194100,"66":151900,"67":180100,"68":186200,"69":191200,"70":198600,"71":158300,"72":135200,"73":161100,"74":133200,"75":158400,"76":151700,"77":181200,"78":138900,"79":27765,"80":27765}}