{"Open":{"0":54.8499984741,"1":54.1599998474,"2":53.75,"3":55.3800010681,"4":58.0900001526,"5":58.3199996948,"6":57.4700012207,"7":57.0099983215,"8":57.7999992371,"9":57.0299987793,"10":56.7999992371,"11":58.0200004578,"12":57.3699989319,"13":59.5200004578,"14":60.3300018311,"15":60.0,"16":55.1500015259,"17":56.25,"18":55.9900016785,"19":54.1800003052,"20":55.1500015259,"21":53.25,"22":55.2900009155,"23":57.0200004578,"24":58.0800018311,"25":57.9700012207,"26":56.2999992371,"27":57.8800010681,"28":59.0400009155,"29":59.0099983215,"30":60.1599998474,"31":57.0699996948,"32":58.5800018311,"33":59.8800010681,"34":58.6300010681,"35":53.3100013733,"36":54.8400001526,"37":52.6500015259,"38":50.6300010681,"39":48.6500015259,"40":53.2000007629,"41":54.5999984741,"42":53.0200004578,"43":53.4500007629,"44":52.2000007629,"45":45.4799995422,"46":48.1500015259,"47":46.2000007629,"48":39.4000015259,"49":41.5699996948,"50":37.3499984741,"51":35.4900016785,"52":34.2599983215,"53":34.6599998474,"54":37.7700004578,"55":36.9900016785,"56":41.8199996948,"57":43.9099998474,"58":44.9000015259,"59":43.25,"60":44.1699981689,"61":44.4000015259,"62":40.5499992371,"63":39.7900009155,"64":40.9700012207,"65":43.3499984741,"66":48.0900001526,"67":47.0800018311,"68":49.2999992371,"69":44.9000015259,"70":47.0,"71":46.4000015259,"72":47.0200004578,"73":46.7799987793,"74":44.5200004578,"75":43.0,"76":43.1100006104,"77":43.8199996948,"78":43.7999992371,"79":44.9964981079,"80":44.9964981079},"High":{"0":55.4900016785,"1":55.3100013733,"2":54.1399993896,"3":58.4000015259,"4":58.3899993896,"5":58.4799995422,"6":57.5,"7":57.7799987793,"8":58.2999992371,"9":57.1199989319,"10":57.8400001526,"11":58.1199989319,"12":59.1800003052,"13":60.25,"14":60.5600013733,"15":60.0200004578,"16":55.9900016785,"17":56.7799987793,"18":57.1899986267,"19":55.0699996948,"20":55.2000007629,"21":54.1100006104,"22":56.0200004578,"23":57.2599983215,"24":59.1699981689,"25":58.0,"26":57.3400001526,"27":58.8400001526,"28":61.1899986267,"29":60.6300010681,"30":60.5600013733,"31":58.0400009155,"32":60.25,"33":59.9900016785,"34":58.7299995422,"35":55.4599990845,"36":55.4500007629,"37":54.2700004578,"38":52.8499984741,"39":52.9199981689,"40":54.6899986267,"41":55.4000015259,"42":55.3800010681,"43":55.6100006104,"44":53.1899986267,"45":48.5999984741,"46":48.2599983215,"47":46.3199996948,"48":42.5400009155,"49":43.0200004578,"50":39.1399993896,"51":39.1300010681,"52":36.5600013733,"53":37.2999992371,"54":38.5900001526,"55":39.4700012207,"56":44.4199981689,"57":44.8800010681,"58":45.75,"59":45.2799987793,"60":45.5699996948,"61":45.1699981689,"62":42.2999992371,"63":41.5900001526,"64":41.8600006104,"65":46.6899986267,"66":48.3699989319,"67":48.6899986267,"68":49.8100013733,"69":46.3899993896,"70":48.3800010681,"71":46.6599998474,"72":47.2000007629,"73":46.8899993896,"74":45.0800018311,"75":43.0699996948,"76":44.2000007629,"77":44.7200012207,"78":44.3199996948,"79":45.3899993896,"80":45.3899993896},"Low":{"0":54.5099983215,"1":54.0,"2":53.1599998474,"3":55.3600006104,"4":57.0600013733,"5":56.4799995422,"6":56.2700004578,"7":56.8600006104,"8":56.4599990845,"9":55.8400001526,"10":56.7599983215,"11":57.0099983215,"12":57.2700004578,"13":58.8499984741,"14":59.0299987793,"15":57.2400016785,"16":54.6199989319,"17":55.2400016785,"18":55.2900009155,"19":53.2200012207,"20":52.7000007629,"21":53.0,"22":54.9399986267,"23":55.8199996948,"24":57.4099998474,"25":56.7700004578,"26":56.2000007629,"27":56.3300018311,"28":58.9000015259,"29":58.8600006104,"30":58.2599983215,"31":56.6199989319,"32":58.5600013733,"33":57.6899986267,"34":55.8899993896,"35":52.6100006104,"36":51.5499992371,"37":51.8800010681,"38":49.9900016785,"39":48.3899993896,"40":52.0999984741,"41":51.0999984741,"42":52.2099990845,"43":53.3400001526,"44":50.0,"45":44.9199981689,"46":45.2900009155,"47":42.8499984741,"48":38.0,"49":38.3499984741,"50":34.4500007629,"51":34.0200004578,"52":31.1299991608,"53":33.6500015259,"54":35.8400001526,"55":35.6899986267,"56":41.1399993896,"57":40.0299987793,"58":43.3300018311,"59":42.3100013733,"60":43.1500015259,"61":41.9099998474,"62":39.3300018311,"63":39.5200004578,"64":40.5499992371,"65":43.3400001526,"66":46.0400009155,"67":46.7999992371,"68":45.3499984741,"69":44.3899993896,"70":46.6199989319,"71":45.6399993896,"72":44.6599998474,"73":44.8499984741,"74":43.2999992371,"75":41.1899986267,"76":42.75,"77":43.4199981689,"78":42.9799995422,"79":44.5800018311,"80":44.5800018311},"Close":{"0":55.3899993896,"1":54.5299987793,"2":53.5699996948,"3":58.2700004578,"4":57.5200004578,"5":57.3100013733,"6":56.6699981689,"7":57.4500007629,"8":57.5200004578,"9":56.1699981689,"10":57.6800003052,"11":57.6599998474,"12":58.9700012207,"13":59.1699981689,"14":59.2000007629,"15":57.7599983215,"16":55.4099998474,"17":56.4700012207,"18":55.2999992371,"19":55.0299987793,"20":53.0900001526,"21":53.7799987793,"22":55.5,"23":56.7700004578,"24":58.6800003052,"25":56.8800010681,"26":57.3300018311,"27":57.25,"28":59.2700004578,"29":59.3300018311,"30":58.5,"31":57.75,"32":59.9900016785,"33":59.0,"34":56.9900016785,"35":55.0099983215,"36":52.0999984741,"37":52.3699989319,"38":50.5800018311,"39":52.5600013733,"40":54.5900001526,"41":51.7999992371,"42":55.2900009155,"43":53.7200012207,"44":51.4700012207,"45":45.9700012207,"46":47.8600006104,"47":43.7200012207,"48":38.8100013733,"49":42.9900016785,"50":34.4700012207,"51":37.3800010681,"52":34.6899986267,"53":36.2900009155,"54":36.1100006104,"55":38.25,"56":43.2700004578,"57":42.5,"58":44.7900009155,"59":43.4799995422,"60":44.5200004578,"61":42.0600013733,"62":39.8899993896,"63":41.0900001526,"64":41.2200012207,"65":46.3699989319,"66":46.5400009155,"67":48.2900009155,"68":46.1300010681,"69":46.1699981689,"70":47.6199989319,"71":46.4300003052,"72":45.5299987793,"73":45.7000007629,"74":43.4000015259,"75":41.4099998474,"76":43.9099998474,"77":43.7700004578,"78":44.1599998474,"79":45.0800018311,"80":45.0800018311},"Volume":{"0":20173200,"1":16815800,"2":18768700,"3":49908200,"4":29730800,"5":22376100,"6":19122800,"7":16163000,"8":26454300,"9":21638600,"10":22732700,"11":20549200,"12":24821700,"13":22604400,"14":26146100,"15":28555300,"16":27310100,"17":18544900,"18":19278300,"19":30783800,"20":28550800,"21":20481000,"22":19998600,"23":19795300,"24":23358700,"25":20891100,"26":15929000,"27":26776900,"28":47180800,"29":23679700,"30":20920200,"31":21513200,"32":23335500,"33":20797100,"34":27038900,"35":33321100,"36":41894200,"37":28075600,"38":36349200,"39":40288600,"40":33272700,"41":36893200,"42":28222000,"43":26223000,"44":30313700,"45":31260800,"46":31652900,"47":38483800,"48":40117200,"49":35264800,"50":36879100,"51":34869000,"52":36519000,"53":31015200,"54":37667400,"55":45286000,"56":45588000,"57":54091000,"58":62450700,"59":39791500,"60":33763900,"61":36723700,"62":37452800,"63":31457700,"64":28522400,"65":37899100,"66":34646400,"67":27694400,"68":39840400,"69":30449900,"70":25738000,"71":22389400,"72":26589000,"73":23388300,"74":30463300,"75":32482200,"76":21398300,"77":22273100,"78":16581800,"79":8331168,"80":8331168}}