{"Open":{"0":61.5503125716,"1":60.8065904324,"2":60.1917853718,"3":60.4496066452,"4":61.2726558169,"5":61.6792254462,"6":61.738720692,"7":61.0941650727,"8":61.3222396259,"9":61.5998934603,"10":60.7470908602,"11":61.6891377966,"12":60.3901107819,"13":61.7982180421,"14":62.2246195006,"15":63.4641550479,"16":60.5686038447,"17":60.1322841846,"18":63.5633136095,"19":60.1223701631,"20":61.0346656671,"21":60.0529577164,"22":61.5800609614,"23":63.2757470091,"24":63.9004701928,"25":63.0873322679,"26":61.4709845351,"27":62.8394252762,"28":63.8806333482,"29":63.7318910931,"30":64.0591292941,"31":62.5915201926,"32":62.4725264239,"33":62.4923593605,"34":61.5304776902,"35":58.6547616104,"36":59.1109076488,"37":57.6699981689,"38":56.2000007629,"39":54.1599998474,"40":55.8800010681,"41":57.7200012207,"42":56.3699989319,"43":56.3600006104,"44":53.7200012207,"45":50.5999984741,"46":51.5400009155,"47":51.3800010681,"48":46.7000007629,"49":47.7400016785,"50":43.3199996948,"51":43.4700012207,"52":44.3800010681,"53":44.7299995422,"54":46.0699996948,"55":45.1399993896,"56":47.7000007629,"57":47.8499984741,"58":49.2099990845,"59":48.4199981689,"60":48.5099983215,"61":49.3400001526,"62":47.2999992371,"63":45.4599990845,"64":47.3800010681,"65":50.6899986267,"66":54.9000015259,"67":52.3100013733,"68":53.3300018311,"69":51.4300003052,"70":53.1300010681,"71":52.2999992371,"72":52.8199996948,"73":53.9700012207,"74":52.6500015259,"75":51.1399993896,"76":51.5800018311,"77":52.1800003052,"78":52.8600006104,"79":53.9900016785,"80":53.9900016785},"High":{"0":61.9072990417,"1":61.5701439663,"2":60.2611989888,"3":61.2429078251,"4":61.4709820465,"5":61.7883050662,"6":61.8676333141,"7":61.5998933852,"8":62.3237816527,"9":61.5998934603,"10":61.4610637752,"11":61.8577164166,"12":61.9072995087,"13":62.7700124209,"14":63.0774196719,"15":63.632729894,"16":60.6875980744,"17":62.0461253455,"18":63.8112204548,"19":61.6296442611,"20":61.1635782882,"21":60.6280996511,"22":62.0957076711,"23":64.1483801976,"24":64.0293790275,"25":63.2658254973,"26":62.5121925544,"27":63.6922292011,"28":64.5846878729,"29":64.1483803602,"30":64.1186320834,"31":62.6807668096,"32":63.0278391317,"33":62.8394274383,"34":61.7783845332,"35":59.5968046044,"36":59.239820265,"37":58.5200004578,"38":57.9099998474,"39":56.0299987793,"40":57.8600006104,"41":58.8300018311,"42":58.0699996948,"43":57.1699981689,"44":54.9900016785,"45":52.4300003052,"46":53.0,"47":52.1100006104,"48":49.0600013733,"49":49.0600013733,"50":49.0200004578,"51":49.0,"52":46.9700012207,"53":47.1199989319,"54":46.5999984741,"55":46.6899986267,"56":48.6899986267,"57":50.7299995422,"58":50.4300003052,"59":49.4399986267,"60":50.0900001526,"61":50.2099990845,"62":48.2099990845,"63":47.8899993896,"64":48.8199996948,"65":53.8600006104,"66":55.5900001526,"67":53.5,"68":54.4300003052,"69":52.5600013733,"70":53.7299995422,"71":52.4000015259,"72":53.0699996948,"73":54.4000015259,"74":52.6500015259,"75":51.2799987793,"76":52.5099983215,"77":53.5800018311,"78":53.7999992371,"79":55.1100006104,"80":55.1100006104},"Low":{"0":60.8958386372,"1":60.7371768187,"2":59.6364726528,"3":59.9240453229,"4":60.7966751354,"5":60.9255864989,"6":60.747093285,"7":60.8859242254,"8":60.8859249241,"9":60.7371786754,"10":60.7470908602,"11":60.5289355891,"12":60.2909457712,"13":61.4908121924,"14":61.6891397954,"15":61.570146822,"16":59.7752988927,"17":60.1322841846,"18":61.0049169336,"19":59.9042109252,"20":59.3687313338,"21":59.7752994675,"22":61.0842472538,"23":62.8592615259,"24":63.3451575034,"25":61.9469630612,"26":61.3321535208,"27":62.651017438,"28":63.2757438301,"29":63.1170869332,"30":62.6807677968,"31":61.7387200266,"32":62.1353729554,"33":61.1933261015,"34":60.5091027073,"35":58.2581091415,"36":56.4235984059,"37":57.0999984741,"38":55.8699989319,"39":53.5200004578,"40":55.1800003052,"41":55.5400009155,"42":55.7099990845,"43":55.4000015259,"44":53.1300010681,"45":49.8199996948,"46":49.5800018311,"47":48.9799995422,"48":44.6699981689,"49":44.4399986267,"50":42.4900016785,"51":41.9300003052,"52":42.4199981689,"53":43.2299995422,"54":43.7799987793,"55":43.3600006104,"56":46.6699981689,"57":46.2000007629,"58":48.4199981689,"59":47.5,"60":47.6199989319,"61":48.1800003052,"62":45.4599990845,"63":45.3199996948,"64":47.2000007629,"65":50.0,"66":51.5699996948,"67":51.5600013733,"68":51.3100013733,"69":51.4300003052,"70":52.3699989319,"71":51.0400009155,"72":51.3100013733,"73":52.7099990845,"74":51.5999984741,"75":50.0400009155,"76":51.1699981689,"77":52.1800003052,"78":52.1300010681,"79":53.5,"80":53.5},"Close":{"0":61.9072990417,"1":60.8363380432,"2":59.7356376648,"3":61.0842475891,"4":61.064414978,"5":61.5106468201,"6":60.9355049133,"7":61.3222389221,"8":61.6693077087,"9":60.9355049133,"10":61.4412307739,"11":60.8561706543,"12":61.5007324219,"13":61.9767112732,"14":63.0575866699,"15":62.0362129211,"16":59.7852172852,"17":61.5701446533,"18":61.014831543,"19":61.540397644,"20":59.6166381836,"21":60.3306121826,"22":61.8676338196,"23":63.9599685669,"24":63.5434837341,"25":62.0064582825,"26":62.4725265503,"27":63.1666641235,"28":63.9302177429,"29":63.7616462708,"30":63.0278396606,"31":61.9271316528,"32":62.6708526611,"33":61.9072990417,"34":60.6578445435,"35":58.4961013794,"36":56.8499984741,"37":57.5499992371,"38":55.9599990845,"39":55.6199989319,"40":57.8100013733,"41":55.8800010681,"42":58.0299987793,"43":55.8699989319,"44":54.7799987793,"45":49.9199981689,"46":52.9799995422,"47":49.5400009155,"48":44.7700004578,"49":48.5600013733,"50":42.5,"51":48.1599998474,"52":44.75,"53":45.7599983215,"54":44.1199989319,"55":45.8300018311,"56":48.0400009155,"57":48.6100006104,"58":50.1800003052,"59":47.5600013733,"60":49.9099998474,"61":48.6100006104,"62":46.0200004578,"63":47.7599983215,"64":48.6399993896,"65":53.4700012207,"66":51.7700004578,"67":53.3199996948,"68":51.7900009155,"69":52.2400016785,"70":53.2000007629,"71":52.1100006104,"72":52.5,"73":53.0900001526,"74":51.8199996948,"75":50.3499984741,"76":52.3600006104,"77":52.4399986267,"78":53.6699981689,"79":54.8300018311,"80":54.8300018311},"Volume":{"0":2274200,"1":2021400,"2":2222600,"3":2342600,"4":1240000,"5":1585000,"6":1723300,"7":1646400,"8":2123500,"9":1320000,"10":1559000,"11":2484900,"12":2805400,"13":1957000,"14":2182100,"15":1833700,"16":1962000,"17":3671400,"18":3785100,"19":2747700,"20":2145900,"21":1711700,"22":2410600,"23":1873000,"24":1305900,"25":1443200,"26":956700,"27":1006500,"28":1678100,"29":1238500,"30":1299200,"31":1344000,"32":1338400,"33":1164200,"34":1433400,"35":2065700,"36":2138100,"37":2151500,"38":2359700,"39":3740100,"40":2277100,"41":2497500,"42":2095800,"43":1699200,"44":2127000,"45":3102600,"46":3061500,"47":2492200,"48":4219600,"49":4608000,"50":4099800,"51":5207800,"52":3158400,"53":2324800,"54":4074900,"55":3548900,"56":5047600,"57":3753600,"58":3799100,"59":2357900,"60":2221200,"61":2852300,"62":2006000,"63":2480900,"64":3003400,"65":4110200,"66":3279600,"67":2641600,"68":2654100,"69":1485200,"70":4330100,"71":2116600,"72":5314900,"73":5588400,"74":3502000,"75":1969000,"76":4591500,"77":2031500,"78":4460300,"79":1981650,"80":1981650}}