{"Open":{"0":20.1000003815,"1":20.3299999237,"2":20.2000007629,"3":20.9099998474,"4":21.2199993134,"5":20.9599990845,"6":20.9899997711,"7":20.9200000763,"8":20.6900005341,"9":21.0499992371,"10":22.25,"11":22.0200004578,"12":21.6700000763,"13":21.5400009155,"14":21.6399993896,"15":22.3500003815,"16":21.0400009155,"17":21.5599994659,"18":21.8299999237,"19":21.8700008392,"20":21.7399997711,"21":21.5400009155,"22":21.9699993134,"23":22.6000003815,"24":23.0599994659,"25":22.7999992371,"26":22.6700000763,"27":22.6800003052,"28":22.6399993896,"29":22.0900001526,"30":21.7299995422,"31":21.7900009155,"32":21.2800006866,"33":20.8400001526,"34":20.8400001526,"35":20.4300003052,"36":20.5,"37":20.0799999237,"38":19.2399997711,"39":17.8199996948,"40":17.2299995422,"41":17.7099990845,"42":16.6200008392,"43":16.25,"44":15.4499998093,"45":14.2600002289,"46":14.8400001526,"47":14.5799999237,"48":13.279999733,"49":14.1000003815,"50":13.0,"51":15.4799995422,"52":14.5200004578,"53":14.1099996567,"54":16.1599998474,"55":15.9499998093,"56":16.3999996185,"57":15.0,"58":14.8800001144,"59":15.1700000763,"60":15.2100000381,"61":15.0699996948,"62":14.5900001526,"63":14.1099996567,"64":13.8500003815,"65":14.1400003433,"66":14.3800001144,"67":14.5699996948,"68":15.4499998093,"69":16.2299995422,"70":16.2999992371,"71":15.7600002289,"72":15.5399999619,"73":15.8999996185,"74":16.1399993896,"75":15.6499996185,"76":15.3299999237,"77":15.1199998856,"78":15.4099998474,"79":15.8699998856,"80":15.8699998856},"High":{"0":20.6499996185,"1":20.5,"2":20.9099998474,"3":21.2299995422,"4":21.4500007629,"5":21.2700004578,"6":21.1499996185,"7":20.9400005341,"8":21.3400001526,"9":22.3999996185,"10":22.3400001526,"11":22.1700000763,"12":21.7999992371,"13":21.8899993896,"14":22.2800006866,"15":22.3500003815,"16":21.4799995422,"17":22.0499992371,"18":22.5900001526,"19":22.1100006104,"20":21.8899993896,"21":21.9599990845,"22":22.3899993896,"23":23.0599994659,"24":23.1100006104,"25":23.0,"26":22.9300003052,"27":22.8400001526,"28":23.1000003815,"29":22.1499996185,"30":22.1000003815,"31":21.8799991608,"32":21.3600006104,"33":20.9799995422,"34":21.3099994659,"35":20.9200000763,"36":20.6800003052,"37":20.2900009155,"38":19.5,"39":18.0900001526,"40":17.7199993134,"41":17.75,"42":17.0400009155,"43":16.5699996948,"44":15.529999733,"45":15.1599998474,"46":15.1300001144,"47":14.9799995422,"48":14.0600004196,"49":15.1199998856,"50":15.4799995422,"51":16.7800006866,"52":16.0599994659,"53":15.470000267,"54":17.0,"55":16.4799995422,"56":16.8600006104,"57":15.4399995804,"58":16.2000007629,"59":15.3900003433,"60":15.3800001144,"61":15.8000001907,"62":14.8699998856,"63":14.5200004578,"64":14.3599996567,"65":14.6499996185,"66":15.1000003815,"67":15.2600002289,"68":16.5400009155,"69":16.2399997711,"70":16.4899997711,"71":15.8500003815,"72":15.6599998474,"73":16.1800003052,"74":16.25,"75":15.7299995422,"76":15.4200000763,"77":15.5799999237,"78":15.779999733,"79":16.25,"80":16.25},"Low":{"0":20.0499992371,"1":20.1000003815,"2":20.1200008392,"3":20.5799999237,"4":20.7199993134,"5":20.6100006104,"6":20.7399997711,"7":20.4300003052,"8":20.6800003052,"9":21.0200004578,"10":21.7600002289,"11":21.5599994659,"12":21.5,"13":21.5400009155,"14":21.3899993896,"15":21.5100002289,"16":20.8799991608,"17":21.5300006866,"18":21.8299999237,"19":21.6100006104,"20":21.2399997711,"21":21.5,"22":21.8299999237,"23":22.5100002289,"24":22.4699993134,"25":22.4500007629,"26":22.5400009155,"27":22.2299995422,"28":22.0900001526,"29":21.2900009155,"30":21.4899997711,"31":20.9799995422,"32":20.7900009155,"33":20.6700000763,"34":20.6800003052,"35":20.0599994659,"36":19.6299991608,"37":19.2099990845,"38":18.3500003815,"39":16.5699996948,"40":16.7900009155,"41":16.25,"42":16.1100006104,"43":15.8599996567,"44":14.6499996185,"45":13.8199996948,"46":14.0,"47":14.2100000381,"48":13.0500001907,"49":13.5699996948,"50":12.75,"51":15.0500001907,"52":13.25,"53":13.6300001144,"54":14.9399995804,"55":15.0399999619,"56":14.1999998093,"57":13.529999733,"58":14.8800001144,"59":14.279999733,"60":14.4300003052,"61":14.8400001526,"62":14.029999733,"63":13.6000003815,"64":13.6800003052,"65":13.7600002289,"66":14.0399999619,"67":14.4499998093,"68":15.4499998093,"69":15.5500001907,"70":16.0499992371,"71":15.1300001144,"72":14.7899999619,"73":15.5600004196,"74":15.5200004578,"75":15.1099996567,"76":14.779999733,"77":15.0600004196,"78":15.3000001907,"79":15.779999733,"80":15.779999733},"Close":{"0":20.6499996185,"1":20.2000007629,"2":20.8700008392,"3":21.1700000763,"4":21.2199993134,"5":20.9300003052,"6":20.8500003815,"7":20.7800006866,"8":21.2000007629,"9":22.0499992371,"10":21.9699993134,"11":21.6599998474,"12":21.6499996185,"13":21.7900009155,"14":22.1399993896,"15":21.8500003815,"16":21.1599998474,"17":21.8400001526,"18":22.1000003815,"19":21.9200000763,"20":21.4200000763,"21":21.6200008392,"22":22.2600002289,"23":22.8500003815,"24":22.8500003815,"25":22.7700004578,"26":22.6200008392,"27":22.3500003815,"28":22.1599998474,"29":21.6399993896,"30":21.8999996185,"31":21.2800006866,"32":20.8999996185,"33":20.9300003052,"34":21.1499996185,"35":20.3099994659,"36":19.8999996185,"37":19.5400009155,"38":18.6800003052,"39":17.1900005341,"40":17.4799995422,"41":16.2900009155,"42":16.8299999237,"43":16.0300006866,"44":15.3999996185,"45":14.3800001144,"46":15.0799999237,"47":14.470000267,"48":13.2600002289,"49":15.0500001907,"50":15.0399999619,"51":15.5699996948,"52":14.1800003052,"53":14.8699998856,"54":15.25,"55":15.7399997711,"56":15.1400003433,"57":14.9300003052,"58":15.5399999619,"59":14.8800001144,"60":15.0699996948,"61":14.9099998474,"62":14.2600002289,"63":13.9200000763,"64":13.7399997711,"65":14.0399999619,"66":14.3699998856,"67":15.1400003433,"68":16.0799999237,"69":16.0599994659,"70":16.3500003815,"71":15.4600000381,"72":15.5,"73":16.1100006104,"74":15.8599996567,"75":15.1300001144,"76":14.9099998474,"77":15.3000001907,"78":15.7600002289,"79":16.0200004578,"80":16.0200004578},"Volume":{"0":8870500,"1":7957300,"2":9540600,"3":8041200,"4":6933300,"5":6310700,"6":4624300,"7":4314800,"8":5985600,"9":8858800,"10":6116000,"11":6404400,"12":5655300,"13":5058800,"14":4799200,"15":5702600,"16":7017300,"17":7098200,"18":6037200,"19":3750900,"20":6219900,"21":4269900,"22":4565300,"23":7690100,"24":5282500,"25":3854700,"26":3391700,"27":5104600,"28":6510000,"29":7530000,"30":3871100,"31":4444900,"32":5771500,"33":6363700,"34":4939700,"35":8250500,"36":6321600,"37":5156000,"38":7667700,"39":16177300,"40":8359100,"41":10890500,"42":10527100,"43":10850500,"44":18763400,"45":7741000,"46":7579600,"47":10583800,"48":8777000,"49":9134800,"50":6569000,"51":7640300,"52":7367900,"53":8762200,"54":22350000,"55":13186200,"56":12575200,"57":13273700,"58":6579700,"59":6297700,"60":6234300,"61":7529800,"62":6768100,"63":7659400,"64":8137100,"65":9635500,"66":8622700,"67":5861300,"68":9792000,"69":3914400,"70":4936300,"71":4773200,"72":6746100,"73":6430500,"74":4269800,"75":4235500,"76":5530400,"77":3913100,"78":3711500,"79":2023855,"80":2023855}}