{"Open":{"0":24.6464995136,"1":23.7914778012,"2":23.7715931887,"3":23.5230389024,"4":23.2446593003,"5":22.4890608031,"6":22.1212012295,"7":22.1212012295,"8":22.2603913891,"9":22.3796972893,"10":22.6978450692,"11":23.4733289855,"12":23.2148353257,"13":22.5188868097,"14":21.9323008281,"15":21.9621283109,"16":21.0176265059,"17":21.0673388732,"18":20.8983217624,"19":20.202374077,"20":19.8842257737,"21":19.7052685864,"22":19.9935899906,"23":20.3017942671,"24":21.2164701342,"25":20.3500003815,"26":19.7999992371,"27":20.0699996948,"28":19.75,"29":19.5799999237,"30":19.6900005341,"31":18.9500007629,"32":19.1700000763,"33":19.0900001526,"34":18.2399997711,"35":17.2099990845,"36":16.5200004578,"37":15.6800003052,"38":14.6899995804,"39":14.3699998856,"40":16.1000003815,"41":15.7700004578,"42":15.6099996567,"43":14.8599996567,"44":14.1999998093,"45":8.1800003052,"46":10.1000003815,"47":8.8000001907,"48":6.7199997902,"49":6.9299998283,"50":5.9899997711,"51":5.2600002289,"52":3.8900001049,"53":3.2899999619,"54":4.1700000763,"55":4.0999999046,"56":5.0100002289,"57":6.2199997902,"58":6.0,"59":5.9800000191,"60":5.1300001144,"61":5.6100001335,"62":5.6900000572,"63":6.3099999428,"64":6.5599999428,"65":6.3000001907,"66":7.0399999619,"67":7.1700000763,"68":7.8000001907,"69":7.9499998093,"70":7.1500000954,"71":6.6999998093,"72":6.7399997711,"73":6.3299999237,"74":6.3699998856,"75":6.4600000381,"76":7.0599999428,"77":7.6599998474,"78":8.0600004196,"79":8.0100002289,"80":8.0100002289},"High":{"0":24.8453406397,"1":24.2686987919,"2":24.0002613437,"3":23.6224604104,"4":23.5429238274,"5":22.6580768026,"6":22.2305650783,"7":22.4791179011,"8":22.5884810568,"9":22.866860614,"10":23.6423466112,"11":23.5230387911,"12":23.3241972843,"13":22.5884813012,"14":22.270332823,"15":21.9621283109,"16":21.1965848453,"17":21.0673388732,"18":21.0971628826,"19":20.4310422295,"20":19.9935896223,"21":19.8444575681,"22":20.2322004767,"23":21.2661785191,"24":21.2761222836,"25":20.5200004578,"26":19.9699993134,"27":20.3199996948,"28":20.3700008392,"29":20.1800003052,"30":19.7099990845,"31":19.1100006104,"32":19.1700000763,"33":19.1299991608,"34":18.3099994659,"35":17.2999992371,"36":16.7700004578,"37":15.7899999619,"38":15.6999998093,"39":15.9600000381,"40":16.1000003815,"41":16.0900001526,"42":15.8400001526,"43":15.1499996185,"44":14.4799995422,"45":10.2100000381,"46":10.2600002289,"47":8.8000001907,"48":7.3400001526,"49":7.3800001144,"50":6.5999999046,"51":5.3099999428,"52":4.1100001335,"53":4.2300000191,"54":4.3000001907,"55":4.6300001144,"56":5.8400001526,"57":6.7399997711,"58":6.7300000191,"59":5.9899997711,"60":5.4200000763,"61":6.2699999809,"62":6.2600002289,"63":6.7600002289,"64":6.75,"65":6.7100000381,"66":7.5999999046,"67":7.3499999046,"68":8.5600004196,"69":7.9899997711,"70":7.4499998093,"71":6.9299998283,"72":6.7800002098,"73":6.9800000191,"74":7.1999998093,"75":6.7399997711,"76":7.3800001144,"77":8.279999733,"78":8.3500003815,"79":8.2597999573,"80":8.2597999573},"Low":{"0":23.9505508317,"1":23.4832728151,"2":23.3241973234,"3":23.0855854051,"4":22.568597211,"5":21.9820128043,"6":21.6439802648,"7":21.9024754281,"8":22.0615502581,"9":22.2603910952,"10":22.6580776012,"11":23.1253546574,"12":22.7276719933,"13":21.9323019586,"14":21.5843264925,"15":21.1965851359,"16":20.7293062118,"17":20.7392492061,"18":20.4012161176,"19":19.7848052394,"20":19.5461937839,"21":19.3970635999,"22":19.7052678013,"23":20.2222574411,"24":20.6100006104,"25":20.0,"26":19.4300003052,"27":19.8700008392,"28":18.8999996185,"29":19.3099994659,"30":19.0799999237,"31":18.5200004578,"32":18.7299995422,"33":18.5200004578,"34":17.8600006104,"35":16.4699993134,"36":15.1599998474,"37":15.1400003433,"38":14.3199996948,"39":14.2899999619,"40":15.25,"41":14.8599996567,"42":14.9300003052,"43":14.5699996948,"44":12.9300003052,"45":7.7800002098,"46":8.3999996185,"47":7.1999998093,"48":5.8699998856,"49":6.1599998474,"50":5.1799998283,"51":3.7100000381,"52":2.7300000191,"53":3.0,"54":3.8900001049,"55":3.8599998951,"56":4.8499999046,"57":5.5100002289,"58":5.8499999046,"59":5.25,"60":4.8400001526,"61":5.5700001717,"62":5.4000000954,"63":6.0100002289,"64":6.0999999046,"65":6.0599999428,"66":6.6900000572,"67":6.8000001907,"68":6.8299999237,"69":7.0100002289,"70":6.9699997902,"71":6.0399999619,"72":6.1300001144,"73":6.3200001717,"74":6.3000001907,"75":6.2600002289,"76":6.9699997902,"77":7.5399999619,"78":7.6300001144,"79":7.6799998283,"80":7.6799998283},"Close":{"0":23.9903182983,"1":23.5727500916,"2":23.8014202118,"3":23.1253547668,"4":22.5884799957,"5":22.3101024628,"6":22.1311435699,"7":22.1311435699,"8":22.5188865662,"9":22.6282501221,"10":23.4037361145,"11":23.2943706512,"12":22.7475547791,"13":22.1808547974,"14":22.2206230164,"15":21.5445594788,"16":20.8287277222,"17":20.8386688232,"18":20.4807529449,"19":20.1824893951,"20":19.6555576324,"21":19.6157894135,"22":19.7748622894,"23":21.1866416931,"24":20.6100006104,"25":20.0499992371,"26":19.7000007629,"27":19.8999996185,"28":19.4899997711,"29":19.6000003815,"30":19.1599998474,"31":18.9699993134,"32":18.9200000763,"33":18.5499992371,"34":17.9500007629,"35":16.4699993134,"36":15.6000003815,"37":15.3000001907,"38":15.1199998856,"39":15.8299999237,"40":15.8000001907,"41":15.1899995804,"42":15.3199996948,"43":14.7899999619,"44":13.3199996948,"45":9.3400001526,"46":9.2600002289,"47":7.4000000954,"48":6.2699999809,"49":7.1900000572,"50":5.2300000191,"51":4.1900000572,"52":3.0199999809,"53":3.9400000572,"54":4.0300002098,"55":4.4699997902,"56":5.8299999237,"57":6.1199998856,"58":6.2100000381,"59":5.3600001335,"60":5.3099999428,"61":6.0399999619,"62":5.8899998665,"63":6.3099999428,"64":6.1799998283,"65":6.6700000763,"66":6.7800002098,"67":7.2199997902,"68":7.5100002289,"69":7.2199997902,"70":7.2600002289,"71":6.8699998856,"72":6.25,"73":6.9499998093,"74":6.8600001335,"75":6.7300000191,"76":7.25,"77":7.8000001907,"78":8.1800003052,"79":8.2100000381,"80":8.2100000381},"Volume":{"0":4836100,"1":9144300,"2":8108200,"3":6262600,"4":6566100,"5":6506300,"6":5657500,"7":3847100,"8":4204900,"9":3824100,"10":5657400,"11":3722300,"12":4906600,"13":4768900,"14":4285900,"15":3668100,"16":4273700,"17":4940700,"18":4569300,"19":6612500,"20":7392800,"21":4623000,"22":4739300,"23":5624300,"24":5537300,"25":5882800,"26":4501300,"27":7113600,"28":13653300,"29":10848000,"30":5937000,"31":6335300,"32":6102600,"33":6516600,"34":5281000,"35":7103400,"36":10772700,"37":16225600,"38":11417800,"39":12729800,"40":7943800,"41":10095700,"42":6594700,"43":5213800,"44":8036000,"45":21197500,"46":17103800,"47":19918400,"48":18172900,"49":17080300,"50":15174900,"51":27126400,"52":27816900,"53":32346200,"54":37583500,"55":20421600,"56":19857000,"57":15956300,"58":12864000,"59":10556100,"60":10485900,"61":15817800,"62":7741200,"63":18990900,"64":10496900,"65":8087000,"66":9087000,"67":9459700,"68":17014300,"69":8027900,"70":8960600,"71":12845000,"72":10287200,"73":9820700,"74":9483500,"75":14608300,"76":10942900,"77":13516100,"78":16904000,"79":3395694,"80":3395694}}