{"Open":{"0":58.7900009155,"1":57.7400016785,"2":57.0800018311,"3":56.5499992371,"4":57.0299987793,"5":58.0600013733,"6":58.2299995422,"7":57.9799995422,"8":57.7700004578,"9":57.8699989319,"10":57.75,"11":58.8499984741,"12":59.0,"13":58.1300010681,"14":56.7999992371,"15":58.1199989319,"16":53.1199989319,"17":54.8199996948,"18":55.1599998474,"19":53.1300010681,"20":54.75,"21":54.1899986267,"22":55.4300003052,"23":55.1699981689,"24":55.7799987793,"25":53.4900016785,"26":52.25,"27":51.5999984741,"28":52.8499984741,"29":53.4099998474,"30":52.4399986267,"31":52.0900001526,"32":51.7000007629,"33":51.4900016785,"34":48.1199989319,"35":44.4900016785,"36":42.9500007629,"37":39.5600013733,"38":35.0699996948,"39":33.2799987793,"40":37.0999984741,"41":35.3899993896,"42":34.25,"43":31.3099994659,"44":27.3999996185,"45":23.9300003052,"46":22.2399997711,"47":19.3600006104,"48":11.4899997711,"49":13.3299999237,"50":10.4600000381,"51":11.5100002289,"52":9.7299995422,"53":8.029999733,"54":9.0900001526,"55":8.9499998093,"56":12.0,"57":17.1499996185,"58":16.7999992371,"59":14.3100004196,"60":11.1099996567,"61":10.5399999619,"62":10.5,"63":9.1599998474,"64":9.0600004196,"65":9.1999998093,"66":12.2700004578,"67":11.4600000381,"68":12.720000267,"69":12.0500001907,"70":12.4899997711,"71":11.6000003815,"72":11.9399995804,"73":12.1999998093,"74":11.9600000381,"75":11.1000003815,"76":11.3000001907,"77":10.9499998093,"78":11.3699998856,"79":11.0399999619,"80":11.0399999619},"High":{"0":59.1100006104,"1":58.2200012207,"2":57.2700004578,"3":57.2700004578,"4":57.9199981689,"5":58.1300010681,"6":58.3899993896,"7":58.0099983215,"8":58.0900001526,"9":58.25,"10":58.6100006104,"11":59.7799987793,"12":59.0299987793,"13":58.6800003052,"14":58.2799987793,"15":58.1199989319,"16":54.5900001526,"17":55.6399993896,"18":56.2200012207,"19":55.2900009155,"20":54.9099998474,"21":54.6699981689,"22":55.6800003052,"23":55.6300010681,"24":55.8499984741,"25":54.0400009155,"26":52.25,"27":52.9099998474,"28":54.2799987793,"29":53.6399993896,"30":53.0,"31":52.3499984741,"32":52.3499984741,"33":51.5800018311,"34":48.1599998474,"35":44.6500015259,"36":43.0600013733,"37":39.5699996948,"38":37.0900001526,"39":37.2599983215,"40":37.0999984741,"41":35.9000015259,"42":34.25,"43":31.3799991608,"44":30.25,"45":24.0900001526,"46":22.25,"47":19.4500007629,"48":13.4300003052,"49":13.6000003815,"50":13.4099998474,"51":11.6199998856,"52":9.9899997711,"53":8.8500003815,"54":10.9799995422,"55":10.5900001526,"56":15.7600002289,"57":18.0,"58":20.2800006866,"59":14.3100004196,"60":11.8400001526,"61":12.3999996185,"62":10.5900001526,"63":9.8999996185,"64":9.25,"65":10.1800003052,"66":13.0,"67":11.9499998093,"68":14.1800003052,"69":12.0500001907,"70":12.9799995422,"71":12.25,"72":12.1400003433,"73":12.5,"74":12.3000001907,"75":11.5699996948,"76":11.470000267,"77":11.6899995804,"78":11.4799995422,"79":11.8699998856,"80":11.8699998856},"Low":{"0":58.1500015259,"1":57.25,"2":56.5200004578,"3":56.4799995422,"4":56.9199981689,"5":57.5200004578,"6":57.5699996948,"7":57.2999992371,"8":57.6800003052,"9":57.1500015259,"10":57.6899986267,"11":58.5400009155,"12":57.5699996948,"13":57.4799995422,"14":55.9199981689,"15":55.2299995422,"16":53.0999984741,"17":54.4199981689,"18":55.1300010681,"19":52.7700004578,"20":53.4099998474,"21":52.75,"22":54.6500015259,"23":54.9000015259,"24":55.0800018311,"25":52.3100013733,"26":50.9700012207,"27":51.3100013733,"28":52.8400001526,"29":52.9099998474,"30":52.4399986267,"31":51.4900016785,"32":51.7000007629,"33":48.3699989319,"34":46.8499984741,"35":42.1800003052,"36":39.1800003052,"37":36.1599998474,"38":33.1699981689,"39":33.2099990845,"40":33.9799995422,"41":33.0800018311,"42":31.4699993134,"43":28.0,"44":26.5499992371,"45":19.7099990845,"46":17.1200008392,"47":14.779999733,"48":9.6000003815,"49":9.8699998856,"50":10.1000003815,"51":9.8299999237,"52":7.0300002098,"53":7.25,"54":8.2299995422,"55":8.4399995804,"56":11.3000001907,"57":14.3299999237,"58":15.0,"59":12.0100002289,"60":9.8199996948,"61":10.4099998474,"62":9.4499998093,"63":8.0799999237,"64":8.1199998856,"65":8.8000001907,"66":10.3599996567,"67":10.9099998474,"68":12.25,"69":11.0,"70":11.6300001144,"71":11.3900003433,"72":11.1300001144,"73":11.8000001907,"74":11.4600000381,"75":10.8100004196,"76":10.6499996185,"77":10.9200000763,"78":10.6599998474,"79":10.9099998474,"80":10.9099998474},"Close":{"0":58.8300018311,"1":57.5999984741,"2":56.7999992371,"3":56.9700012207,"4":57.5699996948,"5":58.0600013733,"6":57.9599990845,"7":57.8400001526,"8":57.9000015259,"9":57.5400009155,"10":58.5800018311,"11":59.6500015259,"12":57.9500007629,"13":57.6300010681,"14":58.2200012207,"15":55.8400001526,"16":54.1599998474,"17":55.0,"18":56.0200004578,"19":54.7999992371,"20":53.8499984741,"21":54.1899986267,"22":54.75,"23":55.1100006104,"24":55.0999984741,"25":52.8100013733,"26":51.0,"27":52.4900016785,"28":54.2099990845,"29":53.4300003052,"30":52.4599990845,"31":51.6899986267,"32":52.0200004578,"33":48.5099983215,"34":46.9700012207,"35":42.5800018311,"36":39.3100013733,"37":36.2099990845,"38":34.7400016785,"39":37.2599983215,"40":35.5900001526,"41":33.6199989319,"42":33.0,"43":28.5900001526,"44":27.1000003815,"45":19.8099994659,"46":20.5,"47":15.029999733,"48":9.6499996185,"49":11.1000003815,"50":10.9399995804,"51":10.029999733,"52":7.7699999809,"53":8.2299995422,"54":8.720000267,"55":9.6700000763,"56":13.75,"57":16.9599990845,"58":15.7100000381,"59":12.0200004578,"60":10.6800003052,"61":10.9600000381,"62":9.5500001907,"63":8.3999996185,"64":8.4600000381,"65":10.0100002289,"66":11.0100002289,"67":11.720000267,"68":13.1099996567,"69":11.3599996567,"70":12.3500003815,"71":12.0799999237,"72":11.3500003815,"73":12.3800001144,"74":11.4899997711,"75":11.0,"76":10.8699998856,"77":11.470000267,"78":10.8599996567,"79":11.654999733,"80":11.654999733},"Volume":{"0":977700,"1":1611800,"2":2302500,"3":1623100,"4":1187300,"5":782900,"6":1051900,"7":1357200,"8":1147400,"9":1212400,"10":1305200,"11":1701100,"12":2252800,"13":3227200,"14":1323800,"15":2244700,"16":2779200,"17":1484700,"18":1430400,"19":3359700,"20":2146700,"21":2456100,"22":1984800,"23":2200200,"24":1596500,"25":2369900,"26":2534900,"27":2002800,"28":1982900,"29":2246200,"30":2044500,"31":2179300,"32":2285700,"33":5621400,"34":4549900,"35":6497100,"36":5898800,"37":8127700,"38":10504600,"39":9206200,"40":7318900,"41":5704600,"42":7154900,"43":8778700,"44":12408800,"45":12091800,"46":21711700,"47":21631700,"48":29445000,"49":43494100,"50":35890800,"51":25250500,"52":24363500,"53":16537300,"54":27443900,"55":27174100,"56":46798300,"57":47730700,"58":51130200,"59":44214100,"60":32858300,"61":35119800,"62":31934400,"63":33277200,"64":24203800,"65":40974200,"66":56733100,"67":28293100,"68":53320000,"69":34352100,"70":38677100,"71":20560300,"72":20442300,"73":25069500,"74":26653400,"75":22928600,"76":18083400,"77":23018700,"78":22271600,"79":14978008,"80":14978008}}