{"Open":{"0":106.7524287555,"1":106.4737498332,"2":107.2799187223,"3":107.4889220358,"4":106.0059755231,"5":105.7671042087,"6":107.2401089938,"7":106.4936586044,"8":106.7524308828,"9":105.8964963969,"10":108.0462717882,"11":107.9467484683,"12":108.6036272554,"13":108.8623896737,"14":108.5339565023,"15":109.1410685798,"16":108.6135724572,"17":109.3102686377,"18":111.6192827766,"19":114.7046156456,"20":115.3017757909,"21":116.7250086371,"22":118.3771555155,"23":118.6757346964,"24":116.6553378863,"25":115.421209554,"26":113.5799683331,"27":115.1723889216,"28":114.3562696691,"29":113.6297276335,"30":114.09750062,"31":112.9628979049,"32":115.4212098495,"33":115.0032007326,"34":113.6993945423,"35":112.3060187111,"36":114.3662289393,"37":111.9377681062,"38":111.4699921597,"39":104.732038272,"40":102.5125827849,"41":110.2159532703,"42":111.6391912162,"43":112.0373000193,"44":110.3453483928,"45":102.2339079527,"46":107.8074086358,"47":101.3779796199,"48":91.4300003052,"49":93.1500015259,"50":87.0,"51":87.4700012207,"52":90.4400024414,"53":91.7699966431,"54":89.8199996948,"55":80.5699996948,"56":76.9100036621,"57":82.9899978638,"58":88.0500030518,"59":90.0400009155,"60":94.0299987793,"61":99.5199966431,"62":90.1200027466,"63":92.0500030518,"64":94.5299987793,"65":99.8899993896,"66":104.7200012207,"67":101.5299987793,"68":104.7799987793,"69":105.2900009155,"70":105.6500015259,"71":106.1100006104,"72":106.8899993896,"73":111.0999984741,"74":109.7699966431,"75":107.7200012207,"76":108.5,"77":106.9700012207,"78":104.7699966431,"79":107.1100006104,"80":107.1100006104},"High":{"0":107.4491131938,"1":107.9666514946,"2":107.7476958104,"3":107.747693789,"4":106.4538429959,"5":107.3794407545,"6":107.3396342584,"7":107.0211493433,"8":106.7524308828,"9":107.6979287013,"10":108.125895036,"11":108.8524458429,"12":109.6287518951,"13":108.9320581163,"14":109.1609724819,"15":109.7680845486,"16":109.7581319477,"17":111.0619345681,"18":115.2221472718,"19":115.5705013779,"20":116.2472847789,"21":118.3273904337,"22":119.661051899,"23":118.6856895009,"24":116.6752474945,"25":115.7496497549,"26":115.3017774395,"27":116.1278450809,"28":114.5155085657,"29":114.3562764988,"30":115.6998823944,"31":115.6103139587,"32":116.7747746869,"33":115.25201769,"34":114.903667703,"35":114.8738115444,"36":114.7742847974,"37":114.1174069679,"38":111.9775808573,"39":104.9509908187,"40":109.8277995523,"41":113.5301968434,"42":115.9984691927,"43":114.0477377074,"44":111.7586269063,"45":107.9069312823,"46":108.2751857203,"47":101.4775048821,"48":93.3199996948,"49":96.3700027466,"50":92.7799987793,"51":95.8799972534,"52":95.4899978638,"53":92.5999984741,"54":89.8199996948,"55":80.5699996948,"56":83.1900024414,"57":91.0199966431,"58":96.0899963379,"59":95.4400024414,"60":99.8300018311,"61":100.4000015259,"62":93.2900009155,"63":94.4499969482,"64":95.9199981689,"65":102.2699966431,"66":107.1100006104,"67":104.8099975586,"68":108.5899963379,"69":106.9899978638,"70":107.8799972534,"71":108.1100006104,"72":108.9300003052,"73":111.9100036621,"74":110.8799972534,"75":108.8600006104,"76":108.5,"77":106.9700012207,"78":105.75,"79":110.1600036621,"80":110.1600036621},"Low":{"0":106.6628507029,"1":106.2348801002,"2":106.3841761699,"3":105.8865402758,"4":104.7419811646,"5":105.4884304437,"6":106.274697981,"7":106.3244648944,"8":105.8268314858,"9":105.8964963969,"10":107.2699641059,"11":107.5187829956,"12":108.4543355637,"13":107.7078829695,"14":107.9666541606,"15":108.7230503406,"16":108.4841903765,"17":109.2804118174,"18":109.2405933956,"19":112.863371707,"20":115.0032,"21":116.4761916823,"22":117.8994236266,"23":115.3515437673,"24":114.9832876791,"25":113.6993928955,"26":113.4704882635,"27":114.1373095174,"28":112.4055457276,"29":113.4107674935,"30":114.09750062,"31":112.5946460768,"32":114.6548493789,"33":112.7837501318,"34":113.4505775853,"35":111.8581512232,"36":111.3207042441,"37":111.9377681062,"38":106.8121386122,"39":99.9945612217,"40":102.5125827849,"41":108.6135715161,"42":109.9770957544,"43":111.0619341987,"44":107.1604867419,"45":101.9751362029,"46":101.7163669185,"47":97.3272399415,"48":88.3000030518,"49":85.7200012207,"50":83.3499984741,"51":87.0,"52":89.1500015259,"53":85.5199966431,"54":79.6699981689,"55":71.6600036621,"56":76.3899993896,"57":82.2799987793,"58":88.0500030518,"59":89.2799987793,"60":92.8099975586,"61":94.5800018311,"62":90.0,"63":90.3300018311,"64":93.5699996948,"65":98.0699996948,"66":100.2200012207,"67":101.2300033569,"68":104.7799987793,"69":102.6699981689,"70":104.2699966431,"71":104.6100006104,"72":106.5,"73":109.3799972534,"74":108.7600021362,"75":104.7600021362,"76":102.8000030518,"77":102.8199996948,"78":102.9700012207,"79":107.0,"80":107.0},"Close":{"0":107.3097763062,"1":107.7675933838,"2":107.6979293823,"3":105.9163970947,"4":105.3291931152,"5":106.8419952393,"6":106.3344116211,"7":106.5832290649,"8":106.045791626,"9":107.3495864868,"10":107.797454834,"11":108.7927246094,"12":108.7330093384,"13":108.6235275269,"14":109.1112060547,"15":109.6884613037,"16":109.2604980469,"17":110.6140670776,"18":114.7941818237,"19":115.4112548828,"20":115.9088897705,"21":117.2325973511,"22":118.1084289551,"23":115.9188461304,"24":115.3017730713,"25":113.7889709473,"26":115.1823501587,"27":114.2567443848,"28":113.5202407837,"29":113.8586425781,"30":115.6501159668,"31":115.1226272583,"32":114.7245178223,"33":113.9482116699,"34":114.6349487305,"35":114.1970291138,"36":111.8780593872,"37":112.4851608276,"38":106.9415206909,"39":102.0647201538,"40":109.5988922119,"41":109.5491256714,"42":115.8193206787,"43":113.5600585938,"44":109.9770965576,"45":105.2197113037,"46":104.204536438,"47":98.8499984741,"48":88.6299972534,"49":96.0500030518,"50":85.3099975586,"51":95.0299987793,"52":91.5699996948,"53":88.0,"54":80.5,"55":72.8600006104,"56":82.9899978638,"57":86.9599990845,"58":93.8199996948,"59":92.7799987793,"60":99.4400024414,"61":94.9499969482,"62":92.2699966431,"63":93.9599990845,"64":95.2200012207,"65":101.5899963379,"66":100.9400024414,"67":104.1299972534,"68":107.9199981689,"69":103.2900009155,"70":107.5599975586,"71":106.0,"72":108.3099975586,"73":111.2399978638,"74":109.7799987793,"75":105.2699966431,"76":104.6299972534,"77":103.8499984741,"78":105.6299972534,"79":109.9800033569,"80":109.9800033569},"Volume":{"0":641300,"1":721600,"2":718400,"3":557700,"4":1167000,"5":530000,"6":427300,"7":394800,"8":705200,"9":623200,"10":1085300,"11":790800,"12":733800,"13":585900,"14":483200,"15":695900,"16":979600,"17":1058600,"18":1275100,"19":990400,"20":912300,"21":718800,"22":866700,"23":1020200,"24":910600,"25":959400,"26":941300,"27":463000,"28":582600,"29":409800,"30":530400,"31":1085100,"32":726400,"33":692300,"34":2527200,"35":1217800,"36":963600,"37":948100,"38":1342500,"39":2281000,"40":1264100,"41":1317200,"42":1206500,"43":1645100,"44":1260000,"45":1434200,"46":1989000,"47":1827400,"48":1766600,"49":1680900,"50":1417200,"51":2225400,"52":2265800,"53":1753500,"54":2161500,"55":1793900,"56":1975400,"57":1969100,"58":1699300,"59":1127300,"60":1437400,"61":1515700,"62":1058800,"63":1237100,"64":851900,"65":916800,"66":1125500,"67":744900,"68":740600,"69":805600,"70":1384400,"71":829900,"72":722700,"73":773800,"74":922800,"75":968400,"76":1362700,"77":905100,"78":843600,"79":315236,"80":315236}}