{"Open":{"0":240.7128811737,"1":237.3902346491,"2":239.4494659485,"3":239.4395309131,"4":240.4144282775,"5":239.3997311285,"6":242.5532694661,"7":241.7872713441,"8":244.9507404388,"9":247.2885353457,"10":249.5765880295,"11":251.0588333062,"12":252.7102171374,"13":257.6046669668,"14":258.0124992593,"15":255.6946384828,"16":261.2555966434,"17":265.3541771325,"18":265.3641192712,"19":264.4887138599,"20":268.0600432792,"21":267.2940657377,"22":264.8866114346,"23":262.9169305582,"24":265.3641351281,"25":268.109805513,"26":268.9056227762,"27":271.3429306178,"28":270.0198003558,"29":268.8558950077,"30":274.2576838564,"31":278.5452970806,"32":273.5911688211,"33":274.5063953431,"34":276.0881107854,"35":273.3723020834,"36":272.5167668834,"37":267.5328043186,"38":268.0400085449,"39":248.1499938965,"40":253.6499938965,"41":269.0899963379,"42":269.200012207,"43":277.049987793,"44":268.5599975586,"45":254.4600067139,"46":265.6300048828,"47":249.1999969482,"48":216.1300048828,"49":220.0500030518,"50":198.0,"51":205.4600067139,"52":209.0599975586,"53":210.0099945068,"54":205.75,"55":186.6699981689,"56":187.8500061035,"57":205.6799926758,"58":210.8999938965,"59":225.4799957275,"60":237.3099975586,"61":242.1100006104,"62":230.9600067139,"63":215.0,"64":223.9600067139,"65":230.7899932861,"66":240.3500061035,"67":229.6300048828,"68":235.8399963379,"69":242.5599975586,"70":241.8500061035,"71":240.0399932861,"72":239.9799957275,"73":242.5099945068,"74":245.4499969482,"75":235.0700073242,"76":237.9299926758,"77":246.3899993896,"78":241.7299957275,"79":242.1100006104,"80":242.1100006104},"High":{"0":242.4139886162,"1":240.1060470495,"2":241.3396038102,"3":240.9516382142,"4":241.687776964,"5":242.553275203,"6":243.4286872087,"7":245.5476316776,"8":246.5125909981,"9":250.8797806468,"10":250.9991513506,"11":252.4316685185,"12":255.9632173249,"13":259.4251460526,"14":261.3849013312,"15":262.7079991356,"16":266.3689072013,"17":267.6024453098,"18":265.4238051167,"19":268.8459631901,"20":269.2538209618,"21":268.0799699174,"22":265.9212167251,"23":266.2694173854,"24":268.9255223465,"25":270.2386716342,"26":270.3978296417,"27":272.5665209281,"28":270.8554325614,"29":274.4367341188,"30":277.6300556791,"31":281.877898671,"32":275.6802646954,"33":275.7001730571,"34":277.3117313344,"35":277.1625053214,"36":274.466575344,"37":271.8800957342,"38":270.9299926758,"39":253.9100036621,"40":268.8999938965,"41":274.299987793,"42":282.5700073242,"43":279.8599853516,"44":272.9100036621,"45":266.3200073242,"46":267.3200073242,"47":249.2200012207,"48":231.6600036621,"49":221.9900054932,"50":220.6600036621,"51":227.4700012207,"52":227.9900054932,"53":221.6300048828,"54":209.8999938965,"55":188.5700073242,"56":208.4799957275,"57":220.25,"58":234.1699981689,"59":240.3200073242,"60":248.2299957275,"61":247.8999938965,"62":231.9900054932,"63":229.5399932861,"64":228.5700073242,"65":237.0399932861,"66":240.9900054932,"67":236.1900024414,"68":250.8699951172,"69":243.8699951172,"70":244.9799957275,"71":241.3899993896,"72":240.7899932861,"73":247.1300048828,"74":247.3000030518,"75":238.1699981689,"76":248.6999969482,"77":247.75,"78":241.9499969482,"79":245.9100036621,"80":245.9100036621},"Low":{"0":236.7137622504,"1":236.9027749139,"2":239.1709218728,"3":238.9222282507,"4":239.7479110104,"5":239.2803594289,"6":241.9265376988,"7":241.7872713441,"8":244.5229817329,"9":247.2586924213,"10":249.039385034,"11":250.1038293859,"12":251.4965542831,"13":256.3213605141,"14":258.0124992593,"15":254.8391210544,"16":260.9273244615,"17":262.3399203197,"18":262.7477783924,"19":263.643123815,"20":265.3442461078,"21":264.826939259,"22":262.5488448984,"23":260.8477198764,"24":264.9761467499,"25":267.7914607452,"26":267.9307033615,"27":270.5371412664,"28":268.7166087823,"29":268.8558950077,"30":274.1084692375,"31":276.9237606723,"32":273.1236094129,"33":271.8900542772,"34":274.6357046154,"35":272.5068269067,"36":268.398261383,"37":266.6076432903,"38":255.6100006104,"39":243.0800018311,"40":252.3300018311,"41":262.8900146484,"42":269.200012207,"43":272.4400024414,"44":261.700012207,"45":254.4600067139,"46":242.3099975586,"47":238.5599975586,"48":206.0500030518,"49":196.3600006104,"50":196.7400054932,"51":204.0,"52":199.7599945068,"53":200.5399932861,"54":186.8600006104,"55":174.8000030518,"56":186.4900054932,"57":195.0700073242,"58":210.6000061035,"59":223.3899993896,"60":234.3600006104,"61":239.1600036621,"62":213.0399932861,"63":214.1399993896,"64":217.5399932861,"65":228.0200042725,"66":228.1600036621,"67":224.0399932861,"68":235.3800048828,"69":234.3800048828,"70":238.3699951172,"71":235.5299987793,"72":235.6799926758,"73":238.7700042725,"74":237.1100006104,"75":231.0599975586,"76":237.9299926758,"77":240.1300048828,"78":235.9499969482,"79":241.5599975586,"80":241.5599975586},"Close":{"0":237.380279541,"1":239.0714569092,"2":240.2652130127,"3":240.0563049316,"4":239.9468688965,"5":241.8270568848,"6":242.2846679688,"7":245.1198577881,"8":246.4429473877,"9":250.2729492188,"10":250.9593658447,"11":252.083480835,"12":255.5553741455,"13":258.5497131348,"14":258.7287597656,"15":262.3498840332,"16":265.3541870117,"17":264.4290161133,"18":264.3792724609,"19":268.5276184082,"20":266.8066101074,"21":265.423828125,"22":263.1656188965,"23":265.3243408203,"24":266.9359130859,"25":268.1396484375,"26":270.3281860352,"27":270.7360839844,"28":268.8558959961,"29":274.0388183594,"30":277.0729675293,"31":280.5747070312,"32":273.2430114746,"33":275.5907287598,"34":276.1477966309,"35":272.516784668,"36":268.9255065918,"37":268.0700073242,"38":255.8500061035,"39":252.7599945068,"40":268.3500061035,"41":265.1499938965,"42":282.2200012207,"43":276.1600036621,"44":271.8200073242,"45":261.2799987793,"46":255.7299957275,"47":241.2599945068,"48":208.8899993896,"49":221.5599975586,"50":201.3699951172,"51":221.7599945068,"52":210.6399993896,"53":207.1000061035,"54":191.75,"55":181.6600036621,"56":206.5299987793,"57":210.2700042725,"58":231.1000061035,"59":231.9499969482,"60":246.0099945068,"61":240.6199951172,"62":218.2299957275,"63":226.4499969482,"64":221.6399993896,"65":234.5099945068,"66":228.4900054932,"67":233.5,"68":245.2799987793,"69":236.2100067139,"70":242.3800048828,"71":237.2200012207,"72":237.4799957275,"73":246.2599945068,"74":237.6100006104,"75":235.4199981689,"76":247.1699981689,"77":241.1399993896,"78":239.6999969482,"79":245.5894012451,"80":245.5894012451},"Volume":{"0":1971200,"1":1774300,"2":1379700,"3":1663300,"4":1484000,"5":1739500,"6":1281400,"7":1469900,"8":2063200,"9":1599300,"10":1978600,"11":2338500,"12":2871600,"13":1766400,"14":2553100,"15":2577600,"16":2169700,"17":2065700,"18":1502100,"19":1582200,"20":1884200,"21":2760300,"22":2620700,"23":2166700,"24":1968600,"25":1602500,"26":1916700,"27":1962700,"28":1459100,"29":1875100,"30":1838700,"31":2447400,"32":5283700,"33":2682900,"34":2757700,"35":2272900,"36":2571400,"37":2387900,"38":3651000,"39":6868700,"40":4826400,"41":3909000,"42":3678300,"43":3103000,"44":3639100,"45":3891100,"46":5935900,"47":4907800,"48":7917100,"49":7896600,"50":5060100,"51":5384500,"52":5549500,"53":4360300,"54":5620600,"55":5915400,"56":4475200,"57":4448600,"58":3663800,"59":4046100,"60":4093400,"61":4724800,"62":3422800,"63":2308600,"64":2188900,"65":3316900,"66":2626800,"67":4572700,"68":4896900,"69":2689300,"70":2918300,"71":2497700,"72":2582800,"73":2738200,"74":2178600,"75":2655500,"76":2939900,"77":2340100,"78":2007300,"79":623028,"80":623028}}