{"Open":{"0":43.4273966378,"1":43.6268350715,"2":43.6368065268,"3":43.0384966224,"4":43.138214843,"5":41.6224974088,"6":41.6125202841,"7":42.4102705518,"8":42.1510020215,"9":42.8689770883,"10":43.3276826836,"11":43.7165806638,"12":43.1083001286,"13":43.616865224,"14":43.1282428527,"15":43.5271198456,"16":44.7037954001,"17":44.0855385563,"18":44.1752859335,"19":44.773600229,"20":44.8234564963,"21":44.6938219194,"22":44.7935401632,"23":43.9459332946,"24":44.205205067,"25":44.4545010706,"26":43.9658795601,"27":44.2849761298,"28":43.9758492454,"29":44.2251437485,"30":43.7564705511,"31":44.1852616551,"32":45.6212042026,"33":46.4588407657,"34":48.8221673305,"35":51.0060050705,"36":49.3606465221,"37":48.7423963459,"38":49.79940988,"39":43.5670040206,"40":45.5214875282,"41":46.9175445571,"42":50.2000007629,"43":51.2099990845,"44":52.1800003052,"45":50.0,"46":48.5499992371,"47":47.4599990845,"48":41.3400001526,"49":45.9099998474,"50":34.3800010681,"51":40.5999984741,"52":44.4799995422,"53":41.4399986267,"54":42.3499984741,"55":41.4399986267,"56":45.1199989319,"57":47.1500015259,"58":48.1899986267,"59":47.2599983215,"60":46.4000015259,"61":45.6800003052,"62":45.0400009155,"63":47.0699996948,"64":48.2700004578,"65":48.4300003052,"66":50.0699996948,"67":49.7900009155,"68":51.1300010681,"69":57.2200012207,"70":60.0800018311,"71":58.5400009155,"72":57.8499984741,"73":57.0800018311,"74":59.1300010681,"75":58.4900016785,"76":60.9500007629,"77":62.6399993896,"78":63.5499992371,"79":63.2599983215,"80":63.2599983215},"High":{"0":43.7564694428,"1":43.9160195769,"2":43.7265533137,"3":43.3974837657,"4":43.2678499383,"5":42.1410301845,"6":42.2307737807,"7":42.7892018608,"8":42.7293672284,"9":43.5271189174,"10":43.7165841682,"11":43.8861002496,"12":43.6368068759,"13":43.736526336,"14":43.806328825,"15":44.23512017,"16":45.2323021149,"17":44.3647528836,"18":44.5841315499,"19":45.0926990692,"20":45.2821605809,"21":45.5813157726,"22":44.8434024473,"23":44.3448087313,"24":44.474441622,"25":44.5641882054,"26":44.514330459,"27":44.5442425,"28":44.2351194301,"29":44.2550618788,"30":44.215174651,"31":45.6012623028,"32":46.2893161868,"33":48.8520858475,"34":49.4503948252,"35":51.1954688169,"36":50.9262263196,"37":49.6996928853,"38":50.0287619383,"39":44.8434031946,"40":46.7779386993,"41":50.7965928599,"42":51.0699996948,"43":52.2400016785,"44":52.5,"45":50.5800018311,"46":48.9099998474,"47":48.2999992371,"48":47.8499984741,"49":46.2000007629,"50":43.1899986267,"51":46.4700012207,"52":46.8699989319,"53":46.3600006104,"54":43.0200004578,"55":43.9399986267,"56":48.2999992371,"57":48.9500007629,"58":50.2900009155,"59":48.8899993896,"60":48.7999992371,"61":47.7000007629,"62":47.2900009155,"63":49.75,"64":49.5999984741,"65":51.1399993896,"66":51.4099998474,"67":50.7799987793,"68":57.7000007629,"69":60.4599990845,"70":61.5299987793,"71":59.7000007629,"72":60.0,"73":59.4399986267,"74":60.2200012207,"75":60.0400009155,"76":62.1500015259,"77":64.6500015259,"78":63.8800010681,"79":63.6739997864,"80":63.6739997864},"Low":{"0":43.0684095065,"1":42.6695385749,"2":42.8590035759,"3":42.8590030507,"4":41.8418753016,"5":41.4330298523,"6":41.582605958,"7":42.2407509528,"8":41.9914526054,"9":42.7493121711,"10":42.9686955274,"11":43.2379324286,"12":42.9686948598,"13":43.2977625854,"14":43.0085817411,"15":43.3376522912,"16":44.1254264033,"17":43.6168642927,"18":43.916019559,"19":44.3049221433,"20":44.7436798882,"21":44.6738777672,"22":43.4074538759,"23":43.726551424,"24":44.0456518434,"25":43.8063294165,"26":43.9060471006,"27":43.9359629768,"28":43.4972009861,"29":43.6567487247,"30":43.6766939403,"31":44.1353993699,"32":45.4716249623,"33":46.2693770199,"34":48.2039138141,"35":49.8392968529,"36":48.9218865891,"37":48.3734352139,"38":46.2893187628,"39":42.2507203443,"40":45.2622173506,"41":46.4089819776,"42":48.5499992371,"43":50.4300003052,"44":50.1599998474,"45":47.75,"46":46.3699989319,"47":44.8600006104,"48":39.5299987793,"49":39.3899993896,"50":33.0,"51":40.5800018311,"52":40.0099983215,"53":37.1300010681,"54":39.1500015259,"55":40.3899993896,"56":43.6100006104,"57":45.2700004578,"58":46.9199981689,"59":45.7099990845,"60":45.6399993896,"61":44.5900001526,"62":44.7799987793,"63":46.5600013733,"64":47.0699996948,"65":48.4300003052,"66":49.3600006104,"67":49.3600006104,"68":51.1300010681,"69":56.3300018311,"70":58.8100013733,"71":57.0600013733,"72":57.8499984741,"73":57.0800018311,"74":58.5,"75":57.6399993896,"76":60.5,"77":62.2099990845,"78":61.7599983215,"79":60.8600006104,"80":60.8600006104},"Close":{"0":43.0983276367,"1":42.7094268799,"2":43.1382141113,"3":43.1082992554,"4":41.9615402222,"5":41.5427207947,"6":42.1510009766,"7":42.3304977417,"8":42.7094268799,"9":43.3974838257,"10":43.6966400146,"11":43.3575935364,"12":43.5869483948,"13":43.6567497253,"14":43.5769767761,"15":44.1653175354,"16":44.4345550537,"17":44.1752853394,"18":44.4943847656,"19":44.8434028625,"20":44.9331474304,"21":45.4616546631,"22":44.1054840088,"23":44.1752853394,"24":44.2650337219,"25":43.8960762024,"26":44.2949485779,"27":44.0955123901,"28":43.7664413452,"29":43.886100769,"30":43.9459342957,"31":45.4516868591,"32":46.040019989,"33":47.9645881653,"34":49.3008155823,"35":50.1185073853,"36":49.0016593933,"37":49.2609329224,"38":46.3990097046,"39":44.504360199,"40":46.6981658936,"41":49.5900001526,"42":51.0,"43":52.0800018311,"44":52.3499984741,"45":47.7799987793,"46":48.3800010681,"47":46.0200004578,"48":44.4399986267,"49":39.5,"50":40.7299995422,"51":45.7999992371,"52":41.5699996948,"53":41.7400016785,"54":40.5600013733,"55":41.6599998474,"56":47.5,"57":47.5400009155,"58":48.2799987793,"59":46.3499984741,"60":46.3600006104,"61":45.2799987793,"62":46.4700012207,"63":48.2299995422,"64":47.1500015259,"65":50.1100006104,"66":49.9599990845,"67":50.5299987793,"68":57.3100013733,"69":59.7700004578,"70":59.8899993896,"71":58.2200012207,"72":59.9000015259,"73":59.2299995422,"74":59.5400009155,"75":59.2700004578,"76":61.7299995422,"77":62.4399986267,"78":63.1100006104,"79":62.3800010681,"80":62.3800010681},"Volume":{"0":6287500,"1":9148900,"2":10416400,"3":9378300,"4":9455300,"5":6096000,"6":6672600,"7":4808200,"8":6072600,"9":5997900,"10":5895500,"11":9702500,"12":7471400,"13":4257500,"14":5526700,"15":5677500,"16":7131800,"17":6324400,"18":4064400,"19":6521700,"20":7670900,"21":8395300,"22":10062600,"23":7318000,"24":4995000,"25":4691300,"26":4596500,"27":4584700,"28":4985100,"29":6076700,"30":6226600,"31":7514400,"32":8137500,"33":12255900,"34":10402900,"35":14746600,"36":11595000,"37":8875600,"38":13346800,"39":20172200,"40":12708700,"41":18278800,"42":10207100,"43":9960700,"44":12278100,"45":12440500,"46":13334700,"47":11533000,"48":14944800,"49":17784400,"50":17769500,"51":13940500,"52":12221100,"53":10520200,"54":11641500,"55":11250200,"56":11861300,"57":11293700,"58":10892400,"59":8734900,"60":8988400,"61":10537400,"62":8534100,"63":9184000,"64":7800400,"65":11003900,"66":7001900,"67":5422000,"68":15206700,"69":11329700,"70":11337500,"71":8304200,"72":7570800,"73":10473200,"74":8867500,"75":8977800,"76":8482400,"77":7648300,"78":6970900,"79":3128550,"80":3128550}}