{"Open":{"0":326.1000061035,"1":326.7799987793,"2":323.1199951172,"3":336.4700012207,"4":331.4899902344,"5":342.0,"6":337.1300048828,"7":331.799987793,"8":344.3999938965,"9":338.6799926758,"10":343.5,"11":341.0,"12":340.0,"13":332.549987793,"14":326.0400085449,"15":348.4599914551,"16":345.950012207,"17":345.8800048828,"18":349.0,"19":341.1000061035,"20":347.3900146484,"21":347.2399902344,"22":361.0,"23":375.1300048828,"24":369.6000061035,"25":365.0400085449,"26":365.0,"27":373.75,"28":377.1799926758,"29":376.9599914551,"30":381.4700012207,"31":379.299987793,"32":388.1199951172,"33":386.5599975586,"34":385.3299865723,"35":364.7600097656,"36":372.0,"37":366.3099975586,"38":371.4599914551,"39":364.2099914551,"40":373.1099853516,"41":381.0299987793,"42":377.7699890137,"43":381.0,"44":367.700012207,"45":343.8599853516,"46":356.4299926758,"47":358.9200134277,"48":326.5,"49":330.5100097656,"50":306.6300048828,"51":306.1900024414,"52":302.3999938965,"53":324.3299865723,"54":342.3099975586,"55":347.8900146484,"56":369.9899902344,"57":361.0199890137,"58":344.0,"59":359.0899963379,"60":363.0,"61":367.9299926758,"62":376.049987793,"63":364.0799865723,"64":367.4700012207,"65":365.2200012207,"66":380.0,"67":374.0100097656,"68":371.0599975586,"69":371.3099975586,"70":397.5,"71":413.0,"72":437.0,"73":431.0,"74":435.1700134277,"75":444.7699890137,"76":429.7300109863,"77":419.2600097656,"78":425.0,"79":425.0,"80":425.0},"High":{"0":329.9800109863,"1":329.8599853516,"2":336.3599853516,"3":336.700012207,"4":342.700012207,"5":343.4200134277,"6":338.5,"7":340.8500061035,"8":345.3800048828,"9":343.1700134277,"10":343.5599975586,"11":341.5700073242,"12":341.0,"13":336.299987793,"14":349.8800048828,"15":359.8500061035,"16":351.8999938965,"17":352.3999938965,"18":349.3999938965,"19":348.200012207,"20":347.3900146484,"21":359.6300048828,"22":369.5700073242,"23":375.25,"24":371.549987793,"25":371.799987793,"26":374.799987793,"27":378.1099853516,"28":380.6199951172,"29":385.3699951172,"30":385.1499938965,"31":389.5400085449,"32":392.950012207,"33":389.700012207,"34":387.3200073242,"35":372.8200073242,"36":375.6499938965,"37":382.0,"38":391.5599975586,"39":376.7699890137,"40":381.3599853516,"41":393.5199890137,"42":384.0100097656,"43":391.3999938965,"44":371.3099975586,"45":357.4700012207,"46":364.5400085449,"47":362.9800109863,"48":335.7200012207,"49":336.4200134277,"50":334.3500061035,"51":322.8999938965,"52":331.5799865723,"53":348.5100097656,"54":350.4899902344,"55":366.1099853516,"56":372.9299926758,"57":362.0,"58":363.8399963379,"59":368.5599975586,"60":377.799987793,"61":383.0100097656,"62":380.2300109863,"63":370.9899902344,"64":370.8999938965,"65":380.2900085449,"66":381.3299865723,"67":378.3900146484,"68":372.1000061035,"69":400.5100097656,"70":417.8200073242,"71":434.9800109863,"72":449.5199890137,"73":432.0,"74":444.4899902344,"75":447.0,"76":433.0,"77":438.4100036621,"78":427.1700134277,"79":428.9100036621,"80":428.9100036621},"Low":{"0":324.7799987793,"1":325.5299987793,"2":321.200012207,"3":330.299987793,"4":331.049987793,"5":334.6099853516,"6":327.2699890137,"7":331.5100097656,"8":335.5199890137,"9":336.6000061035,"10":335.8500061035,"11":337.3800048828,"12":332.5899963379,"13":323.6000061035,"14":325.0100097656,"15":345.8800048828,"16":341.0199890137,"17":342.7799987793,"18":338.549987793,"19":339.25,"20":340.9800109863,"21":346.2799987793,"22":356.1000061035,"23":362.299987793,"24":362.5100097656,"25":363.5700073242,"26":362.5199890137,"27":369.7200012207,"28":375.8800048828,"29":376.5100097656,"30":379.4299926758,"31":379.1900024414,"32":384.8999938965,"33":376.6799926758,"34":377.8999938965,"35":361.0,"36":357.7200012207,"37":365.0,"38":370.6000061035,"39":356.799987793,"40":364.5,"41":367.3999938965,"42":370.5100097656,"43":368.6400146484,"44":356.8500061035,"45":341.7200012207,"46":347.8500061035,"47":344.7900085449,"48":307.3200073242,"49":307.3900146484,"50":294.75,"51":290.25,"52":300.0,"53":316.8200073242,"54":332.0,"55":340.8800048828,"56":353.0299987793,"57":339.1700134277,"58":341.7300109863,"59":353.0,"60":361.1700134277,"61":366.4400024414,"62":361.0199890137,"63":360.0599975586,"64":357.5100097656,"65":361.7099914551,"66":369.3399963379,"67":368.3099975586,"68":363.0299987793,"69":367.700012207,"70":394.8500061035,"71":412.25,"72":431.6099853516,"73":414.700012207,"74":430.5599975586,"75":425.6000061035,"76":413.0,"77":419.2600097656,"78":415.8800048828,"79":420.8500061035,"80":420.8500061035},"Close":{"0":329.8099975586,"1":325.8999938965,"2":335.8299865723,"3":330.75,"4":339.2600097656,"5":335.6600036621,"6":329.049987793,"7":338.9200134277,"8":338.6900024414,"9":339.0700073242,"10":338.6199951172,"11":339.6700134277,"12":338.1099853516,"13":326.0,"14":349.6000061035,"15":353.1600036621,"16":342.8800048828,"17":348.5199890137,"18":343.1600036621,"19":347.7399902344,"20":345.0899963379,"21":358.0,"22":369.0100097656,"23":369.6700134277,"24":366.950012207,"25":366.7699890137,"26":371.0700073242,"27":373.6900024414,"28":380.0100097656,"29":381.3999938965,"30":380.3999938965,"31":387.7799987793,"32":386.1900024414,"33":386.0,"34":380.0700073242,"35":368.700012207,"36":360.0899963379,"37":379.2399902344,"38":371.7099914551,"39":369.0299987793,"40":381.049987793,"41":368.7699890137,"42":383.7900085449,"43":372.7799987793,"44":368.9700012207,"45":346.4899902344,"46":364.1300048828,"47":349.9200134277,"48":315.25,"49":336.299987793,"50":298.8399963379,"51":319.75,"52":315.4700012207,"53":332.0299987793,"54":332.8299865723,"55":360.2699890137,"56":357.3200073242,"57":342.3900146484,"58":362.9899902344,"59":357.1199951172,"60":370.9599914551,"61":375.5,"62":364.0799865723,"63":370.0799865723,"64":361.7600097656,"65":379.9599914551,"66":372.2799987793,"67":371.1199951172,"68":370.7200012207,"69":396.7200012207,"70":413.549987793,"71":426.75,"72":439.1700134277,"73":422.9599914551,"74":437.4899902344,"75":433.8299865723,"76":421.4200134277,"77":426.700012207,"78":424.9899902344,"79":425.9599914551,"80":425.9599914551},"Volume":{"0":4485800,"1":3806900,"2":5663100,"3":4703200,"4":7104500,"5":4709300,"6":4718300,"7":6290000,"8":7199400,"9":5158000,"10":5016000,"11":6066500,"12":14350300,"13":21730000,"14":18200300,"15":17939700,"16":7709500,"17":6821600,"18":7643500,"19":5328100,"20":5230000,"21":6674900,"22":7161500,"23":6437000,"24":3920400,"25":4385200,"26":5294100,"27":4772900,"28":4624800,"29":4485400,"30":3736300,"31":5173900,"32":4896400,"33":4079400,"34":3930100,"35":6936400,"36":6481200,"37":8934100,"38":10967700,"39":11178600,"40":6997900,"41":8364600,"42":5487300,"43":8747000,"44":8147200,"45":7405500,"46":7604400,"47":6036000,"48":12071600,"49":9458200,"50":10559900,"51":10013900,"52":12593600,"53":10616000,"54":10853800,"55":13449400,"56":11638700,"57":8767200,"58":7229600,"59":7948800,"60":8622000,"61":9366500,"62":6672500,"63":4592500,"64":4860800,"65":8183900,"66":7046400,"67":6908900,"68":7711300,"69":11692900,"70":11581000,"71":13561200,"72":16128700,"73":12616300,"74":12655800,"75":23177600,"76":21123800,"77":13952300,"78":8658900,"79":3073973,"80":3073973}}