{"Open":{"0":101.0795564734,"1":100.311686107,"2":100.6706934216,"3":101.528313607,"4":101.0296938914,"5":101.6579527289,"6":101.6080931172,"7":100.7205556613,"8":102.1665378283,"9":102.9643263276,"10":102.595349883,"11":103.1438287087,"12":103.9615606336,"13":104.7094882902,"14":103.7421701409,"15":103.3033849306,"16":97.9382719295,"17":100.0623732633,"18":100.7903590315,"19":98.7460327737,"20":97.8385513921,"21":98.7260888181,"22":101.6280425687,"23":101.4784512673,"24":100.620830751,"25":99.5338426282,"26":98.9454812342,"27":99.7931279489,"28":100.461270072,"29":102.2263784647,"30":103.2435503181,"31":102.7150219188,"32":102.3759648786,"33":102.1765166095,"34":101.7177837876,"35":95.2756590455,"36":96.0834187736,"37":92.822466545,"38":89.7509853593,"39":86.0299987793,"40":89.5999984741,"41":92.7399978638,"42":92.0800018311,"43":91.2600021362,"44":88.3600006104,"45":81.8899993896,"46":86.6900024414,"47":84.0,"48":78.2300033569,"49":78.1999969482,"50":65.2799987793,"51":67.5100021362,"52":64.7900009155,"53":67.0400009155,"54":71.5100021362,"55":65.0,"56":65.6999969482,"57":80.1100006104,"58":80.1699981689,"59":81.6999969482,"60":84.0,"61":85.1299972534,"62":79.4899978638,"63":79.0,"64":79.3600006104,"65":81.9100036621,"66":88.6999969482,"67":84.6999969482,"68":86.6900024414,"69":85.8000030518,"70":85.9499969482,"71":84.8700027466,"72":85.4300003052,"73":89.0,"74":88.4300003052,"75":85.9899978638,"76":86.9800033569,"77":88.9400024414,"78":88.8899993896,"79":88.3799972534,"80":88.3799972534},"High":{"0":101.9272031609,"1":101.7177886014,"2":101.5582304043,"3":102.4557408234,"4":101.8573992802,"5":102.1266535404,"6":101.6479833594,"7":102.0568445299,"8":103.6025560644,"9":103.4130782174,"10":103.2834432324,"11":104.2607326158,"12":104.4003456742,"13":105.3277756267,"14":104.0812333903,"15":103.6025579379,"16":100.4313549364,"17":100.7704155139,"18":101.0197260147,"19":99.4740163917,"20":98.1776070335,"21":100.6407747752,"22":102.4956306133,"23":101.6878693237,"24":101.2490849239,"25":100.1222141688,"26":100.231913,"27":100.072352033,"28":102.7947997078,"29":103.4529710521,"30":103.602554873,"31":103.0939678044,"32":103.1039408605,"33":102.3460444339,"34":101.7975642675,"35":96.8014245954,"36":96.4922880439,"37":94.3881223388,"38":92.8025164269,"39":89.4700012207,"40":93.1399993896,"41":94.9800033569,"42":93.8199996948,"43":91.6800003052,"44":89.3899993896,"45":86.7399978638,"46":88.4000015259,"47":84.6299972534,"48":78.4899978638,"49":78.1999969482,"50":72.9700012207,"51":73.3300018311,"52":68.3300018311,"53":72.7099990845,"54":74.0599975586,"55":66.8799972534,"56":72.6600036621,"57":83.4899978638,"58":86.8600006104,"59":85.7399978638,"60":85.9599990845,"61":85.7300033569,"62":81.1800003052,"63":81.5999984741,"64":79.7900009155,"65":85.0400009155,"66":88.8700027466,"67":85.7699966431,"68":87.3899993896,"69":85.9899978638,"70":87.7699966431,"71":85.8799972534,"72":86.5299987793,"73":90.25,"74":89.4400024414,"75":86.9000015259,"76":89.4400024414,"77":89.5299987793,"78":89.1200027466,"79":89.1900024414,"80":89.1900024414},"Low":{"0":100.7404932334,"1":100.0324620223,"2":100.590920544,"3":100.5310803682,"4":100.5709675286,"5":101.109471437,"6":100.4812223072,"7":100.5410533766,"8":102.0668160304,"9":102.196460123,"10":102.5654341041,"11":103.0540737657,"12":103.5227755929,"13":104.1310911956,"14":102.336075264,"15":101.3787321326,"16":97.7388283323,"17":99.2446423631,"18":98.8956144333,"19":97.1006040027,"20":95.6546082153,"21":98.297278229,"22":100.9798394447,"23":99.2546179121,"24":99.8828803181,"25":98.6961703975,"26":98.7260887086,"27":99.1648737597,"28":100.162104678,"29":101.3986730746,"30":102.1665366534,"31":101.3288683482,"32":102.1465978929,"33":100.2718050821,"34":99.3543384253,"35":94.9864605099,"36":92.3637431412,"37":91.7354784187,"38":88.2551356033,"39":85.1500015259,"40":87.9100036621,"41":90.5699996948,"42":90.8399963379,"43":89.9400024414,"44":85.8799972534,"45":80.9199981689,"46":82.8799972534,"47":82.0699996948,"48":73.0,"49":71.7600021362,"50":63.3699989319,"51":62.4000015259,"52":60.0,"53":64.1500015259,"54":67.1999969482,"55":60.5800018311,"56":64.0,"57":76.1999969482,"58":80.0100021362,"59":79.5100021362,"60":81.5,"61":82.4000015259,"62":78.5299987793,"63":77.1600036621,"64":77.9100036621,"65":81.2099990845,"66":84.0299987793,"67":83.6100006104,"68":85.1600036621,"69":84.1399993896,"70":85.4800033569,"71":83.7099990845,"72":84.5500030518,"73":88.3600006104,"74":87.5199966431,"75":85.0899963379,"76":86.4199981689,"77":87.2600021362,"78":87.6500015259,"79":87.3199996948,"80":87.3199996948},"Close":{"0":101.9172286987,"1":101.6380081177,"2":101.5482635498,"3":101.4983978271,"4":101.2690353394,"5":101.1992263794,"6":100.6208343506,"7":101.8773498535,"8":102.6352386475,"9":102.5055999756,"10":103.0839996338,"11":104.2407836914,"12":104.2906494141,"13":104.2008972168,"14":102.7349624634,"15":101.7477035522,"16":99.9626541138,"17":100.1321868896,"18":99.5637588501,"19":97.9183349609,"20":96.0335617065,"21":98.9953384399,"22":101.0995025635,"23":100.2618255615,"24":99.9925689697,"25":99.1648712158,"26":99.7432632446,"27":99.7432632446,"28":102.7150192261,"29":103.0839996338,"30":103.2535247803,"31":101.7177886963,"32":102.1765136719,"33":102.2463226318,"34":99.9726257324,"35":95.6446380615,"36":92.6429672241,"37":91.7454528809,"38":88.3050003052,"39":89.3799972534,"40":92.6800003052,"41":90.9300003052,"42":93.7900009155,"43":90.5800018311,"44":88.3600006104,"45":84.1100006104,"46":88.3000030518,"47":84.0,"48":74.1999969482,"49":75.5800018311,"50":66.7900009155,"51":69.8399963379,"52":68.0400009155,"53":70.3399963379,"54":67.4499969482,"55":62.7999992371,"56":72.3300018311,"57":79.0100021362,"58":84.3000030518,"59":83.2300033569,"60":85.3799972534,"61":82.7399978638,"62":79.2300033569,"63":80.1399993896,"64":78.8600006104,"65":84.6299972534,"66":84.1600036621,"67":85.3000030518,"68":86.7900009155,"69":84.4599990845,"70":87.4700012207,"71":85.0400009155,"72":86.3000030518,"73":89.9100036621,"74":87.9000015259,"75":85.1999969482,"76":88.7699966431,"77":87.3499984741,"78":88.3700027466,"79":88.9300003052,"80":88.9300003052},"Volume":{"0":5644100,"1":4541800,"2":4612400,"3":6719900,"4":4942200,"5":5007500,"6":5135300,"7":6722400,"8":5088500,"9":4209200,"10":6571700,"11":6271200,"12":4854700,"13":5031400,"14":7102900,"15":3839300,"16":9841400,"17":5673200,"18":4503700,"19":7065100,"20":8780300,"21":9727700,"22":6559600,"23":6108300,"24":5641800,"25":4121800,"26":4213900,"27":4871800,"28":8075600,"29":5386800,"30":4305300,"31":4916200,"32":6200500,"33":6427600,"34":5750900,"35":8364200,"36":9602100,"37":9308400,"38":12825700,"39":16565700,"40":14102000,"41":14767600,"42":6904400,"43":8851100,"44":12336400,"45":13272700,"46":12755900,"47":16172000,"48":21534800,"49":21859600,"50":17976700,"51":17122100,"52":19498800,"53":16177200,"54":15761900,"55":17690000,"56":18849500,"57":27053200,"58":17200800,"59":14183400,"60":10960100,"61":9610100,"62":9771300,"63":12731300,"64":8476900,"65":11266500,"66":10468100,"67":6642700,"68":7773600,"69":5077600,"70":6397200,"71":8053900,"72":9373800,"73":8111400,"74":7244400,"75":6597000,"76":6463900,"77":5343500,"78":4450100,"79":3213086,"80":3213086}}