{"Open":{"0":14.707524545,"1":14.7764380227,"2":14.9200098701,"3":15.1554689813,"4":15.3622126828,"5":15.3507268918,"6":15.7297565641,"7":15.3622136297,"8":15.2818131529,"9":15.4138984946,"10":15.8216428864,"11":16.0341317157,"12":16.0800716538,"13":16.1375030825,"14":16.1949307457,"15":16.2753317054,"16":15.9192724657,"17":15.7814431645,"18":15.9020442843,"19":15.7929291619,"20":16.2523606239,"21":16.5995913179,"22":17.2258042393,"23":17.5339393616,"24":17.6432775115,"25":18.9255220164,"26":19.8201114517,"27":20.237585213,"28":20.595419408,"29":20.3966246464,"30":20.5954205803,"31":20.3270457858,"32":20.3966243928,"33":20.5258413771,"34":20.6499996185,"35":20.1000003815,"36":20.0300006866,"37":19.4500007629,"38":18.4599990845,"39":18.3999996185,"40":19.0400009155,"41":19.8299999237,"42":19.5200004578,"43":19.3199996948,"44":18.9200000763,"45":17.3500003815,"46":17.7399997711,"47":17.5200004578,"48":16.4799995422,"49":18.1200008392,"50":16.0100002289,"51":16.9300003052,"52":15.720000267,"53":16.5599994659,"54":16.7000007629,"55":16.75,"56":17.1499996185,"57":17.7800006866,"58":17.9699993134,"59":18.3999996185,"60":19.2399997711,"61":18.9699993134,"62":18.1499996185,"63":18.5300006866,"64":18.4099998474,"65":18.7800006866,"66":19.5,"67":19.1100006104,"68":19.3299999237,"69":19.2600002289,"70":19.1700000763,"71":18.8199996948,"72":20.2399997711,"73":20.6900005341,"74":20.0900001526,"75":19.75,"76":19.6299991608,"77":19.8600006104,"78":20.2099990845,"79":21.3999996185,"80":21.3999996185},"High":{"0":14.9487256884,"1":14.9142670863,"2":15.3736981559,"3":15.3736991645,"4":15.4426126977,"5":15.3966699147,"6":15.7699565708,"7":15.4024136397,"8":15.534499235,"9":15.7986717103,"10":16.0456160776,"11":16.2064177926,"12":16.4246448368,"13":16.4361332916,"14":16.4820749001,"15":16.29256075,"16":15.9939305636,"17":15.9192722333,"18":16.0743303465,"19":16.2983024131,"20":16.4246477941,"21":17.5140598557,"22":17.4345426116,"23":17.7625579335,"24":17.8917743779,"25":20.6451198552,"26":20.3270453085,"27":20.8936167824,"28":20.6650001225,"29":20.9731373401,"30":20.7345801212,"31":20.5357822575,"32":20.764398714,"33":20.7445198392,"34":20.7900009155,"35":20.3199996948,"36":20.2800006866,"37":19.8999996185,"38":19.2399997711,"39":19.0300006866,"40":19.9500007629,"41":20.3600006104,"42":19.9300003052,"43":19.5799999237,"44":19.3299999237,"45":17.9699993134,"46":18.0300006866,"47":18.0300006866,"48":17.7099990845,"49":18.3400001526,"50":17.5699996948,"51":17.2700004578,"52":16.9099998474,"53":17.2600002289,"54":17.0900001526,"55":16.8999996185,"56":17.9699993134,"57":18.9899997711,"58":18.8299999237,"59":19.3899993896,"60":19.6700000763,"61":19.5200004578,"62":19.2199993134,"63":18.9500007629,"64":18.7600002289,"65":19.1200008392,"66":19.6599998474,"67":19.7099990845,"68":19.8199996948,"69":19.4099998474,"70":19.4200000763,"71":20.2000007629,"72":20.6100006104,"73":20.7399997711,"74":20.2999992371,"75":19.9699993134,"76":20.0200004578,"77":20.2900009155,"78":21.2199993134,"79":21.8250007629,"80":21.8250007629},"Low":{"0":14.6558385074,"1":14.701781024,"2":14.8855528786,"3":15.0406119702,"4":15.1899266235,"5":15.1439838366,"6":14.960210136,"7":15.0520973895,"8":15.276070138,"9":15.3851845169,"10":15.8044149377,"11":15.9939317041,"12":16.0513576782,"13":16.1030460877,"14":16.0628436022,"15":15.9709584897,"16":15.7010433774,"17":15.706786163,"18":15.8733292104,"19":15.7412431243,"20":16.0858175642,"21":16.5399507053,"22":16.8580280101,"23":17.4643605381,"24":17.4444792601,"25":18.8460012001,"26":19.7306524242,"27":20.0785473717,"28":20.237585213,"29":20.3966246464,"30":20.4662030378,"31":20.2077664478,"32":20.3369837765,"33":20.3071648109,"34":20.2600002289,"35":19.7800006866,"36":19.0200004578,"37":19.25,"38":18.4500007629,"39":17.9699993134,"40":18.8799991608,"41":19.0400009155,"42":19.4500007629,"43":19.0599994659,"44":18.3299999237,"45":15.9099998474,"46":17.0100002289,"47":17.3500003815,"48":15.8999996185,"49":16.9500007629,"50":15.7700004578,"51":15.7399997711,"52":15.1199998856,"53":15.8299999237,"54":15.9899997711,"55":16.0599994659,"56":16.2299995422,"57":17.0400009155,"58":17.9400005341,"59":18.1100006104,"60":18.8199996948,"61":18.4699993134,"62":18.0400009155,"63":18.1499996185,"64":18.1800003052,"65":18.4799995422,"66":18.8899993896,"67":18.8999996185,"68":18.8400001526,"69":18.6299991608,"70":18.9500007629,"71":18.7600002289,"72":19.8999996185,"73":19.9099998474,"74":19.7900009155,"75":19.0599994659,"76":19.4099998474,"77":19.6499996185,"78":19.8899993896,"79":21.079000473,"80":21.079000473},"Close":{"0":14.9429826736,"1":14.8338670731,"2":15.1554679871,"3":15.3622131348,"4":15.2818126678,"5":15.327755928,"6":15.2128973007,"7":15.2760705948,"8":15.379442215,"9":15.7929286957,"10":16.0111579895,"11":16.1547317505,"12":16.1087856293,"13":16.200674057,"14":16.3097877502,"15":16.1202735901,"16":15.7527294159,"17":15.8963012695,"18":15.8963012695,"19":16.2523593903,"20":16.3212757111,"21":17.0468845367,"22":17.4246025085,"23":17.5339393616,"24":17.504119873,"25":19.611371994,"26":20.0785484314,"27":20.486082077,"28":20.486082077,"29":20.635181427,"30":20.5357818604,"31":20.4065647125,"32":20.57554245,"33":20.6650009155,"34":20.4699993134,"35":19.9200000763,"36":19.1299991608,"37":19.2999992371,"38":18.9300003052,"39":19.0300006866,"40":19.9300003052,"41":19.2900009155,"42":19.7099990845,"43":19.3500003815,"44":18.6800003052,"45":17.1900005341,"46":17.9400005341,"47":17.8500003815,"48":17.2600002289,"49":17.4500007629,"50":16.8400001526,"51":16.6399993896,"52":16.6100006104,"53":16.8199996948,"54":16.9599990845,"55":16.5799999237,"56":17.3500003815,"57":17.8899993896,"58":18.7299995422,"59":18.9300003052,"60":19.1000003815,"61":18.7099990845,"62":18.7600002289,"63":18.4699993134,"64":18.2900009155,"65":18.9699993134,"66":18.9400005341,"67":19.5799999237,"68":19.3700008392,"69":18.8600006104,"70":19.0699996948,"71":19.7000007629,"72":20.4200000763,"73":20.1200008392,"74":20.0100002289,"75":19.3799991608,"76":19.9099998474,"77":20.2099990845,"78":20.9599990845,"79":21.4300003052,"80":21.4300003052},"Volume":{"0":5273300,"1":2706400,"2":9985300,"3":7064500,"4":7925900,"5":4962200,"6":19544500,"7":25267200,"8":16109500,"9":14596500,"10":14952800,"11":17505900,"12":23349600,"13":14236600,"14":6182600,"15":4814900,"16":7969900,"17":4973100,"18":1750800,"19":7236800,"20":9619600,"21":23065700,"22":14612400,"23":7566400,"24":10447000,"25":24815700,"26":10607400,"27":8291200,"28":9955500,"29":12146100,"30":6225500,"31":7962000,"32":7262600,"33":9238900,"34":9366800,"35":8272000,"36":9080600,"37":8399500,"38":10888300,"39":14063200,"40":9903400,"41":9968700,"42":10490700,"43":5756500,"44":9217100,"45":7394400,"46":9447700,"47":12311600,"48":8606300,"49":10719400,"50":10470000,"51":12076900,"52":11329600,"53":14773600,"54":11947700,"55":12899100,"56":9930200,"57":7669700,"58":6822500,"59":6806200,"60":7503700,"61":10003300,"62":6333900,"63":6800500,"64":3662200,"65":4505300,"66":6614600,"67":3254900,"68":5267100,"69":5531900,"70":5637100,"71":5872100,"72":8991500,"73":5836400,"74":4833200,"75":7491400,"76":5839200,"77":5961000,"78":9084300,"79":3718066,"80":3718066}}