{"Open":{"0":343.1883479715,"1":366.8121902647,"2":378.5693178547,"3":372.2623214717,"4":374.8329550423,"5":369.2134500075,"6":371.0168619133,"7":374.3646539155,"8":374.4343703551,"9":373.3184641655,"10":380.223278532,"11":383.2821092796,"12":378.0013780423,"13":377.1245832617,"14":374.4343788841,"15":381.6281641354,"16":376.9850935193,"17":379.1173265981,"18":383.082858,"19":371.7442168998,"20":381.9370087794,"21":365.9951696267,"22":365.2977314645,"23":361.2624377602,"24":365.3874008619,"25":362.0595280303,"26":359.7379982238,"27":363.2352410543,"28":366.2741483125,"29":365.3674863869,"30":367.4797801064,"31":366.3638316421,"32":371.8637739524,"33":363.9526146808,"34":360.6600036621,"35":357.9899902344,"36":361.0700073242,"37":342.5,"38":329.4899902344,"39":320.0,"40":330.4599914551,"41":335.9899902344,"42":335.5700073242,"43":339.4800109863,"44":319.3200073242,"45":306.9400024414,"46":324.6900024414,"47":325.450012207,"48":296.9899902344,"49":303.6600036621,"50":274.5899963379,"51":288.3599853516,"52":301.0100097656,"53":321.1499938965,"54":300.9400024414,"55":280.8500061035,"56":280.25,"57":281.7900085449,"58":290.6300048828,"59":311.8900146484,"60":317.4100036621,"61":309.1700134277,"62":293.8500061035,"63":301.8999938965,"64":313.8999938965,"65":320.0,"66":342.7099914551,"67":330.3099975586,"68":334.6099853516,"69":336.7099914551,"70":344.7099914551,"71":346.0199890137,"72":343.5899963379,"73":353.6099853516,"74":353.6600036621,"75":340.950012207,"76":339.1700134277,"77":341.9700012207,"78":338.0,"79":341.9599914551,"80":341.9599914551},"High":{"0":354.4074401855,"1":374.4543319771,"2":380.8709211496,"3":375.3410892709,"4":377.8917759913,"5":372.1427690155,"6":373.6373097777,"7":376.3872759266,"8":374.8129943403,"9":380.392669957,"10":383.2123770341,"11":383.2821092796,"12":379.804798261,"13":378.957893307,"14":380.2531838317,"15":382.7839525555,"16":379.6055414395,"17":382.5846918062,"18":383.082858,"19":383.6109414032,"20":382.9333748926,"21":368.6554806634,"22":366.563105546,"23":367.5495363579,"24":365.3874008619,"25":364.839398038,"26":362.7071803957,"27":370.628291263,"28":367.8882870282,"29":369.1237758982,"30":370.2895400187,"31":371.2858826692,"32":373.0295357213,"33":366.2841077501,"34":365.9299926758,"35":365.8500061035,"36":361.4400024414,"37":347.1499938965,"38":337.7900085449,"39":329.8200073242,"40":336.9299926758,"41":347.8999938965,"42":347.9899902344,"43":342.0299987793,"44":331.8999938965,"45":320.7399902344,"46":335.1400146484,"47":330.3599853516,"48":308.9599914551,"49":315.6499938965,"50":300.4400024414,"51":319.8900146484,"52":325.8500061035,"53":322.9899902344,"54":301.1700134277,"55":283.25,"56":284.0,"57":301.9800109863,"58":321.9200134277,"59":318.7699890137,"60":322.9200134277,"61":311.0,"62":309.9899902344,"63":314.7300109863,"64":315.549987793,"65":335.2699890137,"66":343.3099975586,"67":336.6300048828,"68":339.1199951172,"69":341.5400085449,"70":352.0,"71":346.1099853516,"72":348.3500061035,"73":357.1199951172,"74":354.3800048828,"75":346.5899963379,"76":343.549987793,"77":344.0,"78":340.8399963379,"79":346.3299865723,"80":346.3299865723},"Low":{"0":342.3713204575,"1":365.0386597425,"2":371.2260740397,"3":369.7415162921,"4":365.7660170625,"5":367.8285168259,"6":368.4163608325,"7":373.4479837045,"8":371.7242533313,"9":373.3184641655,"10":378.1907134434,"11":376.9153456252,"12":372.6010603705,"13":373.8963667045,"14":373.3981800033,"15":378.8184346109,"16":374.4144821521,"17":372.8601482847,"18":376.7659004276,"19":367.8384482102,"20":370.7278900064,"21":361.4417993665,"22":358.691818934,"23":357.4961747994,"24":361.1827344337,"25":359.8077308535,"26":356.3204695136,"27":362.4879664421,"28":362.6573647049,"29":363.7135148974,"30":365.6763597615,"31":364.4209055605,"32":364.6301460077,"33":359.2198756162,"34":358.0299987793,"35":357.7200012207,"36":338.7799987793,"37":334.3099975586,"38":325.0,"39":313.9800109863,"40":321.8599853516,"41":329.0100097656,"42":330.5199890137,"43":325.8599853516,"44":315.8399963379,"45":280.0,"46":321.6300048828,"47":311.8699951172,"48":289.2600097656,"49":289.5899963379,"50":274.5899963379,"51":287.5799865723,"52":298.6099853516,"53":289.5100097656,"54":274.7699890137,"55":263.3099975586,"56":272.6300048828,"57":279.0,"58":290.6300048828,"59":301.6000061035,"60":308.8599853516,"61":300.3800048828,"62":290.6199951172,"63":301.6900024414,"64":310.3099975586,"65":319.5,"66":324.9599914551,"67":327.0799865723,"68":330.6499938965,"69":334.1400146484,"70":342.0,"71":336.5100097656,"72":342.3200073242,"73":347.0,"74":343.5100097656,"75":332.2900085449,"76":334.9700012207,"77":335.6000061035,"78":332.0,"79":340.5,"80":340.5},"Close":{"0":354.4074401855,"1":373.647277832,"2":374.464263916,"3":373.607421875,"4":368.9444274902,"5":371.0068969727,"6":373.0295410156,"7":375.4606323242,"8":373.3085021973,"9":378.8782043457,"10":382.3854064941,"11":378.5892333984,"12":376.7559204102,"13":373.9561462402,"14":380.1136779785,"15":380.2532043457,"16":377.6925354004,"17":380.4524536133,"18":381.2594909668,"19":383.4714355469,"20":373.2088623047,"21":362.4281921387,"22":360.4952392578,"23":366.463470459,"24":362.4281921387,"25":360.1066589355,"26":361.9698791504,"27":366.7026062012,"28":366.393737793,"29":366.6627502441,"30":369.5920715332,"31":371.0666809082,"32":364.8194580078,"33":361.9299926758,"34":365.0100097656,"35":359.3900146484,"36":339.9700012207,"37":334.3200073242,"38":331.5700073242,"39":328.8399963379,"40":335.9899902344,"41":329.3800048828,"42":346.9700012207,"43":327.7799987793,"44":328.9599914551,"45":313.2799987793,"46":334.8900146484,"47":317.8500061035,"48":290.5,"49":314.5,"50":282.5899963379,"51":319.3299865723,"52":323.0,"53":296.9100036621,"54":284.0199890137,"55":269.8599853516,"56":281.2799987793,"57":288.3599853516,"58":321.1900024414,"59":312.1499938965,"60":313.7200012207,"61":302.549987793,"62":306.9899902344,"63":314.2900085449,"64":313.6099853516,"65":332.3299865723,"66":325.5199890137,"67":329.6700134277,"68":336.6499938965,"69":338.8500061035,"70":348.7900085449,"71":344.2900085449,"72":346.2399902344,"73":356.299987793,"74":343.9100036621,"75":333.6799926758,"76":342.0100097656,"77":335.8299865723,"78":339.3099975586,"79":344.0899963379,"80":344.0899963379},"Volume":{"0":941900,"1":2600300,"2":2130000,"3":863600,"4":1312400,"5":741500,"6":1178200,"7":667400,"8":740600,"9":650500,"10":839100,"11":1237700,"12":1420900,"13":864300,"14":1099400,"15":738000,"16":665200,"17":674500,"18":639600,"19":1397400,"20":1086400,"21":1316200,"22":1054400,"23":815200,"24":860000,"25":790300,"26":716400,"27":697600,"28":935400,"29":848600,"30":635100,"31":810900,"32":864600,"33":995200,"34":880000,"35":997500,"36":1458800,"37":934400,"38":2054500,"39":2921200,"40":1547000,"41":1207900,"42":1193700,"43":1214100,"44":1361200,"45":1355400,"46":1826700,"47":1484400,"48":2525900,"49":2307500,"50":1520200,"51":2113200,"52":1779400,"53":1711600,"54":1768500,"55":1497400,"56":1655100,"57":1615600,"58":1425500,"59":1504800,"60":1261700,"61":1980200,"62":1226500,"63":1061900,"64":834900,"65":1047600,"66":1098500,"67":919000,"68":1115800,"69":639000,"70":639100,"71":712300,"72":879700,"73":1236800,"74":695700,"75":813200,"76":676200,"77":1104400,"78":560400,"79":243832,"80":243832}}