{"Open":{"0":194.1924474568,"1":192.3406135761,"2":194.3119046597,"3":195.6559867297,"4":195.9546720604,"5":197.9458643554,"6":198.0354787706,"7":196.3429500901,"8":199.5089638864,"9":200.8729338924,"10":203.0831767182,"11":204.2878572143,"12":207.5832980238,"13":204.6462797631,"14":201.4603535193,"15":207.0855050827,"16":202.3663348386,"17":202.1074847433,"18":216.2450580128,"19":211.2570891053,"20":211.3267677124,"21":208.9970667646,"22":208.5191677179,"23":213.9252883019,"24":213.4600067139,"25":211.3399963379,"26":208.9199981689,"27":210.6300048828,"28":210.7700042725,"29":209.6999969482,"30":210.4400024414,"31":208.6100006104,"32":208.6699981689,"33":209.1499938965,"34":210.7899932861,"35":201.2799987793,"36":203.5700073242,"37":195.4400024414,"38":185.8399963379,"39":179.2100067139,"40":183.7400054932,"41":182.3200073242,"42":179.4799957275,"43":177.4799957275,"44":168.8600006104,"45":159.4600067139,"46":160.8899993896,"47":155.6699981689,"48":137.3300018311,"49":141.2400054932,"50":132.5200042725,"51":128.5599975586,"52":129.0700073242,"53":128.3300018311,"54":138.7700042725,"55":121.8300018311,"56":127.0199966431,"57":137.0,"58":143.1900024414,"59":140.8200073242,"60":143.3399963379,"61":147.0299987793,"62":138.6900024414,"63":138.0899963379,"64":143.3000030518,"65":150.7400054932,"66":159.6900024414,"67":155.4600067139,"68":160.3600006104,"69":159.1300048828,"70":156.6900024414,"71":151.1900024414,"72":153.0500030518,"73":157.4100036621,"74":158.1799926758,"75":149.2700042725,"76":153.0099945068,"77":156.9499969482,"78":157.2400054932,"79":163.1000061035,"80":163.1000061035},"High":{"0":195.934753418,"1":195.7256588887,"2":195.3075080131,"3":196.8606583505,"4":198.4735474931,"5":198.1051493449,"6":199.8375185196,"7":199.4990109952,"8":202.5355915254,"9":202.9437907604,"10":205.6916679493,"11":208.4793388801,"12":207.891932631,"13":204.7159641007,"14":207.9218098451,"15":208.9771454467,"16":204.9250427829,"17":204.8155271335,"18":218.9132830562,"19":214.1542986621,"20":211.814618837,"21":209.4749521494,"22":212.3323303653,"23":214.0049383934,"24":214.5399932861,"25":212.1000061035,"26":209.7899932861,"27":213.3099975586,"28":212.7299957275,"29":211.3800048828,"30":211.2100067139,"31":210.3899993896,"32":210.4499969482,"33":211.0899963379,"34":211.6100006104,"35":203.6600036621,"36":203.8300018311,"37":196.9900054932,"38":193.0500030518,"39":182.5800018311,"40":184.6199951172,"41":187.6300048828,"42":184.4799957275,"43":179.5200042725,"44":175.25,"45":164.25,"46":161.8899993896,"47":156.9700012207,"48":141.9299926758,"49":147.3500061035,"50":141.8600006104,"51":142.1300048828,"52":132.7100067139,"53":139.3099975586,"54":138.7700042725,"55":123.8399963379,"56":141.1199951172,"57":150.7400054932,"58":149.1000061035,"59":146.6199951172,"60":149.9199981689,"61":149.8899993896,"62":142.4199981689,"63":144.1100006104,"64":144.3800048828,"65":155.8999938965,"66":161.9900054932,"67":160.2599945068,"68":164.6699981689,"69":159.3000030518,"70":158.9900054932,"71":154.4799957275,"72":153.6000061035,"73":161.4199981689,"74":158.6399993896,"75":151.6699981689,"76":155.3300018311,"77":160.0899963379,"78":161.0899963379,"79":164.9700012207,"80":164.9700012207},"Low":{"0":193.4158780151,"1":192.3406135761,"2":193.3461681916,"3":194.272098595,"4":195.1183536434,"5":196.7610939441,"6":196.362857135,"7":195.8750152842,"8":199.0908122832,"9":199.9370794696,"10":202.8143747389,"11":202.9537523491,"12":202.8840490067,"13":201.6793859159,"14":200.8231679527,"15":206.0003010338,"16":201.7092481623,"17":201.6694168284,"18":213.8854827881,"19":210.6099377765,"20":206.6076174196,"21":205.8210894445,"22":208.2802174453,"23":212.2327656346,"24":212.0200042725,"25":208.9799957275,"26":207.6600036621,"27":209.0700073242,"28":209.8800048828,"29":209.0,"30":208.7899932861,"31":207.0299987793,"32":208.25,"33":208.1399993896,"34":206.8000030518,"35":200.0,"36":193.9299926758,"37":189.4199981689,"38":183.2599945068,"39":176.3999938965,"40":177.4900054932,"41":175.0899963379,"42":177.6399993896,"43":174.0,"44":168.0399932861,"45":151.3699951172,"46":152.4100036621,"47":148.6300048828,"48":129.2400054932,"49":136.2700042725,"50":126.3399963379,"51":125.5299987793,"52":119.2900009155,"53":125.8399963379,"54":123.5100021362,"55":112.6200027466,"56":125.8099975586,"57":135.9499969482,"58":140.3000030518,"59":138.7100067139,"60":142.0399932861,"61":144.7200012207,"62":137.8099975586,"63":136.6499938965,"64":140.6799926758,"65":149.8099975586,"66":153.0399932861,"67":154.2599945068,"68":157.0200042725,"69":152.75,"70":154.3000030518,"71":150.2799987793,"72":149.5299987793,"73":155.9900054932,"74":151.4100036621,"75":147.3699951172,"76":150.7299957275,"77":154.5800018311,"78":155.3200073242,"79":161.4600067139,"80":161.4600067139},"Close":{"0":195.934753418,"1":195.5763244629,"2":195.0685577393,"3":195.8451538086,"4":196.7611083984,"5":197.4281463623,"6":196.6814575195,"7":199.3994445801,"8":200.8132019043,"9":201.9979705811,"10":205.3432006836,"11":208.3997039795,"12":203.7203521729,"13":202.2468719482,"14":207.6928253174,"15":206.9461212158,"16":201.7689819336,"17":203.8597412109,"18":213.8854827881,"19":213.556930542,"20":207.2945861816,"21":206.0799560547,"22":210.9384765625,"23":212.8600006104,"24":212.6799926758,"25":210.1799926758,"26":209.25,"27":209.1699981689,"28":210.9199981689,"29":210.4900054932,"30":209.3500061035,"31":208.0200042725,"32":209.1699981689,"33":210.8099975586,"34":208.0500030518,"35":203.0,"36":194.8500061035,"37":190.0700073242,"38":184.2799987793,"39":182.3500061035,"40":182.5899963379,"41":176.8600006104,"42":184.2400054932,"43":175.3500061035,"44":174.6000061035,"45":154.5,"46":160.5099945068,"47":151.3600006104,"48":133.5,"49":146.8600006104,"50":126.4400024414,"51":139.5899963379,"52":130.8399963379,"53":136.3300018311,"54":123.7099990845,"55":118.8799972534,"56":140.2299957275,"57":140.3999938965,"58":146.9199981689,"59":143.3600006104,"60":148.2899932861,"61":146.0,"62":140.0099945068,"63":143.7200012207,"64":142.3200073242,"65":154.75,"66":153.5299987793,"67":158.9700012207,"68":159.3000030518,"69":154.2899932861,"70":155.4900054932,"71":153.8500061035,"72":153.25,"73":160.6699981689,"74":153.6999969482,"75":150.0,"76":153.7799987793,"77":155.8600006104,"78":160.6799926758,"79":164.6199951172,"80":164.6199951172},"Volume":{"0":1458800,"1":2003700,"2":2076800,"3":1478900,"4":1133600,"5":1812000,"6":1459400,"7":1418400,"8":1315900,"9":1584600,"10":1851100,"11":2247200,"12":1455200,"13":1447800,"14":1301500,"15":1129400,"16":1314100,"17":1456600,"18":3193400,"19":1917100,"20":2163300,"21":1971800,"22":2551200,"23":1409800,"24":1001800,"25":2260000,"26":2338300,"27":1425200,"28":891700,"29":848600,"30":711400,"31":977600,"32":703400,"33":949100,"34":1363400,"35":1557300,"36":2171000,"37":1956000,"38":4335700,"39":3173500,"40":2540600,"41":2129600,"42":1832100,"43":1912400,"44":2163600,"45":3101100,"46":2673400,"47":2527800,"48":3940400,"49":3268500,"50":2617600,"51":2662000,"52":2745000,"53":2349100,"54":2712100,"55":3417400,"56":2723000,"57":2947700,"58":2522600,"59":1565300,"60":2010000,"61":2316800,"62":2067700,"63":2982400,"64":2285900,"65":2698100,"66":2062400,"67":1385900,"68":2214100,"69":1335700,"70":1093800,"71":1282200,"72":1356300,"73":1753000,"74":1698000,"75":2496400,"76":1541500,"77":1968600,"78":1691100,"79":570450,"80":570450}}