{"Open":{"0":61.2265470545,"1":61.2067862098,"2":60.3966250178,"3":60.9301437042,"4":61.4834285262,"5":62.8567497627,"6":62.8369899248,"7":62.6295103434,"8":63.2717144393,"9":63.18279187,"10":63.7163123794,"11":62.560350614,"12":61.4142689357,"13":60.10022668,"14":59.8631023398,"15":59.8235807398,"16":57.6993759458,"17":57.600574413,"18":56.4446126712,"19":54.1425637994,"20":53.9252050989,"21":52.8581629367,"22":54.6464485637,"23":56.3458122184,"24":57.3634568965,"25":57.1460934783,"26":56.1976128604,"27":58.0550552044,"28":58.736780391,"29":52.8383995318,"30":54.5970465932,"31":53.3225239982,"32":52.5222406172,"33":52.5617596311,"34":52.6111595997,"35":49.8941536831,"36":50.0423540361,"37":48.8666265639,"38":46.8214631404,"39":44.4601374761,"40":46.475661532,"41":46.4460204142,"42":45.8630997159,"43":44.450257738,"44":41.6542078973,"45":40.6662047978,"46":41.0416473976,"47":41.5751676079,"48":37.0599902789,"49":37.8306379712,"50":35.6965491266,"51":41.5356471587,"52":39.1644403973,"53":41.2293645362,"54":38.4925946947,"55":36.4869498148,"56":36.773474199,"57":37.7713536317,"58":37.3662723835,"59":40.6563249491,"60":41.1602049248,"61":39.6683241973,"62":39.6485618542,"63":38.8499984741,"64":39.25,"65":38.7599983215,"66":40.9300003052,"67":40.1699981689,"68":41.4300003052,"69":42.5800018311,"70":42.9599990845,"71":42.3499984741,"72":40.7700004578,"73":41.9900016785,"74":42.0400009155,"75":40.7799987793,"76":39.6899986267,"77":39.6899986267,"78":41.3100013733,"79":42.6100006104,"80":42.6100006104},"High":{"0":62.0663480961,"1":61.7403087309,"2":61.2660649524,"3":61.4537878614,"4":62.6196335261,"5":63.4001506586,"6":62.9456708589,"7":63.6965554057,"8":63.508833054,"9":63.765713784,"10":64.5956344604,"11":63.0444737497,"12":61.8489889173,"13":60.5349466604,"14":59.892741224,"15":60.1792624219,"16":58.1834952988,"17":57.6993769749,"18":56.4446126712,"19":55.0218858689,"20":54.0338822621,"21":54.1425661421,"22":55.7628892662,"23":57.274537489,"24":57.7586558445,"25":57.2053750149,"26":57.4029739825,"27":59.1023397517,"28":60.2286632953,"29":54.9329648184,"30":54.6760886458,"31":53.4904827019,"32":53.5201220134,"33":53.1545599154,"34":52.7099583919,"35":50.1213939308,"36":50.3881535825,"37":49.6866708477,"38":48.0762274448,"39":46.2780632481,"40":47.0487013061,"41":47.6118642819,"42":45.8630997159,"43":44.8355783146,"44":43.6203355996,"45":42.0592889274,"46":42.9880108336,"47":41.8518072389,"48":38.5321163836,"49":40.3105239868,"50":41.8221684257,"51":43.7092545195,"52":42.5137701421,"53":41.2293645362,"54":39.4015593843,"55":37.099510598,"56":38.4333196007,"57":38.9371974545,"58":42.0592865361,"59":41.5949247838,"60":41.1602049248,"61":42.0197687564,"62":40.4784845335,"63":40.7000007629,"64":40.4799995422,"65":39.9000015259,"66":41.9099998474,"67":41.2900009155,"68":43.8199996948,"69":42.7200012207,"70":43.4700012207,"71":42.3499984741,"72":41.4199981689,"73":42.8600006104,"74":42.0499992371,"75":40.9099998474,"76":39.9799995422,"77":41.5699996948,"78":43.2000007629,"79":44.109500885,"80":44.109500885},"Low":{"0":61.0585845849,"1":60.4756623362,"2":60.3867428771,"3":60.5053058781,"4":61.236427767,"5":62.2145500745,"6":62.0959876673,"7":62.6295103434,"8":62.8468728383,"9":63.0642325667,"10":63.4199159974,"11":61.187027026,"12":59.6852636123,"13":59.448141056,"14":58.3712194577,"15":58.3514583843,"16":57.0670508682,"17":56.1679693026,"18":54.8341667194,"19":53.4213220597,"20":52.5321172623,"21":52.8482845646,"22":54.4389650645,"23":56.0494120599,"24":56.6520935136,"25":56.5532931879,"26":56.1976128604,"27":57.6697346336,"28":58.5095401483,"29":52.5617599002,"30":53.0360037423,"31":52.127037484,"32":52.4135596815,"33":52.0479976259,"34":51.2378360367,"35":49.0839914892,"36":47.839104004,"37":47.6711438607,"38":45.8334601072,"39":44.351456537,"40":45.2604183072,"41":44.7170151254,"42":44.7960583831,"43":43.1856113036,"44":41.2491268028,"45":39.2533601553,"46":39.9252029014,"47":39.4608380444,"48":35.4297876163,"49":36.3387512439,"50":35.5681076825,"51":38.9273198333,"52":38.5024801612,"53":37.5144749327,"54":35.7953470467,"55":34.244182631,"56":36.3189899382,"57":36.546232042,"58":36.9710696841,"59":38.8779165344,"60":39.2138378042,"61":39.6090426571,"62":38.4431969757,"63":38.5699996948,"64":37.0800018311,"65":38.1899986267,"66":39.6399993896,"67":39.6199989319,"68":41.3899993896,"69":41.0600013733,"70":42.5200004578,"71":40.2799987793,"72":39.7200012207,"73":41.6899986267,"74":40.7599983215,"75":38.8899993896,"76":39.2599983215,"77":39.6699981689,"78":41.2000007629,"79":42.6100006104,"80":42.6100006104},"Close":{"0":62.0169487,"1":60.9597854614,"2":60.8115844727,"3":61.2067871094,"4":62.3825111389,"5":62.6986694336,"6":62.372631073,"7":63.3408737183,"8":63.014831543,"9":63.4199142456,"10":64.5956344604,"11":61.6711463928,"12":59.8334655762,"13":59.7445449829,"14":59.8433418274,"15":59.0924606323,"16":57.4622535706,"17":56.2371292114,"18":54.8736877441,"19":54.1919631958,"20":52.7593612671,"21":53.3916854858,"22":55.2096099854,"23":57.1065750122,"24":57.4523773193,"25":56.65209198,"26":57.3634567261,"27":58.371219635,"28":60.0903434753,"29":54.5180053711,"30":53.5892868042,"31":52.7890014648,"32":52.5716400146,"33":53.0656394958,"34":51.3761558533,"35":49.4989509583,"36":48.2145462036,"37":47.8983840942,"38":46.3077011108,"39":46.1595039368,"40":46.9993019104,"41":45.3592185974,"42":45.7840614319,"43":43.402973175,"44":43.4721336365,"45":39.3818016052,"46":42.9682540894,"47":39.9647216797,"48":35.4791870117,"49":40.3105239868,"50":39.569519043,"51":41.5949249268,"52":41.7826499939,"53":38.0973968506,"54":35.805229187,"55":34.9259033203,"56":37.8207550049,"57":37.2378311157,"58":41.9407272339,"59":39.7473602295,"60":40.2314834595,"61":41.1898460388,"62":39.5299987793,"63":39.5299987793,"64":37.3400001526,"65":39.5999984741,"66":39.7299995422,"67":40.9799995422,"68":42.7299995422,"69":41.6300010681,"70":43.1399993896,"71":40.4300003052,"72":41.2099990845,"73":42.1500015259,"74":40.9500007629,"75":38.9399986267,"76":39.6800003052,"77":41.0400009155,"78":43.0600013733,"79":43.6800003052,"80":43.6800003052},"Volume":{"0":1670000,"1":1429800,"2":1005400,"3":1575000,"4":1801500,"5":2009200,"6":1794500,"7":1627400,"8":1433300,"9":1470100,"10":2221600,"11":4240500,"12":2623100,"13":2119700,"14":2171100,"15":1486600,"16":2043200,"17":3157600,"18":2950100,"19":2411300,"20":2271200,"21":1764300,"22":1901000,"23":2237000,"24":1166900,"25":1252500,"26":1551400,"27":2268900,"28":4480500,"29":10365600,"30":3217300,"31":2635300,"32":1936000,"33":2462700,"34":3233200,"35":2601600,"36":2715800,"37":2239200,"38":3494600,"39":5531100,"40":3145600,"41":2557800,"42":2766000,"43":2353600,"44":4223800,"45":2770100,"46":3980900,"47":2799100,"48":3012000,"49":3833300,"50":4034800,"51":4520400,"52":3151900,"53":3054400,"54":3433200,"55":3639800,"56":5841800,"57":2901700,"58":2875400,"59":2146200,"60":2157900,"61":3882100,"62":2105500,"63":1638400,"64":2004900,"65":2604400,"66":1726900,"67":1450700,"68":2471900,"69":1214400,"70":2131300,"71":1628400,"72":1194300,"73":1293900,"74":1617500,"75":1301500,"76":2753700,"77":4252500,"78":2355600,"79":755202,"80":755202}}