{"Open":{"0":105.486610053,"1":104.961801403,"2":103.5755127428,"3":104.2389531663,"4":105.0806359273,"5":105.3974956381,"6":106.952122222,"7":106.2985794273,"8":107.6749650642,"9":106.2787782876,"10":104.9320996436,"11":107.6650728776,"12":107.7244764013,"13":101.3277485956,"14":103.4269803953,"15":103.3279675243,"16":98.2581138564,"17":98.2977158266,"18":99.2582149126,"19":98.0402669719,"20":99.2681246681,"21":97.8719266714,"22":98.7829229381,"23":101.2386309203,"24":103.1002187404,"25":100.5355864758,"26":100.0602861829,"27":100.5157820465,"28":102.9813957628,"29":101.0405920388,"30":99.9513684787,"31":100.0305793247,"32":100.1791087595,"33":101.6446165623,"34":100.8623558255,"35":96.7926087621,"36":95.8024007268,"37":91.4653071694,"38":86.5142743087,"39":83.7416931573,"40":86.8806443839,"41":87.3262415805,"42":83.9001297271,"43":80.4938239727,"44":77.6222242829,"45":70.2550884598,"46":73.5821853001,"47":71.1957930358,"48":65.1100006104,"49":67.6600036621,"50":64.0899963379,"51":64.3600006104,"52":64.4300003052,"53":65.1299972534,"54":67.5599975586,"55":65.1699981689,"56":66.1600036621,"57":70.4300003052,"58":73.5699996948,"59":72.7099990845,"60":73.9000015259,"61":74.6500015259,"62":71.25,"63":71.5100021362,"64":75.9800033569,"65":79.5500030518,"66":85.0400009155,"67":83.5500030518,"68":84.8799972534,"69":84.3700027466,"70":85.8799972534,"71":80.4000015259,"72":79.0199966431,"73":80.9599990845,"74":78.8899993896,"75":78.25,"76":76.4000015259,"77":76.5800018311,"78":77.1800003052,"79":77.9599990845,"80":77.9599990845},"High":{"0":106.5758347918,"1":105.4371034504,"2":104.2686612525,"3":105.3578904686,"4":105.9124051233,"5":107.1996696845,"6":107.0610454559,"7":107.6551639438,"8":107.8829073534,"9":106.8332910553,"10":107.1897674395,"11":108.5166428593,"12":108.8037969619,"13":105.6351417735,"14":103.516102835,"15":103.4864040691,"16":99.3770435654,"17":99.3473389984,"18":99.8919459413,"19":100.0998890549,"20":100.0800930664,"21":99.0502738588,"22":100.0206800655,"23":102.5853113068,"24":103.4170842577,"25":100.9811835867,"26":100.3474391797,"27":102.4763850887,"28":103.4269853188,"29":101.4366758356,"30":100.426662997,"31":100.3672532007,"32":102.1694243299,"33":103.2289441705,"34":101.1099072569,"35":98.0006609447,"36":96.386618459,"37":92.2574672307,"38":89.7027303013,"39":86.9697657548,"40":87.6827161231,"41":88.6927227031,"42":84.9398411476,"43":81.0384325865,"44":78.7213532152,"45":72.304813871,"46":74.7308275719,"47":72.8989480891,"48":69.4000015259,"49":76.3499984741,"50":70.6999969482,"51":68.7399978638,"52":69.8099975586,"53":72.0100021362,"54":69.3799972534,"55":65.2900009155,"56":70.25,"57":75.7799987793,"58":75.9000015259,"59":75.4499969482,"60":76.1900024414,"61":76.8899993896,"62":73.9100036621,"63":77.5,"64":77.9700012207,"65":82.3799972534,"66":86.1399993896,"67":84.6999969482,"68":86.4800033569,"69":84.8000030518,"70":86.0,"71":80.8799972534,"72":80.7300033569,"73":82.4800033569,"74":80.9100036621,"75":78.6699981689,"76":77.0899963379,"77":77.5699996948,"78":77.9300003052,"79":79.6699981689,"80":79.6699981689},"Low":{"0":105.2489628047,"1":104.1795380143,"2":103.2685513991,"3":104.1894474129,"4":104.7736670105,"5":105.1697450063,"6":105.6648517607,"7":105.9718097361,"8":106.5758361393,"9":105.5559248114,"10":104.9221954712,"11":107.2293799367,"12":107.5066299438,"13":100.2484204808,"14":101.2485309182,"15":100.0107798041,"16":97.3966321871,"17":97.8323254968,"18":98.624483884,"19":97.4956508234,"20":96.4361356692,"21":96.5252538847,"22":97.3471201375,"23":101.0108878348,"24":101.208922254,"25":100.1395026731,"26":99.7038115366,"27":100.4662687399,"28":101.248535738,"29":100.1791103473,"30":99.1394000849,"31":98.8621362634,"32":100.1791087595,"33":101.4960841964,"34":99.5948937053,"35":95.0201396235,"36":89.9106798797,"37":87.8510546977,"38":85.7815166549,"39":82.3455070919,"40":83.8704182054,"41":80.949314566,"42":81.1275508298,"43":79.0184195636,"44":75.5922995744,"45":68.532132729,"46":70.1560743845,"47":69.2450865516,"48":63.0200004578,"49":66.3399963379,"50":61.7400016785,"51":61.5099983215,"52":63.2799987793,"53":62.8600006104,"54":64.0,"55":60.6699981689,"56":66.1399993896,"57":67.6600036621,"58":72.5599975586,"59":71.8199996948,"60":72.0699996948,"61":73.9700012207,"62":70.6200027466,"63":71.5100021362,"64":74.5699996948,"65":78.0400009155,"66":82.3099975586,"67":80.9700012207,"68":83.4899978638,"69":81.9300003052,"70":82.4499969482,"71":78.1999969482,"72":77.1900024414,"73":79.0500030518,"74":78.1800003052,"75":71.7399978638,"76":74.7799987793,"77":75.0800018311,"78":75.7300033569,"79":77.8600006104,"80":77.8600006104},"Close":{"0":106.5263290405,"1":104.3379745483,"2":104.2092437744,"3":104.7835693359,"4":105.7440719604,"5":107.0709381104,"6":105.9421081543,"7":107.6155548096,"8":106.9422149658,"9":105.9718093872,"10":106.8729019165,"11":108.3087005615,"12":107.5066299438,"13":104.0310058594,"14":103.0507049561,"15":100.624710083,"16":97.4956512451,"17":98.7730178833,"18":98.6640930176,"19":100.0602874756,"20":96.8520202637,"21":96.7034912109,"22":99.4364547729,"23":102.4070739746,"24":101.6446151733,"25":100.2682342529,"26":100.0701828003,"27":101.8822631836,"28":101.4267730713,"29":100.2187194824,"30":100.2088165283,"31":99.8424453735,"32":102.0605010986,"33":101.6941223145,"34":100.9415740967,"35":95.5845565796,"36":90.2374420166,"37":88.4946899414,"38":86.8212356567,"39":86.9004516602,"40":87.623298645,"41":82.6227645874,"42":84.2169952393,"43":80.0977401733,"44":76.8795700073,"45":70.1362686157,"46":73.6316986084,"47":70.7700042725,"48":63.0400009155,"49":76.0500030518,"50":62.2200012207,"51":68.5500030518,"52":66.1800003052,"53":67.4100036621,"54":64.5599975586,"55":63.1100006104,"56":69.8600006104,"57":72.8600006104,"58":75.3499984741,"59":73.9800033569,"60":75.7900009155,"61":75.4599990845,"62":73.0,"63":76.9199981689,"64":77.0299987793,"65":81.3700027466,"66":82.5999984741,"67":83.3799972534,"68":84.8899993896,"69":83.5500030518,"70":83.3899993896,"71":78.8899993896,"72":77.9599990845,"73":80.0,"74":79.3300018311,"75":74.4300003052,"76":76.1699981689,"77":75.6100006104,"78":77.3899993896,"79":79.5199966431,"80":79.5199966431},"Volume":{"0":675700,"1":995900,"2":878100,"3":686200,"4":1099900,"5":1001600,"6":1035900,"7":1231600,"8":1133200,"9":907300,"10":967000,"11":2064600,"12":1978900,"13":3113300,"14":1583400,"15":1319800,"16":1305600,"17":1192000,"18":1058000,"19":710100,"20":1253300,"21":1643500,"22":1374200,"23":797000,"24":790800,"25":765700,"26":535300,"27":1003800,"28":704100,"29":705200,"30":688800,"31":667900,"32":691000,"33":753000,"34":990400,"35":1437100,"36":1748600,"37":2473700,"38":3088200,"39":3582300,"40":3152600,"41":2853800,"42":1837900,"43":2639700,"44":2610500,"45":3275900,"46":2591800,"47":2440700,"48":3488100,"49":3534000,"50":2885200,"51":3567800,"52":2953900,"53":2586700,"54":2422900,"55":2312000,"56":1936800,"57":1827900,"58":1585800,"59":1582100,"60":1455500,"61":1585500,"62":1657900,"63":1883900,"64":1520200,"65":2238600,"66":2169000,"67":1742500,"68":2148000,"69":1136500,"70":1277000,"71":1567900,"72":1722000,"73":3483900,"74":2361600,"75":3134200,"76":1038200,"77":889700,"78":997300,"79":294654,"80":294654}}