{"Open":{"0":238.6072760877,"1":234.9594726505,"2":232.1811323945,"3":238.0576136891,"4":239.616673114,"5":243.7042463033,"6":247.1821607418,"7":247.511951407,"8":250.1104013215,"9":247.641876738,"10":247.5719208104,"11":249.5507285431,"12":247.6618666521,"13":249.6106981111,"14":251.5695291202,"15":257.3460690129,"16":238.0975919191,"17":242.7048426997,"18":247.2421192357,"19":241.4655691773,"20":243.8241672484,"21":235.5591031163,"22":245.8829207729,"23":251.8393678586,"24":251.9892831001,"25":252.488981114,"26":252.3490626263,"27":267.1602223019,"28":269.8486191665,"29":270.0484669562,"30":287.0883042623,"31":285.4692715099,"32":301.3097761071,"33":312.5830162008,"34":304.0081719332,"35":270.0284889756,"36":276.1348227817,"37":261.9033356484,"38":254.8999938965,"39":242.4600067139,"40":276.8999938965,"41":278.6700134277,"42":270.200012207,"43":276.5,"44":266.0799865723,"45":239.8999938965,"46":256.5400085449,"47":255.4600067139,"48":225.4600067139,"49":230.5,"50":212.4100036621,"51":200.9100036621,"52":200.1000061035,"53":201.9600067139,"54":219.0,"55":205.7100067139,"56":229.0,"57":253.8000030518,"58":253.9400024414,"59":250.0,"60":255.3600006104,"61":267.200012207,"62":255.6499938965,"63":244.2400054932,"64":253.9600067139,"65":255.2400054932,"66":277.299987793,"67":263.4100036621,"68":272.0,"69":260.549987793,"70":275.0,"71":277.200012207,"72":287.0799865723,"73":298.0,"74":287.2399902344,"75":282.3099975586,"76":277.2300109863,"77":287.8399963379,"78":283.6000061035,"79":294.9899902344,"80":294.9899902344},"High":{"0":239.7665863037,"1":237.6878364949,"2":237.1281703618,"3":241.6254870532,"4":241.8953089778,"5":245.7829895767,"6":248.4014327089,"7":252.8387669392,"8":251.1297958853,"9":248.5413479125,"10":249.0210509891,"11":249.8505522558,"12":249.1409776974,"13":253.4384105223,"14":253.0486401422,"15":259.3448734324,"16":242.1051893573,"17":249.1210033197,"18":248.691249432,"19":246.2027411545,"20":244.3038760567,"21":240.9658728533,"22":247.7517979974,"23":252.2491111741,"24":254.0980224609,"25":253.378448497,"26":262.8427860227,"27":272.3371187439,"28":272.6369295659,"29":273.3165317549,"30":294.7936871818,"31":297.1322786134,"32":315.2214689167,"33":316.1309123227,"34":305.0175779624,"35":281.7014996162,"36":278.6233550635,"37":275.2853456212,"38":267.0,"39":272.4599914551,"40":277.5899963379,"41":281.0700073242,"42":284.8900146484,"43":283.200012207,"44":268.3900146484,"45":259.3999938965,"46":261.0799865723,"47":256.6000061035,"48":236.1199951172,"49":241.0200042725,"50":226.1000061035,"51":220.8600006104,"52":209.9400024414,"53":216.7299957275,"54":230.3200073242,"55":216.4799957275,"56":252.6600036621,"57":261.8200073242,"58":262.2200012207,"59":263.1199951172,"60":265.9599914551,"61":275.3999938965,"62":261.5299987793,"63":256.0,"64":255.6300048828,"65":269.8800048828,"66":278.25,"67":267.950012207,"68":272.9200134277,"69":270.200012207,"70":285.3200073242,"71":284.1700134277,"72":299.0,"73":298.8599853516,"74":293.5,"75":284.7699890137,"76":287.8699951172,"77":293.1400146484,"78":289.6700134277,"79":303.5,"80":303.5},"Low":{"0":236.5784908346,"1":233.9600704108,"2":231.1317570076,"3":236.2486980505,"4":238.0076349141,"5":240.716028067,"6":243.6042988508,"7":246.6024917492,"8":246.6025049177,"9":244.383830894,"10":246.6324802774,"11":247.2221195662,"12":246.4226176343,"13":248.8511578981,"14":248.0016558596,"15":248.151571733,"16":232.0911747784,"17":240.566122493,"18":243.7941845619,"19":239.2568835777,"20":234.6096773176,"21":235.3092525582,"22":243.8741278512,"23":247.2621039164,"24":248.7312372499,"25":250.4202264086,"26":252.1491852306,"27":264.6716899085,"28":268.2895540509,"29":268.9491184077,"30":285.8290476492,"31":284.6897084805,"32":301.3097761071,"33":296.1728490993,"34":290.4862607523,"35":267.839795668,"36":257.805789621,"37":261.8433739569,"38":248.8899993896,"39":241.7899932861,"40":261.0,"41":262.4599914551,"42":267.200012207,"43":271.5,"44":258.0,"45":238.1799926758,"46":245.9900054932,"47":242.5700073242,"48":215.8000030518,"49":219.6100006104,"50":194.0,"51":191.0,"52":180.6799926758,"53":193.3899993896,"54":205.1300048828,"55":198.5200042725,"56":228.0500030518,"57":243.6600036621,"58":250.0,"59":248.6799926758,"60":253.5899963379,"61":257.75,"62":241.2799987793,"63":242.3099975586,"64":238.3899993896,"65":252.9299926758,"66":257.299987793,"67":260.6000061035,"68":260.4200134277,"69":257.0,"70":273.8900146484,"71":275.3800048828,"72":286.549987793,"73":286.9400024414,"74":285.2699890137,"75":267.1099853516,"76":275.3999938965,"77":283.0,"78":280.6000061035,"79":294.0,"80":294.0},"Close":{"0":239.7665863037,"1":235.928894043,"2":236.9182891846,"3":239.7865753174,"4":240.2363128662,"5":242.8747406006,"6":244.1739654541,"7":251.8293609619,"8":247.1321868896,"9":245.4232177734,"10":248.7811889648,"11":249.1309814453,"12":247.7917938232,"13":249.9604949951,"14":252.7088470459,"15":250.3302612305,"16":240.0564117432,"17":247.8217773438,"18":245.3932189941,"19":245.6630554199,"20":236.2886657715,"21":240.186340332,"22":246.9822692871,"23":250.6100921631,"24":254.0980224609,"25":251.4396057129,"26":262.8128051758,"27":267.729888916,"28":272.3771057129,"29":270.6181335449,"30":289.6167907715,"31":296.3927307129,"32":314.5119018555,"33":308.5154724121,"34":293.8942260742,"35":273.1166381836,"36":261.8933410645,"37":267.4899902344,"38":252.6000061035,"39":270.0700073242,"40":276.4299926758,"41":265.8900146484,"42":284.5100097656,"43":273.2900085449,"44":266.0400085449,"45":245.4400024414,"46":261.0799865723,"47":246.4700012207,"48":216.3099975586,"49":240.8399963379,"50":196.3999938965,"51":217.2700042725,"52":202.8200073242,"53":212.9700012207,"54":205.75,"55":212.6900024414,"56":249.1799926758,"57":245.6199951172,"58":257.2399902344,"59":252.7299957275,"60":265.5899963379,"61":263.6000061035,"62":243.0700073242,"63":255.4700012207,"64":243.9100036621,"65":268.3999938965,"66":259.0299987793,"67":266.950012207,"68":262.950012207,"69":269.8500061035,"70":283.950012207,"71":280.8399963379,"72":294.700012207,"73":292.3200073242,"74":287.049987793,"75":269.5100097656,"76":286.1499938965,"77":284.0100097656,"78":289.5899963379,"79":298.4100036621,"80":298.4100036621},"Volume":{"0":5938400,"1":5134600,"2":6565900,"3":7871400,"4":6927700,"5":6377800,"6":7907400,"7":7996000,"8":8977200,"9":6577600,"10":7104800,"11":6344800,"12":5447900,"13":5981000,"14":6112900,"15":9337800,"16":11763400,"17":7774400,"18":6471200,"19":7262600,"20":9260500,"21":6398200,"22":6788600,"23":5205500,"24":5457100,"25":4743800,"26":13240200,"27":15963900,"28":9366100,"29":13200400,"30":26048100,"31":15504100,"32":17358300,"33":20251300,"34":19204500,"35":21422900,"36":26387400,"37":18693300,"38":22660400,"39":28366900,"40":22268600,"41":16319800,"42":14935200,"43":13508200,"44":12885300,"45":15354000,"46":14516200,"47":12499100,"48":20413500,"49":15870900,"50":18174300,"51":20840800,"52":21856700,"53":19137800,"54":20115900,"55":16096900,"56":27541100,"57":19835800,"58":17402700,"59":15970700,"60":15056300,"61":23749000,"62":16422800,"63":16894100,"64":16580300,"65":18197100,"66":19613000,"67":13561100,"68":13156200,"69":9960200,"70":13273700,"71":9153700,"72":18640500,"73":13478000,"74":11234700,"75":18379000,"76":12118200,"77":10604000,"78":8808200,"79":6863311,"80":6863311}}