{"Open":{"0":19.1606273368,"1":18.519637596,"2":18.2632428574,"3":18.6872814675,"4":18.8056162485,"5":19.0422891767,"6":18.9633992915,"7":19.0422894369,"8":19.2493792686,"9":19.6043870675,"10":19.7621701312,"11":20.0185647257,"12":19.2592404869,"13":19.7818909916,"14":19.7030016908,"15":19.831199442,"16":19.1310419655,"17":19.4663290079,"18":19.9298114596,"19":19.5156372058,"20":19.7030012757,"21":19.3479922588,"22":19.712862991,"23":19.8607821951,"24":20.3932960816,"25":19.8311988057,"26":19.6536938668,"27":19.9298119784,"28":19.949535286,"29":19.3775750769,"30":18.6675591861,"31":19.752308487,"32":19.8114756658,"33":19.5550806308,"34":19.4761892364,"35":18.440747105,"36":18.0265697401,"37":16.8826535023,"38":15.970000267,"39":14.75,"40":15.5100002289,"41":16.2299995422,"42":15.7299995422,"43":14.7700004578,"44":13.9200000763,"45":13.0,"46":14.3100004196,"47":13.2600002289,"48":12.6999998093,"49":11.9600000381,"50":11.6999998093,"51":12.8900003433,"52":12.3999996185,"53":11.9099998474,"54":12.3900003433,"55":11.4300003052,"56":11.1999998093,"57":12.6300001144,"58":12.9799995422,"59":13.3999996185,"60":13.5900001526,"61":13.5,"62":12.5200004578,"63":12.279999733,"64":11.8999996185,"65":12.6800003052,"66":13.4499998093,"67":13.2700004578,"68":13.6300001144,"69":14.0799999237,"70":13.7600002289,"71":13.25,"72":12.7100000381,"73":13.1099996567,"74":12.6700000763,"75":12.3199996948,"76":12.5200004578,"77":12.25,"78":12.6400003433,"79":12.970000267,"80":12.970000267},"High":{"0":19.1704889249,"1":18.5886668257,"2":18.6675585485,"3":18.8845075761,"4":19.0028442326,"5":19.0521507643,"6":19.0817364669,"7":19.3282698369,"8":19.7720302561,"9":19.93967353,"10":19.9495346529,"11":20.2059311361,"12":19.8016146396,"13":19.9495342153,"14":19.9495357516,"15":19.9002286745,"16":19.5452192461,"17":19.8509215368,"18":19.9593962224,"19":19.7325865027,"20":19.7227244516,"21":19.7325847587,"22":19.8016154021,"23":20.2552381745,"24":20.5116313674,"25":19.8607816868,"26":19.9199510801,"27":20.0580107395,"28":20.0777340479,"29":19.6339707031,"30":20.4031591813,"31":20.1763454671,"32":19.9889804761,"33":19.9396731442,"34":19.6043861101,"35":18.5097763359,"36":18.1942129631,"37":17.0897412129,"38":16.5300006866,"39":15.5,"40":16.4799995422,"41":16.7700004578,"42":15.779999733,"43":14.8699998856,"44":14.4899997711,"45":13.8400001526,"46":14.6199998856,"47":13.8900003433,"48":12.9600000381,"49":12.970000267,"50":12.8900003433,"51":13.8100004196,"52":12.720000267,"53":12.8400001526,"54":12.4300003052,"55":11.720000267,"56":12.5200004578,"57":13.2899999619,"58":14.220000267,"59":14.3400001526,"60":13.8500003815,"61":13.7700004578,"62":12.8500003815,"63":12.7299995422,"64":12.3900003433,"65":13.1099996567,"66":13.6199998856,"67":13.5799999237,"68":14.4399995804,"69":14.1099996567,"70":13.8800001144,"71":13.3100004196,"72":12.8599996567,"73":13.3800001144,"74":13.0500001907,"75":12.7399997711,"76":12.6499996185,"77":12.8299999237,"78":13.0799999237,"79":13.4200000763,"80":13.4200000763},"Low":{"0":18.6083915722,"1":18.2435187966,"2":18.1843520367,"3":18.4703303029,"4":18.6872809627,"5":18.7858935433,"6":18.854925585,"7":18.7760340932,"8":19.1310420958,"9":19.4663285997,"10":19.6043866105,"11":19.9100910193,"12":19.2592404869,"13":19.7523081104,"14":19.3775768057,"15":19.4564666354,"16":19.0817359077,"17":19.2296565378,"18":19.5649421233,"19":19.2888244398,"20":19.1409039298,"21":19.288822735,"22":19.5254965809,"23":19.7720297879,"24":19.8805048272,"25":19.5550800035,"26":19.5748030497,"27":19.8016150982,"28":19.3874379413,"29":19.1902086808,"30":18.2928263643,"31":19.4367433274,"32":19.5254952757,"33":19.5057745735,"34":18.943674805,"35":17.8687882025,"36":16.7445915994,"37":16.3402774338,"38":15.2399997711,"39":14.5,"40":15.3699998856,"41":15.2700004578,"42":14.9899997711,"43":14.0799999237,"44":13.6400003433,"45":12.5,"46":13.3699998856,"47":13.1599998474,"48":11.2600002289,"49":11.4499998093,"50":11.5600004196,"51":11.9099998474,"52":11.1999998093,"53":11.1000003815,"54":11.3900003433,"55":10.4399995804,"56":11.1899995804,"57":11.8299999237,"58":12.7299995422,"59":13.1800003052,"60":13.4399995804,"61":12.9300003052,"62":12.0100002289,"63":11.7899999619,"64":11.6999998093,"65":12.529999733,"66":12.9399995804,"67":13.029999733,"68":13.6300001144,"69":13.0399999619,"70":13.4399995804,"71":12.6199998856,"72":12.25,"73":12.5200004578,"74":12.0799999237,"75":12.2399997711,"76":12.0200004578,"77":12.1999998093,"78":12.5,"79":12.9200000763,"80":12.9200000763},"Close":{"0":18.8154792786,"1":18.4013004303,"2":18.6379737854,"3":18.7365875244,"4":18.9338150024,"5":18.8943691254,"6":18.9732608795,"7":19.2986850739,"8":19.7030010223,"9":19.5452194214,"10":19.9298114777,"11":19.9791202545,"12":19.7720298767,"13":19.8114757538,"14":19.8805065155,"15":19.6142482758,"16":19.3282699585,"17":19.8213386536,"18":19.5846652985,"19":19.7227249146,"20":19.2592411041,"21":19.4367427826,"22":19.633972168,"23":20.2453765869,"24":19.9396724701,"25":19.7818908691,"26":19.9100894928,"27":19.8903675079,"28":19.4170227051,"29":19.2493782043,"30":19.8213386536,"31":19.7424468994,"32":19.6241092682,"33":19.6142482758,"34":18.9633979797,"35":17.9871234894,"36":16.7938995361,"37":16.3600006104,"38":15.2399997711,"39":15.4300003052,"40":16.4500007629,"41":15.470000267,"42":15.3299999237,"43":14.1899995804,"44":13.9799995422,"45":13.6800003052,"46":13.7899999619,"47":13.6300001144,"48":11.3000001907,"49":12.9600000381,"50":12.279999733,"51":13.2600002289,"52":12.1599998474,"53":12.4300003052,"54":11.4200000763,"55":10.5500001907,"56":12.4600000381,"57":12.7600002289,"58":14.1099996567,"59":13.6099996567,"60":13.6400003433,"61":13.279999733,"62":12.3900003433,"63":12.0699996948,"64":11.9899997711,"65":12.8199996948,"66":13.1000003815,"67":13.470000267,"68":14.1499996185,"69":13.3400001526,"70":13.8000001907,"71":12.7299995422,"72":12.6099996567,"73":12.8599996567,"74":12.779999733,"75":12.5200004578,"76":12.0600004196,"77":12.6000003815,"78":12.9099998474,"79":13.2550001144,"80":13.2550001144},"Volume":{"0":3998300,"1":3206800,"2":3492000,"3":3362600,"4":2967000,"5":3903500,"6":2339300,"7":2514100,"8":3991600,"9":3610900,"10":2708400,"11":2712600,"12":3623700,"13":1803400,"14":1845200,"15":1479300,"16":2902100,"17":3021800,"18":2448300,"19":2422900,"20":5176300,"21":2841400,"22":3584400,"23":3676000,"24":2370100,"25":2763000,"26":2880500,"27":2340300,"28":3684600,"29":4622500,"30":7850400,"31":3006700,"32":2647800,"33":3323000,"34":2779900,"35":5676800,"36":7006300,"37":4196000,"38":7236800,"39":9330100,"40":7320500,"41":5033000,"42":3925400,"43":4593000,"44":5553800,"45":6973900,"46":8180500,"47":9536700,"48":6619200,"49":6614000,"50":5681000,"51":6087400,"52":6415700,"53":4304100,"54":6597700,"55":5432000,"56":6163500,"57":5181700,"58":4452300,"59":4094700,"60":4105100,"61":5506800,"62":5029200,"63":4159900,"64":3122100,"65":3250700,"66":3638400,"67":3275200,"68":5238300,"69":2139500,"70":2850600,"71":2930700,"72":2955100,"73":4870300,"74":6883600,"75":3002000,"76":4209700,"77":4692800,"78":5442500,"79":1975927,"80":1975927}}