{"Open":{"0":14.4905340898,"1":14.4707242491,"2":14.6490088331,"3":14.5796767639,"4":14.7876747481,"5":14.8570068111,"6":14.7084374702,"7":14.5697719746,"8":14.6589135997,"9":14.9362447343,"10":15.0848139985,"11":15.1046238678,"12":14.9164351338,"13":14.6886273982,"14":14.5103433222,"15":14.5499614547,"16":14.0448239557,"17":14.0151099648,"18":13.7773976216,"19":13.6189231343,"20":13.8467302781,"21":13.9358722791,"22":14.0745375037,"23":14.1933943845,"24":14.4112970566,"25":14.2627266275,"26":14.2231074678,"27":14.1141567787,"28":14.4013919336,"29":14.609390031,"30":14.6589138609,"31":14.7777700424,"32":14.777769541,"33":14.9263394975,"34":14.7777695906,"35":14.3419636059,"36":13.945777344,"37":13.2425457102,"38":12.3313156999,"39":11.7568451503,"40":12.370933834,"41":12.3808390267,"42":12.0341751195,"43":11.6577985583,"44":11.0139946284,"45":10.6376171348,"46":10.6999998093,"47":10.6999998093,"48":9.6899995804,"49":9.8800001144,"50":9.4899997711,"51":10.2299995422,"52":10.0200004578,"53":9.0100002289,"54":9.2700004578,"55":8.6599998474,"56":8.4399995804,"57":8.5500001907,"58":8.6599998474,"59":8.8500003815,"60":8.4200000763,"61":8.9499998093,"62":8.6000003815,"63":8.470000267,"64":8.1800003052,"65":8.5699996948,"66":9.3800001144,"67":9.0900001526,"68":9.3299999237,"69":9.6599998474,"70":9.75,"71":9.3299999237,"72":9.1400003433,"73":8.8599996567,"74":8.9499998093,"75":8.8000001907,"76":8.779999733,"77":8.6999998093,"78":8.8800001144,"79":9.1700000763,"80":9.1700000763},"High":{"0":14.6787224271,"1":14.7183410285,"2":14.6490088331,"3":14.8471024041,"4":14.9659581915,"5":14.9065303561,"6":14.7084374702,"7":14.7777701161,"8":14.9164352782,"9":15.02538693,"10":15.2135748393,"11":15.2135749131,"12":14.9362439849,"13":14.8074833399,"14":14.6787228128,"15":14.5499614547,"16":14.153774998,"17":14.0745384101,"18":13.9358722112,"19":13.8962536681,"20":13.9259685189,"21":14.0250144723,"22":14.0844424014,"23":14.3518689796,"24":14.6787226929,"25":14.4112972673,"26":14.2627261147,"27":14.3617735643,"28":14.7282460087,"29":14.688627325,"30":14.8768168962,"31":14.8471024411,"32":15.0749098666,"33":14.9560541918,"34":14.7876744886,"35":14.381583198,"36":13.975491094,"37":13.2425457102,"38":12.6185511327,"39":12.4699817745,"40":12.5591231117,"41":12.8760725878,"42":12.0737937665,"43":11.6677025117,"44":11.2715163149,"45":10.7465691276,"46":11.1000003815,"47":10.779999733,"48":10.1099996567,"49":10.6199998856,"50":10.3299999237,"51":11.4899997711,"52":10.1199998856,"53":9.6700000763,"54":9.3000001907,"55":8.8199996948,"56":8.6599998474,"57":9.1999998093,"58":9.3000001907,"59":8.8999996185,"60":8.9200000763,"61":9.3500003815,"62":9.0200004578,"63":8.6000003815,"64":8.3100004196,"65":9.0399999619,"66":9.6300001144,"67":9.220000267,"68":9.7299995422,"69":9.7299995422,"70":10.1800003052,"71":9.3299999237,"72":9.1499996185,"73":9.2299995422,"74":9.1099996567,"75":8.8000001907,"76":8.779999733,"77":9.0399999619,"78":9.1000003815,"79":9.5500001907,"80":9.5500001907},"Low":{"0":14.4112967957,"1":14.4707242491,"2":14.4806293453,"3":14.5598669674,"4":14.7876747481,"5":14.1240613685,"6":14.5499619337,"7":14.5301533259,"8":14.6589135997,"9":14.8669123352,"10":14.9263394082,"11":15.0451954239,"12":14.5895801176,"13":14.6093901037,"14":14.4707246742,"15":14.2032985324,"16":13.9160631178,"17":13.7873029709,"18":13.5892092826,"19":13.480257395,"20":13.7377792318,"21":13.8368261324,"22":13.8665393753,"23":14.0547286415,"24":14.3023450668,"25":13.7476841991,"26":13.8071112029,"27":13.9953008349,"28":14.3716781844,"29":14.520247839,"30":14.5994854169,"31":14.7183415974,"32":14.7480557918,"33":14.6787227125,"34":14.6093901037,"35":13.8962535858,"36":13.074166142,"37":12.4699815961,"38":11.9747478697,"39":11.7568451503,"40":11.9747473724,"41":11.9153192148,"42":11.6776072967,"43":11.1526600959,"44":10.7960915902,"45":10.2414306463,"46":10.3299999237,"47":10.2399997711,"48":9.3800001144,"49":9.6800003052,"50":9.2299995422,"51":9.970000267,"52":8.779999733,"53":8.8100004196,"54":8.5500001907,"55":7.9200000763,"56":8.1999998093,"57":8.0900001526,"58":8.6599998474,"59":8.3800001144,"60":8.1899995804,"61":8.779999733,"62":8.4499998093,"63":7.8800001144,"64":8.0500001907,"65":8.5699996948,"66":8.970000267,"67":8.8500003815,"68":9.220000267,"69":9.3800001144,"70":9.4200000763,"71":8.9300003052,"72":8.6199998856,"73":8.8599996567,"74":8.8599996567,"75":8.5500001907,"76":8.6300001144,"77":8.6499996185,"78":8.8299999237,"79":9.1700000763,"80":9.1700000763},"Close":{"0":14.6688184738,"1":14.6787223816,"2":14.6291999817,"3":14.7876749039,"4":14.827293396,"5":14.6688184738,"6":14.5796766281,"7":14.7579603195,"8":14.9065303802,"9":14.9956731796,"10":15.1046237946,"11":15.0848140717,"12":14.6985321045,"13":14.6490087509,"14":14.5697717667,"15":14.2132034302,"16":13.9655866623,"17":13.7873029709,"18":13.6585416794,"19":13.8764448166,"20":13.8368263245,"21":13.886349678,"22":14.0151090622,"23":14.2627267838,"24":14.5994853973,"25":14.3023452759,"26":13.9457769394,"27":14.341963768,"28":14.6589136124,"29":14.6688184738,"30":14.8371973038,"31":14.7777700424,"32":14.9065303802,"33":14.8371973038,"34":14.6490087509,"35":13.8962535858,"36":13.11378479,"37":12.6086463928,"38":12.1629362106,"39":12.3214111328,"40":12.5393133163,"41":11.9747476578,"42":11.9846525192,"43":11.2219924927,"44":11.1526603699,"45":10.3900003433,"46":11.0600004196,"47":10.3500003815,"48":9.4200000763,"49":10.6099996567,"50":10.279999733,"51":10.720000267,"52":9.1599998474,"53":9.3199996948,"54":8.7100000381,"55":8.1400003433,"56":8.6499996185,"57":8.6099996567,"58":9.1599998474,"59":8.4200000763,"60":8.8599996567,"61":8.9899997711,"62":8.5900001526,"63":8.1700000763,"64":8.2399997711,"65":8.9799995422,"66":9.0,"67":9.1400003433,"68":9.6899995804,"69":9.5799999237,"70":9.6700000763,"71":9.1199998856,"72":8.6999998093,"73":9.1700000763,"74":9.0200004578,"75":8.6199998856,"76":8.6499996185,"77":8.8199996948,"78":8.9899997711,"79":9.5399999619,"80":9.5399999619},"Volume":{"0":775400,"1":1037300,"2":475100,"3":467700,"4":528100,"5":661900,"6":437000,"7":367300,"8":933800,"9":488100,"10":551200,"11":725600,"12":612200,"13":544900,"14":434800,"15":899600,"16":639000,"17":826300,"18":583200,"19":757100,"20":616100,"21":732700,"22":531400,"23":790700,"24":1311400,"25":756400,"26":947500,"27":453600,"28":572200,"29":488000,"30":440400,"31":333600,"32":512900,"33":826300,"34":501500,"35":819500,"36":983500,"37":723200,"38":1348800,"39":2573700,"40":1875900,"41":1821900,"42":1166600,"43":844600,"44":1633200,"45":1615500,"46":1452600,"47":2166400,"48":3021400,"49":2137300,"50":1339700,"51":2497600,"52":2004400,"53":1015400,"54":2137900,"55":2210200,"56":1598500,"57":1540700,"58":1214300,"59":1206200,"60":1490800,"61":1125600,"62":1020700,"63":1328500,"64":1001100,"65":730300,"66":1012900,"67":570600,"68":796600,"69":337700,"70":597900,"71":482400,"72":536200,"73":864400,"74":481600,"75":388300,"76":268600,"77":426300,"78":663000,"79":167943,"80":167943}}