{"Open":{"0":126.6941894064,"1":126.7541254142,"2":125.6553939366,"3":125.4822475699,"4":125.9883362608,"5":127.0471300575,"6":129.684074438,"7":131.1890228157,"8":133.3931401093,"9":135.6572117645,"10":138.1143852426,"11":137.8014120212,"12":138.5072696254,"13":137.5283916099,"14":134.8514806105,"15":137.0422852282,"16":133.3532042749,"17":134.2255318703,"18":134.1389667968,"19":133.6062341998,"20":134.7316230446,"21":131.6018718485,"22":134.2455003123,"23":136.8624926484,"24":137.7747793276,"25":146.3382520441,"26":146.518036518,"27":147.0907161981,"28":146.5313663741,"29":147.7166711054,"30":148.9152926067,"31":147.5635102987,"32":148.3226396416,"33":150.3269881119,"34":149.607826671,"35":144.0675431897,"36":144.879929771,"37":140.0921033716,"38":134.3853408651,"39":129.4776589665,"40":128.4654786879,"41":133.1333312988,"42":129.8333282471,"43":133.2066650391,"44":130.0933380127,"45":124.7666702271,"46":125.6200027466,"47":123.4000015259,"48":110.9266662598,"49":114.9066696167,"50":107.3333358765,"51":110.1466674805,"52":108.1399993896,"53":112.2333297729,"54":109.0133361816,"55":115.0333328247,"56":118.2600021362,"57":128.3899993896,"58":136.9100036621,"59":134.5899963379,"60":130.6399993896,"61":132.6499938965,"62":126.9700012207,"63":120.3000030518,"64":122.9100036621,"65":127.6100006104,"66":141.9499969482,"67":137.0500030518,"68":139.4100036621,"69":132.75,"70":132.5200042725,"71":131.8300018311,"72":132.2799987793,"73":139.6399993896,"74":135.0200042725,"75":127.0,"76":127.3000030518,"77":129.3500061035,"78":142.8399963379,"79":142.4900054932,"80":142.4900054932},"High":{"0":127.879501307,"1":127.047123176,"2":125.9084367705,"3":126.1015375849,"4":127.0937306706,"5":129.2978739364,"6":131.8415950029,"7":133.679488674,"8":136.7692594391,"9":137.48177204,"10":139.3263236439,"11":139.9589173666,"12":139.3063378048,"13":137.668230072,"14":136.9823596874,"15":137.8746708038,"16":135.18442514,"17":134.8048669755,"18":136.9424117132,"19":136.2898218269,"20":135.4308153583,"21":133.5329837708,"22":136.3364320206,"23":137.9878606985,"24":146.3848657195,"25":147.363744201,"26":147.4769396522,"27":147.3437666516,"28":148.9952057542,"29":148.995198473,"30":148.9152926067,"31":148.5889872078,"32":150.6133384266,"33":151.29919683,"34":149.9740738865,"35":145.2261982025,"36":145.1596066908,"37":141.9100185734,"38":138.2275988315,"39":129.5176215221,"40":133.8659406508,"41":136.5733337402,"42":137.9066619873,"43":136.1533355713,"44":133.3933258057,"45":129.5800018311,"46":127.1733322144,"47":126.5199966431,"48":119.9266662598,"49":121.6200027466,"50":113.373336792,"51":119.7133331299,"52":117.3333358765,"53":113.4466629028,"54":118.5666656494,"55":118.0,"56":126.1933364868,"57":139.8500061035,"58":141.6199951172,"59":136.9799957275,"60":136.9299926758,"61":135.9700012207,"62":128.7799987793,"63":125.5899963379,"64":125.5100021362,"65":139.3399963379,"66":146.9900054932,"67":144.3999938965,"68":140.2599945068,"69":134.2100067139,"70":135.7799987793,"71":134.1300048828,"72":136.9100036621,"73":140.0,"74":135.5800018311,"75":128.5299987793,"76":129.5899963379,"77":142.1199951172,"78":143.5299987793,"79":143.7299957275,"80":143.7299957275},"Low":{"0":125.6487312027,"1":125.7019991658,"2":123.9040753767,"3":124.9894827764,"4":125.5022318809,"5":126.5277235205,"6":129.0714524802,"7":130.8827194286,"8":133.3931401093,"9":135.5706414761,"10":137.7547984536,"11":137.1687935398,"12":136.6294258731,"13":134.9047477196,"14":133.8259883867,"15":135.0046369192,"16":132.5075130737,"17":133.2266813941,"18":134.1389667968,"19":133.2200209572,"20":130.2834034584,"21":130.6829312462,"22":134.2455003123,"23":136.5029058775,"24":136.8957860146,"25":144.3938192977,"26":145.4925596114,"27":144.9798184834,"28":145.63906744,"29":147.6633877008,"30":147.3637487139,"31":146.9242466214,"32":147.8831429806,"33":149.1217102316,"34":147.0441114038,"35":140.9378136115,"36":138.4207036712,"37":137.0289628947,"38":131.9281771464,"39":124.5233613394,"40":126.1414931599,"41":128.5533294678,"42":129.5733337402,"43":132.3866729736,"44":129.753326416,"45":120.9199981689,"46":120.7666702271,"47":119.2933349609,"48":109.4533309937,"49":114.1399993896,"50":105.8000030518,"51":107.9199981689,"52":106.3933334351,"53":106.7666702271,"54":108.626663208,"55":110.0266647339,"56":118.2600021362,"57":120.3499984741,"58":134.1100006104,"59":127.8000030518,"60":129.1300048828,"61":130.0099945068,"62":121.4800033569,"63":119.0100021362,"64":121.5699996948,"65":126.1900024414,"66":140.1600036621,"67":137.0099945068,"68":134.4799957275,"69":128.7599945068,"70":132.1799926758,"71":130.3399963379,"72":132.2799987793,"73":135.3399963379,"74":129.1600036621,"75":123.5,"76":124.9899978638,"77":129.3500061035,"78":138.0,"79":140.6399993896,"80":140.6399993896},"Close":{"0":127.8728408813,"1":126.3479232788,"2":125.3490753174,"3":125.708656311,"4":126.3013076782,"5":129.1979827881,"6":131.1623840332,"7":133.5862731934,"8":135.8436584473,"9":137.222076416,"10":139.1665039062,"11":138.8002624512,"12":136.7892456055,"13":135.0445861816,"14":136.7559509277,"15":136.1566467285,"16":133.639541626,"17":134.0989990234,"18":135.12449646,"19":135.5839691162,"20":130.669631958,"21":132.414276123,"22":136.0634155273,"23":137.8080596924,"24":145.0663909912,"25":146.8909454346,"26":146.6379089355,"27":146.1251678467,"28":148.4092102051,"29":148.4824523926,"30":147.7699432373,"31":148.189453125,"32":149.8542175293,"33":150.3070068359,"34":148.1961212158,"35":144.1008300781,"36":139.1265563965,"37":137.3619232178,"38":131.9814453125,"39":129.0514831543,"40":133.2333374023,"41":129.4666595459,"42":137.3533325195,"43":134.3666687012,"44":132.2933349609,"45":121.1333312988,"46":127.1733322144,"47":120.0,"48":111.5866699219,"49":118.6200027466,"50":107.3266677856,"51":113.5666656494,"52":112.6733322144,"53":108.0666656494,"54":112.4533309937,"55":114.5733337402,"56":125.2466659546,"57":135.5299987793,"58":140.6000061035,"59":128.3300018311,"60":134.6699981689,"61":131.2599945068,"62":122.3300018311,"63":124.2099990845,"64":122.5100021362,"65":138.1799926758,"66":142.6399993896,"67":138.3000030518,"68":135.1499938965,"69":129.8899993896,"70":133.5,"71":132.7599945068,"72":136.1699981689,"73":136.6499938965,"74":129.8899993896,"75":124.1699981689,"76":128.25,"77":141.25,"78":141.6300048828,"79":141.1799926758,"80":141.1799926758},"Volume":{"0":979500,"1":930000,"2":967400,"3":710700,"4":655400,"5":908100,"6":1151100,"7":1137200,"8":1089800,"9":684000,"10":720500,"11":730200,"12":736200,"13":603200,"14":625800,"15":426900,"16":669000,"17":483800,"18":439800,"19":561200,"20":855600,"21":663900,"22":631800,"23":739400,"24":1214700,"25":827600,"26":622400,"27":536700,"28":395000,"29":315800,"30":322700,"31":290100,"32":435200,"33":497700,"34":436200,"35":660300,"36":549000,"37":625700,"38":906600,"39":1595400,"40":1417800,"41":920400,"42":1027800,"43":842600,"44":1039500,"45":1642800,"46":1751100,"47":1080200,"48":1945400,"49":1528500,"50":1118300,"51":1519400,"52":1404500,"53":1102700,"54":1728500,"55":998000,"56":1177800,"57":1390900,"58":1077700,"59":1485400,"60":1414400,"61":1456000,"62":794100,"63":1203300,"64":643000,"65":988500,"66":1273400,"67":889700,"68":1319200,"69":819900,"70":941100,"71":709500,"72":728200,"73":685300,"74":719100,"75":1013500,"76":1036300,"77":1644400,"78":1232400,"79":208831,"80":208831}}