{"Open":{"0":72.5883262127,"1":72.5883278941,"2":72.9516578446,"3":73.3436605124,"4":73.544441425,"5":72.3110502627,"6":72.2823743061,"7":72.2154455753,"8":72.8464856183,"9":72.6170117216,"10":73.3054101551,"11":73.5062032385,"12":73.7547921655,"13":72.5787724552,"14":71.9190490339,"15":73.01469236,"16":71.175526391,"17":72.0079882551,"18":72.850135514,"19":71.9595843243,"20":72.3274273346,"21":72.521014831,"22":72.8598107211,"23":73.3534785053,"24":73.6051602239,"25":72.9856499948,"26":72.5791031828,"27":73.7600311562,"28":74.2246614329,"29":73.7309941298,"30":74.0213888433,"31":74.1569062566,"32":74.5634524857,"33":74.4860174987,"34":74.4666564849,"35":73.3631603458,"36":73.5664381269,"37":71.7079190643,"38":69.5686873206,"39":63.1703385891,"40":65.4838069966,"41":68.726541596,"42":67.2745707305,"43":66.868020418,"44":64.3512747234,"45":46.4726927261,"46":40.5389788114,"47":35.2441322873,"48":31.1786175942,"49":30.1331995529,"50":26.6194341131,"51":24.3446825835,"52":19.3983088309,"53":15.5844693849,"54":22.0118519616,"55":19.5628630366,"56":21.7795379545,"57":22.9120726041,"58":22.6991178303,"59":22.6991178201,"60":19.9113356938,"61":19.9016570749,"62":19.8435775501,"63":19.3402293417,"64":22.0505727282,"65":21.295547555,"66":24.6931548119,"67":24.3930816999,"68":27.6745324561,"69":29.5233733439,"70":28.9329052583,"71":27.7713305513,"72":26.4355180514,"73":26.6097551009,"74":26.1354454893,"75":25.9902478012,"76":27.1034246023,"77":27.3260581843,"78":28.75,"79":27.1599998474,"80":27.1599998474},"High":{"0":72.7699905901,"1":73.3819059568,"2":73.7547918287,"3":73.5731263193,"4":73.6496147693,"5":72.4066676981,"6":72.5787752517,"7":73.1237602182,"8":72.961214878,"9":73.0185860101,"10":73.6974212068,"11":73.7930409867,"12":73.8695287185,"13":72.6839385091,"14":72.9707752093,"15":73.1114888308,"16":72.0854294195,"17":73.0437259361,"18":73.0437284501,"19":73.1986041473,"20":72.6855750128,"21":72.9082080678,"22":73.4309224428,"23":74.0891449247,"24":73.953633426,"25":73.7309909013,"26":73.4696425139,"27":74.2149826794,"28":74.3408216207,"29":73.8761925267,"30":74.5150604248,"31":74.4860157248,"32":74.6796126731,"33":75.967032296,"34":74.9990481157,"35":73.4018804084,"36":75.9186284834,"37":73.0340461776,"38":69.6945219933,"39":64.5835876465,"40":67.2939237236,"41":69.617080926,"42":68.4458249606,"43":67.8940762447,"44":64.5642239911,"45":46.4726927261,"46":41.3133616025,"47":37.0542528588,"48":31.2366976912,"49":30.3364761981,"50":27.0453455758,"51":24.5576392422,"52":19.6499818602,"53":20.2598100157,"54":24.0542891446,"55":19.9403762629,"56":21.8182580193,"57":24.0058885201,"58":24.1898051569,"59":22.8443143618,"60":19.94037574,"61":22.1086508966,"62":20.1920507223,"63":23.9284518018,"64":22.9895121383,"65":23.3573429377,"66":25.6030559684,"67":25.8837690209,"68":29.3200982496,"69":29.9492848206,"70":29.5330533315,"71":28.3133985188,"72":26.4355180514,"73":28.5941140992,"74":28.5263540972,"75":26.6097540393,"76":27.2292611184,"77":28.5941125353,"78":29.4599990845,"79":27.7299995422,"80":27.7299995422},"Low":{"0":71.7469467443,"1":72.3301797733,"2":72.7795566631,"3":72.9134112124,"4":72.3301773071,"5":71.5844073567,"6":71.8712440992,"7":71.6895861137,"8":71.8903695495,"9":72.3684267985,"10":72.9420887102,"11":72.9612173526,"12":72.5596470924,"13":71.9668514755,"14":71.6704568233,"15":72.0176746788,"16":71.1464881897,"17":71.9208736524,"18":72.404865853,"19":71.9595843243,"20":71.8434375986,"21":71.9015086062,"22":72.3080627241,"23":73.3534785053,"24":73.0727685582,"25":72.7920496791,"26":72.2596681885,"27":73.3147614953,"28":73.5180332143,"29":73.3147626642,"30":73.9149105143,"31":73.7600311373,"32":73.8471497929,"33":74.2924245581,"34":73.9052266534,"35":72.220944347,"36":71.2336041098,"37":70.3043444379,"38":65.1159758407,"39":61.7280476383,"40":64.6803823331,"41":65.9387634124,"42":66.6841026844,"43":65.5225296087,"44":57.9722865418,"45":35.205412287,"46":29.4846520054,"47":33.1242585813,"48":27.1034249442,"49":26.0096087088,"50":23.8413323587,"51":19.6306237375,"52":11.7706298228,"53":13.5129930468,"54":19.3692685674,"55":17.9947374226,"56":19.5531859243,"57":19.95005614,"58":21.5181817723,"59":19.8338978169,"60":17.9463387199,"61":19.6596622111,"62":18.5755250626,"63":18.8562396074,"64":19.3886292175,"65":21.295547555,"66":23.2315056907,"67":24.2962833904,"68":26.3677598372,"69":26.9291881121,"70":28.0326840717,"71":26.4258378791,"72":25.0900272175,"73":26.5710368826,"74":25.8450523891,"75":24.7415534629,"76":25.1965057503,"77":27.1131033797,"78":27.4799995422,"79":26.2700004578,"80":26.2700004578},"Close":{"0":72.3875427246,"1":73.219367981,"2":73.5348892212,"3":73.4775161743,"4":72.3301773071,"5":72.2919311523,"6":72.2154464722,"7":72.8942871094,"8":72.636138916,"9":72.5787734985,"10":73.4105834961,"11":73.7834777832,"12":72.5787734985,"13":72.282371521,"14":72.9420928955,"15":72.4435806274,"16":71.6304779053,"17":72.6468582153,"18":72.5403823853,"19":73.0534057617,"20":72.4726257324,"21":72.056388855,"22":72.5113449097,"23":73.6341934204,"24":73.4212417603,"25":72.9469299316,"26":73.1502075195,"27":73.5083618164,"28":73.9633102417,"29":73.7793960571,"30":74.5150604248,"31":74.4763412476,"32":74.2924194336,"33":75.0377655029,"34":74.5924911499,"35":72.6662139893,"36":71.2529678345,"37":70.9432144165,"38":65.3870162964,"39":64.5835876465,"40":66.9164123535,"41":66.0645980835,"42":68.3974304199,"43":66.4905090332,"44":59.2500190735,"45":36.8800163269,"46":36.8122558594,"47":34.7891807556,"48":27.5486946106,"49":29.736328125,"50":24.2091655731,"51":20.8018779755,"52":14.8778438568,"53":19.8338985443,"54":20.0081348419,"55":18.9723968506,"56":21.3439464569,"57":22.3700046539,"58":23.5799789429,"59":20.2694892883,"60":19.3983078003,"61":21.1116313934,"62":18.5852050781,"63":20.9373950958,"64":20.9470748901,"65":22.5829601288,"66":23.5025405884,"67":25.603055954,"68":27.4906158447,"69":28.2843589783,"70":29.4943332672,"71":26.5323162079,"72":25.7192134857,"73":28.4392356873,"74":27.3066997528,"75":26.0676860809,"76":26.4355182648,"77":28.2649993896,"78":27.6599998474,"79":27.5699996948,"80":27.5699996948},"Volume":{"0":1943600,"1":1727600,"2":2109700,"3":1364600,"4":2153900,"5":1726800,"6":1445000,"7":1368000,"8":2308400,"9":1410300,"10":1637600,"11":1774700,"12":2469200,"13":1687300,"14":1585500,"15":1774700,"16":1841100,"17":1735900,"18":1496000,"19":2782400,"20":3381500,"21":2726200,"22":2495300,"23":1575600,"24":1124400,"25":1147200,"26":1471400,"27":1363300,"28":1389500,"29":1910300,"30":1397900,"31":1702200,"32":1528500,"33":2111600,"34":2509000,"35":2722400,"36":5339300,"37":3156500,"38":7202200,"39":7515600,"40":5239000,"41":4096900,"42":2808900,"43":3373800,"44":6582400,"45":18613800,"46":17038700,"47":8734900,"48":10384900,"49":14265000,"50":10466400,"51":11579200,"52":16012300,"53":15640400,"54":14406500,"55":8324800,"56":8129700,"57":9679600,"58":8073200,"59":7804100,"60":8803400,"61":10287800,"62":6732200,"63":9885500,"64":9613600,"65":7392800,"66":8775800,"67":6875900,"68":10659700,"69":8141600,"70":7603300,"71":7821400,"72":5513700,"73":6398500,"74":8428700,"75":8532100,"76":7862900,"77":8158900,"78":8930200,"79":2937004,"80":2937004}}