{"Open":{"0":80.3486113076,"1":78.2198393847,"2":78.6059891823,"3":79.0119466357,"4":78.5663846579,"5":78.7149017238,"6":78.9624390226,"7":78.4871727345,"8":78.6555017604,"9":78.7941182708,"10":78.9426358029,"11":79.0317477051,"12":79.6159193097,"13":79.556510485,"14":78.2891524998,"15":78.0713230209,"16":75.8336367673,"17":76.6059450098,"18":76.1504815378,"19":74.9326267928,"20":75.3385724814,"21":74.9029239906,"22":75.7148250251,"23":76.5861331407,"24":77.536656608,"25":75.4772014039,"26":74.9326293479,"27":78.7049971296,"28":77.2297152199,"29":77.7544814459,"30":78.9624330426,"31":77.3485355251,"32":77.9921100563,"33":77.7148771219,"34":77.6059617323,"35":76.0910753146,"36":75.5960087651,"37":73.348429612,"38":70.0315153443,"39":67.3185711517,"40":68.7245533962,"41":69.4275376499,"42":69.4572399012,"43":68.3780004734,"44":65.5561461426,"45":62.6100006104,"46":62.0200004578,"47":62.4500007629,"48":58.6800003052,"49":59.3800010681,"50":56.8699989319,"51":58.4500007629,"52":55.7900009155,"53":55.25,"54":55.5200004578,"55":48.7900009155,"56":51.6500015259,"57":51.6199989319,"58":52.7900009155,"59":54.25,"60":51.4900016785,"61":55.0900001526,"62":52.2900009155,"63":51.1300010681,"64":51.7999992371,"65":51.8199996948,"66":56.4500007629,"67":54.4399986267,"68":55.5999984741,"69":56.3699989319,"70":56.9599990845,"71":53.9500007629,"72":52.3600006104,"73":54.7200012207,"74":53.4000015259,"75":52.1199989319,"76":52.4099998474,"77":50.9599990845,"78":51.7400016785,"79":52.5600013733,"80":52.5600013733},"High":{"0":80.3684104754,"1":79.2198672945,"2":78.8832228538,"3":79.2495744261,"4":79.1604579008,"5":79.229763166,"6":79.2990777699,"7":78.8931274414,"8":79.0416497555,"9":79.1703629031,"10":79.101051807,"11":79.9426605522,"12":80.2000891728,"13":79.6654247959,"14":78.4079701723,"15":78.0713230209,"16":76.6554419688,"17":76.8138702747,"18":76.2395891199,"19":75.3583806546,"20":75.605910337,"21":76.0613679053,"22":76.3683032955,"23":77.5168526436,"24":78.1604399535,"25":75.69502247,"26":76.2494968669,"27":79.457493891,"28":78.5069768012,"29":79.2297649433,"30":78.9624330426,"31":77.952512128,"32":78.2891504527,"33":78.209939418,"34":77.7940878194,"35":76.1405845671,"36":75.6851239037,"37":74.3781600664,"38":71.2988736067,"39":69.0215867157,"40":69.7740830746,"41":71.0315346206,"42":70.4077585793,"43":68.5958290877,"44":66.8631102583,"45":62.6199989319,"46":64.2300033569,"47":62.8800010681,"48":59.5999984741,"49":62.9399986267,"50":60.7400016785,"51":59.8899993896,"52":56.4399986267,"53":58.5499992371,"54":55.5800018311,"55":50.4599990845,"56":52.3400001526,"57":56.6800003052,"58":56.5900001526,"59":55.9199981689,"60":55.5,"61":56.2000007629,"62":53.1899986267,"63":54.0999984741,"64":53.2700004578,"65":54.0499992371,"66":56.75,"67":55.1500015259,"68":57.6599998474,"69":56.5299987793,"70":57.0200004578,"71":54.3400001526,"72":53.2999992371,"73":56.3100013733,"74":55.3800010681,"75":53.0299987793,"76":52.6800003052,"77":53.3800010681,"78":52.3699989319,"79":54.0400009155,"80":54.0400009155},"Low":{"0":78.1802360566,"1":78.1010217193,"2":78.1802353141,"3":78.1901413991,"4":78.4673737098,"5":78.605987419,"6":78.3980682872,"7":78.0317163307,"8":78.4970781962,"9":78.5366837571,"10":78.5960861579,"11":78.774313186,"12":79.3485814488,"13":78.437672401,"14":77.0415933779,"15":76.8138681055,"16":75.3187753175,"17":75.7940431189,"18":75.3484755285,"19":74.1009182367,"20":74.3088496093,"21":74.6652962128,"22":75.4672938893,"23":76.4475163067,"24":75.8138418836,"25":74.2197389346,"26":74.9029268188,"27":75.8732403567,"28":76.6851436935,"29":77.7544814459,"30":76.8039612166,"31":77.3386321641,"32":77.7148763818,"33":77.0911013484,"34":76.7049522941,"35":74.6454942801,"36":72.7642519146,"37":71.6949234009,"38":68.8037554178,"39":66.3977549481,"40":66.8829210015,"41":67.5363960931,"42":68.6849439474,"43":67.0017279237,"44":64.1303643604,"45":60.25,"46":59.4300003052,"47":60.9700012207,"48":55.3499984741,"49":55.3899993896,"50":52.8400001526,"51":52.5,"52":51.3400001526,"53":54.5200004578,"54":48.3800010681,"55":46.3699989319,"56":49.5999984741,"57":49.7099990845,"58":52.4900016785,"59":51.25,"60":50.5600013733,"61":54.0400009155,"62":50.8100013733,"63":50.1800003052,"64":49.4799995422,"65":51.0900001526,"66":54.1899986267,"67":52.9000015259,"68":55.4500007629,"69":53.9399986267,"70":55.4700012207,"71":50.7799987793,"72":49.5800018311,"73":53.6199989319,"74":52.0800018311,"75":50.8400001526,"76":50.4700012207,"77":50.7999992371,"78":51.2200012207,"79":52.6399993896,"80":52.6399993896},"Close":{"0":79.0812530518,"1":79.1406555176,"2":78.7446060181,"3":78.3287582397,"4":78.5366821289,"5":78.9624328613,"6":78.467376709,"7":78.8931274414,"8":78.8436203003,"9":78.6753005981,"10":78.9129257202,"11":79.6951293945,"12":79.4772949219,"13":78.6852035522,"14":77.9723129272,"15":76.9326782227,"16":76.1108779907,"17":76.0019683838,"18":75.4573898315,"19":75.2395629883,"20":74.5662765503,"21":74.8930206299,"22":75.9722595215,"23":77.0019836426,"24":75.8336410522,"25":74.9920349121,"26":76.2395935059,"27":76.5168228149,"28":78.0713195801,"29":78.7446060181,"30":77.3683319092,"31":77.833694458,"32":77.8435974121,"33":78.0020141602,"34":77.4970474243,"35":75.4870986938,"36":73.2890167236,"37":71.6949234009,"38":68.8334579468,"39":68.5958328247,"40":69.6651687622,"41":68.5067214966,"42":70.279045105,"43":67.4472885132,"44":65.1699981689,"45":60.3699989319,"46":64.1800003052,"47":62.2200012207,"48":56.5499992371,"49":62.9099998474,"50":57.2299995422,"51":59.5099983215,"52":56.0299987793,"53":54.8400001526,"54":49.5099983215,"55":48.2999992371,"56":51.4799995422,"57":52.1599998474,"58":56.3499984741,"59":51.9799995422,"60":54.9199981689,"61":54.9000015259,"62":51.6699981689,"63":52.1100006104,"64":49.5900001526,"65":53.7000007629,"66":54.2599983215,"67":54.6699981689,"68":56.7999992371,"69":55.75,"70":55.5900001526,"71":51.9599990845,"72":53.0200004578,"73":54.5699996948,"74":53.9199981689,"75":51.3400001526,"76":50.6899986267,"77":51.4900016785,"78":52.0299987793,"79":53.9500007629,"80":53.9500007629},"Volume":{"0":1951400,"1":1018300,"2":1436600,"3":1598300,"4":1737400,"5":1838700,"6":1278600,"7":1622500,"8":1521200,"9":1181500,"10":1572100,"11":2673200,"12":2219000,"13":1806500,"14":1587000,"15":1715000,"16":2306800,"17":2490300,"18":1318500,"19":2364200,"20":3829200,"21":1944000,"22":2086000,"23":1801500,"24":1352800,"25":1867300,"26":3172400,"27":3727800,"28":2650800,"29":2695400,"30":1551900,"31":1902500,"32":1356000,"33":1405000,"34":2300300,"35":1946700,"36":2596900,"37":3233200,"38":4206900,"39":4338700,"40":3538400,"41":2445500,"42":2718400,"43":3066500,"44":4352400,"45":3560800,"46":2865900,"47":2809900,"48":3116800,"49":4004800,"50":4404900,"51":4066400,"52":3439800,"53":2884200,"54":3724200,"55":3214800,"56":3357600,"57":5590100,"58":3272000,"59":3339800,"60":3251600,"61":2484900,"62":3258600,"63":2678700,"64":2310600,"65":2223700,"66":2827200,"67":2470600,"68":2532400,"69":2116600,"70":1997800,"71":3606500,"72":3334900,"73":2450700,"74":2649700,"75":2785600,"76":2179500,"77":1897700,"78":1593600,"79":692911,"80":692911}}