{"Open":{"0":52.7831917324,"1":52.5057510826,"2":52.872371696,"3":53.3975288758,"4":53.684961321,"5":53.9935002484,"6":54.2920801429,"7":54.2025060158,"8":54.2622230631,"9":54.6205225495,"10":54.7200460654,"11":55.3669749218,"12":54.720044985,"13":55.1480132198,"14":54.1527423345,"15":54.7996709577,"16":52.9285570674,"17":52.6100718237,"18":53.5257191415,"19":52.5702603601,"20":53.0878024783,"21":52.480683162,"22":53.4958627406,"23":54.4115095768,"24":54.7399542236,"25":54.0134039149,"26":54.4612756928,"27":54.9091461755,"28":55.2873500932,"29":55.0484886169,"30":55.118158532,"31":55.1579635124,"32":55.3271640049,"33":55.1380628044,"34":54.819577099,"35":52.8489351336,"36":52.8190755222,"37":51.0673988315,"38":50.6394350155,"39":49.0071894642,"40":49.494869838,"41":50.3806616885,"42":49.6143006371,"43":48.9972323106,"44":46.3498098883,"45":44.7374718164,"46":47.2256492304,"47":46.5886785847,"48":40.925578804,"49":44.2398349653,"50":42.3090068306,"51":43.4137567361,"52":43.4635201947,"53":46.250285219,"54":44.8071398021,"55":44.7872354476,"56":45.1156768887,"57":46.8773050177,"58":46.1607085761,"59":48.8578956532,"60":50.161702807,"61":50.8782955788,"62":46.3299035232,"63":47.9521977249,"64":49.066901963,"65":50.1617049969,"66":51.9034276821,"67":50.9799995422,"68":52.2400016785,"69":52.7000007629,"70":53.7099990845,"71":53.2099990845,"72":53.1500015259,"73":54.5200004578,"74":54.0499992371,"75":53.2299995422,"76":52.0299987793,"77":52.2299995422,"78":52.4099998474,"79":53.3600006104,"80":53.3600006104},"High":{"0":53.466884796,"1":53.5560618242,"2":53.7046955301,"3":53.8335103814,"4":54.3418405791,"5":54.5408990308,"6":54.3916096087,"7":54.5309475607,"8":54.9191023485,"9":54.919103358,"10":55.1878250516,"11":55.4266888039,"12":55.0982493451,"13":55.386880135,"14":54.7399528901,"15":54.9390084131,"16":53.2669496469,"17":53.426194456,"18":53.6849624864,"19":53.0778511446,"20":53.2370947796,"21":53.1574683104,"22":54.302034318,"23":54.769808046,"24":55.0882978682,"25":54.7100949713,"26":54.8096193143,"27":55.2773994939,"28":55.6257426716,"29":55.3769263605,"30":55.5759826919,"31":55.4963560896,"32":55.5063132472,"33":55.6058379989,"34":55.0783461178,"35":53.2769023443,"36":52.9683678148,"37":52.8887443014,"38":53.207234527,"39":49.6541139138,"40":50.6593399048,"41":51.5948946015,"42":50.350803483,"43":49.4451053986,"44":48.0716297383,"45":47.3450830819,"46":48.6787451952,"47":47.2555089293,"48":43.1948012811,"49":47.7630982632,"50":47.3450840152,"51":47.4844187265,"52":47.5739940292,"53":47.7431930306,"54":46.4791968384,"55":46.2701922474,"56":47.7830020782,"57":48.5095541245,"58":50.5000943659,"59":51.3560263458,"60":51.3460749428,"61":50.9380132562,"62":48.7583692495,"63":49.6541116661,"64":49.8133558583,"65":51.634706945,"66":52.082576916,"67":52.6800003052,"68":53.6199989319,"69":53.1399993896,"70":54.0999984741,"71":53.4500007629,"72":53.8699989319,"73":54.7200012207,"74":54.5800018311,"75":53.3400001526,"76":52.5800018311,"77":52.9900016785,"78":53.0499992371,"79":53.6199989319,"80":53.6199989319},"Low":{"0":52.7435563659,"1":52.4661157166,"2":52.8624609641,"3":53.1200888485,"4":53.4460982071,"5":53.7745392168,"6":53.9636423977,"7":54.1029803458,"8":54.24231717,"9":54.4214674115,"10":54.670283232,"11":54.5906602853,"12":54.6603273082,"13":54.3418416521,"14":54.0233559282,"15":53.6252498382,"16":52.3811583115,"17":52.4110166897,"18":52.9285575472,"19":52.0328126341,"20":52.0427677587,"21":52.4408713776,"22":53.4958627406,"23":54.3219387561,"24":54.4513244629,"25":53.9337803443,"26":54.1925518434,"27":54.8494322944,"28":54.9887692998,"29":54.749904018,"30":54.9788210744,"31":54.8394768275,"32":55.1281088694,"33":54.6205209793,"34":54.1825999051,"35":52.2617245745,"36":50.5598080207,"37":50.9977301073,"38":50.5199996546,"39":47.6735249817,"40":48.4398802847,"41":48.0218683872,"42":48.5991266823,"43":47.5242304405,"44":46.240329377,"45":44.4488420597,"46":45.9417476547,"47":44.0606870704,"48":39.5222455995,"49":43.2147023671,"50":41.0649169546,"51":41.4630248346,"52":42.358771622,"53":44.657847942,"54":44.299549025,"55":43.6824830325,"56":45.08581615,"57":45.2649656012,"58":45.9716044983,"59":48.3304027835,"60":49.3555312409,"61":47.77304849,"62":45.8223165539,"63":47.872574155,"64":48.7185583304,"65":50.1119383648,"66":50.4702338107,"67":50.8800010681,"68":52.0299987793,"69":52.4000015259,"70":53.4500007629,"71":52.8100013733,"72":53.0699996948,"73":53.9700012207,"74":53.7999992371,"75":51.1199989319,"76":51.7700004578,"77":51.4500007629,"78":51.9599990845,"79":53.0600013733,"80":53.0600013733},"Close":{"0":53.4569778442,"1":53.2687110901,"2":53.5461578369,"3":53.6650619507,"4":53.8740653992,"5":54.1228866577,"6":54.1925544739,"7":54.3219413757,"8":54.6205215454,"9":54.5010871887,"10":55.1679191589,"11":54.8693389893,"12":54.9589118958,"13":54.4612770081,"14":54.7200469971,"15":53.8143501282,"16":52.4408721924,"17":53.207233429,"18":52.9484634399,"19":53.0579452515,"20":52.2020111084,"21":52.8389816284,"22":53.7844924927,"23":54.4811820984,"24":54.4513244629,"25":54.4612770081,"26":54.7299995422,"27":54.8892440796,"28":55.4664993286,"29":55.0484886169,"30":55.2077331543,"31":55.1878242493,"32":55.1778717041,"33":55.2475395203,"34":54.4214668274,"35":52.4010658264,"36":50.7190513611,"37":51.8038978577,"38":50.5399055481,"39":49.226146698,"40":50.6593399048,"41":48.6190299988,"42":50.3010406494,"43":47.7730484009,"44":47.1460266113,"45":45.7924575806,"46":48.3503074646,"47":44.5085601807,"48":39.6118202209,"49":47.7033805847,"50":42.5180168152,"51":46.6384391785,"52":47.0465011597,"53":44.8569030762,"54":45.4341621399,"55":43.9810638428,"56":47.6138076782,"57":45.7227897644,"58":50.2413215637,"59":49.5943984985,"60":50.1218910217,"61":48.1014900208,"62":48.4796905518,"63":49.5645370483,"64":49.166431427,"65":51.2465515137,"66":50.5199966431,"67":52.1300010681,"68":53.1800003052,"69":52.9700012207,"70":54.0,"71":53.1599998474,"72":53.7000007629,"73":54.6199989319,"74":53.9099998474,"75":51.3100013733,"76":52.2700004578,"77":51.9700012207,"78":53.0099983215,"79":53.3194999695,"80":53.3194999695},"Volume":{"0":13899600,"1":11026700,"2":10982400,"3":12015400,"4":11856700,"5":10671000,"6":9734800,"7":10858900,"8":12627200,"9":9090800,"10":9866000,"11":11166600,"12":8773000,"13":6380500,"14":6583200,"15":6426000,"16":8259100,"17":8620300,"18":6332500,"19":7176200,"20":8884700,"21":8892500,"22":9769800,"23":9612900,"24":8832000,"25":7864800,"26":7198200,"27":8466600,"28":7541100,"29":8480100,"30":7496800,"31":7185700,"32":6819200,"33":6114600,"34":9078600,"35":10992500,"36":12202600,"37":16413100,"38":16161100,"39":24427100,"40":17328500,"41":21830500,"42":14813700,"43":15843000,"44":24581400,"45":25949300,"46":27067700,"47":24139200,"48":24123800,"49":28339400,"50":27493700,"51":25588900,"52":29557000,"53":20159100,"54":26340800,"55":23063700,"56":19323700,"57":25625800,"58":22417900,"59":20025300,"60":20611900,"61":15802000,"62":17918200,"63":16434400,"64":13362500,"65":13845800,"66":14063000,"67":15710700,"68":15521200,"69":12694800,"70":11674600,"71":10398100,"72":14098300,"73":13608800,"74":10358900,"75":14111700,"76":9669200,"77":10330200,"78":9403500,"79":2581468,"80":2581468}}