{"Open":{"0":438.5,"1":435.8099975586,"2":437.0299987793,"3":433.9400024414,"4":428.8699951172,"5":434.9899902344,"6":437.8800048828,"7":436.6300048828,"8":434.1600036621,"9":436.8699951172,"10":439.8999938965,"11":442.6799926758,"12":439.9200134277,"13":441.1799926758,"14":432.7399902344,"15":437.4599914551,"16":425.8800048828,"17":427.3500061035,"18":427.700012207,"19":420.700012207,"20":415.2799987793,"21":407.8399963379,"22":409.7799987793,"23":410.5299987793,"24":404.2799987793,"25":396.2799987793,"26":385.3299865723,"27":388.1300048828,"28":391.1900024414,"29":391.8399963379,"30":393.5899963379,"31":393.2300109863,"32":394.9599914551,"33":391.1499938965,"34":393.299987793,"35":386.1499938965,"36":389.7099914551,"37":379.5,"38":371.2399902344,"39":360.9100036621,"40":367.0100097656,"41":368.4299926758,"42":368.0199890137,"43":368.8699951172,"44":354.0299987793,"45":358.5599975586,"46":381.6799926758,"47":385.5100097656,"48":359.8900146484,"49":344.0,"50":325.7200012207,"51":307.1799926758,"52":291.2099914551,"53":291.2699890137,"54":290.7300109863,"55":255.8500061035,"56":272.2699890137,"57":279.5100097656,"58":300.0,"59":315.1000061035,"60":315.25,"61":309.8099975586,"62":288.4200134277,"63":288.9400024414,"64":300.9700012207,"65":311.3699951172,"66":345.0,"67":338.549987793,"68":342.950012207,"69":341.2799987793,"70":352.9800109863,"71":347.0,"72":361.7699890137,"73":377.7300109863,"74":368.3900146484,"75":368.3699951172,"76":362.5100097656,"77":386.450012207,"78":381.9800109863,"79":385.9200134277,"80":385.9200134277},"High":{"0":439.0599975586,"1":439.2200012207,"2":437.0299987793,"3":434.5100097656,"4":437.5700073242,"5":439.5400085449,"6":438.3900146484,"7":437.8399963379,"8":438.7900085449,"9":440.3399963379,"10":443.9899902344,"11":442.799987793,"12":446.8299865723,"13":443.8599853516,"14":436.9100036621,"15":439.1199951172,"16":428.8500061035,"17":429.8399963379,"18":429.5299987793,"19":420.7900085449,"20":417.950012207,"21":412.0700073242,"22":415.9599914551,"23":421.7099914551,"24":412.4899902344,"25":397.4899902344,"26":392.0,"27":394.3299865723,"28":393.2600097656,"29":396.2300109863,"30":396.0100097656,"31":399.3599853516,"32":398.1099853516,"33":395.7200012207,"34":394.2099914551,"35":391.2900085449,"36":390.8999938965,"37":384.2099914551,"38":380.9299926758,"39":372.5,"40":378.3900146484,"41":380.4800109863,"42":377.5,"43":371.9400024414,"44":369.5700073242,"45":380.0,"46":394.549987793,"47":387.4700012207,"48":361.6600036621,"49":354.9200134277,"50":336.0,"51":331.2900085449,"52":312.4800109863,"53":306.3200073242,"54":291.5299987793,"55":270.8399963379,"56":294.9899902344,"57":314.7399902344,"58":329.0,"59":325.5199890137,"60":320.8500061035,"61":313.6099853516,"62":300.9700012207,"63":303.9400024414,"64":302.9700012207,"65":337.799987793,"66":348.9700012207,"67":353.8599853516,"68":351.9599914551,"69":348.9400024414,"70":362.9400024414,"71":356.0,"72":374.9400024414,"73":385.549987793,"74":376.549987793,"75":373.549987793,"76":371.0,"77":389.5899963379,"78":390.0400085449,"79":393.5249938965,"80":393.5249938965},"Low":{"0":434.4400024414,"1":433.0400085449,"2":429.2200012207,"3":425.2799987793,"4":428.8699951172,"5":433.450012207,"6":434.8999938965,"7":433.0700073242,"8":432.5,"9":436.7799987793,"10":438.450012207,"11":436.1600036621,"12":439.8099975586,"13":433.5199890137,"14":430.8900146484,"15":429.7099914551,"16":425.8800048828,"17":425.5899963379,"18":423.8999938965,"19":417.0,"20":405.0,"21":405.8699951172,"22":407.4700012207,"23":410.2699890137,"24":388.4299926758,"25":386.1799926758,"26":385.3299865723,"27":387.7699890137,"28":389.3299865723,"29":391.8399963379,"30":389.7699890137,"31":391.3099975586,"32":390.5,"33":388.6900024414,"34":389.3699951172,"35":385.4800109863,"36":376.75,"37":376.7200012207,"38":370.0599975586,"39":358.8699951172,"40":364.450012207,"41":362.25,"42":363.6199951172,"43":358.450012207,"44":352.2399902344,"45":355.0,"46":381.1300048828,"47":370.9899902344,"48":330.2399902344,"49":328.7099914551,"50":298.5299987793,"51":301.8900146484,"52":274.9400024414,"53":277.3599853516,"54":261.0,"55":251.5200042725,"56":271.0,"57":274.9299926758,"58":300.0,"59":307.2200012207,"60":306.5599975586,"61":299.3699951172,"62":283.5899963379,"63":288.9400024414,"64":289.3099975586,"65":311.3699951172,"66":329.1900024414,"67":336.299987793,"68":338.25,"69":332.1600036621,"70":352.9800109863,"71":344.5,"72":357.0,"73":365.5899963379,"74":365.0400085449,"75":357.6199951172,"76":361.0100097656,"77":366.1799926758,"78":375.8699951172,"79":384.8349914551,"80":384.8349914551},"Close":{"0":437.5199890137,"1":438.75,"2":434.6600036621,"3":428.7699890137,"4":431.8999938965,"5":437.3699951172,"6":436.8500061035,"7":435.5,"8":438.5100097656,"9":438.1499938965,"10":441.0700073242,"11":440.6799926758,"12":440.6000061035,"13":435.7099914551,"14":436.049987793,"15":430.7699890137,"16":426.8099975586,"17":428.0599975586,"18":424.1300048828,"19":419.8800048828,"20":406.1000061035,"21":406.2300109863,"22":407.5899963379,"23":419.2099914551,"24":398.1300048828,"25":387.6900024414,"26":391.3099975586,"27":389.7600097656,"28":392.4700012207,"29":392.6000061035,"30":390.8900146484,"31":395.9899902344,"32":392.1499938965,"33":395.1799926758,"34":391.5,"35":387.7699890137,"36":377.3500061035,"37":377.6900024414,"38":370.4700012207,"39":368.7200012207,"40":378.3900146484,"41":364.1700134277,"42":377.200012207,"43":361.3299865723,"44":368.0799865723,"45":373.6300048828,"46":393.5199890137,"47":374.3500061035,"48":330.2900085449,"49":354.299987793,"50":299.6499938965,"51":327.5400085449,"52":293.7200012207,"53":290.5299987793,"54":263.7699890137,"55":260.9200134277,"56":277.1300048828,"57":298.9200134277,"58":326.7399902344,"59":313.4299926758,"60":318.1900024414,"61":301.049987793,"62":287.25,"63":303.4899902344,"64":295.3800048828,"65":333.4299926758,"66":336.2699890137,"67":340.0299987793,"68":342.4400024414,"69":347.9200134277,"70":356.3500061035,"71":353.8900146484,"72":367.6799926758,"73":373.5100097656,"74":373.6600036621,"75":358.299987793,"76":368.2600097656,"77":374.5299987793,"78":384.8200073242,"79":391.2699890137,"80":391.2699890137},"Volume":{"0":796100,"1":482900,"2":837100,"3":661500,"4":479500,"5":561200,"6":569400,"7":574500,"8":432800,"9":349100,"10":875600,"11":606900,"12":622300,"13":754200,"14":685400,"15":374900,"16":448300,"17":457000,"18":368300,"19":623700,"20":1274900,"21":775100,"22":666500,"23":938000,"24":2185100,"25":1187900,"26":845700,"27":1255400,"28":840800,"29":723700,"30":898900,"31":1095300,"32":781900,"33":1096000,"34":642000,"35":758200,"36":1005800,"37":809600,"38":1110200,"39":1691800,"40":1222300,"41":1406900,"42":734300,"43":810200,"44":1175800,"45":1476900,"46":1284100,"47":1231700,"48":1616600,"49":952400,"50":1148800,"51":1111300,"52":1187500,"53":936800,"54":1104200,"55":1900500,"56":2921500,"57":2171600,"58":1602200,"59":902900,"60":760100,"61":1101200,"62":1184700,"63":1139400,"64":1019700,"65":1115300,"66":940700,"67":1002000,"68":867100,"69":485000,"70":643800,"71":467700,"72":976600,"73":669300,"74":737700,"75":1031800,"76":997700,"77":1589800,"78":699700,"79":202069,"80":202069}}