{"Open":{"0":40.4055886138,"1":42.5214689906,"2":42.6864693772,"3":43.754119536,"4":44.2005894647,"5":43.5308809829,"6":43.9191154349,"7":44.899407015,"8":45.4720572313,"9":45.7632373348,"10":45.8117622692,"11":45.3749988555,"12":44.0355849015,"13":42.7058823529,"14":41.3664665151,"15":41.2208842149,"16":39.8135270661,"17":40.4055887052,"18":40.0949992714,"19":38.7652915703,"20":38.9205863012,"21":38.5323519035,"22":39.7358801127,"23":40.0561774646,"24":41.0655901317,"25":40.4735294821,"26":40.2697065919,"27":40.9102937608,"28":41.1529423216,"29":40.8520565004,"30":40.8326463088,"31":40.3764671981,"32":40.6288244533,"33":41.4441174956,"34":41.298529238,"35":39.3088213426,"36":38.377060325,"37":35.2032366898,"38":32.194409344,"39":30.5541163397,"40":32.592354261,"41":32.0779396492,"42":32.2720575774,"43":31.5441176471,"44":29.2729400205,"45":15.5799999237,"46":15.3999996185,"47":13.1199998856,"48":10.2299995422,"49":13.3100004196,"50":11.3999996185,"51":12.3800001144,"52":10.4499998093,"53":10.4099998474,"54":11.1499996185,"55":10.25,"56":10.3999996185,"57":11.25,"58":12.0500001907,"59":12.0399999619,"60":11.3199996948,"61":11.5200004578,"62":11.0399999619,"63":11.4799995422,"64":13.8299999237,"65":12.6000003815,"66":14.1800003052,"67":14.1999998093,"68":16.7000007629,"69":15.9600000381,"70":15.3999996185,"71":13.8999996185,"72":13.6300001144,"73":12.3299999237,"74":12.0399999619,"75":12.0,"76":13.0799999237,"77":13.4200000763,"78":14.1800003052,"79":13.3500003815,"80":13.3500003815},"High":{"0":41.4344097569,"1":42.9485264518,"2":44.1132352423,"3":43.9482342215,"4":44.4335285695,"5":44.0647074756,"6":44.8508792052,"7":45.2391150952,"8":46.0350001836,"9":46.1126459937,"10":46.1805868097,"11":45.6273501612,"12":44.1132337335,"13":42.744706771,"14":41.4829397606,"15":41.4344111125,"16":40.1920558589,"17":40.434705167,"18":40.2988219018,"19":39.4738205156,"20":39.1729413129,"21":39.231172883,"22":40.2211742193,"23":41.1335310129,"24":41.2014718941,"25":40.7647052074,"26":40.3376474707,"27":41.1141163924,"28":41.3567649607,"29":41.1335279602,"30":40.9976482322,"31":40.4638202832,"32":41.4635309348,"33":42.3176446671,"34":41.3179414472,"35":39.3573500112,"36":38.4547054598,"37":35.368234917,"38":32.5826461114,"39":31.8158802695,"40":32.6699993934,"41":33.6114708005,"42":32.2720575774,"43":31.7964689591,"44":29.3214686901,"45":19.1900005341,"46":15.5,"47":13.3999996185,"48":14.8400001526,"49":14.5600004196,"50":13.6800003052,"51":12.8100004196,"52":10.8400001526,"53":10.9799995422,"54":11.1800003052,"55":10.2899999619,"56":10.7700004578,"57":12.6400003433,"58":15.2899999619,"59":12.3800001144,"60":11.4499998093,"61":12.0799999237,"62":11.1700000763,"63":13.9099998474,"64":14.1999998093,"65":13.5,"66":15.1999998093,"67":15.6800003052,"68":18.2700004578,"69":16.0200004578,"70":15.8199996948,"71":13.8999996185,"72":13.6599998474,"73":13.6499996185,"74":13.220000267,"75":12.3900003433,"76":13.3699998856,"77":14.3999996185,"78":14.5,"79":13.7620000839,"80":13.7620000839},"Low":{"0":40.3570599434,"1":41.9002894528,"2":42.4049979054,"3":42.880588641,"4":42.967941952,"5":42.4826476114,"6":43.6473519275,"7":44.1811738442,"8":45.336175471,"9":45.4235292268,"10":45.2488193546,"11":44.3073533046,"12":43.0067637953,"13":41.6188245661,"14":40.9685255159,"15":40.6094125799,"16":39.4932311937,"17":39.9105866387,"18":39.2699970924,"19":38.2605852595,"20":38.3285305947,"21":38.2799969006,"22":39.202057336,"23":39.9979408367,"24":40.3473531986,"25":40.250294636,"26":38.9982346998,"27":39.8329402756,"28":40.5511749548,"29":40.3085257886,"30":40.0755886785,"31":39.7747035573,"32":40.3085285558,"33":41.2111746951,"34":40.5997082167,"35":38.3188209534,"36":34.9411770286,"37":33.1844113286,"38":30.2435286592,"39":28.7682338891,"40":30.7676473676,"41":31.3597064461,"42":30.9423509318,"43":30.1755883834,"44":25.4973525076,"45":12.0399999619,"46":12.5799999237,"47":11.6999998093,"48":9.4399995804,"49":11.5900001526,"50":11.1999998093,"51":11.0500001907,"52":9.0,"53":9.3999996185,"54":9.5500001907,"55":9.470000267,"56":9.6999998093,"57":10.220000267,"58":12.0,"59":11.4899997711,"60":10.1999998093,"61":11.1099996567,"62":10.1199998856,"63":11.1999998093,"64":11.5100002289,"65":12.4300003052,"66":13.6199998856,"67":14.0500001907,"68":14.2700004578,"69":14.7700004578,"70":14.6400003433,"71":13.0,"72":12.1599998474,"73":12.25,"74":11.8999996185,"75":11.5,"76":12.75,"77":13.3599996567,"78":13.4799995422,"79":12.75,"80":12.75},"Close":{"0":41.3276481628,"1":42.3273506165,"2":43.7249984741,"3":43.9385299683,"4":43.6570587158,"5":44.0355873108,"6":44.5499992371,"7":45.2002906799,"8":45.8505897522,"9":45.8699989319,"10":45.2973480225,"11":44.4820594788,"12":43.0164680481,"13":42.0167655945,"14":41.2694091797,"15":40.9782371521,"16":40.0270576477,"17":39.9882354736,"18":39.2797050476,"19":39.3961753845,"20":38.5517654419,"21":38.9011764526,"22":39.3088226318,"23":40.8811759949,"24":40.8811759949,"25":40.6579399109,"26":39.3088226318,"27":39.9591140747,"28":41.2402954102,"29":40.803527832,"30":40.3764686584,"31":40.3376464844,"32":41.2597045898,"33":41.7061767578,"34":40.8811759949,"35":38.3188209534,"36":35.1255874634,"37":33.2135314941,"38":30.8744106293,"39":31.7770595551,"40":31.9808826447,"41":32.0197067261,"42":31.9614696503,"43":30.5541172028,"44":26.0699996948,"45":12.5100002289,"46":14.3400001526,"47":11.8000001907,"48":11.8900003433,"49":14.2600002289,"50":12.0200004578,"51":11.3400001526,"52":10.529999733,"53":10.8299999237,"54":10.2299995422,"55":9.6899995804,"56":10.720000267,"57":12.0,"58":12.8299999237,"59":11.6099996567,"60":11.0100002289,"61":11.5799999237,"62":10.7399997711,"63":12.7700004578,"64":13.0,"65":13.4399995804,"66":13.8400001526,"67":15.5600004196,"68":15.3599996567,"69":15.3299999237,"70":14.8999996185,"71":13.6099996567,"72":12.1999998093,"73":13.6300001144,"74":12.5900001526,"75":12.3400001526,"76":13.0200004578,"77":13.8699998856,"78":13.8100004196,"79":13.6700000763,"80":13.6700000763},"Volume":{"0":13066400,"1":15097400,"2":16659700,"3":12084800,"4":12250900,"5":14635000,"6":10540000,"7":8456100,"8":12183900,"9":7085700,"10":9757600,"11":14379300,"12":10814200,"13":12953200,"14":10789800,"15":8797600,"16":9303900,"17":7206400,"18":6653900,"19":9509100,"20":16035700,"21":8731800,"22":7859600,"23":8613200,"24":6201500,"25":5030100,"26":7915400,"27":12132300,"28":8214600,"29":8402000,"30":6401500,"31":9519200,"32":7536300,"33":7728900,"34":8921100,"35":12503100,"36":22058600,"37":22683000,"38":23516900,"39":24190100,"40":17223700,"41":19991600,"42":14006600,"43":19218000,"44":38969100,"45":104930300,"46":110525300,"47":70436000,"48":73141800,"49":64910400,"50":37309700,"51":34731500,"52":41257200,"53":38092500,"54":50833300,"55":36784000,"56":42020600,"57":55409600,"58":70253700,"59":34675600,"60":44717600,"61":35568400,"62":39837200,"63":79141600,"64":92062300,"65":52068100,"66":54728600,"67":48988600,"68":110851100,"69":43697500,"70":40661000,"71":47465200,"72":40453900,"73":51691000,"74":74975500,"75":62591200,"76":44568100,"77":55054600,"78":40991300,"79":22080674,"80":22080674}}