{"Open":{"0":84.8973364619,"1":84.1129045716,"2":83.8845357821,"3":83.8944581349,"4":83.8348821294,"5":84.7881133925,"6":85.5824815955,"7":85.0065652789,"8":86.1087388063,"9":86.1782444465,"10":87.4690791209,"11":87.5783077695,"12":87.3896505959,"13":88.5811901078,"14":89.0478766226,"15":89.3159726947,"16":87.3995712108,"17":87.1513386355,"18":88.3329525107,"19":86.1087388344,"20":87.1900024414,"21":86.4499969482,"22":87.5299987793,"23":88.8199996948,"24":88.5999984741,"25":87.9899978638,"26":87.8499984741,"27":88.75,"28":88.2399978638,"29":87.6999969482,"30":88.5100021362,"31":89.3499984741,"32":89.7200012207,"33":90.2900009155,"34":89.9499969482,"35":87.1500015259,"36":87.5,"37":84.5599975586,"38":81.0999984741,"39":76.7099990845,"40":77.6100006104,"41":81.2699966431,"42":80.5400009155,"43":80.3099975586,"44":76.4400024414,"45":72.3600006104,"46":74.7099990845,"47":74.1500015259,"48":69.6600036621,"49":69.7300033569,"50":63.6100006104,"51":58.4700012207,"52":55.9300003052,"53":62.1599998474,"54":58.2799987793,"55":51.6899986267,"56":52.7799987793,"57":59.0,"58":60.1699981689,"59":62.5499992371,"60":60.6800003052,"61":63.9000015259,"62":59.4199981689,"63":59.9199981689,"64":60.9099998474,"65":62.7000007629,"66":68.2799987793,"67":65.3300018311,"68":66.2300033569,"69":65.5599975586,"70":65.3300018311,"71":64.7900009155,"72":65.0100021362,"73":65.9800033569,"74":66.1100006104,"75":64.9700012207,"76":65.5400009155,"77":67.2300033569,"78":67.6299972534,"79":68.6999969482,"80":68.6999969482},"High":{"0":85.0264174042,"1":84.4405803221,"2":84.2519229437,"3":84.0235466598,"4":84.887408128,"5":85.5924015449,"6":85.691706853,"7":85.7612104225,"8":86.8435206544,"9":87.2109147101,"10":87.6080992768,"11":87.6577456973,"12":88.2932323867,"13":89.3159719946,"14":89.1471702416,"15":89.3259043296,"16":87.945697463,"17":88.4322468152,"18":88.3329525107,"19":87.4194342609,"20":87.3099975586,"21":87.4199981689,"22":88.8499984741,"23":88.9199981689,"24":88.8600006104,"25":88.2900009155,"26":88.5899963379,"27":88.75,"28":88.3799972534,"29":88.8799972534,"30":89.2200012207,"31":89.6999969482,"32":90.3499984741,"33":90.5400009155,"34":90.0400009155,"35":88.6999969482,"36":87.8600006104,"37":85.3199996948,"38":82.5699996948,"39":78.1200027466,"40":82.2300033569,"41":82.8000030518,"42":82.6200027466,"43":80.8199996948,"44":77.9199981689,"45":75.1299972534,"46":76.7200012207,"47":75.9800033569,"48":71.5800018311,"49":71.5599975586,"50":64.4300003052,"51":61.2700004578,"52":63.8800010681,"53":62.5,"54":58.4300003052,"55":52.5,"56":61.8699989319,"57":65.6699981689,"58":66.1399993896,"59":63.9900016785,"60":64.9499969482,"61":64.8499984741,"62":62.1500015259,"63":61.6300010681,"64":61.5099983215,"65":65.7300033569,"66":68.7900009155,"67":66.4100036621,"68":67.6900024414,"69":65.75,"70":66.25,"71":65.1399993896,"72":65.2200012207,"73":67.5500030518,"74":67.6699981689,"75":65.5500030518,"76":67.6999969482,"77":68.1900024414,"78":68.6800003052,"79":68.9599990845,"80":68.9599990845},"Low":{"0":84.112904023,"1":83.8050920897,"2":83.7753105244,"3":83.517139346,"4":83.6859379129,"5":84.5994502158,"6":84.5696669487,"7":84.9072716595,"8":85.6023315171,"9":86.1782444465,"10":86.7938794883,"11":87.2605636343,"12":87.3598632674,"13":88.3130965733,"14":88.4421756981,"15":87.8960519327,"16":86.9726018433,"17":87.1513386355,"18":86.6945812435,"19":85.7711314496,"20":85.4000015259,"21":86.4199981689,"22":87.2600021362,"23":87.7799987793,"24":88.0100021362,"25":87.5100021362,"26":87.8399963379,"27":87.7099990845,"28":87.3300018311,"29":87.5999984741,"30":88.4000015259,"31":89.0800018311,"32":89.5,"33":89.0500030518,"34":88.7200012207,"35":86.5299987793,"36":83.4700012207,"37":82.2300033569,"38":78.8700027466,"39":75.3499984741,"40":76.8799972534,"41":78.5699996948,"42":79.6999969482,"43":78.5199966431,"44":75.2200012207,"45":69.5199966431,"46":72.3899993896,"47":73.0500030518,"48":64.6100006104,"49":65.1100006104,"50":57.6199989319,"51":54.4799995422,"52":47.8699989319,"53":54.4700012207,"54":51.3699989319,"55":48.5,"56":52.7599983215,"57":54.3400001526,"58":60.0200004578,"59":59.6800003052,"60":60.2799987793,"61":61.4099998474,"62":59.1199989319,"63":59.7900009155,"64":58.8499984741,"65":62.1800003052,"66":64.6399993896,"67":63.9399986267,"68":65.7399978638,"69":63.4900016785,"70":64.3799972534,"71":63.9399986267,"72":63.3100013733,"73":65.6999969482,"74":65.8499984741,"75":63.7700004578,"76":65.2900009155,"77":66.5599975586,"78":66.7399978638,"79":68.0400009155,"80":68.0400009155},"Close":{"0":84.5100860596,"1":84.2221298218,"2":84.2122039795,"3":83.745513916,"4":84.5696640015,"5":85.1455764771,"6":84.6689605713,"7":85.6519851685,"8":86.0094451904,"9":86.75415802,"10":87.3499298096,"11":87.6180267334,"12":88.025138855,"13":89.0280227661,"14":89.0180892944,"15":88.2833099365,"16":87.091758728,"17":88.0350723267,"18":86.7839508057,"19":87.3399963379,"20":85.7699966431,"21":86.5599975586,"22":88.2799987793,"23":88.0299987793,"24":88.4499969482,"25":87.9800033569,"26":88.4899978638,"27":87.8000030518,"28":87.9700012207,"29":88.5999984741,"30":89.2099990845,"31":89.3600006104,"32":90.1100006104,"33":90.2300033569,"34":89.0500030518,"35":87.2099990845,"36":83.6100006104,"37":82.2799987793,"38":78.9000015259,"39":77.4800033569,"40":82.0800018311,"41":79.0599975586,"42":82.3799972534,"43":79.3199996948,"44":77.5,"45":72.4599990845,"46":76.7099990845,"47":74.6800003052,"48":66.4599990845,"49":71.5599975586,"50":57.6199989319,"51":60.7900009155,"52":63.2999992371,"53":58.0299987793,"54":51.9700012207,"55":50.3899993896,"56":59.5600013733,"57":60.0800018311,"58":65.6600036621,"59":60.1699981689,"60":64.4199981689,"61":62.9199981689,"62":60.6100006104,"63":61.0299987793,"64":59.5499992371,"65":65.2900009155,"66":64.8199996948,"67":65.0599975586,"68":66.5400009155,"69":64.1500015259,"70":66.1399993896,"71":64.8899993896,"72":63.7700004578,"73":67.5,"74":66.4599990845,"75":64.0199966431,"76":66.8199996948,"77":66.9100036621,"78":68.0899963379,"79":68.0400009155,"80":68.0400009155},"Volume":{"0":1307000,"1":964700,"2":1196700,"3":1361200,"4":1500500,"5":1245600,"6":1048500,"7":1183200,"8":1518400,"9":2091000,"10":1478200,"11":1585600,"12":1796400,"13":1381400,"14":1259300,"15":1005100,"16":1512400,"17":1057300,"18":1416300,"19":1368600,"20":1718400,"21":1406000,"22":1239000,"23":1570600,"24":855000,"25":886700,"26":855000,"27":847300,"28":1019800,"29":782700,"30":949100,"31":1117700,"32":1417300,"33":2253500,"34":1838100,"35":1768200,"36":2164100,"37":2276300,"38":2689700,"39":4052700,"40":3500900,"41":2944600,"42":1913100,"43":2360800,"44":2592000,"45":3281900,"46":2699300,"47":4562600,"48":5742900,"49":4951100,"50":5565300,"51":7262400,"52":5556900,"53":5592500,"54":5751200,"55":5166400,"56":4925300,"57":5912500,"58":3445300,"59":4114300,"60":3754700,"61":5368500,"62":5451500,"63":3716200,"64":6192900,"65":3475500,"66":4136400,"67":3171800,"68":2877400,"69":1985100,"70":3233300,"71":2366100,"72":2105200,"73":2764600,"74":2372400,"75":2776900,"76":2394200,"77":2477000,"78":3032700,"79":538615,"80":538615}}