{"Open":{"0":34.2565971113,"1":33.3655323172,"2":34.0189800754,"3":34.2070953127,"4":34.1179888112,"5":34.11798626,"6":34.4447145191,"7":34.5239174451,"8":34.9298471995,"9":34.9892556592,"10":35.3060773998,"11":35.9991333284,"12":36.0189349259,"13":36.4347629136,"14":36.1872438103,"15":36.7119859875,"16":36.6129786917,"17":36.434764262,"18":36.4941698031,"19":36.2565490935,"20":36.1179395595,"21":35.7516136169,"22":35.8902219892,"23":35.9793278267,"24":36.0288310144,"25":36.1278407362,"26":36.2466488388,"27":36.513971292,"28":36.3159565777,"29":36.3060534104,"30":36.9300003052,"31":37.3300018311,"32":37.1599998474,"33":36.9199981689,"34":37.3499984741,"35":37.0200004578,"36":37.1699981689,"37":35.5699996948,"38":34.5200004578,"39":32.2000007629,"40":31.8700008392,"41":32.8699989319,"42":33.9300003052,"43":33.9099998474,"44":33.8300018311,"45":32.0800018311,"46":31.9400005341,"47":31.3500003815,"48":27.0599994659,"49":26.8400001526,"50":26.2700004578,"51":22.6499996185,"52":21.4599990845,"53":20.6499996185,"54":20.5499992371,"55":20.5799999237,"56":20.5400009155,"57":21.0300006866,"58":22.2600002289,"59":23.5,"60":25.2999992371,"61":24.0100002289,"62":22.1299991608,"63":21.0200004578,"64":19.7399997711,"65":21.5799999237,"66":24.2999992371,"67":24.3700008392,"68":27.5499992371,"69":27.8600006104,"70":27.5499992371,"71":25.5900001526,"72":25.7099990845,"73":25.4799995422,"74":25.8500003815,"75":24.25,"76":24.6399993896,"77":24.6100006104,"78":24.3199996948,"79":24.4599990845,"80":24.4599990845},"High":{"0":34.2962010219,"1":34.0288808351,"2":34.4249107038,"3":34.2665011808,"4":34.3259036866,"5":34.4348099826,"6":34.6130254775,"7":35.0189549917,"8":34.9892530632,"9":35.48429323,"10":36.078334758,"11":36.1377432461,"12":36.4248655853,"13":36.5139707345,"14":36.6921842216,"15":36.8010891194,"16":36.9694063509,"17":36.6921859125,"18":36.5733738493,"19":36.385259914,"20":36.2961533814,"21":36.0783364465,"22":36.454564488,"23":36.1377396852,"24":36.3159536897,"25":36.1575417795,"26":36.5535696926,"27":36.731785249,"28":36.8307961057,"29":37.1179184963,"30":37.3699989319,"31":37.3400001526,"32":37.2799987793,"33":37.3400001526,"34":37.6399993896,"35":37.5800018311,"36":37.2700004578,"37":36.1199989319,"38":34.9700012207,"39":32.2599983215,"40":32.8499984741,"41":34.2999992371,"42":34.75,"43":34.75,"44":34.0,"45":32.1699981689,"46":32.1199989319,"47":31.3899993896,"48":27.0599994659,"49":28.9300003052,"50":26.2700004578,"51":24.2199993134,"52":22.6599998474,"53":22.8099994659,"54":23.2199993134,"55":21.6599998474,"56":22.3400001526,"57":23.0599994659,"58":24.3799991608,"59":25.9899997711,"60":25.2999992371,"61":24.5,"62":22.4400005341,"63":21.6499996185,"64":20.7600002289,"65":23.3199996948,"66":25.2900009155,"67":27.0200004578,"68":28.6200008392,"69":28.2999992371,"70":27.9400005341,"71":26.2900009155,"72":25.9500007629,"73":26.3500003815,"74":26.0300006866,"75":25.0900001526,"76":25.1499996185,"77":25.2199993134,"78":24.7399997711,"79":25.1700000763,"80":25.1700000763},"Low":{"0":33.1279120963,"1":33.3358274954,"2":33.8308633945,"3":33.692255787,"4":33.9397749818,"5":33.8704674906,"6":34.2565978281,"7":34.4150085805,"8":34.5734195706,"9":34.9595546135,"10":35.3060773998,"11":35.7318125827,"12":35.8506201869,"13":35.8902223642,"14":35.9694298586,"15":36.4545643502,"16":36.3753627701,"17":36.3456573486,"18":36.1971480202,"19":35.9298262746,"20":35.5832980936,"21":35.5733997911,"22":35.751612081,"23":35.6328030665,"24":35.959526062,"25":35.9100230136,"26":36.0585321587,"27":36.1971475574,"28":35.860522918,"29":36.3060534104,"30":36.7999992371,"31":37.0400009155,"32":36.5499992371,"33":36.7200012207,"34":37.0600013733,"35":36.9399986267,"36":35.5900001526,"37":34.9500007629,"38":32.7700004578,"39":30.5100002289,"40":31.3299999237,"41":32.5900001526,"42":33.7599983215,"43":33.7700004578,"44":32.4000015259,"45":30.8999996185,"46":29.9200000763,"47":28.9699993134,"48":23.2299995422,"49":24.2199993134,"50":22.2700004578,"51":20.0400009155,"52":18.6299991608,"53":19.7099990845,"54":20.1399993896,"55":19.4599990845,"56":19.8299999237,"57":20.4099998474,"58":21.4799995422,"59":22.7199993134,"60":23.0200004578,"61":22.8799991608,"62":20.5100002289,"63":19.8999996185,"64":19.6700000763,"65":21.1800003052,"66":23.7199993134,"67":23.6599998474,"68":27.3299999237,"69":26.7299995422,"70":27.0799999237,"71":24.8700008392,"72":24.6000003815,"73":25.2000007629,"74":25.2399997711,"75":24.0499992371,"76":24.5,"77":24.2700004578,"78":24.0900001526,"79":24.3500003815,"80":24.3500003815},"Close":{"0":33.3457298279,"1":33.9892807007,"2":34.3061027527,"3":34.0882873535,"4":34.147693634,"5":34.3358039856,"6":34.5833244324,"7":34.9793548584,"8":34.850643158,"9":35.2367744446,"10":36.0684356689,"11":35.8902244568,"12":36.4050636292,"13":36.1476402283,"14":36.6624794006,"15":36.6327781677,"16":36.4347648621,"17":36.3456573486,"18":36.2961540222,"19":36.1476402283,"20":35.6328048706,"21":35.7516136169,"22":36.0882377625,"23":35.9298248291,"24":35.959526062,"25":35.9496269226,"26":36.5337715149,"27":36.2268486023,"28":36.3852615356,"29":36.9099998474,"30":37.3100013733,"31":37.3300018311,"32":36.8199996948,"33":37.2900009155,"34":37.1500015259,"35":37.0999984741,"36":35.6599998474,"37":34.9500007629,"38":32.7700004578,"39":31.6399993896,"40":32.8300018311,"41":33.2299995422,"42":34.5699996948,"43":34.6199989319,"44":33.7200012207,"45":31.2399997711,"46":32.0999984741,"47":29.0400009155,"48":25.1200008392,"49":28.8600006104,"50":22.2700004578,"51":23.3199996948,"52":20.8500003815,"53":20.0799999237,"54":20.9599990845,"55":19.9500007629,"56":21.1599998474,"57":21.8999996185,"58":24.3199996948,"59":25.0300006866,"60":24.3500003815,"61":23.8500003815,"62":21.2900009155,"63":20.4099998474,"64":20.2900009155,"65":23.1200008392,"66":23.8999996185,"67":26.6800003052,"68":28.3500003815,"69":26.8500003815,"70":27.3400001526,"71":25.5,"72":24.7399997711,"73":26.2600002289,"74":25.3899993896,"75":24.4899997711,"76":24.8799991608,"77":24.3199996948,"78":24.2299995422,"79":25.1005992889,"80":25.1005992889},"Volume":{"0":5490200,"1":2996200,"2":2688400,"3":1786500,"4":2651200,"5":2591100,"6":2644000,"7":2524900,"8":1755100,"9":4647700,"10":2520200,"11":4382700,"12":3294400,"13":4302800,"14":2437200,"15":2814900,"16":3724600,"17":3085200,"18":3894200,"19":2773800,"20":4319600,"21":3687900,"22":2351800,"23":2175700,"24":1910400,"25":1889300,"26":2507400,"27":2307700,"28":3242000,"29":3103200,"30":2415000,"31":2430500,"32":1892300,"33":2687300,"34":8038100,"35":4212800,"36":4328600,"37":4922900,"38":4829600,"39":7435300,"40":5655300,"41":5994600,"42":3942600,"43":4531600,"44":4678300,"45":6026100,"46":7945500,"47":8169000,"48":9149800,"49":9763600,"50":5973300,"51":7446200,"52":4720200,"53":6864600,"54":9259000,"55":5503100,"56":7531700,"57":8591100,"58":5489000,"59":6464800,"60":4645300,"61":6739500,"62":4385400,"63":4217600,"64":3686500,"65":4509800,"66":3924600,"67":4831700,"68":6512200,"69":4569800,"70":4657000,"71":4587400,"72":3950100,"73":3721700,"74":3040200,"75":5603700,"76":3011900,"77":4084800,"78":3914400,"79":658481,"80":658481}}