{"Open":{"0":135.9520184808,"1":134.5514789197,"2":134.3925568988,"3":135.0878493419,"4":133.5581891941,"5":134.3826023069,"6":134.2634230257,"7":133.7469077403,"8":135.2666397453,"9":136.1208713386,"10":138.4153942797,"11":139.1603678296,"12":139.6669377523,"13":140.8588880808,"14":142.1302970206,"15":142.8653413541,"16":140.6999569659,"17":141.1767464955,"18":141.0476123111,"19":141.3654741375,"20":142.8454775956,"21":141.8124498474,"22":142.2395598271,"23":142.7163318676,"24":143.6699026659,"25":143.2924483926,"26":144.9512531725,"27":145.2293831904,"28":145.696216979,"29":144.2758215962,"30":145.5869691298,"31":146.12334117,"32":144.6433325584,"33":144.7923259669,"34":144.0870856667,"35":144.8817239038,"36":141.6336529564,"37":141.4846619422,"38":140.4615734892,"39":132.3463767815,"40":131.114680146,"41":136.2698719251,"42":135.2765836461,"43":138.8099975586,"44":131.5599975586,"45":130.1799926758,"46":132.0500030518,"47":130.5800018311,"48":122.0999984741,"49":120.6800003052,"50":114.6900024414,"51":116.6999969482,"52":120.8399963379,"53":121.4300003052,"54":118.2399978638,"55":106.0,"56":109.9300003052,"57":112.7399978638,"58":112.7099990845,"59":118.5699996948,"60":121.6100006104,"61":124.9400024414,"62":117.2699966431,"63":117.2200012207,"64":123.1900024414,"65":128.6600036621,"66":132.7100067139,"67":129.6399993896,"68":132.0899963379,"69":131.6900024414,"70":133.2200012207,"71":137.1399993896,"72":136.9700012207,"73":137.7299957275,"74":136.9400024414,"75":132.1399993896,"76":132.4400024414,"77":132.5,"78":130.8699951172,"79":134.4199981689,"80":134.4199981689},"High":{"0":136.3096045944,"1":135.8725452963,"2":135.4057200853,"3":135.1573871276,"4":134.45214687,"5":134.4720101951,"6":134.5117462943,"7":135.6738987489,"8":136.0215521604,"9":138.3160556227,"10":139.219959235,"11":140.3721866107,"12":141.1668048164,"13":142.6070935872,"14":142.8852094288,"15":143.183187249,"16":142.3984947804,"17":141.9614413387,"18":141.4945911498,"19":142.9944741331,"20":143.679840158,"21":142.110440787,"22":143.0937924449,"23":143.6202321409,"24":144.3254797006,"25":144.7426628988,"26":145.4379722423,"27":145.378371085,"28":145.7558272932,"29":146.1432174591,"30":146.1630657592,"31":146.212733907,"32":145.4975652082,"33":144.8221235446,"34":144.9413182856,"35":146.1630652608,"36":143.411656011,"37":142.7858733894,"38":142.1799662176,"39":132.8529508011,"40":136.8459851811,"41":138.7332343725,"42":141.7528586114,"43":141.4199981689,"44":138.1699981689,"45":133.3500061035,"46":134.5700073242,"47":132.5399932861,"48":125.0,"49":127.5899963379,"50":123.8199996948,"51":127.8600006104,"52":127.7200012207,"53":122.0899963379,"54":118.4499969482,"55":112.8700027466,"56":114.4300003052,"57":116.3600006104,"58":121.8000030518,"59":124.6500015259,"60":125.8399963379,"61":125.6999969482,"62":122.3000030518,"63":125.1800003052,"64":125.3700027466,"65":132.1300048828,"66":135.0800018311,"67":133.2899932861,"68":135.0800018311,"69":133.3500061035,"70":138.6300048828,"71":137.5599975586,"72":136.9700012207,"73":138.0,"74":137.3800048828,"75":132.9400024414,"76":133.6699981689,"77":134.1399993896,"78":134.8200073242,"79":135.2100067139,"80":135.2100067139},"Low":{"0":134.2336257028,"1":134.2236904049,"2":134.2932215281,"3":133.0515956403,"4":133.1708055137,"5":133.6277050888,"6":133.4886556403,"7":133.7270527913,"8":134.7898633269,"9":135.8824907094,"10":137.670424483,"11":138.9616970867,"12":139.3987443824,"13":140.7694953419,"14":141.4151248215,"15":141.4945920935,"16":140.1039902192,"17":140.8092177595,"18":140.2231772655,"19":140.5708366663,"20":140.6205107625,"21":140.88867945,"22":141.1469465806,"23":142.468008616,"24":143.1037335225,"25":142.8653396608,"26":144.1566308266,"27":143.8983589874,"28":144.375150563,"29":142.5574287911,"30":144.9611896603,"31":144.424803386,"32":144.5142147652,"33":142.9845254179,"34":143.8387624072,"35":141.6038538296,"36":139.6272118997,"37":140.2132480734,"38":135.3957728842,"39":127.4891741772,"40":130.8365593098,"41":133.8363070559,"42":135.0977830148,"43":136.6699981689,"44":131.4499969482,"45":128.1799926758,"46":126.8600006104,"47":127.6299972534,"48":113.5899963379,"49":115.0699996948,"50":112.0,"51":116.3899993896,"52":113.7699966431,"53":116.0599975586,"54":101.4199981689,"55":102.8700027466,"56":109.3700027466,"57":111.0400009155,"58":112.5800018311,"59":117.9899978638,"60":121.5100021362,"61":119.5299987793,"62":115.6699981689,"63":116.4800033569,"64":122.4400024414,"65":125.2900009155,"66":130.2899932861,"67":129.1300048828,"68":131.5099945068,"69":129.4299926758,"70":132.3500061035,"71":133.6999969482,"72":133.8500061035,"73":134.9100036621,"74":134.5099945068,"75":130.5899963379,"76":131.2200012207,"77":130.0299987793,"78":130.6499938965,"79":133.8899993896,"80":133.8899993896},"Close":{"0":134.909072876,"1":134.7203369141,"2":135.2368469238,"3":133.1111907959,"4":133.7965698242,"5":133.8859558105,"6":133.6277160645,"7":135.6143035889,"8":135.9321594238,"9":138.2663879395,"10":138.6736450195,"11":140.3125762939,"12":140.9085540771,"13":142.4183654785,"14":142.6865386963,"15":141.96144104,"16":141.1866760254,"17":141.484664917,"18":140.7794189453,"19":142.8653411865,"20":141.067489624,"21":141.55418396,"22":142.2594299316,"23":143.3321838379,"24":143.3619842529,"25":144.3950042725,"26":144.6830749512,"27":145.1002502441,"28":145.1002502441,"29":145.4876403809,"30":146.0041503906,"31":144.6234741211,"32":144.5539398193,"33":144.186416626,"34":144.8717956543,"35":141.6833190918,"36":140.1536560059,"37":141.0277404785,"38":135.455368042,"39":131.1444854736,"40":136.6572570801,"41":134.6706695557,"42":141.4349975586,"43":138.1000061035,"44":137.2599945068,"45":130.1600036621,"46":134.1399993896,"47":129.75,"48":115.3399963379,"49":127.4499969482,"50":113.0899963379,"51":127.7200012207,"52":120.9199981689,"53":117.3399963379,"54":103.9300003052,"55":105.1800003052,"56":113.8399963379,"57":112.5,"58":120.2600021362,"59":120.4599990845,"60":125.4800033569,"61":120.0999984741,"62":118.1200027466,"63":123.8600006104,"64":124.5899963379,"65":131.1600036621,"66":130.4799957275,"67":132.6100006104,"68":133.6300048828,"69":130.8899993896,"70":138.3999938965,"71":135.0299987793,"72":135.6399993896,"73":137.5500030518,"74":134.5500030518,"75":130.9400024414,"76":132.6199951172,"77":130.2599945068,"78":134.3600006104,"79":134.4593963623,"80":134.4593963623},"Volume":{"0":3784100,"1":4000100,"2":4085100,"3":5718100,"4":3681400,"5":3954700,"6":3099500,"7":5127200,"8":4159700,"9":5002600,"10":4977900,"11":6908700,"12":4440000,"13":5366100,"14":3915700,"15":2791500,"16":3895300,"17":2908300,"18":3263200,"19":4058500,"20":4753100,"21":3977800,"22":3494300,"23":3504900,"24":3571400,"25":3138500,"26":3775600,"27":3870500,"28":4217400,"29":5041400,"30":3555600,"31":4938700,"32":2978800,"33":2805900,"34":4271800,"35":5027700,"36":7585800,"37":6157200,"38":8605000,"39":14170000,"40":8504500,"41":8728300,"42":7635700,"43":6579100,"44":6754900,"45":8716300,"46":8258600,"47":7465100,"48":12808300,"49":12007700,"50":10733300,"51":14242300,"52":15250800,"53":9393500,"54":13093200,"55":13926800,"56":11447000,"57":9485500,"58":10376800,"59":9852500,"60":6916800,"61":7091700,"62":6873000,"63":6181800,"64":5552000,"65":8242200,"66":6253900,"67":5241100,"68":5502400,"69":3785000,"70":6278700,"71":5773100,"72":4564000,"73":4866500,"74":3995400,"75":4359500,"76":4085100,"77":5527700,"78":4063100,"79":1172670,"80":1172670}}