{"Open":{"0":38.9026065134,"1":38.328474622,"2":38.4274599014,"3":38.7244271496,"4":38.3680657608,"5":38.8729122874,"6":38.5858416999,"7":39.2193731329,"8":39.0312937529,"9":39.7836088067,"10":40.3775439012,"11":40.1597669703,"12":39.9716871942,"13":39.912294013,"14":39.7836089251,"15":40.5260245786,"16":39.0114976562,"17":38.9224057497,"18":37.7345375268,"19":37.0999984741,"20":36.9399986267,"21":37.4599990845,"22":38.0800018311,"23":37.8499984741,"24":38.4399986267,"25":38.3600006104,"26":38.2099990845,"27":37.8899993896,"28":38.0900001526,"29":37.5800018311,"30":36.9700012207,"31":36.5499992371,"32":36.4000015259,"33":35.7099990845,"34":35.7599983215,"35":35.0400009155,"36":34.6800003052,"37":34.2400016785,"38":34.4399986267,"39":33.4900016785,"40":33.9099998474,"41":35.1800003052,"42":35.0999984741,"43":35.6500015259,"44":34.7000007629,"45":33.4599990845,"46":34.5699996948,"47":33.7599983215,"48":30.4799995422,"49":31.2700004578,"50":29.9400005341,"51":31.6399993896,"52":30.7700004578,"53":32.2200012207,"54":30.2800006866,"55":28.7600002289,"56":29.5100002289,"57":29.5,"58":29.8899993896,"59":30.7999992371,"60":31.0499992371,"61":32.4000015259,"62":31.9200000763,"63":31.8999996185,"64":32.6300010681,"65":33.9199981689,"66":35.0,"67":33.9900016785,"68":35.0299987793,"69":35.9599990845,"70":35.9300003052,"71":36.0600013733,"72":36.1199989319,"73":36.5,"74":36.3800010681,"75":35.7799987793,"76":36.9599990845,"77":36.2799987793,"78":36.8400001526,"79":37.5900001526,"80":37.5900001526},"High":{"0":38.9521001695,"1":38.8432169701,"2":38.6056400808,"3":38.7343281467,"4":38.823417212,"5":38.8729122874,"6":39.2292705423,"7":39.3678578874,"8":39.6747226218,"9":40.4567331424,"10":40.3874411225,"11":40.3973418175,"12":40.2488546861,"13":40.0013841067,"14":40.4171406012,"15":40.5557237946,"16":40.0211841729,"17":39.0906887161,"18":37.9919105761,"19":37.1699981689,"20":37.4500007629,"21":38.0400009155,"22":38.2400016785,"23":38.5699996948,"24":38.5,"25":38.4000015259,"26":38.2200012207,"27":38.1300010681,"28":38.1899986267,"29":37.5800018311,"30":37.0400009155,"31":36.6699981689,"32":36.5,"33":36.0600013733,"34":35.8199996948,"35":35.4000015259,"36":34.7400016785,"37":35.2099990845,"38":35.7099990845,"39":33.9399986267,"40":34.9500007629,"41":35.7799987793,"42":36.4599990845,"43":36.1800003052,"44":35.1699981689,"45":34.6899986267,"46":34.6599998474,"47":33.8800010681,"48":32.0,"49":32.8800010681,"50":32.2799987793,"51":32.6500015259,"52":32.6100006104,"53":32.25,"54":30.6700000763,"55":29.5799999237,"56":30.0499992371,"57":30.7199993134,"58":31.9899997711,"59":31.7399997711,"60":32.8499984741,"61":33.0,"62":32.2799987793,"63":33.0,"64":33.8899993896,"65":34.9000015259,"66":35.1699981689,"67":34.7999992371,"68":35.7700004578,"69":35.9799995422,"70":36.6300010681,"71":36.2299995422,"72":36.2599983215,"73":37.0,"74":36.9099998474,"75":35.9300003052,"76":37.0,"77":37.4000015259,"78":37.4300003052,"79":38.1657981873,"80":38.1657981873},"Low":{"0":38.4868552712,"1":38.2789771881,"2":38.3086743738,"3":38.2888776805,"4":38.3581685401,"5":38.3977663774,"6":38.5759444794,"7":38.8135190836,"8":38.9026072239,"9":39.7638105878,"10":39.9122952006,"11":40.0112822188,"12":39.7836060165,"13":39.5658346353,"14":39.7242180445,"15":39.2391705776,"16":38.8531156797,"17":37.5662599024,"18":37.1703015489,"19":36.6899986267,"20":36.9000015259,"21":37.2999992371,"22":37.6300010681,"23":37.8199996948,"24":38.0299987793,"25":37.9300003052,"26":37.7200012207,"27":37.7599983215,"28":37.7200012207,"29":36.8899993896,"30":36.4199981689,"31":36.2700004578,"32":36.2099990845,"33":35.4099998474,"34":35.5299987793,"35":34.5999984741,"36":33.7099990845,"37":34.0200004578,"38":34.0999984741,"39":32.5299987793,"40":33.4500007629,"41":33.8600006104,"42":34.9500007629,"43":35.1599998474,"44":34.1199989319,"45":33.1599998474,"46":33.0099983215,"47":31.6599998474,"48":30.0,"49":30.2299995422,"50":29.6499996185,"51":30.5900001526,"52":30.3099994659,"53":30.0100002289,"54":28.9099998474,"55":27.8799991608,"56":28.8999996185,"57":29.0,"58":29.8799991608,"59":30.6599998474,"60":31.0499992371,"61":32.2400016785,"62":31.5300006866,"63":31.75,"64":32.6300010681,"65":33.7799987793,"66":33.5900001526,"67":33.4399986267,"68":34.8499984741,"69":34.7200012207,"70":35.3400001526,"71":35.5800018311,"72":35.5800018311,"73":36.1100006104,"74":36.0800018311,"75":35.3699989319,"76":36.1199989319,"77":36.2799987793,"78":36.7799987793,"79":37.5699996948,"80":37.5699996948},"Close":{"0":38.7442245483,"1":38.5363502502,"2":38.4868545532,"3":38.3581695557,"4":38.6650352478,"5":38.4967536926,"6":39.0906867981,"7":39.0114974976,"8":39.6648216248,"9":40.2587547302,"10":40.1993637085,"11":40.1003723145,"12":39.9320907593,"13":39.7836074829,"14":40.2983512878,"15":39.417350769,"16":39.7539138794,"17":37.7543373108,"18":37.2000007629,"19":37.0699996948,"20":37.2400016785,"21":37.5099983215,"22":37.6899986267,"23":38.1699981689,"24":38.2599983215,"25":38.0499992371,"26":37.8100013733,"27":38.0900001526,"28":37.7400016785,"29":36.9300003052,"30":36.5099983215,"31":36.3199996948,"32":36.2299995422,"33":35.8499984741,"34":35.7200012207,"35":34.6699981689,"36":33.9300003052,"37":34.7200012207,"38":34.0999984741,"39":33.4199981689,"40":34.8800010681,"41":34.2999992371,"42":36.4000015259,"43":35.4599990845,"44":35.0200004578,"45":33.7599983215,"46":34.5900001526,"47":32.1699981689,"48":30.0200004578,"49":32.7099990845,"50":30.1800003052,"51":32.1599998474,"52":32.3600006104,"53":30.4200000763,"54":29.0100002289,"55":28.4899997711,"56":29.7000007629,"57":29.75,"58":31.75,"59":30.8999996185,"60":32.6699981689,"61":32.6399993896,"62":31.75,"63":32.8699989319,"64":33.6399993896,"65":34.5699996948,"66":33.6100006104,"67":34.5999984741,"68":35.3899993896,"69":35.1399993896,"70":36.4399986267,"71":35.9700012207,"72":35.8800010681,"73":36.9099998474,"74":36.0800018311,"75":35.6199989319,"76":36.25,"77":36.6899986267,"78":37.3800010681,"79":38.1199989319,"80":38.1199989319},"Volume":{"0":15668000,"1":14158300,"2":14963900,"3":19077900,"4":15563100,"5":20846200,"6":20452900,"7":14603800,"8":19847400,"9":22700000,"10":15385600,"11":21901300,"12":21931400,"13":17170600,"14":25757600,"15":32394400,"16":30326400,"17":66605700,"18":32415300,"19":30660900,"20":32157500,"21":19806200,"22":29554900,"23":27935000,"24":19969400,"25":20781400,"26":18973800,"27":15206200,"28":21768800,"29":20967500,"30":19930500,"31":17066900,"32":16841500,"33":40752500,"34":30764000,"35":36024000,"36":39733300,"37":45464900,"38":52604200,"39":62686900,"40":39880900,"41":43808800,"42":36728800,"43":33298200,"44":38834000,"45":40971400,"46":38470900,"47":62002100,"48":59517500,"49":57450700,"50":48382400,"51":51442700,"52":41636600,"53":56756100,"54":49799800,"55":50145200,"56":42188600,"57":42316200,"58":41053100,"59":36328600,"60":28409400,"61":27956500,"62":25341200,"63":25794000,"64":31155000,"65":38428100,"66":22985100,"67":24216300,"68":29141300,"69":17334100,"70":20726100,"71":20220300,"72":19599100,"73":23154500,"74":21376300,"75":22746900,"76":19151900,"77":19151200,"78":16464700,"79":8318242,"80":8318242}}