{"Open":{"0":54.7668755661,"1":54.0060883479,"2":53.7096790171,"3":54.2333358843,"4":54.6285546238,"5":55.2411336821,"6":55.5671902108,"7":55.1719725671,"8":55.4091037165,"9":54.9150834462,"10":55.0435259844,"11":55.4288611539,"12":55.9426380074,"13":55.1818517493,"14":54.6977154581,"15":54.6680755092,"16":52.4647489376,"17":52.8698435768,"18":55.2312574414,"19":53.2551808545,"20":53.3441065327,"21":52.8698463181,"22":53.9665663351,"23":54.8953244211,"24":55.873475935,"25":54.9842484686,"26":54.6878328108,"27":55.2707727267,"28":55.725274383,"29":55.4486210487,"30":55.2411355691,"31":55.3498174883,"32":54.895323288,"33":55.0138848429,"34":54.9249626365,"35":52.1288178628,"36":51.4273118428,"37":49.5401613147,"38":47.4751634163,"39":45.2000007629,"40":44.5999984741,"41":46.9700012207,"42":45.6100006104,"43":44.4500007629,"44":41.5600013733,"45":38.4199981689,"46":37.3699989319,"47":36.1100006104,"48":32.7200012207,"49":33.3600006104,"50":29.5100002289,"51":30.1100006104,"52":26.3999996185,"53":26.5300006866,"54":27.0499992371,"55":25.3099994659,"56":25.9899997711,"57":30.2299995422,"58":33.0,"59":32.0,"60":32.2000007629,"61":32.9199981689,"62":29.3700008392,"63":27.0100002289,"64":26.3299999237,"65":28.3600006104,"66":30.6100006104,"67":29.3199996948,"68":31.8500003815,"69":32.7099990845,"70":32.1100006104,"71":30.0400009155,"72":29.3400001526,"73":30.1200008392,"74":29.6000003815,"75":28.5,"76":29.3899993896,"77":30.1700000763,"78":29.8099994659,"79":30.3099994659,"80":30.3099994659},"High":{"0":55.2213715517,"1":54.4013045536,"2":54.3716618389,"3":54.984245915,"4":55.3794609203,"5":55.5573051357,"6":55.8043169275,"7":55.527666402,"8":55.6264692423,"9":55.0138856119,"10":55.6956300833,"11":56.4761814844,"12":56.1303673963,"13":55.4782657936,"14":54.9150847507,"15":54.6779542183,"16":53.0081721552,"17":53.689915869,"18":55.2312574414,"19":53.8084790069,"20":53.4330299922,"21":53.8677655743,"22":54.3914224399,"23":55.6956317944,"24":55.8833584129,"25":55.310298647,"26":55.1324501038,"27":56.209408364,"28":56.3180949272,"29":55.833954776,"30":55.7153927656,"31":55.9722816771,"32":55.330058102,"33":55.6956288225,"34":54.9842461979,"35":52.8006831619,"36":51.7138434036,"37":49.9551387035,"38":48.3149968857,"39":45.5800018311,"40":47.1100006104,"41":47.6300010681,"42":46.3400001526,"43":44.7900009155,"44":43.8300018311,"45":40.2599983215,"46":38.6800003052,"47":36.9700012207,"48":33.7799987793,"49":35.6199989319,"50":32.6899986267,"51":30.7800006866,"52":27.5,"53":29.0100002289,"54":28.0400009155,"55":25.8400001526,"56":29.7299995422,"57":34.8600006104,"58":34.6599998474,"59":34.0499992371,"60":33.4399986267,"61":33.1199989319,"62":29.75,"63":28.1399993896,"64":27.1000003815,"65":28.6200008392,"66":31.3400001526,"67":30.9300003052,"68":34.5,"69":32.75,"70":32.5699996948,"71":30.3299999237,"72":29.6100006104,"73":30.8700008392,"74":30.5100002289,"75":29.4200000763,"76":29.5,"77":30.1700000763,"78":30.3299999237,"79":31.8299999237,"80":31.8299999237},"Low":{"0":54.4408216401,"1":53.5812322458,"2":53.5417108076,"3":53.7393175158,"4":54.549509872,"5":54.9546021245,"6":55.0138882567,"7":55.013886837,"8":54.9546039391,"9":54.3815427056,"10":54.964485005,"11":55.4288611539,"12":54.8063980413,"13":54.9052026615,"14":53.6405164299,"15":53.3539848148,"16":52.1683386719,"17":52.642595582,"18":53.5614728731,"19":52.9390094048,"20":52.2869037279,"21":52.7117605844,"22":53.8875253548,"23":54.6878338344,"24":55.2312543264,"25":54.6483158117,"26":54.5791519339,"27":55.1620918536,"28":55.6956307174,"29":54.9743638636,"30":55.2411355691,"31":54.0258481332,"32":54.6483141001,"33":54.9150826786,"34":53.7195566052,"35":50.6368840117,"36":48.5323638774,"37":48.3149978733,"38":45.9041848882,"39":43.0999984741,"40":43.9700012207,"41":44.5600013733,"42":44.1500015259,"43":43.4399986267,"44":41.2099990845,"45":35.2700004578,"46":34.7200012207,"47":35.0299987793,"48":30.8600006104,"49":31.5900001526,"50":29.1700000763,"51":27.6000003815,"52":25.3400001526,"53":25.5100002289,"54":25.1399993896,"55":23.3099994659,"56":25.8400001526,"57":29.7800006866,"58":32.25,"59":31.5100002289,"60":30.9599990845,"61":30.8799991608,"62":27.0200004578,"63":26.0900001526,"64":25.7999992371,"65":27.5699996948,"66":28.7099990845,"67":28.6700000763,"68":31.3500003815,"69":31.0900001526,"70":31.2600002289,"71":29.2199993134,"72":28.3999996185,"73":29.9099998474,"74":29.0499992371,"75":28.1100006104,"76":28.8500003815,"77":29.0,"78":28.7600002289,"79":30.2600002289,"80":30.2600002289},"Close":{"0":55.0632858276,"1":54.2530975342,"2":54.3420219421,"3":54.6878318787,"4":54.9249649048,"5":55.5079040527,"6":55.0336494446,"7":55.3794593811,"8":55.0830497742,"9":54.5495071411,"10":55.4288597107,"11":56.3971405029,"12":54.9546012878,"13":54.9447250366,"14":54.6680755615,"15":53.7096786499,"16":52.2770233154,"17":53.2057762146,"18":53.8282432556,"19":53.7788391113,"20":52.3165473938,"21":53.2255401611,"22":53.9270477295,"23":55.4683837891,"24":55.4486198425,"25":54.9249649048,"26":55.1324501038,"27":55.6659889221,"28":55.843837738,"29":55.3201789856,"30":55.6857528687,"31":54.5989074707,"32":55.2411346436,"33":55.310295105,"34":53.7590789795,"35":51.1111412048,"36":48.8880577087,"37":48.3643989563,"38":46.25,"39":44.3899993896,"40":47.0800018311,"41":44.75,"42":46.2400016785,"43":43.8899993896,"44":42.2799987793,"45":35.4099998474,"46":37.5699996948,"47":35.9199981689,"48":30.9799995422,"49":35.5499992371,"50":29.3099994659,"51":28.6599998474,"52":27.2099990845,"53":26.8899993896,"54":25.6800003052,"55":24.1599998474,"56":29.6100006104,"57":32.5900001526,"58":33.8499984741,"59":32.5999984741,"60":33.2099990845,"61":31.3400001526,"62":27.3999996185,"63":26.6000003815,"64":26.4099998474,"65":28.2600002289,"66":28.8099994659,"67":30.4400005341,"68":32.5999984741,"69":31.5,"70":31.5799999237,"71":29.6299991608,"72":28.6299991608,"73":30.5400009155,"74":29.7900009155,"75":28.4300003052,"76":29.0499992371,"77":29.4699993134,"78":29.9799995422,"79":31.6450004578,"80":31.6450004578},"Volume":{"0":1164500,"1":896100,"2":849900,"3":868300,"4":1176900,"5":945300,"6":1122100,"7":1420900,"8":1703900,"9":1604800,"10":1425600,"11":1848300,"12":1608700,"13":1014700,"14":1073800,"15":1186300,"16":1150800,"17":1605100,"18":1638000,"19":1162100,"20":2459400,"21":1299400,"22":738200,"23":989800,"24":1058700,"25":733600,"26":592900,"27":748700,"28":758600,"29":1276300,"30":766500,"31":1325000,"32":726100,"33":929400,"34":1123400,"35":1299500,"36":1427500,"37":1491900,"38":1721800,"39":3159800,"40":2399100,"41":2615200,"42":2419200,"43":1824300,"44":3041000,"45":3157300,"46":4202400,"47":3553600,"48":4020900,"49":3880400,"50":2457800,"51":3726900,"52":2941400,"53":2373500,"54":3215400,"55":2243000,"56":2697100,"57":2908800,"58":2493700,"59":2035100,"60":2070300,"61":2277700,"62":2325800,"63":2529400,"64":1790900,"65":2556700,"66":2163200,"67":3185400,"68":2436600,"69":2120500,"70":2019800,"71":1740100,"72":1586400,"73":2239200,"74":1428400,"75":1346400,"76":1379200,"77":1652200,"78":2461900,"79":812930,"80":812930}}