{"Open":{"0":206.1443388009,"1":204.7701130034,"2":203.8937830004,"3":206.0347845439,"4":206.2638393015,"5":206.21404577,"6":206.1343818403,"7":204.6705297335,"8":206.7916160018,"9":205.0788202919,"10":205.4871013767,"11":206.702007869,"12":205.0389692262,"13":201.6332707395,"14":196.8433927419,"15":201.1851545206,"16":193.2783633176,"17":194.752183324,"18":197.1720204938,"19":204.262240925,"20":201.6830666907,"21":195.8177084283,"22":201.3942920914,"23":208.604005341,"24":210.1300048828,"25":207.9299926758,"26":206.5399932861,"27":211.3200073242,"28":214.4900054932,"29":212.2599945068,"30":213.1300048828,"31":210.6699981689,"32":211.1600036621,"33":211.2299957275,"34":213.8000030518,"35":207.1999969482,"36":204.0299987793,"37":196.4299926758,"38":184.9199981689,"39":179.1199951172,"40":186.1999969482,"41":192.0099945068,"42":189.5899963379,"43":186.9199981689,"44":173.1999969482,"45":150.0,"46":152.7599945068,"47":154.2799987793,"48":136.1799926758,"49":139.2899932861,"50":127.0,"51":119.6900024414,"52":113.5699996948,"53":101.0100021362,"54":107.7799987793,"55":100.75,"56":105.4499969482,"57":118.6500015259,"58":128.9100036621,"59":125.3799972534,"60":123.2399978638,"61":129.1399993896,"62":120.8199996948,"63":115.7900009155,"64":118.4100036621,"65":126.5299987793,"66":138.3200073242,"67":134.1000061035,"68":145.2700042725,"69":142.4400024414,"70":142.7400054932,"71":133.2700042725,"72":131.4799957275,"73":131.9499969482,"74":134.0700073242,"75":129.8600006104,"76":135.0599975586,"77":134.6000061035,"78":134.1300048828,"79":136.2200012207,"80":136.2200012207},"High":{"0":208.8928070068,"1":206.9708628417,"2":206.1144534032,"3":206.5725348943,"4":206.6721132365,"5":207.2596579752,"6":207.2596613475,"7":207.5982379059,"8":208.1758027251,"9":207.1202508176,"10":207.259656641,"11":208.8728844279,"12":205.566751677,"13":202.4299283616,"14":201.4341155076,"15":201.1851545206,"16":194.9015519511,"17":197.550430188,"18":200.3486832552,"19":208.4148013331,"20":201.6830666907,"21":202.5295291899,"22":206.6223380011,"23":209.8886194086,"24":210.1799926758,"25":209.2100067139,"26":209.6100006104,"27":213.6799926758,"28":215.3999938965,"29":214.3300018311,"30":213.3399963379,"31":211.3500061035,"32":212.7599945068,"33":215.9400024414,"34":215.2700042725,"35":208.0399932861,"36":204.8200073242,"37":197.6100006104,"38":193.1000061035,"39":184.7700042725,"40":193.0299987793,"41":198.8099975586,"42":194.9799957275,"43":188.4100036621,"44":174.4100036621,"45":152.3699951172,"46":160.0700073242,"47":155.1799926758,"48":137.8600006104,"49":142.5,"50":128.3200073242,"51":124.1500015259,"52":117.3600006104,"53":106.5,"54":117.8300018311,"55":102.6100006104,"56":116.2799987793,"57":134.9900054932,"58":132.7599945068,"59":126.1500015259,"60":131.4600067139,"61":135.2100067139,"62":122.4899978638,"63":125.3899993896,"64":120.1500015259,"65":131.6100006104,"66":143.4900054932,"67":142.6000061035,"68":148.8300018311,"69":143.9299926758,"70":144.7299957275,"71":136.0299987793,"72":132.1900024414,"73":139.6499938965,"74":137.3200073242,"75":132.2899932861,"76":135.3699951172,"77":137.4199981689,"78":136.0399932861,"79":139.7799987793,"80":139.7799987793},"Low":{"0":205.2879344634,"1":202.3403140257,"2":202.8680914371,"3":204.1427359956,"4":204.8398113005,"5":204.640651106,"6":203.8639174008,"7":203.6448381214,"8":205.3576353283,"9":203.1668510058,"10":205.1086855804,"11":206.0845902022,"12":200.3884998759,"13":197.6101717804,"14":194.8019622792,"15":195.7679009524,"16":191.6950159237,"17":193.3879019828,"18":197.1122738279,"19":199.0939416157,"20":193.2584528995,"21":195.1305913753,"22":201.3942920914,"23":206.3335409184,"24":206.7899932861,"25":206.6999969482,"26":206.25,"27":210.5399932861,"28":213.3099975586,"29":211.5,"30":210.6000061035,"31":208.2599945068,"32":210.6100006104,"33":210.8699951172,"34":211.7400054932,"35":201.5,"36":193.9199981689,"37":189.3699951172,"38":181.7299957275,"39":176.3000030518,"40":182.75,"41":185.8200073242,"42":187.25,"43":177.4600067139,"44":163.4799957275,"45":138.4100036621,"46":146.1100006104,"47":144.3899993896,"48":126.1900024414,"49":128.6399993896,"50":117.1699981689,"51":110.0299987793,"52":93.0,"53":94.1800003052,"54":101.6999969482,"55":93.5100021362,"56":104.4300003052,"57":113.25,"58":123.0500030518,"59":118.1100006104,"60":119.75,"61":127.1500015259,"62":113.8000030518,"63":115.1100006104,"64":114.0199966431,"65":123.4199981689,"66":132.2799987793,"67":133.8300018311,"68":141.4400024414,"69":136.0099945068,"70":139.6100006104,"71":130.25,"72":123.3199996948,"73":131.2899932861,"74":131.2899932861,"75":128.8699951172,"76":131.4199981689,"77":131.9400024414,"78":130.6799926758,"79":135.3105926514,"80":135.3105926514},"Close":{"0":208.8928070068,"1":205.9551391602,"2":206.0447540283,"3":205.6265106201,"4":205.7659301758,"5":206.2638397217,"6":204.4514465332,"7":207.2098693848,"8":205.8953704834,"9":204.4813232422,"10":206.8812408447,"11":206.1343841553,"12":201.205078125,"13":197.9089202881,"14":200.9660797119,"15":197.4508361816,"16":193.2086639404,"17":195.9770355225,"18":198.1877593994,"19":204.2921142578,"20":194.871673584,"21":197.3014831543,"22":205.2580566406,"23":209.5599975586,"24":209.8500061035,"25":207.8200073242,"26":209.4499969482,"27":212.25,"28":213.9100036621,"29":213.0299987793,"30":211.8399963379,"31":210.5800018311,"32":211.7799987793,"33":215.2799987793,"34":215.1999969482,"35":203.1100006104,"36":194.4799957275,"37":189.6699981689,"38":185.9100036621,"39":184.7700042725,"40":192.5899963379,"41":186.5099945068,"42":194.5700073242,"43":178.4400024414,"44":164.9900054932,"45":146.4799957275,"46":160.0700073242,"47":147.6600036621,"48":130.3999938965,"49":140.3200073242,"50":117.7600021362,"51":123.0199966431,"52":102.4899978638,"53":104.2300033569,"54":102.4300003052,"55":97.5599975586,"56":115.5299987793,"57":126.5299987793,"58":130.5500030518,"59":121.2799987793,"60":130.3500061035,"61":129.7299957275,"62":116.0899963379,"63":118.8399963379,"64":115.8099975586,"65":130.7700042725,"66":132.3600006104,"67":141.3899993896,"68":145.1699981689,"69":138.9100036621,"70":142.1100006104,"71":131.0,"72":126.0,"73":138.6000061035,"74":134.3699951172,"75":130.4199981689,"76":132.6000061035,"77":132.4499969482,"78":134.9499969482,"79":139.5749969482,"80":139.5749969482},"Volume":{"0":845200,"1":895400,"2":734100,"3":699500,"4":711500,"5":587500,"6":802100,"7":749100,"8":719100,"9":983800,"10":515800,"11":859200,"12":1016700,"13":1005500,"14":1221900,"15":659700,"16":815300,"17":1020500,"18":1389900,"19":2165600,"20":1947600,"21":1185300,"22":1161800,"23":947500,"24":967000,"25":947300,"26":501800,"27":586800,"28":679600,"29":575600,"30":535200,"31":800200,"32":904900,"33":946100,"34":702100,"35":1294800,"36":1308100,"37":2268100,"38":1722200,"39":2000500,"40":1122000,"41":1184000,"42":1584900,"43":1920400,"44":3336000,"45":3002000,"46":2398200,"47":1911800,"48":2611700,"49":2826600,"50":2362900,"51":2153400,"52":2315700,"53":1874600,"54":2388900,"55":1676300,"56":1928300,"57":2843000,"58":2232600,"59":2398500,"60":1767700,"61":2520500,"62":2335200,"63":1460400,"64":1212600,"65":1373500,"66":1790300,"67":1218300,"68":1448100,"69":1094100,"70":922200,"71":2332800,"72":3105100,"73":1716700,"74":1544500,"75":1142800,"76":997600,"77":970400,"78":1052400,"79":374017,"80":374017}}