{"Open":{"0":84.0039541428,"1":83.532409668,"2":83.4145235413,"3":84.1218380751,"4":85.2712367579,"5":86.8135850922,"6":87.3931903064,"7":85.8704946771,"8":86.1553801765,"9":85.7722518398,"10":87.0591848591,"11":87.0198817277,"12":86.8823521317,"13":87.01005933,"14":87.0002320557,"15":85.3007065857,"16":83.9450050849,"17":83.0608680649,"18":83.3752308108,"19":81.7444650946,"20":82.7072014105,"21":81.184502133,"22":81.5578074419,"23":82.1275932404,"24":83.3064630979,"25":84.7800428,"26":85.8017196913,"27":87.1868887059,"28":87.4324847636,"29":87.2752978326,"30":87.3145963525,"31":86.7349912353,"32":86.2634399041,"33":85.9589042291,"34":85.3301747139,"35":86.6662250608,"36":84.4165579897,"37":83.5029345526,"38":83.3654004163,"39":79.5733826677,"40":80.1726424496,"41":83.3850499894,"42":82.8545565717,"43":85.1533510837,"44":83.0805126155,"45":80.7227814246,"46":81.8132274554,"47":80.595072016,"48":72.2447739965,"49":73.7969531054,"50":69.5137414919,"51":70.4077127237,"52":69.0323630808,"53":63.1282230531,"54":64.9000015259,"55":58.9599990845,"56":60.9500007629,"57":61.6100006104,"58":66.1299972534,"59":68.7900009155,"60":70.3199996948,"61":72.5699996948,"62":69.7699966431,"63":70.2600021362,"64":75.4400024414,"65":75.3799972534,"66":76.8700027466,"67":75.1699981689,"68":75.9199981689,"69":75.0100021362,"70":74.3499984741,"71":75.5999984741,"72":76.0,"73":76.4199981689,"74":76.1399993896,"75":72.9800033569,"76":73.6699981689,"77":73.0599975586,"78":72.5,"79":74.0500030518,"80":74.0500030518},"High":{"0":84.6523259716,"1":84.4263859092,"2":84.5933855054,"3":85.3007075602,"4":86.7939328638,"5":87.1082968419,"6":87.4324867055,"7":86.892171078,"8":86.3911585714,"9":87.3244259178,"10":87.3047817395,"11":87.3145934643,"12":87.4226607549,"13":87.5601939237,"14":87.2556548968,"15":85.7919003251,"16":84.3870839369,"17":83.4439985992,"18":83.6895945148,"19":83.0412163284,"20":82.8152646291,"21":82.707205751,"22":82.6286137208,"23":83.2868107865,"24":87.2360131027,"25":86.1946756792,"26":87.2065341004,"27":88.5818771264,"28":87.7272040023,"29":88.1496295623,"30":87.6584379659,"31":86.833228484,"32":86.4206254943,"33":86.2241455501,"34":88.1201514811,"35":86.9904147294,"36":85.6150719363,"37":85.0944049447,"38":85.9097803389,"39":80.526299684,"40":83.5422317893,"41":85.4185918557,"42":87.2163593869,"43":87.6093198995,"44":86.017849214,"45":83.3261098743,"46":83.4734646813,"47":81.2434438735,"48":75.4768296074,"49":78.3847010191,"50":73.345054235,"51":73.80677269,"52":72.1858334032,"53":66.0360891631,"54":65.2600021362,"55":60.5800018311,"56":66.1100006104,"57":68.5800018311,"58":72.0400009155,"59":71.5800018311,"60":73.0,"61":75.0199966431,"62":71.9899978638,"63":75.0599975586,"64":75.5,"65":76.6100006104,"66":77.2699966431,"67":75.9100036621,"68":77.7300033569,"69":75.4800033569,"70":77.4499969482,"71":75.8300018311,"72":76.4800033569,"73":78.8700027466,"74":78.1399993896,"75":75.5199966431,"76":73.8600006104,"77":73.4100036621,"78":73.9700012207,"79":74.5199966431,"80":74.5199966431},"Low":{"0":83.2671635448,"1":83.3654055883,"2":82.884033409,"3":83.7681779791,"4":84.90775069,"5":85.8803124807,"6":85.7919013942,"7":85.7329535322,"8":85.7034828289,"9":85.762433361,"10":86.6367579251,"11":86.194672376,"12":86.3518619869,"13":86.9314665323,"14":85.4873544505,"15":84.1316630875,"16":83.0805068221,"17":82.589318756,"18":82.4616101252,"19":81.0764412774,"20":80.8210118195,"21":81.184502133,"22":81.3613329387,"23":82.1275932404,"24":83.0903366485,"25":84.7014500025,"26":85.3793002663,"27":86.8037581889,"28":85.8311958869,"29":85.9981986392,"30":86.4599240434,"31":85.5168328625,"32":85.3498192725,"33":84.6228566609,"34":85.1533446727,"35":83.8762407081,"36":82.6482574956,"37":83.3162785358,"38":81.6069259644,"39":76.3609790356,"40":79.3867294714,"41":81.1943300173,"42":82.6679080469,"43":84.9765210291,"44":82.2651291717,"45":77.9229784672,"46":79.455496024,"47":77.6970243718,"48":69.0323628367,"49":71.0757354813,"50":67.2051323694,"51":69.3565583627,"52":58.7762431598,"53":59.9354599203,"54":60.2900009155,"55":56.0099983215,"56":60.7799987793,"57":61.0099983215,"58":65.9800033569,"59":67.3899993896,"60":70.0199966431,"61":72.1999969482,"62":69.2799987793,"63":70.1200027466,"64":72.7699966431,"65":74.1600036621,"66":73.7200012207,"67":74.3600006104,"68":74.9300003052,"69":73.6699981689,"70":74.1500015259,"71":73.7699966431,"72":74.2200012207,"73":76.1900024414,"74":75.7699966431,"75":71.5999984741,"76":71.8499984741,"77":71.75,"78":72.3000030518,"79":73.5999984741,"80":73.5999984741},"Close":{"0":83.6895904541,"1":83.532409668,"2":84.5049667358,"3":84.8782806396,"4":86.4893951416,"5":86.7251663208,"6":85.9196090698,"7":86.2732696533,"8":86.0374984741,"9":86.764465332,"10":87.0002365112,"11":87.1279449463,"12":87.3047790527,"13":87.4128417969,"14":85.5463027954,"15":84.6326828003,"16":83.2180404663,"17":83.1885757446,"18":82.4812545776,"19":82.8447418213,"20":81.2434387207,"21":81.5381622314,"22":82.1275939941,"23":82.4616088867,"24":84.6621551514,"25":85.9097824097,"26":87.1868896484,"27":87.8647384644,"28":86.3518600464,"29":87.2556533813,"30":86.9412918091,"31":85.8999633789,"32":86.3322067261,"33":85.8999633789,"34":88.0612106323,"35":84.0628967285,"36":83.5029373169,"37":84.7309188843,"38":81.6069259644,"39":80.428062439,"40":83.4734649658,"41":82.0293579102,"42":87.1770629883,"43":86.3125686646,"44":85.7329559326,"45":80.1922912598,"46":83.2376937866,"47":78.4338150024,"48":70.9774932861,"49":78.0998077393,"50":68.374168396,"51":72.6868515015,"52":63.7667732239,"53":65.2600021362,"54":61.0900001526,"55":59.9799995422,"56":63.5999984741,"57":66.0699996948,"58":71.1600036621,"59":69.1500015259,"60":72.5500030518,"61":72.9599990845,"62":71.1200027466,"63":74.3399963379,"64":73.4599990845,"65":75.6800003052,"66":74.5100021362,"67":74.6600036621,"68":75.3399963379,"69":73.9499969482,"70":77.1800003052,"71":75.4400024414,"72":75.3899993896,"73":77.9599990845,"74":76.8600006104,"75":72.2799987793,"76":73.0599975586,"77":71.7799987793,"78":73.6699981689,"79":74.2600021362,"80":74.2600021362},"Volume":{"0":5107200,"1":3806700,"2":7041400,"3":4311600,"4":5337600,"5":6180100,"6":4411000,"7":5402900,"8":5129300,"9":4155400,"10":2602300,"11":5908400,"12":6373200,"13":4595700,"14":4592100,"15":3888700,"16":3795400,"17":5263700,"18":4418500,"19":5625100,"20":4861600,"21":3356400,"22":4615900,"23":4860800,"24":7306200,"25":4654600,"26":6392400,"27":4975000,"28":4086100,"29":4322800,"30":3348600,"31":3606200,"32":4372000,"33":3076400,"34":6314300,"35":6497400,"36":6125500,"37":7929700,"38":8930500,"39":13656100,"40":6916400,"41":6034700,"42":5675300,"43":6587500,"44":6596900,"45":10717700,"46":7496100,"47":7083200,"48":11487200,"49":11013100,"50":10163400,"51":11051400,"52":14720100,"53":9453600,"54":12175000,"55":14031200,"56":9328700,"57":9075300,"58":7830700,"59":7972300,"60":6361400,"61":11601800,"62":6497600,"63":6143500,"64":5254100,"65":6293100,"66":7069800,"67":6565800,"68":9281000,"69":6382000,"70":6154200,"71":5730300,"72":4531900,"73":5352200,"74":5953700,"75":7726900,"76":4868300,"77":5332400,"78":4193500,"79":980615,"80":980615}}