{"Open":{"0":45.6113717079,"1":45.1065523623,"2":45.1362455911,"3":45.1956390278,"4":45.0075735393,"5":45.1857387498,"6":45.324317989,"7":44.9382831632,"8":45.3936062813,"9":45.0768577638,"10":45.9677040941,"11":46.4428231285,"12":46.5714997174,"13":46.5912999842,"14":45.739030346,"15":46.5043285601,"16":44.9339746148,"17":44.7153192237,"18":44.377393843,"19":43.0356349334,"20":43.7015475838,"21":43.1151465955,"22":43.9301409304,"23":44.3475762624,"24":44.5065986106,"25":43.6518473083,"26":43.2145354524,"27":43.7412991814,"28":44.2084317045,"29":44.2978822098,"30":44.3674537841,"31":43.7114819947,"32":43.3437425122,"33":43.2443523982,"34":43.9102637837,"35":42.9859396814,"36":43.4828885507,"37":42.5983218754,"38":40.6801045762,"39":38.0761014756,"40":39.2290184932,"41":40.5906536391,"42":39.984380037,"43":39.2190804246,"44":37.1120241715,"45":35.690753506,"46":36.5554406148,"47":36.1280671295,"48":33.126507438,"49":35.2236220946,"50":31.7847488759,"51":30.9399381069,"52":28.2166655916,"53":25.1852896783,"54":24.8473639889,"55":23.336643922,"56":23.9031638374,"57":27.0041157528,"58":29.1608677952,"59":29.6677533721,"60":29.439157495,"61":29.1409882455,"62":28.226606325,"63":26.9544212769,"64":27.4911245419,"65":29.6876315552,"66":32.0630379716,"67":30.969756115,"68":33.0171806837,"69":32.440719292,"70":32.1127355448,"71":31.0492665937,"72":30.7800006866,"73":31.5900001526,"74":30.9300003052,"75":30.1900005341,"76":30.0400009155,"77":30.2999992371,"78":30.8899993896,"79":32.0999984741,"80":32.0999984741},"High":{"0":45.9578107241,"1":45.5717736661,"2":45.4232971916,"3":45.2253327204,"4":45.3639129611,"5":45.2946168726,"6":45.4232994816,"7":45.5222830097,"8":45.4529936672,"9":45.4529904339,"10":46.6803829063,"11":46.9476385576,"12":46.6110938228,"13":46.7100785326,"14":46.4943885803,"15":46.5739008777,"16":45.1725109905,"17":45.0532435356,"18":44.377393843,"19":44.0195922444,"20":43.9798368637,"21":43.7611757774,"22":44.2283085443,"23":44.4469679979,"24":44.5264769574,"25":43.8208113553,"26":43.6518476983,"27":44.2283091981,"28":44.4867209815,"29":44.3972701537,"30":44.5165394888,"31":43.9301400097,"32":43.5822750842,"33":44.3376387336,"34":44.5264773748,"35":43.5822749003,"36":43.4828885507,"37":42.7374665086,"38":41.2565614485,"39":39.1693839612,"40":40.8888205461,"41":41.7535084446,"42":40.690044306,"43":39.7259687992,"44":38.5432310173,"45":37.8077499809,"46":37.4698255793,"47":37.11202445,"48":35.5516087946,"49":35.7205693781,"50":32.5798637982,"51":31.2082901042,"52":28.7831851803,"53":25.4635808528,"54":25.6921747437,"55":23.515545247,"56":27.0836272446,"57":29.4888521971,"58":30.8206718576,"59":30.5423797619,"60":30.1547608908,"61":30.3137841316,"62":28.226606325,"63":28.8626989062,"64":28.4353251722,"65":30.8405491015,"66":32.4307817016,"67":32.7090716948,"68":33.9017462941,"69":32.7587652622,"70":32.9575444291,"71":32.5301692972,"72":30.8500003815,"73":32.5800018311,"74":31.5200004578,"75":30.5300006866,"76":30.3299999237,"77":31.5400009155,"78":31.8199996948,"79":32.8899993896,"80":32.8899993896},"Low":{"0":45.3342167191,"1":45.1065523623,"2":44.8986885104,"3":44.7205210664,"4":44.7106215039,"5":45.0273661088,"6":44.6611299053,"7":44.789807154,"8":45.0174698085,"9":45.0768577638,"10":45.8687226039,"11":46.3735353286,"12":46.036990623,"13":45.8687245034,"14":45.3215926388,"15":45.6893353034,"16":44.3773960571,"17":43.6120956234,"18":43.383499278,"19":43.0356349334,"20":42.5088732835,"21":42.7971006431,"22":43.6021539011,"23":44.0593497081,"24":43.8108754294,"25":43.3536796982,"26":43.0356341265,"27":43.6319739615,"28":43.9102640804,"29":43.9997145868,"30":43.7711185481,"31":42.826916449,"32":43.2145351574,"33":43.1847211487,"34":43.5325827736,"35":42.7672816651,"36":42.1113129474,"37":41.5348549889,"38":39.3681640625,"39":37.1617165204,"40":38.8016435401,"41":39.1991997503,"42":39.5172483532,"43":38.3245775499,"44":36.9530011886,"45":35.0745399403,"46":35.5217931564,"47":35.7305115651,"48":32.9575433916,"49":32.6295604591,"50":30.0454333247,"51":29.1012346109,"52":24.2112717792,"53":23.1776221024,"54":23.4459728116,"55":21.8756195945,"56":23.654690193,"57":25.9804036553,"58":28.8428218257,"59":28.892514923,"60":28.8825751804,"61":28.9620869211,"62":26.855032608,"63":26.7953964034,"64":27.3022840368,"65":29.6876315552,"66":31.0691452721,"67":30.8604271005,"68":32.3313909654,"69":30.9498773849,"70":31.6853586724,"71":30.4231138396,"72":29.5799999237,"73":31.3600006104,"74":30.5599994659,"75":29.1399993896,"76":29.25,"77":30.1499996185,"78":30.5599994659,"79":32.1150016785,"80":32.1150016785},"Close":{"0":45.9479103088,"1":45.5123825073,"2":45.1956367493,"3":44.7997055054,"4":44.9679794312,"5":45.2352294922,"6":44.7997055054,"7":45.4826889038,"8":45.1164550781,"9":45.3738059998,"10":46.2349586487,"11":46.8090629578,"12":46.2448577881,"13":45.9875030518,"14":46.4943885803,"15":45.917930603,"16":44.6059913635,"17":44.0096511841,"18":43.4530715942,"19":43.9997138977,"20":42.6678962708,"21":43.0952682495,"22":43.6617889404,"23":44.4072113037,"24":44.0792236328,"25":43.3735580444,"26":43.5723381042,"27":43.9997138977,"28":44.4469680786,"29":44.3674545288,"30":43.9698982239,"31":43.1946563721,"32":43.4232521057,"33":44.2780036926,"34":44.2879447937,"35":43.3238639832,"36":42.1510696411,"37":41.5944862366,"38":39.3681640625,"39":39.1495056152,"40":40.8291893005,"41":39.229019165,"42":40.6304130554,"43":38.4438438416,"44":38.0462837219,"45":35.4720954895,"46":37.3903121948,"47":36.1777648926,"48":33.464427948,"49":35.5913658142,"50":30.1945171356,"51":30.2044563293,"52":25.4437007904,"53":24.3305397034,"54":23.6348133087,"55":22.7104911804,"56":26.8450927734,"57":28.8328819275,"58":30.2243347168,"59":29.7472648621,"60":29.4490947723,"61":29.5783023834,"62":27.1929569244,"63":27.5706348419,"64":28.1967906952,"65":30.6517086029,"66":31.1089000702,"67":32.4904136658,"68":32.6394996643,"69":31.2679233551,"70":32.013343811,"71":30.9300003052,"72":30.4799995422,"73":31.6599998474,"74":31.3600006104,"75":29.25,"76":30.0400009155,"77":30.6000003815,"78":31.6700000763,"79":32.7799987793,"80":32.7799987793},"Volume":{"0":791000,"1":1023700,"2":794100,"3":1009300,"4":941000,"5":527500,"6":764400,"7":1026700,"8":726700,"9":764600,"10":1097200,"11":1171900,"12":1089600,"13":899600,"14":1115400,"15":747600,"16":2189800,"17":2019500,"18":1445400,"19":1344100,"20":3088900,"21":1096800,"22":1304100,"23":1493500,"24":902200,"25":878900,"26":1068600,"27":697500,"28":863400,"29":860200,"30":1141800,"31":1079300,"32":620600,"33":1072200,"34":1218800,"35":1021500,"36":1926700,"37":1218100,"38":1523200,"39":2165300,"40":1606100,"41":1830700,"42":1755700,"43":1815100,"44":1729400,"45":1856100,"46":2139600,"47":1774100,"48":2103600,"49":1433000,"50":1386500,"51":1657400,"52":1739100,"53":1771600,"54":2519300,"55":1304700,"56":1875200,"57":1543200,"58":1722000,"59":1766600,"60":1984600,"61":2499600,"62":1537600,"63":1554900,"64":1305800,"65":1328100,"66":924900,"67":977800,"68":1394200,"69":806100,"70":1355700,"71":2278300,"72":1409000,"73":1153700,"74":1154800,"75":1374000,"76":1344500,"77":1375100,"78":1245700,"79":480661,"80":480661}}