{"Open":{"0":133.3983341952,"1":129.495061116,"2":128.3400105151,"3":128.0412884571,"4":127.8620681763,"5":128.160782113,"6":128.3101451189,"7":127.1949215494,"8":128.6486838339,"9":129.1565252025,"10":125.8108509632,"11":126.9957758649,"12":127.2745785146,"13":125.6415772699,"14":124.8947770583,"15":126.0797040369,"16":122.8933542212,"17":122.9431396998,"18":124.0484101678,"19":121.6586467436,"20":121.7383079609,"21":119.9758560251,"22":122.3158235049,"23":123.0626244459,"24":124.7653370726,"25":123.1721601251,"26":121.5292069809,"27":120.9417194615,"28":122.126638812,"29":121.3798416897,"30":119.8961988875,"31":119.229054948,"32":119.0697436475,"33":118.6200027466,"34":118.9800033569,"35":116.7099990845,"36":115.6900024414,"37":110.4899978638,"38":107.6200027466,"39":100.5800018311,"40":104.9199981689,"41":105.0699996948,"42":105.8799972534,"43":105.2200012207,"44":99.6600036621,"45":95.7900009155,"46":100.2699966431,"47":99.1800003052,"48":87.5100021362,"49":94.3099975586,"50":82.9300003052,"51":84.3300018311,"52":78.5500030518,"53":72.2099990845,"54":77.1100006104,"55":78.3799972534,"56":75.8199996948,"57":77.7699966431,"58":86.2399978638,"59":86.1900024414,"60":85.8499984741,"61":85.1399993896,"62":80.5599975586,"63":79.5899963379,"64":80.3899993896,"65":84.3899993896,"66":89.0899963379,"67":91.9899978638,"68":94.7200012207,"69":95.9199981689,"70":95.8899993896,"71":90.4100036621,"72":88.9000015259,"73":91.4800033569,"74":91.6299972534,"75":88.7699966431,"76":89.7600021362,"77":90.8600006104,"78":91.3099975586,"79":93.3499984741,"80":93.3499984741},"High":{"0":133.587525872,"1":130.2916504405,"2":129.4253557097,"3":128.728346581,"4":128.8478340452,"5":128.5391502652,"6":128.91754281,"7":128.8279305334,"8":130.4907957219,"9":131.3172638402,"10":128.5491240474,"11":128.1906599113,"12":127.5732938255,"13":126.019953036,"14":126.2987564869,"15":126.2589362649,"16":123.5306226774,"17":123.9986141198,"18":124.4964869473,"19":122.724080649,"20":122.1366026451,"21":121.5292045283,"22":123.4509659788,"23":124.5661832396,"24":124.9047390727,"25":123.3314810401,"26":121.5292069809,"27":122.4154075246,"28":122.1963398095,"29":121.3798416897,"30":120.4239360947,"31":119.926072534,"32":119.487949648,"33":119.8300018311,"34":119.2900009155,"35":117.0599975586,"36":115.7399978638,"37":111.6299972534,"38":109.1299972534,"39":104.4899978638,"40":106.3099975586,"41":106.9499969482,"42":107.9599990845,"43":105.3199996948,"44":102.8199996948,"45":103.0299987793,"46":102.0,"47":99.1800003052,"48":92.3099975586,"49":95.3300018311,"50":88.5599975586,"51":84.3300018311,"52":80.0,"53":78.8300018311,"54":80.4599990845,"55":80.6299972534,"56":82.2399978638,"57":89.5800018311,"58":90.3899993896,"59":87.2799987793,"60":87.1999969482,"61":87.3300018311,"62":82.3000030518,"63":82.3199996948,"64":81.6800003052,"65":87.6800003052,"66":93.2799987793,"67":94.0999984741,"68":98.8099975586,"69":96.9899978638,"70":95.8899993896,"71":91.5299987793,"72":89.4800033569,"73":94.0199966431,"74":93.3000030518,"75":89.8399963379,"76":90.8000030518,"77":92.6600036621,"78":93.1699981689,"79":96.0999984741,"80":96.0999984741},"Low":{"0":130.7895189302,"1":129.0768551392,"2":128.1906566603,"3":127.4936323298,"4":127.2845412582,"5":127.6828194044,"6":127.4139839685,"7":126.9161175463,"8":128.6486838339,"9":128.9274956889,"10":124.8449888303,"11":125.2930735056,"12":125.133751268,"13":125.0242201388,"14":124.1181066173,"15":125.083971125,"16":122.0868129932,"17":122.5448450291,"18":122.8535260944,"19":120.4139806112,"20":118.8407215402,"21":119.4182480273,"22":121.0014564053,"23":122.0768510102,"24":123.0825460182,"25":121.7482617346,"26":119.8464159005,"27":120.6828267754,"28":120.9915039406,"29":119.8065818889,"30":119.0000377824,"31":118.4026024172,"32":118.6316187345,"33":118.3099975586,"34":118.3700027466,"35":114.4899978638,"36":109.5199966431,"37":108.9800033569,"38":103.5599975586,"39":100.2300033569,"40":104.0699996948,"41":102.75,"42":104.9499969482,"43":101.0299987793,"44":99.5699996948,"45":95.4700012207,"46":97.5299987793,"47":95.2200012207,"48":86.4400024414,"49":90.1100006104,"50":81.1999969482,"51":79.6100006104,"52":70.3099975586,"53":69.7699966431,"54":71.75,"55":71.5299987793,"56":75.6200027466,"57":77.7699966431,"58":85.0,"59":84.4499969482,"60":83.6699981689,"61":83.1200027466,"62":79.6999969482,"63":78.0100021362,"64":80.1699981689,"65":84.0,"66":89.0899963379,"67":91.0699996948,"68":94.1999969482,"69":93.0199966431,"70":92.2300033569,"71":87.8000030518,"72":86.3000030518,"73":91.1900024414,"74":90.1699981689,"75":87.75,"76":89.0599975586,"77":90.4599990845,"78":89.4300003052,"79":93.1500015259,"80":93.1500015259},"Close":{"0":131.0384521484,"1":129.1365966797,"2":128.5391540527,"3":127.5334701538,"4":127.8620681763,"5":128.1109924316,"6":127.5434265137,"7":128.6686096191,"8":129.3755645752,"9":130.1821289062,"10":126.8663330078,"11":127.9417266846,"12":125.3528137207,"13":125.6216659546,"14":125.7212371826,"15":125.2731552124,"16":122.4353179932,"17":123.5007476807,"18":122.8933563232,"19":122.5846786499,"20":119.32862854,"21":120.822227478,"22":122.0071487427,"23":124.3272094727,"24":123.8293457031,"25":122.0868148804,"26":120.3741531372,"27":121.4296264648,"28":121.8378753662,"29":119.9459838867,"30":119.6373062134,"31":118.8208084106,"32":119.0099945068,"33":119.3600006104,"34":118.9100036621,"35":115.2699966431,"36":109.6299972534,"37":109.0899963379,"38":103.5899963379,"39":104.4499969482,"40":105.3099975586,"41":104.3899993896,"42":107.9599990845,"43":102.6500015259,"44":101.4499969482,"45":97.4100036621,"46":101.9800033569,"47":96.9700012207,"48":89.9000015259,"49":94.1900024414,"50":82.4199981689,"51":82.6200027466,"52":72.9199981689,"53":76.5599975586,"54":79.7200012207,"55":72.5,"56":82.0500030518,"57":85.7099990845,"58":89.7600021362,"59":85.0,"60":85.9199981689,"61":83.5999984741,"62":79.8899993896,"63":80.7300033569,"64":80.4300003052,"65":86.6299972534,"66":91.0899963379,"67":93.3499984741,"68":97.1699981689,"69":93.6800003052,"70":92.7900009155,"71":88.4800033569,"72":88.9000015259,"73":93.3099975586,"74":91.0999984741,"75":88.0100021362,"76":90.0699996948,"77":90.5199966431,"78":92.7399978638,"79":95.7799987793,"80":95.7799987793},"Volume":{"0":1393100,"1":1598400,"2":1529400,"3":2217600,"4":1313000,"5":1644900,"6":1699800,"7":2112300,"8":2208400,"9":1402400,"10":3290400,"11":2781500,"12":1917000,"13":1401800,"14":2183600,"15":1191800,"16":1368800,"17":1097900,"18":1142600,"19":1246300,"20":2323100,"21":2339800,"22":2238600,"23":2648300,"24":1384100,"25":1314800,"26":1944000,"27":1437700,"28":897300,"29":1263000,"30":1576900,"31":1081200,"32":1153700,"33":1733600,"34":1100800,"35":1870500,"36":2506500,"37":2067000,"38":2287200,"39":4461000,"40":3748800,"41":2642100,"42":2941400,"43":2865500,"44":2480400,"45":4053500,"46":3491700,"47":2183900,"48":2981400,"49":2716100,"50":2741800,"51":3407300,"52":3112000,"53":2642100,"54":4507300,"55":3043000,"56":2550500,"57":3782700,"58":1984100,"59":1669600,"60":1579100,"61":1897100,"62":2031800,"63":3956300,"64":2421800,"65":2850100,"66":2115500,"67":1722400,"68":2184700,"69":1557400,"70":1960900,"71":1291700,"72":1733100,"73":1345400,"74":1045800,"75":1511500,"76":1288400,"77":1040200,"78":1782400,"79":584734,"80":584734}}