{"Open":{"0":51.438527906,"1":50.3226787681,"2":49.4060921595,"3":48.8282416138,"4":49.7747154711,"5":49.1570185973,"6":49.6950177296,"7":49.5754596835,"8":53.1421840558,"9":56.6790186125,"10":58.4026002813,"11":59.6380018438,"12":58.5520459001,"13":60.0066293936,"14":58.950559162,"15":59.4686312147,"16":57.8147868512,"17":59.0003763486,"18":58.900746731,"19":57.6155352949,"20":57.2469012448,"21":57.2369404679,"22":58.9206716368,"23":58.9804520219,"24":58.9505611224,"25":58.6915252366,"26":59.6180762862,"27":60.2855914134,"28":59.9767437607,"29":59.1298929582,"30":57.9243810983,"31":57.3564972273,"32":58.9904109179,"33":58.4125661533,"34":59.1000060304,"35":59.0501925188,"36":63.5135766834,"37":61.8298440835,"38":55.3300018311,"39":50.0699996948,"40":50.9799995422,"41":54.0499992371,"42":54.3400001526,"43":53.9199981689,"44":53.2700004578,"45":50.6100006104,"46":50.0600013733,"47":48.0499992371,"48":42.6599998474,"49":43.1399993896,"50":43.6599998474,"51":46.6699981689,"52":48.4199981689,"53":45.0999984741,"54":44.1399993896,"55":43.5299987793,"56":45.0099983215,"57":44.0999984741,"58":45.25,"59":45.9500007629,"60":46.25,"61":48.0999984741,"62":47.0499992371,"63":44.0,"64":42.5999984741,"65":46.3899993896,"66":47.4799995422,"67":48.5299987793,"68":50.2000007629,"69":50.5600013733,"70":51.3300018311,"71":51.5200004578,"72":51.8800010681,"73":51.4900016785,"74":51.3199996948,"75":50.4900016785,"76":50.1699981689,"77":50.0800018311,"78":51.2900009155,"79":51.3300018311,"80":51.3300018311},"High":{"0":51.5182292446,"1":50.3724963803,"2":49.724905113,"3":49.894276947,"4":49.8544206042,"5":49.6551643051,"6":49.9739781146,"7":51.1296756761,"8":56.7487579023,"9":59.3789674646,"10":59.7177046134,"11":60.0165936274,"12":60.0863355647,"13":60.2557022387,"14":59.3889298018,"15":59.4686312147,"16":58.8608958278,"17":59.6081146944,"18":59.618077758,"19":57.9841620603,"20":57.446160279,"21":58.81107887,"22":59.6180763632,"23":59.5582990614,"24":59.1199326391,"25":59.8970368982,"26":60.7538478504,"27":60.3652965503,"28":60.6741485092,"29":59.2992644722,"30":57.9941211919,"31":59.100007227,"32":59.1099686184,"33":59.4885588947,"34":59.7974107763,"35":60.5247033543,"36":63.6231693454,"37":62.0191380765,"38":55.9399986267,"39":51.7400016785,"40":54.0600013733,"41":56.2700004578,"42":55.2700004578,"43":55.5499992371,"44":53.6899986267,"45":51.8199996948,"46":50.4799995422,"47":48.1399993896,"48":43.6300010681,"49":46.2999992371,"50":47.4700012207,"51":50.5900001526,"52":50.9700012207,"53":47.1800003052,"54":45.1300010681,"55":44.2200012207,"56":46.4300003052,"57":46.4199981689,"58":47.1100006104,"59":47.5999984741,"60":49.6100006104,"61":49.4199981689,"62":47.8499984741,"63":44.1100006104,"64":44.9500007629,"65":48.3699989319,"66":48.9900016785,"67":49.1899986267,"68":52.0099983215,"69":50.8800010681,"70":52.6100006104,"71":52.4099998474,"72":51.9599990845,"73":52.1599998474,"74":51.9099998474,"75":50.7700004578,"76":50.3899993896,"77":51.3800010681,"78":51.5600013733,"79":51.9199981689,"80":51.9199981689},"Low":{"0":49.9042381824,"1":49.5754601909,"2":48.9577602559,"3":48.6489126518,"4":48.9776831426,"5":48.8481668902,"6":49.4758323982,"7":48.9876475901,"8":51.906781033,"9":56.4697983252,"10":58.4026002813,"11":58.571970385,"12":58.5520459001,"13":59.2095970492,"14":58.2431931939,"15":58.3428246896,"16":57.5657140093,"17":58.8907836894,"18":58.3129346507,"19":56.9181305329,"20":56.4697951918,"21":57.1273478081,"22":58.6715987916,"23":58.6417127917,"24":58.402601605,"25":58.3926385817,"26":59.5184486684,"27":59.5383728576,"28":59.5184506234,"29":57.6753084291,"30":56.848388368,"31":57.2269782775,"32":58.2332311514,"33":57.984160545,"34":58.9804521256,"35":58.3727140537,"36":59.6479649913,"37":59.3889294553,"38":50.0600013733,"39":48.4700012207,"40":50.4700012207,"41":52.6899986267,"42":53.0299987793,"43":53.8899993896,"44":51.2799987793,"45":48.4199981689,"46":47.6399993896,"47":45.75,"48":40.1699981689,"49":40.2000007629,"50":41.6199989319,"51":46.5999984741,"52":41.9900016785,"53":43.4099998474,"54":40.7999992371,"55":41.2700004578,"56":44.0499992371,"57":43.2900009155,"58":45.0,"59":45.0400009155,"60":46.0499992371,"61":47.6199989319,"62":44.3300018311,"63":40.0099983215,"64":42.4199981689,"65":46.3199996948,"66":46.9700012207,"67":47.0499992371,"68":49.9199981689,"69":49.1300010681,"70":50.2799987793,"71":50.6899986267,"72":49.6699981689,"73":50.0499992371,"74":50.3199996948,"75":49.4199981689,"76":49.5699996948,"77":49.9500007629,"78":50.5600013733,"79":51.1899986267,"80":51.1899986267},"Close":{"0":51.0997886658,"1":49.7747192383,"2":49.097240448,"3":49.7747192383,"4":49.2367172241,"5":49.6053504944,"6":49.5256462097,"7":50.3525695801,"8":56.6989440918,"9":58.3029747009,"10":59.2892990112,"11":58.8011169434,"12":59.6081161499,"13":59.2594108582,"14":59.2594108582,"15":58.5420799255,"16":58.4424514771,"17":59.2992630005,"18":58.4225273132,"19":57.6553840637,"20":56.8284606934,"21":58.293006897,"22":59.2594108582,"23":58.850933075,"24":58.8110809326,"25":59.6878166199,"26":59.9767417908,"27":59.8173370361,"28":59.5284118652,"29":57.7450485229,"30":57.4959754944,"31":58.7313804626,"32":58.9804496765,"33":59.3889312744,"34":59.638004303,"35":58.9904136658,"36":60.5745162964,"37":60.4449958801,"38":51.8199996948,"39":50.6899986267,"40":54.0600013733,"41":53.3300018311,"42":55.0600013733,"43":55.1199989319,"44":53.1699981689,"45":48.8899993896,"46":49.4799995422,"47":46.0400009155,"48":40.6599998474,"49":46.2900009155,"50":45.5499992371,"51":49.6300010681,"52":45.1500015259,"53":43.75,"54":42.1300010681,"55":42.2700004578,"56":45.2099990845,"57":44.75,"58":46.5400009155,"59":46.0999984741,"60":48.8100013733,"61":48.0900001526,"62":45.1100006104,"63":42.7999992371,"64":44.3600006104,"65":47.5699996948,"66":47.0800018311,"67":48.8499984741,"68":50.4500007629,"69":50.3699989319,"70":52.2799987793,"71":51.6100006104,"72":50.8400001526,"73":51.8699989319,"74":50.8600006104,"75":49.6899986267,"76":49.6199989319,"77":50.9900016785,"78":51.4300003052,"79":51.7999992371,"80":51.7999992371},"Volume":{"0":1568700,"1":1032700,"2":1237900,"3":1288600,"4":1111300,"5":831800,"6":620500,"7":904400,"8":3153400,"9":2775800,"10":1263200,"11":1080000,"12":951300,"13":957900,"14":1155100,"15":637400,"16":816200,"17":603500,"18":548700,"19":648900,"20":611800,"21":794000,"22":701200,"23":796900,"24":727600,"25":737200,"26":493900,"27":525200,"28":736600,"29":866600,"30":783100,"31":941700,"32":603900,"33":705800,"34":509800,"35":1131900,"36":2362500,"37":1127200,"38":3759700,"39":3079700,"40":3013000,"41":1769200,"42":1456500,"43":1647700,"44":1636100,"45":1705000,"46":1703300,"47":1438600,"48":1659200,"49":1726300,"50":2278000,"51":1895200,"52":2101000,"53":1701400,"54":1898500,"55":2089800,"56":2013100,"57":1918000,"58":1534500,"59":1570800,"60":1609700,"61":1387600,"62":2154800,"63":2720800,"64":2260100,"65":1200200,"66":1019300,"67":1253000,"68":1374300,"69":801300,"70":1020500,"71":1189600,"72":980900,"73":1083800,"74":926800,"75":731900,"76":595100,"77":779600,"78":860200,"79":386044,"80":386044}}