{"Open":{"0":92.957610269,"1":92.3249801176,"2":91.059713774,"3":92.1371654665,"4":92.7203722504,"5":93.5902417563,"6":93.5605921476,"7":93.47162172,"8":93.6594356796,"9":92.9971471254,"10":93.9065579521,"11":94.3711551396,"12":95.2014764748,"13":94.6676906874,"14":94.2129890401,"15":94.5589639501,"16":90.1206430846,"17":90.1305242653,"18":91.4550990871,"19":89.9427130695,"20":90.9806331377,"21":90.5951210347,"22":92.1371594283,"23":94.2327626832,"24":95.468377851,"25":93.6198932909,"26":93.2936965918,"27":94.2525290839,"28":95.4881392555,"29":94.4205736977,"30":94.5899963379,"31":93.8700027466,"32":93.5,"33":93.0400009155,"34":92.9300003052,"35":89.1100006104,"36":88.2200012207,"37":84.7699966431,"38":79.3099975586,"39":74.8899993896,"40":76.0199966431,"41":79.4700012207,"42":76.4400024414,"43":74.0599975586,"44":68.4700012207,"45":63.75,"46":62.0699996948,"47":60.0499992371,"48":52.8199996948,"49":51.8100013733,"50":44.0,"51":44.5600013733,"52":42.5699996948,"53":44.7700004578,"54":45.2200012207,"55":41.0099983215,"56":42.8699989319,"57":50.5,"58":52.4700012207,"59":51.5699996948,"60":52.1500015259,"61":53.2599983215,"62":48.5,"63":46.3600006104,"64":46.2900009155,"65":49.9000015259,"66":53.9700012207,"67":53.0099983215,"68":56.9500007629,"69":58.6300010681,"70":59.0800018311,"71":55.4399986267,"72":53.9300003052,"73":55.3699989319,"74":54.7200012207,"75":52.0200004578,"76":53.5299987793,"77":54.2599983215,"78":53.9399986267,"79":56.4599990845,"80":56.4599990845},"High":{"0":93.8077123617,"1":92.6412966592,"2":92.443593927,"3":92.7203785734,"4":94.2624143574,"5":93.9658652745,"6":93.8966751712,"7":93.9856407969,"8":94.5293042406,"9":93.9065561753,"10":94.4403435023,"11":95.9823913574,"12":95.3398644817,"13":94.9741277374,"14":94.6775805939,"15":94.5589639501,"16":90.7532761626,"17":91.4748713546,"18":91.9493441282,"19":92.1272753093,"20":91.5341852012,"21":91.9295811888,"22":93.3332315198,"23":95.8044583162,"24":95.5079183609,"25":94.2525263301,"26":93.8274821718,"27":95.7154977433,"28":96.120772297,"29":94.8060917858,"30":94.9400024414,"31":94.7399978638,"32":93.6500015259,"33":94.5,"34":93.3300018311,"35":89.5599975586,"36":88.2200012207,"37":85.0800018311,"38":80.6699981689,"39":75.9400024414,"40":79.7300033569,"41":80.1299972534,"42":77.2099990845,"43":74.1800003052,"44":71.7900009155,"45":65.8300018311,"46":63.2200012207,"47":60.6100006104,"48":53.0499992371,"49":52.9900016785,"50":48.0699996948,"51":46.9700012207,"52":47.9000015259,"53":47.8899993896,"54":46.3100013733,"55":42.0,"56":47.9799995422,"57":56.4099998474,"58":57.7799987793,"59":55.3499984741,"60":54.1199989319,"61":53.7799987793,"62":49.8499984741,"63":48.9099998474,"64":47.3699989319,"65":50.2200012207,"66":54.0499992371,"67":55.4300003052,"68":60.6300010681,"69":59.3699989319,"70":59.9099998474,"71":55.9900016785,"72":54.3899993896,"73":56.9700012207,"74":55.8600006104,"75":53.0600013733,"76":54.0600013733,"77":54.9900016785,"78":56.2000007629,"79":58.9799995422,"80":58.9799995422},"Low":{"0":92.7104877431,"1":91.6132660138,"2":90.9114387457,"3":91.6626944204,"4":92.3645152193,"5":93.2739252301,"6":92.957612566,"7":93.036691203,"8":93.6001286877,"9":92.7401375969,"10":93.7879364271,"11":94.3118481444,"12":93.847249902,"13":94.2723006927,"14":92.9477229185,"15":91.4353317012,"16":89.1321529574,"17":89.5967387261,"18":90.8422400627,"19":89.6362835484,"20":89.5374384423,"21":90.3875390144,"22":92.1272724159,"23":93.4419675896,"24":94.2228781849,"25":93.1454222822,"26":92.8983065696,"27":93.8867925752,"28":94.8258527186,"29":93.9263286337,"30":93.8899993896,"31":92.4700012207,"32":93.0699996948,"33":92.9800033569,"34":91.4300003052,"35":87.0500030518,"36":83.4800033569,"37":81.8399963379,"38":77.2600021362,"39":73.1900024414,"40":75.2900009155,"41":74.3799972534,"42":73.7099990845,"43":71.2699966431,"44":67.9499969482,"45":57.3800010681,"46":59.3899993896,"47":57.2000007629,"48":46.2999992371,"49":46.6399993896,"50":43.1699981689,"51":40.0,"52":41.9399986267,"53":43.0099983215,"54":42.0099983215,"55":38.6199989319,"56":42.1699981689,"57":47.25,"58":52.3600006104,"59":50.7799987793,"60":51.0400009155,"61":50.7099990845,"62":46.5800018311,"63":45.5699996948,"64":45.0400009155,"65":47.7000007629,"66":50.6899986267,"67":52.5800018311,"68":56.7000007629,"69":55.2099990845,"70":56.9900016785,"71":53.9300003052,"72":51.8199996948,"73":54.6599998474,"74":53.4700012207,"75":51.2200012207,"76":52.7099990845,"77":52.9799995422,"78":53.4000015259,"79":56.2999992371,"80":56.2999992371},"Close":{"0":93.7483978271,"1":92.1865921021,"2":92.4139404297,"3":92.3150939941,"4":92.9081802368,"5":93.6100082397,"6":93.3233566284,"7":93.9757537842,"8":93.8373641968,"9":93.2343826294,"10":94.2920684814,"11":95.9823913574,"12":94.390914917,"13":94.8456192017,"14":94.4304580688,"15":92.4435882568,"16":89.3100814819,"17":90.9410858154,"18":90.8521270752,"19":92.0383148193,"20":90.0119094849,"21":90.4468460083,"22":92.4534759521,"23":94.5391921997,"24":94.2327651978,"25":93.5803527832,"26":93.7978286743,"27":94.7665481567,"28":94.8456192017,"29":94.4700012207,"30":94.4800033569,"31":93.1800003052,"32":93.0999984741,"33":93.7799987793,"34":92.5999984741,"35":87.8300018311,"36":84.0599975586,"37":81.9199981689,"38":77.5199966431,"39":75.4499969482,"40":79.5599975586,"41":75.0599975586,"42":77.1699981689,"43":72.2600021362,"44":69.8099975586,"45":58.2400016785,"46":62.8699989319,"47":57.9700012207,"48":46.3100013733,"49":52.9199981689,"50":43.3499984741,"51":46.7700004578,"52":46.1800003052,"53":44.3699989319,"54":42.2599983215,"55":39.2200012207,"56":47.4700012207,"57":51.6100006104,"58":54.6500015259,"59":53.0400009155,"60":53.75,"61":52.1399993896,"62":47.0,"63":46.6300010681,"64":46.0900001526,"65":49.1399993896,"66":52.0600013733,"67":55.0200004578,"68":58.7000007629,"69":58.0,"70":58.6100006104,"71":54.5200004578,"72":52.3899993896,"73":56.5999984741,"74":54.25,"75":51.7900009155,"76":53.6100006104,"77":53.2400016785,"78":55.7799987793,"79":58.7999992371,"80":58.7999992371},"Volume":{"0":1744600,"1":1526300,"2":1689000,"3":1740400,"4":3611400,"5":2279500,"6":1429200,"7":1517000,"8":1907500,"9":2023900,"10":2203200,"11":2501500,"12":2076200,"13":1640400,"14":1992500,"15":1924000,"16":2104300,"17":1755500,"18":1290000,"19":1442400,"20":2695900,"21":1508400,"22":2080900,"23":3808500,"24":1762500,"25":1510300,"26":1178700,"27":1490600,"28":1535500,"29":1449600,"30":1195700,"31":1442600,"32":1421900,"33":1422200,"34":2103100,"35":3387100,"36":2961200,"37":3064800,"38":3928000,"39":5092900,"40":5088800,"41":3844400,"42":3976000,"43":3709400,"44":5168300,"45":7662100,"46":7946300,"47":5755700,"48":7775400,"49":8143900,"50":6806800,"51":8187500,"52":7466100,"53":5083800,"54":6519000,"55":6673400,"56":4764100,"57":5927500,"58":5747500,"59":4724600,"60":3227000,"61":4656000,"62":4233900,"63":3999400,"64":4530000,"65":4675700,"66":5451900,"67":3952000,"68":3738100,"69":3091900,"70":3748600,"71":3839700,"72":3092900,"73":4589200,"74":2925600,"75":3250700,"76":3659300,"77":2411700,"78":2785400,"79":1144400,"80":1144400}}