{"Open":{"0":211.6978289125,"1":209.0444206003,"2":210.6483424208,"3":211.1037853083,"4":210.8958579664,"5":211.6186165132,"6":212.4106687072,"7":213.9255037253,"8":214.2126079632,"9":214.7967466537,"10":216.3016693024,"11":217.8164800728,"12":219.0936678207,"13":221.2718486698,"14":219.1035895889,"15":221.2223504693,"16":221.7272741399,"17":221.7569719195,"18":221.7767812599,"19":219.4402025303,"20":222.2223081505,"21":222.2421167569,"22":222.2421173206,"23":220.7570056941,"24":220.0045594986,"25":222.9450611041,"26":223.558918398,"27":224.1529538932,"28":223.9945518796,"29":224.6876026441,"30":226.717258124,"31":230.7765640559,"32":229.05384639,"33":216.6085910457,"34":219.6382182607,"35":222.9945764056,"36":224.0143523479,"37":217.6976813385,"38":225.2024577557,"39":206.6781412223,"40":208.2523575634,"41":216.0046432409,"42":217.8164786416,"43":221.8658864694,"44":222.7569622054,"45":218.5095410113,"46":224.5885906242,"47":223.8064419583,"48":208.9157063796,"49":206.2200012207,"50":199.6900024414,"51":191.3600006104,"52":190.6900024414,"53":189.9799957275,"54":186.2599945068,"55":170.3200073242,"56":163.0,"57":167.2200012207,"58":176.5399932861,"59":184.8000030518,"60":195.8600006104,"61":199.4400024414,"62":192.2599945068,"63":194.1399993896,"64":191.1300048828,"65":199.7899932861,"66":202.4100036621,"67":198.3099975586,"68":200.5599975586,"69":206.8899993896,"70":205.9799957275,"71":202.8200073242,"72":198.2100067139,"73":197.1999969482,"74":194.75,"75":190.8500061035,"76":193.0700073242,"77":192.1900024414,"78":188.0399932861,"79":188.8899993896,"80":188.8899993896},"High":{"0":212.0344507631,"1":211.7572313534,"2":212.7968032646,"3":212.5195852571,"4":212.0542438357,"5":212.6284820432,"6":214.2324180589,"7":215.7571333357,"8":214.5789308453,"9":216.5293777297,"10":217.9253915693,"11":218.8560617492,"12":221.0243259603,"13":221.2916392909,"14":221.192648339,"15":222.568853013,"16":223.5787245035,"17":222.7965535862,"18":221.7767812599,"19":222.0044929224,"20":222.479737293,"21":223.1628791738,"22":223.0143745455,"23":220.9352119278,"24":222.618356741,"25":223.7074230153,"26":224.2420725052,"27":225.9747032117,"28":227.0142682531,"29":227.2815940757,"30":230.6874530577,"31":231.0537838304,"32":229.05384639,"33":220.3906845135,"34":225.1232418184,"35":225.4400627368,"36":224.9153241765,"37":227.6776384869,"38":226.756867592,"39":210.5889341665,"40":217.6184730671,"41":218.935271648,"42":224.0737592796,"43":227.30140325,"44":227.7568284771,"45":225.5291688635,"46":227.6776346393,"47":225.7370850591,"48":216.420476192,"49":213.4499969482,"50":206.0,"51":205.7899932861,"52":203.3999938965,"53":193.5800018311,"54":190.0,"55":173.1799926758,"56":170.4400024414,"57":187.0800018311,"58":189.3399963379,"59":197.9499969482,"60":202.9900054932,"61":201.6699981689,"62":197.1100006104,"63":196.1699981689,"64":197.0,"65":204.8800048828,"66":212.3000030518,"67":201.6499938965,"68":209.5200042725,"69":207.8699951172,"70":210.2700042725,"71":204.4700012207,"72":200.0,"73":198.1399993896,"74":196.7100067139,"75":192.6699981689,"76":195.1000061035,"77":193.5599975586,"78":189.7899932861,"79":191.9750061035,"80":191.9750061035},"Low":{"0":208.5097864274,"1":208.6681872916,"2":210.4206294107,"3":209.6681796301,"4":210.0146918723,"5":211.0047597966,"6":211.8265281246,"7":213.5987771758,"8":212.3017555326,"9":214.6680471896,"10":216.2026557673,"11":216.8264051634,"12":218.1828007263,"13":217.8164817703,"14":218.5590453447,"15":220.7174025733,"16":221.5490679068,"17":220.4797819455,"18":218.0640003236,"19":218.4996343869,"20":220.3312614669,"21":221.4896652623,"22":219.7570347233,"23":217.9748975915,"24":219.9451423119,"25":221.6282747675,"26":222.846063252,"27":223.3411003217,"28":222.9846712468,"29":224.6876026441,"30":226.3806211744,"31":228.3607787859,"32":216.2719751226,"33":216.143254622,"34":219.5788161822,"35":221.846100947,"36":217.163035519,"37":216.8264105622,"38":209.0939338759,"39":202.3713092425,"40":207.8563336336,"41":211.8265258746,"42":216.9947146593,"43":219.4402059229,"44":220.2223577141,"45":217.8164915596,"46":216.3709657888,"47":217.8758876622,"48":199.1931783838,"49":202.7700042725,"50":186.8000030518,"51":190.4900054932,"52":187.0599975586,"53":184.0599975586,"54":169.1499938965,"55":155.3699951172,"56":159.0800018311,"57":165.0099945068,"58":174.0,"59":183.5399932861,"60":190.3200073242,"61":192.1000061035,"62":190.1399993896,"63":184.7299957275,"64":190.9600067139,"65":197.0,"66":196.9600067139,"67":193.3000030518,"68":200.2899932861,"69":200.2200012207,"70":201.7299957275,"71":192.2700042725,"72":193.7700042725,"73":194.0599975586,"74":192.4100036621,"75":187.7299957275,"76":191.9799957275,"77":187.1699981689,"78":186.8600006104,"79":187.6199951172,"80":187.6199951172},"Close":{"0":209.3216400146,"1":211.5790100098,"2":212.3314819336,"3":211.4899139404,"4":211.8760375977,"5":211.965133667,"6":213.6779785156,"7":214.6284484863,"8":214.1631011963,"9":216.0838470459,"10":217.8362884521,"11":218.5590362549,"12":220.4401702881,"13":218.796661377,"14":220.9847259521,"15":222.2421264648,"16":222.0341949463,"17":221.5589599609,"18":219.8758392334,"19":221.875793457,"20":221.5391540527,"21":221.9549865723,"22":220.9352111816,"23":219.9352416992,"24":221.8064880371,"25":222.9945678711,"26":224.1727600098,"27":224.1133575439,"28":224.9945220947,"29":226.291519165,"30":230.5092468262,"31":229.4597625732,"32":216.62840271,"33":220.1728668213,"34":223.5292205811,"35":224.2222747803,"36":218.6877593994,"37":225.9647979736,"38":209.2127380371,"39":207.0444641113,"40":217.073928833,"41":215.5591125488,"42":223.8361358643,"43":226.7865600586,"44":226.667755127,"45":221.3411560059,"46":227.6083221436,"47":218.2521209717,"48":199.5099945068,"49":211.3399963379,"50":186.9700012207,"51":198.3600006104,"52":189.9600067139,"53":187.6000061035,"54":171.2200012207,"55":160.6100006104,"56":168.6499938965,"57":176.5399932861,"58":187.7700042725,"59":191.5200042725,"60":201.6300048828,"61":198.6100006104,"62":196.6199951172,"63":192.8699951172,"64":194.0800018311,"65":203.7299957275,"66":197.2599945068,"67":199.0700073242,"68":208.5899963379,"69":201.4299926758,"70":204.8699951172,"71":195.3000030518,"72":193.9600067139,"73":196.4799957275,"74":193.3200073242,"75":190.8999938965,"76":193.0099945068,"77":187.5,"78":187.2299957275,"79":191.6499938965,"80":191.6499938965},"Volume":{"0":862200,"1":773400,"2":1134300,"3":1164300,"4":1262100,"5":1063500,"6":1013200,"7":812500,"8":1134900,"9":827700,"10":691700,"11":996100,"12":834600,"13":1199400,"14":895000,"15":644600,"16":636800,"17":774000,"18":785600,"19":609500,"20":1301500,"21":838900,"22":1268400,"23":960700,"24":482900,"25":426100,"26":478300,"27":744800,"28":883700,"29":521500,"30":607600,"31":643100,"32":2025300,"33":1110500,"34":1379200,"35":1636000,"36":1644600,"37":1829700,"38":1764900,"39":2460300,"40":1548300,"41":1764300,"42":968000,"43":964300,"44":1084000,"45":1697100,"46":1511500,"47":1575500,"48":2334400,"49":2419500,"50":2003900,"51":1744200,"52":2085800,"53":1939000,"54":2396600,"55":2143000,"56":1876900,"57":1549800,"58":1575500,"59":1750000,"60":1238600,"61":1619000,"62":1563900,"63":2148500,"64":991400,"65":1296300,"66":1234500,"67":1363300,"68":1613200,"69":771500,"70":988700,"71":1214200,"72":1097200,"73":859600,"74":813500,"75":891500,"76":766700,"77":1055700,"78":603000,"79":426191,"80":426191}}