{"Open":{"0":105.818928679,"1":103.451630064,"2":102.2629879171,"3":105.5192680228,"4":106.5980346641,"5":106.4182408066,"6":103.1519703396,"7":100.5149923562,"8":99.8957025294,"9":99.0966155626,"10":99.4062616518,"11":99.8657402196,"12":100.3152263182,"13":98.9967324083,"14":96.7093466634,"15":97.038974389,"16":92.3343598278,"17":92.1445686998,"18":90.6962332399,"19":88.7384679306,"20":90.9559271318,"21":87.4998874338,"22":88.3189449732,"23":88.7884084937,"24":90.5264194824,"25":87.7695792127,"26":85.8317956174,"27":85.8317981907,"28":88.6086178375,"29":88.5087308094,"30":89.1480024381,"31":87.9493739612,"32":86.3212322905,"33":85.9117074511,"34":85.8018322274,"35":80.3081156286,"36":81.7964136116,"37":77.3714728786,"38":71.9576705176,"39":70.2196632597,"40":74.714519826,"41":74.1351773185,"42":72.5070325079,"43":71.1785605146,"44":67.9222851658,"45":63.7870176665,"46":63.7870182429,"47":61.6194956049,"48":52.9793837559,"49":46.8663736032,"50":43.6400689198,"51":41.2727758755,"52":35.5992698917,"53":32.0600013733,"54":34.5900001526,"55":31.5200004578,"56":31.4400005341,"57":36.5200004578,"58":37.6100006104,"59":36.8699989319,"60":38.0200004578,"61":37.9500007629,"62":35.3300018311,"63":35.0,"64":30.8400001526,"65":33.2900009155,"66":43.6800003052,"67":47.5800018311,"68":50.0,"69":49.3800010681,"70":47.6199989319,"71":44.8300018311,"72":42.1100006104,"73":42.9199981689,"74":43.0800018311,"75":38.5999984741,"76":40.9000015259,"77":39.0,"78":40.1399993896,"79":42.1599998474,"80":42.1599998474},"High":{"0":106.2883927578,"1":104.7201752344,"2":105.5891839139,"3":106.6779459671,"4":107.9364995671,"5":107.2772585582,"6":103.3117911351,"7":101.1342865333,"8":101.1542570115,"9":99.825784625,"10":100.6648238128,"11":100.8645973597,"12":100.5050116199,"13":99.3762953805,"14":97.3785791091,"15":97.3586083747,"16":93.1334409965,"17":92.3643184841,"18":91.6551351997,"19":91.4553606709,"20":91.065802025,"21":88.5886457227,"22":89.8871503512,"23":91.0957659947,"24":90.8959993662,"25":88.7784194324,"26":86.7008040855,"27":86.8905843679,"28":91.8249391152,"29":89.5675169275,"30":89.6474310232,"31":88.9981693826,"32":86.8306515662,"33":88.009305987,"34":85.9816268225,"35":82.3058299098,"36":81.9362530067,"37":78.1705616361,"38":76.4325463142,"39":74.714520599,"40":74.9542434145,"41":76.4125703529,"42":73.7955590686,"43":71.8977388604,"44":70.4893476974,"45":64.5261698174,"46":65.2053935677,"47":61.639473205,"48":52.9793837559,"49":50.2824668884,"50":45.4080465896,"51":43.7998831687,"52":36.1386536926,"53":35.5099983215,"54":35.4900016785,"55":32.3400001526,"56":35.9000015259,"57":39.5,"58":43.0,"59":39.1500015259,"60":38.5999984741,"61":40.2599983215,"62":35.8699989319,"63":35.5600013733,"64":31.7299995422,"65":40.4199981689,"66":49.2900009155,"67":48.7000007629,"68":52.9900016785,"69":49.5099983215,"70":48.3899993896,"71":45.5099983215,"72":42.4799995422,"73":45.7000007629,"74":44.0200004578,"75":39.7999992371,"76":41.2400016785,"77":41.0999984741,"78":42.5600013733,"79":45.5999984741,"80":45.5999984741},"Low":{"0":104.4305178532,"1":102.7324517291,"2":101.8534604658,"3":104.5703567848,"4":105.4893026346,"5":100.2153388702,"6":100.3052291018,"7":99.6360008069,"8":99.7059172383,"9":98.0777846368,"10":98.9268144804,"11":99.2864012494,"12":98.6471366661,"13":97.9379462715,"14":94.9813204818,"15":93.9525018092,"16":91.1357266437,"17":89.9570691831,"18":89.6474301729,"19":88.2789945438,"20":86.5709449739,"21":86.1614224707,"22":86.9305341821,"23":88.6485691071,"24":88.508731421,"25":86.181392405,"26":85.0027423499,"27":85.012735604,"28":88.1191799624,"29":88.0292760344,"30":88.1691190583,"31":85.622035003,"32":85.7618747302,"33":85.9117074511,"34":83.9739217816,"35":79.4191333831,"36":76.3726188358,"37":73.266169438,"38":70.0198851941,"39":70.2196632597,"40":71.8477969869,"41":70.5992221681,"42":71.2384873567,"43":68.88118609,"44":67.2430620093,"45":60.281026966,"46":60.8503757817,"47":56.285598324,"48":43.9696918728,"49":42.7211188978,"50":40.2639343873,"51":36.2385350784,"52":29.3763900116,"53":29.5100002289,"54":31.3799991608,"55":28.3999996185,"56":31.0100002289,"57":34.5999984741,"58":36.0099983215,"59":34.0400009155,"60":34.1399993896,"61":37.2999992371,"62":31.8199996948,"63":30.5400009155,"64":29.0200004578,"65":33.0499992371,"66":43.6800003052,"67":46.7299995422,"68":48.5900001526,"69":44.25,"70":46.1399993896,"71":41.1100006104,"72":39.8699989319,"73":42.9199981689,"74":40.6199989319,"75":38.2999992371,"76":39.1599998474,"77":38.7700004578,"78":39.7999992371,"79":42.0600013733,"80":42.0600013733},"Close":{"0":105.229598999,"1":103.1719512939,"2":105.5192642212,"3":105.529258728,"4":106.1085968018,"5":103.1819458008,"6":100.3651657104,"7":100.1354293823,"8":99.7858276367,"9":98.6271514893,"10":99.2764129639,"11":100.8346252441,"12":98.657119751,"13":97.9679107666,"14":96.7792663574,"15":94.8414840698,"16":91.3155212402,"17":90.0969085693,"18":89.8072509766,"19":91.2955474854,"20":87.0703735352,"21":86.3212356567,"22":87.0503997803,"23":89.8971405029,"24":88.7784194946,"25":86.3511962891,"26":85.2724380493,"27":86.0615386963,"28":89.7872695923,"29":89.1779632568,"30":89.267868042,"31":86.2513122559,"32":86.0315628052,"33":86.780708313,"34":84.5732345581,"35":81.1371688843,"36":76.8720474243,"37":73.9553833008,"38":72.9765014648,"39":74.0253067017,"40":74.5047531128,"41":71.8477935791,"42":73.7056655884,"43":69.7601776123,"44":69.1009368896,"45":61.4297142029,"46":63.517326355,"47":56.5652809143,"48":44.1994285583,"49":50.2824668884,"50":40.7034301758,"51":37.38722229,"52":33.2120018005,"53":33.9000015259,"54":31.5699996948,"55":29.0499992371,"56":35.5200004578,"57":37.4599990845,"58":39.0299987793,"59":38.0,"60":38.2200012207,"61":37.6399993896,"62":32.6300010681,"63":31.8700008392,"64":30.9899997711,"65":39.7099990845,"66":46.7299995422,"67":47.8899993896,"68":49.5099983215,"69":46.0600013733,"70":47.9599990845,"71":42.3300018311,"72":40.0400009155,"73":44.8800010681,"74":40.8800010681,"75":39.3300018311,"76":39.1899986267,"77":39.7000007629,"78":41.3600006104,"79":45.4900016785,"80":45.4900016785},"Volume":{"0":835400,"1":642000,"2":684100,"3":549700,"4":631900,"5":1921000,"6":930700,"7":657700,"8":792200,"9":741700,"10":603200,"11":717000,"12":840400,"13":471200,"14":569400,"15":556200,"16":997900,"17":895300,"18":851400,"19":719500,"20":931600,"21":1042400,"22":1177400,"23":2265600,"24":951000,"25":883900,"26":1145400,"27":753600,"28":1486500,"29":901000,"30":863400,"31":1154800,"32":947100,"33":812500,"34":798000,"35":1162600,"36":1255600,"37":1389000,"38":1697800,"39":1834300,"40":1294300,"41":1167300,"42":1045600,"43":1307600,"44":1371500,"45":1518800,"46":1319100,"47":1393100,"48":2822900,"49":1918500,"50":1442200,"51":2230500,"52":1793800,"53":1835100,"54":2139300,"55":1573200,"56":1338900,"57":2013800,"58":2979100,"59":1890200,"60":1550500,"61":1444900,"62":2372000,"63":3786300,"64":2238300,"65":3774700,"66":3517500,"67":1972200,"68":2632900,"69":1461400,"70":1277500,"71":1884200,"72":1340200,"73":1823100,"74":1942700,"75":1494200,"76":1451000,"77":1484300,"78":2371600,"79":744754,"80":744754}}