{"Open":{"0":150.802078424,"1":153.75818885,"2":153.6689173182,"3":156.2877649727,"4":156.6944837671,"5":150.8715134636,"6":150.4151935543,"7":148.093935007,"8":145.5147743633,"9":144.8699793929,"10":145.217178845,"11":146.6456457873,"12":146.7250057028,"13":145.5742934621,"14":141.9436090191,"15":138.9775748395,"16":137.2614188028,"17":136.0710477225,"18":140.6441094291,"19":135.8032040937,"20":133.9481849531,"21":134.1763400245,"22":134.7616309507,"23":137.8367792977,"24":141.6757870305,"25":137.6383774301,"26":135.6643181206,"27":138.2633451677,"28":137.6086302984,"29":135.4262568706,"30":139.4735667906,"31":135.9024036308,"32":135.1485058886,"33":142.8463314779,"34":139.9596413722,"35":134.6029054757,"36":135.6841644515,"37":129.7421529906,"38":119.7627578145,"39":116.7570304754,"40":123.46286763,"41":123.968784202,"42":121.0920154636,"43":118.0664479138,"44":112.5014009993,"45":72.2762745246,"46":70.1930992883,"47":75.5696747229,"48":63.4078955222,"49":65.6696277404,"50":59.0034677572,"51":59.3407421887,"52":51.5933113501,"53":56.4639766216,"54":62.3067885304,"55":61.1957623539,"56":66.2549061864,"57":71.552116539,"58":71.8596359112,"59":69.9649415964,"60":65.7900009155,"61":69.0999984741,"62":66.9000015259,"63":71.1900024414,"64":79.0,"65":76.0999984741,"66":81.2900009155,"67":77.4800033569,"68":83.0,"69":79.0299987793,"70":77.0500030518,"71":72.5299987793,"72":73.8799972534,"73":72.75,"74":71.3799972534,"75":68.0199966431,"76":77.5899963379,"77":83.3300018311,"78":80.6699981689,"79":76.2099990845,"80":76.2099990845},"High":{"0":151.9230150054,"1":155.1668104411,"2":157.7360604286,"3":156.5357620561,"4":157.6170256514,"5":151.6254343417,"6":150.5143833042,"7":148.351861667,"8":146.9233960125,"9":145.2965422763,"10":148.1137831082,"11":147.687236626,"12":148.341936478,"13":145.6536543481,"14":142.1519332322,"15":141.1202581864,"16":137.7574129621,"17":140.6937173234,"18":141.4575471554,"19":138.362535948,"20":134.7516930903,"21":134.999692179,"22":137.8764739387,"23":141.8245767346,"24":141.6757870305,"25":138.1938884595,"26":136.0908809722,"27":138.2732596023,"28":138.7394964545,"29":139.4537272416,"30":139.8802705067,"31":136.8447895338,"32":140.8722680932,"33":146.0603793853,"34":141.7452235405,"35":136.2297658107,"36":136.1007977395,"37":130.7440709374,"38":126.5479545518,"39":121.9054526413,"40":124.127498,"41":123.968784202,"42":123.5422278562,"43":121.2804955578,"44":113.5231477761,"45":74.3594486248,"46":79.5475499346,"47":76.849340635,"48":65.9275469192,"49":70.1434974542,"50":68.2388808385,"51":61.4635966306,"52":57.5254048903,"53":62.9912619609,"54":68.0107176585,"55":62.465510065,"56":72.9905083348,"57":74.8058446651,"58":74.1511264954,"59":72.3457153026,"60":67.3499984741,"61":72.8300018311,"62":68.9700012207,"63":81.4800033569,"64":80.0,"65":76.8000030518,"66":84.2600021362,"67":81.6100006104,"68":84.1200027466,"69":79.5999984741,"70":80.0,"71":76.4800033569,"72":73.9400024414,"73":77.3199996948,"74":75.3600006104,"75":74.2799987793,"76":80.7399978638,"77":84.8000030518,"78":80.6699981689,"79":79.0149993896,"80":79.0149993896},"Low":{"0":149.9588822427,"1":151.6650928995,"2":151.7940599618,"3":154.4029780571,"4":149.492638781,"5":148.3518695653,"6":147.6574672402,"7":145.2965357141,"8":143.9077580703,"9":142.8959321627,"10":144.8997504333,"11":145.7032598423,"12":145.4651762153,"13":142.9356007621,"14":138.9577295421,"15":137.9955009171,"16":133.8886645741,"17":135.3072124122,"18":137.727661209,"19":133.6208326702,"20":132.4304439969,"21":131.2301333865,"22":133.8787618752,"23":137.4796628834,"24":138.8188556658,"25":135.5254374951,"26":134.3945742733,"27":134.7516978281,"28":135.7734457272,"29":135.0294524396,"30":136.4678433285,"31":132.7181143747,"32":134.8310623331,"33":138.6998271769,"34":138.3724689954,"35":132.8074089328,"36":128.1152885448,"37":124.3457413735,"38":116.3602374432,"39":116.7074355969,"40":118.3144457343,"41":117.2034240183,"42":119.2766749985,"43":115.9336790552,"44":101.0836131145,"45":64.0130094396,"46":67.0484903987,"47":66.701296227,"48":58.338838072,"49":60.431930304,"50":56.7814159289,"51":54.0633645233,"52":48.2304715187,"53":54.6585580776,"54":58.8149891457,"55":56.7417366065,"56":62.7829467841,"57":66.8401719043,"58":70.8180451539,"59":67.2171370209,"60":62.1899986267,"61":67.5599975586,"62":62.5400009155,"63":70.4100036621,"64":72.8399963379,"65":72.9000015259,"66":74.7900009155,"67":74.8399963379,"68":72.5800018311,"69":75.4000015259,"70":76.4899978638,"71":71.5299987793,"72":69.9899978638,"73":72.0800018311,"74":69.7699966431,"75":67.0,"76":77.0800018311,"77":78.6399993896,"78":74.6800003052,"79":73.5299987793,"80":73.5299987793},"Close":{"0":151.1195068359,"1":152.1214141846,"2":156.8432769775,"3":155.692565918,"4":150.8615875244,"5":151.0103912354,"6":148.2030487061,"7":145.6040496826,"8":145.6040496826,"9":144.2351074219,"10":145.8123779297,"11":147.597946167,"12":146.1694946289,"13":143.471282959,"14":139.3049163818,"15":140.8921051025,"16":134.3052978516,"17":139.8406066895,"18":137.8070220947,"19":136.4281616211,"20":133.9184265137,"21":131.5079040527,"22":134.8112182617,"23":141.0508270264,"24":139.3148498535,"25":136.7158355713,"26":135.6544036865,"27":135.0393829346,"28":136.507522583,"29":138.9180450439,"30":138.1145324707,"31":134.4739379883,"32":140.0390014648,"33":141.3881072998,"34":141.1103515625,"35":134.8806610107,"36":129.0477600098,"37":124.4846191406,"38":121.687210083,"39":121.796333313,"40":123.3239898682,"41":119.068359375,"42":122.510559082,"43":117.6597366333,"44":104.2778167725,"45":65.7787475586,"46":79.2201919556,"47":69.6772613525,"48":60.1938552856,"49":70.1137390137,"50":59.2415466309,"51":57.0690879822,"52":56.3151779175,"53":59.8863372803,"54":61.2651977539,"55":60.7989692688,"56":72.0382003784,"57":71.7306747437,"58":73.7444076538,"59":68.1000061035,"60":66.4899978638,"61":70.1500015259,"62":67.7699966431,"63":75.1500015259,"64":74.6800003052,"65":76.2399978638,"66":75.3099975586,"67":80.2900009155,"68":75.4800033569,"69":78.5500030518,"70":77.3700027466,"71":74.9199981689,"72":71.1100006104,"73":76.6299972534,"74":71.2799987793,"75":73.4700012207,"76":80.6600036621,"77":79.3099975586,"78":77.4499969482,"79":78.5550003052,"80":78.5550003052},"Volume":{"0":995700,"1":1782100,"2":2126300,"3":1343700,"4":2125400,"5":1516200,"6":1976100,"7":2104800,"8":1583200,"9":1249000,"10":1419300,"11":1812800,"12":1273300,"13":1519100,"14":1974800,"15":1266300,"16":1652100,"17":2173400,"18":1077200,"19":1663100,"20":1601200,"21":1335300,"22":2073400,"23":1402700,"24":918300,"25":1041700,"26":1193600,"27":1654000,"28":1170700,"29":1399000,"30":936500,"31":1719300,"32":2390600,"33":2394400,"34":1403400,"35":1549700,"36":1835800,"37":2010200,"38":2747500,"39":3476400,"40":3385300,"41":2113600,"42":1788100,"43":1907900,"44":5181500,"45":7675200,"46":6753600,"47":4409100,"48":4695300,"49":4543800,"50":3588800,"51":4181200,"52":4272600,"53":4247900,"54":4374400,"55":3061900,"56":3901100,"57":2980000,"58":2894500,"59":2940200,"60":3132700,"61":2657500,"62":2571700,"63":4907200,"64":4925400,"65":2280400,"66":2989300,"67":3283800,"68":4752500,"69":2213200,"70":2164400,"71":2066800,"72":3087300,"73":2814300,"74":3763800,"75":3700600,"76":3361100,"77":3135100,"78":2983400,"79":942622,"80":942622}}