{"Open":{"0":88.3472107158,"1":86.5713404189,"2":85.2319920319,"3":86.3530765155,"4":88.1983982573,"5":88.9523972214,"6":89.7956878017,"7":90.3314303878,"8":90.4107923514,"9":90.0337968274,"10":89.5079807215,"11":92.2660384329,"12":94.5776504476,"13":94.5082027689,"14":92.117215973,"15":91.9485600782,"16":86.6110259467,"17":87.4543184289,"18":87.9602904787,"19":86.6209425503,"20":86.3629996538,"21":84.8748398951,"22":87.5535233596,"23":90.2718982821,"24":87.3650192872,"25":88.9127139737,"26":86.095128266,"27":88.6646857465,"28":90.9266922748,"29":90.3115811693,"30":89.8353751067,"31":87.1368399287,"32":88.2182347486,"33":90.0933217955,"34":87.8610788813,"35":83.2378542074,"36":83.2775414888,"37":80.3607396126,"38":76.5212785924,"39":73.1778817792,"40":78.3963625282,"41":80.1821608029,"42":79.1200027466,"43":79.4599990845,"44":76.3300018311,"45":72.4000015259,"46":74.8000030518,"47":76.2900009155,"48":69.5199966431,"49":71.1800003052,"50":68.2799987793,"51":65.9100036621,"52":63.5600013733,"53":61.1199989319,"54":65.0299987793,"55":61.5499992371,"56":66.0,"57":65.9000015259,"58":64.0,"59":66.5,"60":67.1900024414,"61":69.3000030518,"62":65.0,"63":65.8700027466,"64":67.6800003052,"65":68.5,"66":73.6600036621,"67":73.6999969482,"68":74.6200027466,"69":71.7099990845,"70":75.0,"71":75.8600006104,"72":76.8600006104,"73":77.3199996948,"74":75.0199966431,"75":73.3099975586,"76":73.7900009155,"77":75.0,"78":73.9199981689,"79":76.5899963379,"80":76.5899963379},"High":{"0":89.1012072631,"1":86.9483387088,"2":85.8669404727,"3":88.7837379552,"4":88.763899486,"5":90.0040291646,"6":91.6608479216,"7":91.9981720191,"8":90.8870074851,"9":90.4604035504,"10":91.5021198262,"11":95.4110187865,"12":94.9645719334,"13":94.6371740739,"14":92.2164252481,"15":92.514061276,"16":87.5237634323,"17":88.8333478915,"18":88.3174423608,"19":87.1666049495,"20":86.4820477629,"21":85.8967098936,"22":88.2479958713,"23":90.4207159852,"24":90.0635539874,"25":89.3194742824,"26":87.9404496924,"27":90.7481108226,"28":91.710458439,"29":90.6588174214,"30":90.0834020865,"31":88.2976043718,"32":89.9048227602,"33":91.1548770143,"34":88.3273708355,"35":84.1605148558,"36":83.7339102251,"37":81.3826095349,"38":77.5729180995,"39":79.1801301111,"40":80.0730272928,"41":81.9977200908,"42":81.9100036621,"43":81.3700027466,"44":78.0800018311,"45":76.0999984741,"46":79.0400009155,"47":77.7900009155,"48":72.5299987793,"49":76.6699981689,"50":71.1699981689,"51":69.8099975586,"52":65.5599975586,"53":67.5500030518,"54":67.9800033569,"55":64.8600006104,"56":67.6200027466,"57":66.9599990845,"58":69.6600036621,"59":69.1200027466,"60":69.5,"61":70.3600006104,"62":68.6999969482,"63":68.2600021362,"64":68.6900024414,"65":71.3700027466,"66":74.9000015259,"67":74.3799972534,"68":74.8399963379,"69":73.5100021362,"70":77.6699981689,"71":76.3399963379,"72":77.6900024414,"73":78.25,"74":76.2300033569,"75":73.9700012207,"76":75.3399963379,"77":76.1699981689,"78":76.1100006104,"79":77.8000030518,"80":77.8000030518},"Low":{"0":87.3848648505,"1":85.7578122159,"2":84.8649093895,"3":86.2241052075,"4":87.226129136,"5":88.1289458545,"6":89.1607393537,"7":89.835376421,"8":89.5774253288,"9":88.5456348963,"10":89.1111360265,"11":92.2164300082,"12":92.6827206748,"13":91.9783245401,"14":90.7381866129,"15":88.1289461935,"16":85.7677281447,"17":86.7003142578,"18":86.6606239763,"19":85.5097864924,"20":84.3688605646,"21":84.4879183922,"22":86.6804711207,"23":88.5654714342,"24":85.5097823578,"25":86.6903867966,"26":85.817339246,"27":88.1983938224,"28":90.5695328185,"29":89.0714462909,"30":88.0892630496,"31":86.8392045267,"32":87.9503689396,"33":87.9801345569,"34":85.64868236,"35":82.0572433859,"36":79.0114743917,"37":78.4658098972,"38":74.7354889375,"39":72.7611907032,"40":76.5212792123,"41":77.2157602781,"42":78.0500030518,"43":78.6999969482,"44":75.8300018311,"45":71.8300018311,"46":74.1600036621,"47":73.7200012207,"48":67.0,"49":67.2600021362,"50":64.4599990845,"51":62.2000007629,"52":58.0,"53":59.0400009155,"54":60.7900009155,"55":59.1100006104,"56":62.1899986267,"57":62.4599990845,"58":63.25,"59":65.9300003052,"60":66.0599975586,"61":66.6600036621,"62":65.0,"63":65.3099975586,"64":64.5500030518,"65":67.6500015259,"66":70.8600006104,"67":72.4199981689,"68":70.0,"69":71.4400024414,"70":74.9700012207,"71":74.0299987793,"72":75.3799972534,"73":75.4800033569,"74":74.0999984741,"75":71.75,"76":72.75,"77":73.7600021362,"78":73.6600036621,"79":76.2125015259,"80":76.2125015259},"Close":{"0":87.9900512695,"1":86.3332290649,"2":85.827255249,"3":88.2678451538,"4":88.0098953247,"5":89.2004241943,"6":89.5476608276,"7":90.2520599365,"8":89.8452911377,"9":88.9623184204,"10":91.0655899048,"11":95.1530761719,"12":93.7938842773,"13":92.2362747192,"14":91.2739257812,"15":88.9424743652,"16":86.3629989624,"17":88.4464263916,"18":87.5336837769,"19":87.0872344971,"20":84.6367263794,"21":85.7975006104,"22":88.2281570435,"23":90.1925354004,"24":89.8948974609,"25":86.7300720215,"26":87.9007644653,"27":89.2897109985,"28":90.9961395264,"29":89.3194732666,"30":88.892868042,"31":87.3352584839,"32":89.8452911377,"33":88.7639007568,"34":86.3431549072,"35":82.6624298096,"36":79.5868988037,"37":79.0313186646,"38":75.340675354,"39":77.6820526123,"40":79.9242095947,"41":77.939994812,"42":81.8000030518,"43":79.1699981689,"44":77.4700012207,"45":72.6399993896,"46":78.8899993896,"47":74.6200027466,"48":67.0199966431,"49":75.8099975586,"50":64.4800033569,"51":68.8600006104,"52":61.1899986267,"53":65.0,"54":60.9099998474,"55":62.5299987793,"56":65.4599990845,"57":63.0800018311,"58":68.9800033569,"59":66.5899963379,"60":69.0299987793,"61":67.6500015259,"62":65.9000015259,"63":68.0199966431,"64":65.2300033569,"65":70.9499969482,"66":72.7300033569,"67":73.3300018311,"68":71.5800018311,"69":73.3000030518,"70":77.5500030518,"71":75.9899978638,"72":76.8499984741,"73":76.1699981689,"74":74.3099975586,"75":71.8399963379,"76":74.6800003052,"77":73.8099975586,"78":76.0400009155,"79":76.4049987793,"80":76.4049987793},"Volume":{"0":8413900,"1":8340300,"2":8381400,"3":8377400,"4":7619900,"5":9155500,"6":9668300,"7":10367800,"8":7800100,"9":7259100,"10":9295500,"11":23694400,"12":10868500,"13":8342300,"14":11282000,"15":9471700,"16":9240200,"17":9187000,"18":8158500,"19":8379400,"20":9503600,"21":7794600,"22":9236400,"23":14220900,"24":21059000,"25":10725100,"26":7481300,"27":9452800,"28":9824200,"29":8428300,"30":6256500,"31":7248100,"32":7820900,"33":9754900,"34":12257600,"35":12158500,"36":14725000,"37":13125000,"38":17898300,"39":20905500,"40":15043400,"41":16356200,"42":9894900,"43":9396200,"44":11536500,"45":13898500,"46":13615600,"47":13376500,"48":19386200,"49":15971400,"50":16134700,"51":16864500,"52":18381200,"53":17127400,"54":16591500,"55":14920300,"56":18966800,"57":15969800,"58":15820300,"59":9739100,"60":9880800,"61":13213900,"62":14167900,"63":15432900,"64":8600700,"65":12153100,"66":11285600,"67":10695600,"68":15465100,"69":7896500,"70":11314100,"71":9951700,"72":8819700,"73":9926000,"74":7217700,"75":9273800,"76":7367900,"77":7673800,"78":6071300,"79":2840130,"80":2840130}}