{"Open":{"0":117.2600021362,"1":114.0599975586,"2":110.8300018311,"3":111.2799987793,"4":111.5400009155,"5":113.9300003052,"6":113.5,"7":113.8600006104,"8":115.8300018311,"9":115.3600006104,"10":113.4199981689,"11":114.5899963379,"12":113.9700012207,"13":115.7099990845,"14":116.4700012207,"15":115.8799972534,"16":111.0999984741,"17":110.9199981689,"18":114.0299987793,"19":121.6100006104,"20":110.7799987793,"21":106.1600036621,"22":110.0500030518,"23":109.5999984741,"24":111.4000015259,"25":108.2600021362,"26":103.75,"27":106.4499969482,"28":110.0,"29":110.1500015259,"30":109.9599990845,"31":103.6900024414,"32":103.7200012207,"33":103.9300003052,"34":100.8000030518,"35":93.5699996948,"36":96.9300003052,"37":96.8300018311,"38":93.2399978638,"39":91.8099975586,"40":101.0899963379,"41":103.0,"42":100.1999969482,"43":99.9599990845,"44":94.5199966431,"45":87.6900024414,"46":92.4700012207,"47":93.9499969482,"48":83.1200027466,"49":82.4000015259,"50":72.9000015259,"51":72.3799972534,"52":73.4700012207,"53":72.2600021362,"54":75.3700027466,"55":71.2399978638,"56":73.4100036621,"57":79.0299987793,"58":79.3899993896,"59":80.4599990845,"60":81.2900009155,"61":81.5,"62":77.8399963379,"63":73.9800033569,"64":76.2799987793,"65":77.0500030518,"66":86.0400009155,"67":82.5899963379,"68":88.2600021362,"69":82.8799972534,"70":87.0199966431,"71":87.4800033569,"72":85.7399978638,"73":89.1500015259,"74":85.0,"75":84.6600036621,"76":84.0,"77":86.5800018311,"78":86.6100006104,"79":90.9300003052,"80":90.9300003052},"High":{"0":117.4000015259,"1":115.2399978638,"2":112.9800033569,"3":112.75,"4":113.7699966431,"5":114.0,"6":115.8499984741,"7":117.4990005493,"8":116.5699996948,"9":115.4100036621,"10":114.1999969482,"11":115.5699996948,"12":115.75,"13":118.2300033569,"14":118.7799987793,"15":117.3949966431,"16":111.6800003052,"17":114.0699996948,"18":114.6999969482,"19":122.3649978638,"20":111.0800018311,"21":108.4199981689,"22":110.5,"23":111.3499984741,"24":111.7699966431,"25":108.5100021362,"26":105.3600006104,"27":110.0500030518,"28":112.2699966431,"29":111.3600006104,"30":110.3600006104,"31":104.8600006104,"32":106.3799972534,"33":104.0,"34":101.1999969482,"35":97.4800033569,"36":97.7699966431,"37":98.5400009155,"38":97.1999969482,"39":100.8899993896,"40":101.7799987793,"41":104.9300003052,"42":102.7799987793,"43":100.75,"44":95.9199981689,"45":91.9300003052,"46":96.1299972534,"47":95.8799972534,"48":85.7699966431,"49":85.6600036621,"50":78.1900024414,"51":80.7799987793,"52":78.1100006104,"53":75.5899963379,"54":78.5299987793,"55":72.9300003052,"56":79.0100021362,"57":82.3649978638,"58":83.8000030518,"59":83.9400024414,"60":82.6500015259,"61":85.0569992065,"62":79.1999969482,"63":76.9700012207,"64":76.6399993896,"65":82.9700012207,"66":86.2699966431,"67":88.0899963379,"68":88.5599975586,"69":85.2600021362,"70":90.0999984741,"71":87.6299972534,"72":87.25,"73":89.4599990845,"74":86.1399993896,"75":84.6600036621,"76":86.9400024414,"77":87.5199966431,"78":89.9700012207,"79":92.3450012207,"80":92.3450012207},"Low":{"0":114.7600021362,"1":112.0599975586,"2":109.4000015259,"3":110.7300033569,"4":111.4199981689,"5":110.7900009155,"6":113.0,"7":113.8600006104,"8":114.1200027466,"9":112.0599975586,"10":112.8199996948,"11":113.5899963379,"12":113.9199981689,"13":115.5500030518,"14":115.6500015259,"15":112.2799987793,"16":108.5299987793,"17":110.2350006104,"18":111.4300003052,"19":109.3700027466,"20":105.1200027466,"21":105.9300003052,"22":107.6100006104,"23":108.7200012207,"24":109.2699966431,"25":104.8600006104,"26":102.8799972534,"27":106.4499969482,"28":109.2249984741,"29":108.6200027466,"30":105.2350006104,"31":102.5100021362,"32":103.5999984741,"33":99.5199966431,"34":97.75,"35":93.3099975586,"36":95.4400024414,"37":95.8099975586,"38":93.0999984741,"39":91.1800003052,"40":96.3600006104,"41":97.2600021362,"42":99.9199981689,"43":96.5699996948,"44":92.3300018311,"45":87.0400009155,"46":90.4300003052,"47":88.6600036621,"48":76.7699966431,"49":77.3700027466,"50":70.6999969482,"51":70.8300018311,"52":70.2900009155,"53":70.0,"54":70.6500015259,"55":67.5400009155,"56":71.3399963379,"57":75.9199981689,"58":76.8899993896,"59":78.8150024414,"60":79.6100006104,"61":80.1299972534,"62":73.6330032349,"63":73.3300018311,"64":72.9300003052,"65":75.4100036621,"66":81.4800033569,"67":81.5699996948,"68":82.0199966431,"69":81.6699981689,"70":85.5500030518,"71":83.9100036621,"72":84.6399993896,"73":84.9700012207,"74":84.0400009155,"75":80.8000030518,"76":82.3199996948,"77":85.5250015259,"78":85.6299972534,"79":90.2549972534,"80":90.2549972534},"Close":{"0":115.9599990845,"1":112.3399963379,"2":111.6399993896,"3":111.2300033569,"4":112.9199981689,"5":111.9599990845,"6":113.4199981689,"7":115.7399978638,"8":115.9100036621,"9":112.5,"10":113.8000030518,"11":114.7399978638,"12":114.8700027466,"13":116.3300018311,"14":118.6800003052,"15":113.3899993896,"16":109.9800033569,"17":113.5599975586,"18":112.5699996948,"19":111.7900009155,"20":105.8600006104,"21":107.5599975586,"22":107.8899993896,"23":111.3199996948,"24":109.7699966431,"25":105.1500015259,"26":105.3499984741,"27":108.5899963379,"28":111.7300033569,"29":109.1699981689,"30":106.0199966431,"31":103.2300033569,"32":104.2399978638,"33":101.5599975586,"34":98.1900024414,"35":96.3399963379,"36":96.5999984741,"37":96.1299972534,"38":94.8000030518,"39":100.5800018311,"40":100.4400024414,"41":98.3000030518,"42":102.3799972534,"43":97.3000030518,"44":94.3600006104,"45":89.9499969482,"46":96.0,"47":89.2699966431,"48":76.8199996948,"49":83.8000030518,"50":70.6999969482,"51":79.8799972534,"52":73.0199966431,"53":73.8499984741,"54":70.8499984741,"55":69.3600006104,"56":78.7900009155,"57":77.7399978638,"58":83.4899978638,"59":80.6900024414,"60":81.4800033569,"61":80.6299972534,"62":74.5800018311,"63":76.6600036621,"64":73.4400024414,"65":82.6100006104,"66":81.8499984741,"67":87.0199966431,"68":83.1100006104,"69":84.7300033569,"70":89.8300018311,"71":84.5599975586,"72":86.8199996948,"73":86.2699966431,"74":84.7699966431,"75":81.1800003052,"76":86.5800018311,"77":85.9499969482,"78":89.8899993896,"79":91.3600006104,"80":91.3600006104},"Volume":{"0":1870600,"1":2695100,"2":3186200,"3":1673100,"4":1735300,"5":1676200,"6":2412400,"7":1879400,"8":1518000,"9":1637400,"10":1443500,"11":1376300,"12":1001500,"13":1281700,"14":2014400,"15":2412000,"16":1739400,"17":1704500,"18":2187300,"19":5783200,"20":3557600,"21":1939800,"22":1961100,"23":1773900,"24":1802800,"25":2422400,"26":1867800,"27":1625300,"28":1584300,"29":1649300,"30":1660900,"31":2146500,"32":1718000,"33":2961500,"34":1834200,"35":2598800,"36":2817200,"37":1667000,"38":3170600,"39":4209000,"40":2626200,"41":3038300,"42":2502400,"43":2131700,"44":1800500,"45":2194100,"46":2774000,"47":2605000,"48":3090300,"49":2306200,"50":2589000,"51":2899400,"52":2306800,"53":1762700,"54":1744900,"55":1658000,"56":2202300,"57":1673700,"58":1408100,"59":1650100,"60":1267200,"61":2335900,"62":1693300,"63":1822000,"64":1530600,"65":3415600,"66":1750700,"67":1911900,"68":2357000,"69":1333700,"70":2415200,"71":1761400,"72":1634200,"73":1334400,"74":1683900,"75":1747400,"76":1565500,"77":957000,"78":1303200,"79":803671,"80":803671}}