{"Open":{"0":62.8804803169,"1":61.0377535946,"2":61.8501391459,"3":61.8204189737,"4":61.2259874182,"5":61.4241306906,"6":61.0575679774,"7":61.285434926,"8":61.5529268707,"9":62.4346582122,"10":62.7219654309,"11":62.6328022081,"12":62.7913145902,"13":63.1380646596,"14":63.1776916729,"15":63.2866701631,"16":62.7417793274,"17":62.5733587475,"18":62.9993644737,"19":62.2067949606,"20":61.7906933016,"21":61.8105072663,"22":62.9002942291,"23":62.2067971722,"24":63.0984334074,"25":62.9498304864,"26":62.9300146223,"27":63.1776923255,"28":62.1077223464,"29":61.7312550274,"30":62.5436363392,"31":63.5244452236,"32":63.6334227803,"33":62.7814065473,"34":63.3199996948,"35":63.3199996948,"36":63.3800010681,"37":61.9099998474,"38":61.25,"39":57.7400016785,"40":57.6699981689,"41":60.1699981689,"42":60.0699996948,"43":60.7099990845,"44":60.0400009155,"45":57.1800003052,"46":57.2900009155,"47":56.5200004578,"48":52.2099990845,"49":53.7700004578,"50":50.7999992371,"51":46.1599998474,"52":45.1199989319,"53":37.7599983215,"54":37.7200012207,"55":35.3199996948,"56":36.9399986267,"57":41.5200004578,"58":41.75,"59":40.6399993896,"60":40.4300003052,"61":39.5699996948,"62":36.3899993896,"63":34.9399986267,"64":33.2099990845,"65":36.0900001526,"66":37.7200012207,"67":37.4900016785,"68":42.3100013733,"69":44.0699996948,"70":43.2599983215,"71":41.5600013733,"72":41.1300010681,"73":39.0099983215,"74":37.3400001526,"75":35.7700004578,"76":35.5499992371,"77":35.7999992371,"78":35.75,"79":35.2099990845,"80":35.2099990845},"High":{"0":62.8804803169,"1":61.9095810224,"2":62.4247500355,"3":61.830324429,"4":61.9293918769,"5":61.5232003574,"6":61.5331091777,"7":61.6420917925,"8":62.1473524552,"9":62.7417802314,"10":62.8804791677,"11":63.1182488815,"12":63.4055548446,"13":63.7126755575,"14":63.5145338347,"15":63.4848132769,"16":63.0488975628,"17":63.3857421421,"18":63.2569478828,"19":62.3950288424,"20":61.8402281352,"21":62.1671641113,"22":62.999363898,"23":62.9993658862,"24":63.4550940407,"25":63.2074138989,"26":63.2569475544,"27":63.7622124422,"28":62.3752149901,"29":62.8111310652,"30":63.4947149709,"31":64.0495212838,"32":63.69286307,"33":63.5343458625,"34":64.1100006104,"35":64.0599975586,"36":63.5099983215,"37":63.7400016785,"38":61.2900009155,"39":57.7599983215,"40":60.4000015259,"41":61.4199981689,"42":62.3400001526,"43":61.7400016785,"44":60.6500015259,"45":57.9000015259,"46":58.1300010681,"47":56.8100013733,"48":54.5400009155,"49":55.4799995422,"50":51.9099998474,"51":48.3199996948,"52":45.2900009155,"53":40.5299987793,"54":39.9099998474,"55":35.7799987793,"56":39.6100006104,"57":43.8100013733,"58":42.9900016785,"59":41.5299987793,"60":42.4500007629,"61":40.4199981689,"62":36.4099998474,"63":36.3800010681,"64":34.1100006104,"65":37.4300003052,"66":38.7200012207,"67":41.0299987793,"68":45.5800018311,"69":44.0699996948,"70":44.4500007629,"71":42.8300018311,"72":41.7400016785,"73":39.7400016785,"74":38.2000007629,"75":36.7400016785,"76":36.0699996948,"77":36.9900016785,"78":36.0999984741,"79":37.0999984741,"80":37.0999984741},"Low":{"0":60.9584969707,"1":60.8197957928,"2":61.5925519566,"3":60.7009135608,"4":61.0872883733,"5":60.6513767074,"6":60.6711909884,"7":61.1467358733,"8":61.2358993884,"9":61.9789316904,"10":62.4049379571,"11":62.5535434488,"12":62.4445631946,"13":62.850757321,"14":62.6328009411,"15":62.8111289578,"16":62.4643774569,"17":62.5436386021,"18":62.3454948269,"19":61.3250620614,"20":61.1467329054,"21":61.2458018548,"22":61.3944118304,"23":62.0482834294,"24":62.7715004775,"25":62.2959608308,"26":62.6328018352,"27":61.7312539957,"28":61.6024609834,"29":61.3250633313,"30":61.8600427856,"31":63.10834429,"32":62.4941026889,"33":62.7516864023,"34":63.1899986267,"35":63.0299987793,"36":61.7099990845,"37":61.4000015259,"38":58.3699989319,"39":55.4500007629,"40":57.5099983215,"41":58.6699981689,"42":59.1599998474,"43":59.8600006104,"44":58.5800018311,"45":55.7999992371,"46":54.8499984741,"47":54.4700012207,"48":50.9099998474,"49":51.4500007629,"50":44.8800010681,"51":42.3400001526,"52":36.7599983215,"53":35.2099990845,"54":34.4700012207,"55":32.8400001526,"56":35.7700004578,"57":38.9599990845,"58":38.5900001526,"59":39.7200012207,"60":38.7799987793,"61":37.4300003052,"62":34.4000015259,"63":32.2000007629,"64":31.7999992371,"65":34.4799995422,"66":36.6300010681,"67":36.6699981689,"68":42.2099990845,"69":42.1199989319,"70":42.9599990845,"71":40.0,"72":37.0,"73":38.2200012207,"74":36.3300018311,"75":35.2099990845,"76":34.8800010681,"77":35.0800018311,"78":34.8400001526,"79":35.0,"80":35.0},"Close":{"0":61.1071052551,"1":61.8303222656,"2":61.9888381958,"3":61.1071052551,"4":61.6024589539,"5":60.9783096313,"6":61.344871521,"7":61.5430183411,"8":62.0780029297,"9":62.4643783569,"10":62.6625213623,"11":62.6129875183,"12":63.2569465637,"13":63.0191802979,"14":63.4848136902,"15":63.1975059509,"16":62.7417793274,"17":63.1578788757,"18":62.3851242065,"19":61.810508728,"20":61.463760376,"21":61.344871521,"22":62.0680961609,"23":62.8507575989,"24":62.9201049805,"25":62.5337295532,"26":63.2074127197,"27":62.0680961609,"28":61.7312545776,"29":62.2464256287,"30":63.425365448,"31":63.6433258057,"32":62.7516860962,"33":63.4649963379,"34":63.6800003052,"35":63.4199981689,"36":61.8600006104,"37":61.4500007629,"38":58.4599990845,"39":57.4399986267,"40":60.2900009155,"41":58.9199981689,"42":62.0600013733,"43":61.7099990845,"44":60.4399986267,"45":56.2000007629,"46":57.9799995422,"47":55.3499984741,"48":51.6399993896,"49":55.25,"50":44.9399986267,"51":47.6800003052,"52":37.7900009155,"53":37.5299987793,"54":35.2999992371,"55":34.8800010681,"56":39.4500007629,"57":41.2400016785,"58":42.3400001526,"59":40.4900016785,"60":39.9500007629,"61":38.4300003052,"62":35.5299987793,"63":33.2000007629,"64":32.2700004578,"65":35.1500015259,"66":36.7700004578,"67":40.8899993896,"68":44.1199989319,"69":43.1300010681,"70":43.9500007629,"71":41.3100013733,"72":37.0699996948,"73":38.6599998474,"74":37.1899986267,"75":35.5900001526,"76":35.4399986267,"77":35.6199989319,"78":35.4300003052,"79":37.0074005127,"80":37.0074005127},"Volume":{"0":759300,"1":833500,"2":618300,"3":557100,"4":767700,"5":875600,"6":1207800,"7":804000,"8":986200,"9":785500,"10":605000,"11":750500,"12":667000,"13":503400,"14":437100,"15":459800,"16":604300,"17":762500,"18":436200,"19":672500,"20":799300,"21":1091800,"22":1312400,"23":682700,"24":448000,"25":382800,"26":728800,"27":690300,"28":1645800,"29":1595700,"30":1358700,"31":749700,"32":718800,"33":949400,"34":1069200,"35":868600,"36":1801300,"37":2050100,"38":1796800,"39":2945300,"40":1555900,"41":1558200,"42":1555400,"43":1221600,"44":2133100,"45":1514100,"46":1435500,"47":2340300,"48":2390500,"49":2677900,"50":2230500,"51":2169400,"52":1820300,"53":1660500,"54":2502700,"55":2953900,"56":2582700,"57":1841400,"58":1909100,"59":1880200,"60":1944700,"61":2193500,"62":2016000,"63":1938100,"64":2190300,"65":2814800,"66":2760900,"67":1763500,"68":2800000,"69":1299800,"70":1636700,"71":1262800,"72":1604600,"73":1467300,"74":2301100,"75":1381500,"76":1614600,"77":2042600,"78":1568700,"79":464790,"80":464790}}