{"Open":{"0":17.076130898,"1":16.6408171533,"2":16.3934819277,"3":16.3242268035,"4":16.1956135043,"5":16.403374558,"6":16.3736934026,"7":16.2252929906,"8":16.2648663633,"9":16.1362514496,"10":16.2549738551,"11":16.5220977561,"12":16.1164657366,"13":16.1461438704,"14":15.977955258,"15":15.9581681885,"16":15.1963713968,"17":15.4041339733,"18":15.404133828,"19":15.0677554653,"20":15.2359447169,"21":15.5426431185,"22":15.9284889749,"23":16.2648660148,"24":16.5418824815,"25":16.0472097765,"26":16.0768901057,"27":16.175825326,"28":16.3638020097,"29":16.2153985853,"30":16.3736937666,"31":16.2450802397,"32":16.2351850638,"33":16.1659317812,"34":16.2450796755,"35":15.5723231255,"36":15.5624292778,"37":14.7808453278,"38":14.0388346424,"39":13.3166124583,"40":13.4848012186,"41":14.2960650046,"42":14.1278762885,"43":13.8299999237,"44":13.0699996948,"45":11.4499998093,"46":11.0399999619,"47":11.0500001907,"48":9.779999733,"49":10.3800001144,"50":8.5200004578,"51":8.470000267,"52":8.279999733,"53":7.2600002289,"54":8.3999996185,"55":8.1300001144,"56":8.3100004196,"57":9.0500001907,"58":8.8500003815,"59":9.2399997711,"60":9.5399999619,"61":9.3699998856,"62":8.3599996567,"63":8.1700000763,"64":8.3599996567,"65":8.6099996567,"66":9.6700000763,"67":9.5600004196,"68":10.5,"69":11.0100002289,"70":10.8500003815,"71":9.4899997711,"72":9.220000267,"73":9.0100002289,"74":9.2100000381,"75":9.029999733,"76":9.1499996185,"77":9.1899995804,"78":9.5200004578,"79":9.8999996185,"80":9.8999996185},"High":{"0":17.1157038001,"1":16.7001774482,"2":16.4231630214,"3":16.3539078952,"4":16.4033754978,"5":16.403374558,"6":16.4033744943,"7":16.2747614806,"8":16.4132680465,"9":16.2549739376,"10":16.4924169429,"11":16.5715643576,"12":16.2055052427,"13":16.1461438704,"14":16.0274237452,"15":15.997742979,"16":15.3843478776,"17":15.5822167524,"18":15.5129626114,"19":15.4931750085,"20":15.4239211913,"21":15.7800861982,"22":16.1362509639,"23":16.5023090801,"24":16.5913509677,"25":16.1659322624,"26":16.126356705,"27":16.4132684016,"28":16.5319892059,"29":16.4330561579,"30":16.403374859,"31":16.3440153318,"32":16.304439056,"33":16.5122036439,"34":16.2747607682,"35":15.7306185106,"36":15.5921103698,"37":14.9886082575,"38":14.3455326522,"39":13.7123509344,"40":14.3752132399,"41":14.6126567093,"42":14.4642544527,"43":14.1000003815,"44":13.5399999619,"45":11.6999998093,"46":11.5100002289,"47":11.25,"48":10.3800001144,"49":10.5799999237,"50":8.7700004578,"51":9.2700004578,"52":8.6999998093,"53":8.4600000381,"54":8.7600002289,"55":8.3500003815,"56":9.0500001907,"57":9.1999998093,"58":9.970000267,"59":10.1000003815,"60":9.7100000381,"61":9.4499998093,"62":8.6400003433,"63":8.7399997711,"64":8.4399995804,"65":8.9799995422,"66":9.9300003052,"67":10.2100000381,"68":11.220000267,"69":11.0699996948,"70":10.9799995422,"71":9.6499996185,"72":9.25,"73":9.7100000381,"74":9.75,"75":9.2899999619,"76":9.3000001907,"77":9.5200004578,"78":10.0,"79":10.3500003815,"80":10.3500003815},"Low":{"0":16.828794127,"1":16.4528406846,"2":16.2648676288,"3":16.1065711254,"4":16.1758261086,"5":16.2648665703,"6":16.1164648226,"7":16.1263578975,"8":16.2252915748,"9":16.0076371507,"10":16.2153990636,"11":16.0274241932,"12":15.9482766482,"13":16.0076358845,"14":15.7800860271,"15":15.4239217258,"16":15.1567975498,"17":15.2953061325,"18":15.1963709022,"19":14.9589276269,"20":15.1963708713,"21":15.5228557234,"22":15.849341281,"23":16.2055038332,"24":16.1461440273,"25":15.987849477,"26":15.9581676254,"27":16.146144234,"28":16.185719229,"29":16.1362508917,"30":16.2450794738,"31":15.968062359,"32":16.1659310717,"33":16.1659317812,"34":16.0076365947,"35":15.5426429767,"36":14.5434020389,"37":14.3950005609,"38":13.6430961881,"39":13.0297018273,"40":13.2572508927,"41":13.8211788628,"42":13.900326909,"43":13.6899995804,"44":12.7299995422,"45":10.25,"46":10.5100002289,"47":10.4399995804,"48":9.1999998093,"49":9.5799999237,"50":8.1300001144,"51":7.9200000763,"52":7.2899999619,"53":6.9400000572,"54":7.8699998856,"55":7.5999999046,"56":8.1800003052,"57":8.529999733,"58":8.8199996948,"59":9.220000267,"60":9.1400003433,"61":8.8500003815,"62":8.0600004196,"63":8.029999733,"64":7.9000000954,"65":8.3999996185,"66":9.3199996948,"67":9.529999733,"68":10.4600000381,"69":10.3800001144,"70":9.8900003433,"71":9.2600002289,"72":8.75,"73":8.7700004578,"74":8.9099998474,"75":8.779999733,"76":9.0200004578,"77":9.1599998474,"78":9.3999996185,"79":9.6999998093,"80":9.6999998093},"Close":{"0":16.9079418182,"1":16.5913505554,"2":16.4033756256,"3":16.175825119,"4":16.2747612,"5":16.3736934662,"6":16.175825119,"7":16.2648677826,"8":16.314332962,"9":16.1362514496,"10":16.4726295471,"11":16.2153987885,"12":16.0768909454,"13":16.047208786,"14":15.9977426529,"15":15.5525369644,"16":15.2854127884,"17":15.3645601273,"18":15.2359447479,"19":15.4437074661,"20":15.4041337967,"21":15.6910448074,"22":16.0867843628,"23":16.3934803009,"24":16.175825119,"25":16.1461448669,"26":16.1065711975,"27":16.2351856232,"28":16.2945461273,"29":16.4231624603,"30":16.3638019562,"31":16.1362514496,"32":16.2549724579,"33":16.3638019562,"34":16.1560382843,"35":15.5624294281,"36":14.632443428,"37":14.4246807098,"38":13.702457428,"39":13.3759737015,"40":14.3554267883,"41":13.9399003983,"42":14.3950004578,"43":13.8100004196,"44":12.9799995422,"45":10.470000267,"46":11.470000267,"47":10.6899995804,"48":9.4600000381,"49":9.9799995422,"50":8.3100004196,"51":8.8800001144,"52":7.3600001335,"53":8.279999733,"54":8.2600002289,"55":7.7199997902,"56":8.8500003815,"57":8.7299995422,"58":9.8500003815,"59":9.6700000763,"60":9.5,"61":8.970000267,"62":8.3000001907,"63":8.3900003433,"64":8.0699996948,"65":8.8800001144,"66":9.3900003433,"67":10.1099996567,"68":11.0100002289,"69":10.6700000763,"70":10.1199998856,"71":9.2899999619,"72":8.8500003815,"73":9.5200004578,"74":9.3999996185,"75":8.8800001144,"76":9.0900001526,"77":9.4200000763,"78":9.7899999619,"79":10.2749996185,"80":10.2749996185},"Volume":{"0":8972200,"1":8382600,"2":7579200,"3":9229600,"4":7741800,"5":7596500,"6":6160400,"7":6571100,"8":10616300,"9":12849500,"10":14894600,"11":17323400,"12":10804400,"13":8446500,"14":7058400,"15":6501900,"16":13732500,"17":10869700,"18":8072400,"19":13677100,"20":24895900,"21":11277300,"22":18884900,"23":8967100,"24":10912400,"25":6312700,"26":8848600,"27":6629600,"28":5081900,"29":4604400,"30":5911600,"31":9830000,"32":5140500,"33":9131300,"34":12312700,"35":10858700,"36":15818400,"37":11377700,"38":15071800,"39":28630100,"40":23705400,"41":32399400,"42":20535200,"43":24354300,"44":21487800,"45":23502700,"46":17013400,"47":25918700,"48":18790100,"49":28002000,"50":20294300,"51":23497600,"52":18007800,"53":15534000,"54":23045600,"55":17459500,"56":15558100,"57":18087500,"58":17779900,"59":12732600,"60":11634200,"61":15360200,"62":14045200,"63":14036000,"64":14772800,"65":15990700,"66":14330800,"67":10880200,"68":16772700,"69":11637000,"70":16539500,"71":13275000,"72":15716100,"73":16877000,"74":11453000,"75":15522000,"76":11049700,"77":12417400,"78":16855700,"79":5892781,"80":5892781}}