{"Open":{"0":63.0856536462,"1":62.2405348253,"2":62.4095581568,"3":62.6481786823,"4":62.5189293188,"5":62.9066869315,"6":63.1353675039,"7":62.8172046297,"8":61.9621411863,"9":62.0814517086,"10":62.9066891104,"11":63.3839295399,"12":62.6382399799,"13":62.4890983404,"14":61.6240957867,"15":62.1609954168,"16":60.4807008791,"17":61.1369120346,"18":60.9977127606,"19":60.3415019455,"20":60.5204685314,"21":58.0447698738,"22":58.8799432699,"23":59.8046043147,"24":60.928114303,"25":59.2378774302,"26":58.6810909677,"27":59.4367266621,"28":59.8344306219,"29":60.8187443757,"30":59.9736265783,"31":59.5659797298,"32":59.0887388997,"33":58.8401734196,"34":58.502124636,"35":57.1100006104,"36":56.5200004578,"37":53.8899993896,"38":51.1699981689,"39":48.8899993896,"40":50.7099990845,"41":50.9199981689,"42":49.2799987793,"43":48.5800018311,"44":46.2700004578,"45":45.8400001526,"46":46.2799987793,"47":46.5900001526,"48":43.7599983215,"49":45.9500007629,"50":41.8400001526,"51":44.2700004578,"52":38.7700004578,"53":38.5499992371,"54":38.8499984741,"55":34.5999984741,"56":35.7700004578,"57":39.2400016785,"58":40.4300003052,"59":41.5900001526,"60":39.1899986267,"61":39.7700004578,"62":36.1800003052,"63":37.6800003052,"64":38.0299987793,"65":38.2200012207,"66":39.9099998474,"67":41.0299987793,"68":42.3699989319,"69":42.7900009155,"70":41.4700012207,"71":40.4900016785,"72":41.2999992371,"73":41.8499984741,"74":41.3699989319,"75":39.3899993896,"76":42.1899986267,"77":42.3600006104,"78":45.0,"79":44.3199996948,"80":44.3199996948},"High":{"0":63.3839302063,"1":62.9961728538,"2":62.7277203269,"3":62.8172044708,"4":63.0955968501,"5":63.3342180581,"6":63.3739910341,"7":62.8967432771,"8":62.5885246157,"9":62.8868018406,"10":63.4038179918,"11":63.4734128862,"12":62.8172066833,"13":62.6183529105,"14":62.3896747205,"15":62.1808810271,"16":61.0971396234,"17":61.1369120346,"18":61.3059340352,"19":60.4110996852,"20":62.0715119958,"21":58.8501162428,"22":59.1682751255,"23":60.9977105632,"24":60.9977120427,"25":59.4665562532,"26":59.1086220899,"27":60.0730510107,"28":60.9778285309,"29":60.8187443757,"30":60.4608145397,"31":59.5858653393,"32":59.4864435203,"33":59.5560402069,"34":59.2677035386,"35":57.2999992371,"36":56.8899993896,"37":54.3100013733,"38":52.5299987793,"39":50.5,"40":51.0699996948,"41":51.8100013733,"42":50.3300018311,"43":49.5299987793,"44":49.1399993896,"45":47.6300010681,"46":48.1300010681,"47":47.1100006104,"48":46.0200004578,"49":47.2799987793,"50":45.1100006104,"51":44.6899986267,"52":39.9500007629,"53":40.8600006104,"54":38.8499984741,"55":35.6399993896,"56":39.4799995422,"57":42.4700012207,"58":43.75,"59":42.3800010681,"60":41.9599990845,"61":40.4700012207,"62":38.2900009155,"63":39.2700004578,"64":38.5800018311,"65":38.9300003052,"66":41.2099990845,"67":41.7299995422,"68":43.9599990845,"69":43.2000007629,"70":42.3300018311,"71":41.9099998474,"72":41.2999992371,"73":43.4000015259,"74":42.6300010681,"75":41.6199989319,"76":42.3800010681,"77":44.2000007629,"78":47.1599998474,"79":45.1599998474,"80":45.1599998474},"Low":{"0":62.4493293067,"1":62.1908226954,"2":62.151049023,"3":62.1212232925,"4":62.4095603578,"5":62.5984656703,"6":62.4890984454,"7":61.9720870636,"8":61.9621411863,"9":61.9522009336,"10":62.8470322792,"11":62.6978930797,"12":62.0218012199,"13":61.7235232073,"14":60.9778305155,"15":61.0573686998,"16":60.1625349091,"17":60.3017353548,"18":60.6994361877,"19":59.4466722393,"20":57.6172377051,"21":57.816091041,"22":58.3728697098,"23":59.764833095,"24":59.6952368049,"25":58.7506894732,"26":58.4225818371,"27":59.4367266621,"28":59.8344306219,"29":59.9438002918,"30":59.6952356247,"31":58.6313788404,"32":58.6612077601,"33":58.5916089844,"34":58.1044200292,"35":56.3199996948,"36":53.3800010681,"37":52.25,"38":50.25,"39":48.7400016785,"40":49.0600013733,"41":48.1199989319,"42":48.1300010681,"43":47.4000015259,"44":46.1100006104,"45":44.0999984741,"46":43.8300018311,"47":45.9099998474,"48":42.8699989319,"49":44.2099990845,"50":41.5400009155,"51":40.0400009155,"52":35.9300003052,"53":36.7200012207,"54":34.3800010681,"55":32.3800010681,"56":35.4199981689,"57":37.1100006104,"58":38.8400001526,"59":38.8400001526,"60":39.0099983215,"61":37.0499992371,"62":35.3800010681,"63":37.0600013733,"64":37.2700004578,"65":35.2299995422,"66":39.1800003052,"67":39.7000007629,"68":41.8800010681,"69":40.25,"70":40.8800010681,"71":39.5299987793,"72":38.9500007629,"73":41.5099983215,"74":41.1100006104,"75":39.2700004578,"76":40.9700012207,"77":42.0099983215,"78":42.6399993896,"79":44.2900009155,"80":44.2900009155},"Close":{"0":63.3839302063,"1":62.9464607239,"2":62.4493293762,"3":62.4890975952,"4":62.5586967468,"5":63.195022583,"6":62.7177810669,"7":62.1212234497,"8":62.2504768372,"9":62.6581230164,"10":63.1154823303,"11":62.9762840271,"12":62.2206535339,"13":61.9621429443,"14":62.1808815002,"15":61.5942687988,"16":60.8286895752,"17":60.6994361877,"18":60.6994361877,"19":60.2818489075,"20":57.8359718323,"21":57.8856887817,"22":59.039024353,"23":60.7789764404,"24":59.725063324,"25":58.8898849487,"26":59.039024353,"27":59.6753501892,"28":60.7690315247,"29":60.0531692505,"30":59.8543167114,"31":59.039024353,"32":59.1583366394,"33":58.9197120667,"34":58.8699989319,"35":56.6699981689,"36":53.4599990845,"37":52.2599983215,"38":50.7599983215,"39":50.4099998474,"40":51.0699996948,"41":48.4399986267,"42":50.1800003052,"43":47.6899986267,"44":49.0600013733,"45":44.6699981689,"46":48.0999984741,"47":46.5099983215,"48":43.5600013733,"49":47.2299995422,"50":43.4399986267,"51":41.4500007629,"52":39.3800010681,"53":38.2000007629,"54":35.0,"55":34.1699981689,"56":39.1800003052,"57":39.8699989319,"58":43.4599990845,"59":39.0099983215,"60":40.3100013733,"61":37.75,"62":38.1699981689,"63":37.8300018311,"64":37.9700012207,"65":38.1500015259,"66":40.1699981689,"67":41.4000015259,"68":43.2799987793,"69":40.9300003052,"70":41.7400016785,"71":41.1800003052,"72":40.4000015259,"73":43.2400016785,"74":41.1899986267,"75":41.2999992371,"76":41.3499984741,"77":43.7799987793,"78":44.0600013733,"79":44.9300003052,"80":44.9300003052},"Volume":{"0":864800,"1":1667700,"2":991300,"3":1239700,"4":1025200,"5":917900,"6":698100,"7":1121600,"8":1108500,"9":773600,"10":1676800,"11":874600,"12":885700,"13":627500,"14":783700,"15":616700,"16":984300,"17":1044000,"18":779100,"19":1384400,"20":1891000,"21":1172300,"22":1006100,"23":1030200,"24":898200,"25":559400,"26":606600,"27":413900,"28":561800,"29":531500,"30":431700,"31":642600,"32":771600,"33":699400,"34":980300,"35":1311200,"36":1060000,"37":1274000,"38":1309700,"39":2499500,"40":1438800,"41":1560700,"42":1544700,"43":1286500,"44":2087200,"45":2005500,"46":1695900,"47":1937800,"48":1798800,"49":1719400,"50":1457900,"51":1649200,"52":1486100,"53":1235800,"54":1565900,"55":1917700,"56":2136900,"57":1974300,"58":2098100,"59":1697300,"60":1952800,"61":1874800,"62":2007700,"63":1726700,"64":1809200,"65":4580900,"66":3356400,"67":1528800,"68":1653600,"69":1876700,"70":2022000,"71":1832300,"72":1672000,"73":1555500,"74":1815500,"75":1758000,"76":2418500,"77":2037700,"78":3304000,"79":357125,"80":357125}}