{"Open":{"0":155.0523846997,"1":153.7453142637,"2":154.6133706795,"3":154.6632465198,"4":155.3816400852,"5":156.7286270031,"6":157.6465648565,"7":157.0479056002,"8":157.1277334887,"9":158.0755998933,"10":159.1631681002,"11":160.6199019949,"12":160.0312229397,"13":162.5355982762,"14":163.1941358745,"15":161.1686717851,"16":159.6420881913,"17":160.8793332794,"18":163.7728304761,"19":163.9424538463,"20":164.0122969595,"21":159.1033093204,"22":165.0699265252,"23":167.9335089339,"24":167.8037958956,"25":169.8691617847,"26":170.6873441051,"27":173.7903735851,"28":173.5099945068,"29":172.5899963379,"30":175.0500030518,"31":176.1399993896,"32":175.5299987793,"33":176.3999938965,"34":175.3699951172,"35":169.9199981689,"36":170.25,"37":165.9600067139,"38":164.0299987793,"39":158.8500061035,"40":160.5,"41":168.6799926758,"42":168.3000030518,"43":172.1600036621,"44":166.9900054932,"45":156.5,"46":158.1799926758,"47":157.5299987793,"48":143.7700042725,"49":145.0,"50":137.4900054932,"51":140.3000030518,"52":146.7599945068,"53":144.0399932861,"54":134.4900054932,"55":113.0,"56":127.4599990845,"57":134.3300018311,"58":135.5399932861,"59":139.25,"60":143.2799987793,"61":153.6000061035,"62":140.7299957275,"63":140.4900054932,"64":148.0,"65":157.9900054932,"66":159.2799987793,"67":155.0099945068,"68":150.4900054932,"69":158.3099975586,"70":160.6699981689,"71":159.0299987793,"72":161.8699951172,"73":164.3899993896,"74":163.3000030518,"75":160.9600067139,"76":160.1399993896,"77":161.5899963379,"78":161.3999938965,"79":163.1100006104,"80":163.1100006104},"High":{"0":155.8206665747,"1":155.5911821107,"2":155.7707642599,"3":155.740832452,"4":157.1476849985,"5":158.0755980312,"6":158.1055425669,"7":158.2252739732,"8":158.0656332671,"9":159.3726949623,"10":160.390412405,"11":161.6176651099,"12":161.946926264,"13":164.6309068165,"14":163.7628681692,"15":162.7351671547,"16":161.4380647284,"17":164.0522127391,"18":166.6763246775,"19":165.1497539059,"20":165.6585999215,"21":163.6231749083,"22":167.274974408,"23":168.6718591264,"24":170.1884643919,"25":171.2560518358,"26":172.902364223,"27":174.5087642522,"28":174.7299957275,"29":175.1600036621,"30":176.6999969482,"31":176.8600006104,"32":177.9900054932,"33":176.5299987793,"34":175.6999969482,"35":171.4499969482,"36":170.8999938965,"37":169.7200012207,"38":168.0500030518,"39":160.1499938965,"40":168.9100036621,"41":171.9100036621,"42":175.2599945068,"43":172.8699951172,"44":168.0099945068,"45":158.0,"46":161.9400024414,"47":159.0899963379,"48":147.6300048828,"49":149.7899932861,"50":146.2100067139,"51":162.3000030518,"52":158.8099975586,"53":148.9900054932,"54":135.3800048828,"55":126.0299987793,"56":135.8500061035,"57":140.5200042725,"58":146.7700042725,"59":145.9900054932,"60":156.2299957275,"61":155.3899993896,"62":145.3800048828,"63":150.6300048828,"64":155.0,"65":159.2899932861,"66":159.8300018311,"67":156.3200073242,"68":160.6199951172,"69":159.0,"70":164.5899963379,"71":161.3200073242,"72":163.8399963379,"73":165.3500061035,"74":165.9499969482,"75":161.5,"76":161.9299926758,"77":162.5299987793,"78":161.8899993896,"79":162.8899993896,"80":162.8899993896},"Low":{"0":153.6954262306,"1":152.7774828272,"2":153.5058530725,"3":154.3838740808,"4":153.8351042672,"5":156.2197733113,"6":155.5213246482,"7":156.1000337017,"8":156.5989202477,"9":157.5467866707,"10":157.846113549,"11":159.8815670336,"12":159.65206809,"13":161.4779718563,"14":160.5301101319,"15":160.4502811375,"16":159.2130573871,"17":160.8793332794,"18":163.7428988018,"19":162.6254144605,"20":157.8062094975,"21":158.8738128475,"22":164.5510854603,"23":166.5865378515,"24":166.7561567888,"25":168.3824893373,"26":170.4379033253,"27":172.6529242331,"28":172.4700012207,"29":172.2799987793,"30":173.9499969482,"31":174.1799926758,"32":175.0200042725,"33":172.5099945068,"34":173.5399932861,"35":168.2599945068,"36":164.7899932861,"37":165.5500030518,"38":162.6600036621,"39":153.0299987793,"40":160.0500030518,"41":162.6399993896,"42":167.5200042725,"43":168.1600036621,"44":161.4299926758,"45":151.6100006104,"46":152.8899993896,"47":150.5,"48":135.9100036621,"49":136.2400054932,"50":134.1000061035,"51":135.5899963379,"52":146.2299957275,"53":134.8099975586,"54":113.4300003052,"55":108.8499984741,"56":124.5800018311,"57":132.5200042725,"58":135.0299987793,"59":136.0,"60":143.0,"61":145.6300048828,"62":138.1600036621,"63":140.2899932861,"64":147.0,"65":155.5899963379,"66":152.4100036621,"67":149.6000061035,"68":149.6999969482,"69":154.1399993896,"70":160.1000061035,"71":157.9499969482,"72":160.1999969482,"73":160.5099945068,"74":161.8300018311,"75":156.5,"76":157.1699981689,"77":158.6100006104,"78":158.6600036621,"79":160.1799926758,"80":160.1799926758},"Close":{"0":155.7608032227,"1":154.9426269531,"2":155.6809692383,"3":154.8029327393,"4":155.9204406738,"5":157.2275085449,"6":156.5390472412,"7":157.9159698486,"8":157.9658660889,"9":158.3649597168,"10":160.3704528809,"11":160.2108306885,"12":161.5777587891,"13":164.012298584,"14":161.0289916992,"15":162.0267486572,"16":160.2606964111,"17":162.9347229004,"18":165.4690246582,"19":165.0699310303,"20":158.6143951416,"21":162.7750701904,"22":166.476776123,"23":167.3647918701,"24":170.1285858154,"25":171.076461792,"26":172.8025970459,"27":173.9600067139,"28":172.7599945068,"29":174.8800048828,"30":176.6000061035,"31":174.8000030518,"32":176.6199951172,"33":176.0,"34":173.8800048828,"35":169.8300018311,"36":165.8099975586,"37":165.9199981689,"38":162.7200012207,"39":158.9600067139,"40":168.75,"41":165.2400054932,"42":174.8200073242,"43":170.75,"44":166.0800018311,"45":154.5,"46":161.7100067139,"47":153.6100006104,"48":136.1199951172,"49":149.7299957275,"50":137.9299926758,"51":161.4299926758,"52":151.75,"53":136.1000061035,"54":114.3399963379,"55":121.3600006104,"56":135.0599975586,"57":135.7100067139,"58":146.5200042725,"59":141.9499969482,"60":154.2100067139,"61":147.2899932861,"62":142.2899932861,"63":150.1300048828,"64":152.9700012207,"65":158.3000030518,"66":153.6799926758,"67":155.1600036621,"68":159.8200073242,"69":157.1900024414,"70":163.6699981689,"71":160.1699981689,"72":161.3200073242,"73":165.1600036621,"74":164.2799987793,"75":157.3500061035,"76":160.9199981689,"77":158.7299957275,"78":161.0,"79":162.3650054932,"80":162.3650054932},"Volume":{"0":444200,"1":417200,"2":449100,"3":351400,"4":474800,"5":444700,"6":392900,"7":383600,"8":312100,"9":408900,"10":725300,"11":475800,"12":506500,"13":386300,"14":531900,"15":549500,"16":444000,"17":533600,"18":571600,"19":619500,"20":1157500,"21":735000,"22":708700,"23":555800,"24":379400,"25":465100,"26":487500,"27":356700,"28":555100,"29":497800,"30":318300,"31":637500,"32":378000,"33":290700,"34":448200,"35":436900,"36":434900,"37":479600,"38":632600,"39":1247600,"40":1258700,"41":918800,"42":1098300,"43":975500,"44":937300,"45":732100,"46":1186000,"47":757500,"48":1269500,"49":1230900,"50":1183600,"51":1943900,"52":1806600,"53":1567200,"54":1948000,"55":1427800,"56":1398200,"57":877900,"58":1020800,"59":885700,"60":1035000,"61":1281800,"62":974000,"63":955000,"64":1262600,"65":822100,"66":1044600,"67":691600,"68":936600,"69":471000,"70":571800,"71":609200,"72":542900,"73":754100,"74":689800,"75":426100,"76":409800,"77":541900,"78":483400,"79":266721,"80":266721}}