{"Open":{"0":202.7864658523,"1":200.8861479891,"2":200.4583211746,"3":203.4630026584,"4":201.7517249781,"5":205.6618021724,"6":205.9901271413,"7":203.9604656435,"8":205.5324560037,"9":201.4830924915,"10":202.5974225782,"11":204.7365171106,"12":202.4879771865,"13":202.5974215378,"14":198.6575014014,"15":201.7218788893,"16":194.3395145249,"17":194.8071307304,"18":195.0061110607,"19":193.4042751372,"20":192.4690421191,"21":191.8720897153,"22":197.6526270462,"23":203.8908232692,"24":205.393179697,"25":202.5974210006,"26":200.8364006741,"27":203.403312461,"28":204.6569191241,"29":203.5127577951,"30":200.6399993896,"31":199.4499969482,"32":199.6900024414,"33":200.1199951172,"34":203.4700012207,"35":200.9400024414,"36":203.5599975586,"37":198.5800018311,"38":189.8899993896,"39":179.5800018311,"40":184.6699981689,"41":190.3999938965,"42":187.3699951172,"43":185.5200042725,"44":177.6900024414,"45":156.4199981689,"46":158.2599945068,"47":157.4400024414,"48":145.1300048828,"49":157.8800048828,"50":146.1699981689,"51":156.3600006104,"52":143.5700073242,"53":127.2600021362,"54":137.5800018311,"55":122.4700012207,"56":129.4900054932,"57":143.6300048828,"58":157.9799957275,"59":150.0800018311,"60":151.3899993896,"61":150.2299957275,"62":142.9600067139,"63":142.4700012207,"64":150.2799987793,"65":155.9299926758,"66":163.5,"67":162.3000030518,"68":170.3600006104,"69":166.0599975586,"70":164.5099945068,"71":158.6300048828,"72":159.1799926758,"73":165.4499969482,"74":164.3999938965,"75":163.4600067139,"76":167.3800048828,"77":167.5700073242,"78":171.9299926758,"79":175.9600067139,"80":175.9600067139},"High":{"0":204.5972290039,"1":202.1994465706,"2":203.2839315025,"3":204.2291023226,"4":205.7513442762,"5":206.885560722,"6":206.5671878774,"7":205.5523582771,"8":205.5324560037,"9":204.378339901,"10":204.2788552284,"11":205.5026167988,"12":203.2839235126,"13":202.8361948104,"14":201.7417878365,"15":202.1198444643,"16":195.0857113944,"17":196.4388139302,"18":198.3789202315,"19":195.3543429336,"20":193.3246818002,"21":196.1602318572,"22":201.9706158801,"23":204.8857524184,"24":205.393179697,"25":203.2540626801,"26":202.9157989732,"27":204.836012828,"28":205.4130749794,"29":204.8658620273,"30":201.2400054932,"31":199.9199981689,"32":200.5500030518,"33":205.4299926758,"34":209.6100006104,"35":203.3800048828,"36":204.8200073242,"37":201.9900054932,"38":195.0399932861,"39":184.4199981689,"40":191.0700073242,"41":198.1000061035,"42":192.6699981689,"43":189.5599975586,"44":180.9400024414,"45":165.4600067139,"46":169.4499969482,"47":164.4600067139,"48":157.2299957275,"49":166.3500061035,"50":163.8300018311,"51":159.1300048828,"52":144.0099945068,"53":137.8000030518,"54":141.5899963379,"55":125.3399963379,"56":146.2799987793,"57":159.9900054932,"58":159.3699951172,"59":156.6199951172,"60":153.6000061035,"61":152.8500061035,"62":145.1300048828,"63":152.3000030518,"64":152.5200042725,"65":159.3000030518,"66":169.8999938965,"67":169.6900024414,"68":174.0,"69":167.3600006104,"70":165.6900024414,"71":159.6100006104,"72":160.1600036621,"73":170.3999938965,"74":171.0399932861,"75":167.3899993896,"76":169.4400024414,"77":173.3399963379,"78":175.5399932861,"79":178.75,"80":178.75},"Low":{"0":201.5726510795,"1":199.4932380725,"2":199.9011632789,"3":201.2244121646,"4":199.5031906407,"5":203.9306200627,"6":203.6619965444,"7":203.6122343857,"8":201.2741606556,"9":200.6175090071,"10":201.5428001347,"11":203.4530652005,"12":200.3488704862,"13":198.080434832,"14":195.7523101075,"15":196.8666199302,"16":192.6282351562,"17":193.1754475306,"18":192.3496520838,"19":188.7977483557,"20":189.4345051582,"21":191.5139146195,"22":197.6526270462,"23":202.3785418929,"24":202.617318819,"25":201.0453340067,"26":200.398629415,"27":202.4680766557,"28":202.7367131892,"29":199.6126374039,"30":198.6499938965,"31":197.0700073242,"32":197.1999969482,"33":199.6799926758,"34":202.2200012207,"35":199.8000030518,"36":196.0899963379,"37":194.8899993896,"38":186.1100006104,"39":177.75,"40":183.2799987793,"41":183.5800018311,"42":185.0,"43":182.7599945068,"44":174.5,"45":151.4499969482,"46":154.2799987793,"47":156.2100067139,"48":144.9700012207,"49":152.2799987793,"50":145.2700042725,"51":148.1000061035,"52":116.9800033569,"53":119.9000015259,"54":124.4599990845,"55":115.3799972534,"56":129.4900054932,"57":138.5800018311,"58":150.2200012207,"59":146.5200042725,"60":148.6799926758,"61":145.5099945068,"62":140.0599975586,"63":142.4700012207,"64":144.8399963379,"65":154.3800048828,"66":160.0099945068,"67":161.8399963379,"68":161.8399963379,"69":159.1999969482,"70":159.4900054932,"71":154.8000030518,"72":154.8500061035,"73":164.9100036621,"74":162.0399932861,"75":163.4600067139,"76":164.1000061035,"77":167.1699981689,"78":169.3200073242,"79":175.7449951172,"80":175.7449951172},"Close":{"0":204.5972290039,"1":201.6124420166,"2":203.2142791748,"3":202.7964019775,"4":204.3385467529,"5":206.1194610596,"6":204.0500183105,"7":205.5324554443,"8":201.8711090088,"9":201.2045135498,"10":204.2191467285,"11":203.7017974854,"12":200.7667388916,"13":198.3689727783,"14":201.2741699219,"15":198.707244873,"16":192.9366607666,"17":195.6727142334,"18":195.1752471924,"19":193.8221435547,"20":190.6881256104,"21":193.5734100342,"22":201.3637084961,"23":204.2291107178,"24":203.9903259277,"25":201.6920318604,"26":202.7864685059,"27":202.9257507324,"28":204.8061676025,"29":200.129989624,"30":200.6799926758,"31":198.7400054932,"32":200.3600006104,"33":205.3099975586,"34":209.3699951172,"35":202.7599945068,"36":196.8699951172,"37":195.1600036621,"38":186.1999969482,"39":183.5,"40":190.5899963379,"41":183.9400024414,"42":192.25,"43":183.3999938965,"44":178.8500061035,"45":152.6399993896,"46":169.3999938965,"47":159.0899963379,"48":149.5899963379,"49":166.1799926758,"50":153.3099975586,"51":155.1600036621,"52":128.5599975586,"53":135.0800018311,"54":126.7900009155,"55":120.6800003052,"56":141.8999938965,"57":154.5599975586,"58":159.2899932861,"59":151.4600067139,"60":152.2599945068,"61":150.9100036621,"62":143.6799926758,"63":149.7100067139,"64":146.7799987793,"65":157.4100036621,"66":160.0800018311,"67":167.8000030518,"68":167.6399993896,"69":160.5399932861,"70":163.7899932861,"71":158.9600067139,"72":158.9499969482,"73":168.5899963379,"74":168.5399932861,"75":164.4600067139,"76":166.1900024414,"77":169.3399963379,"78":174.5899963379,"79":178.5200042725,"80":178.5200042725},"Volume":{"0":638200,"1":542600,"2":1006900,"3":708700,"4":671100,"5":676100,"6":777200,"7":547400,"8":805000,"9":711600,"10":562900,"11":594600,"12":719200,"13":682900,"14":766200,"15":631200,"16":835600,"17":1165300,"18":1163000,"19":1151100,"20":1250400,"21":1019900,"22":843400,"23":762800,"24":491700,"25":583100,"26":500000,"27":534700,"28":614700,"29":572300,"30":455000,"31":560700,"32":678000,"33":893000,"34":1162600,"35":1502400,"36":1120400,"37":854900,"38":1363500,"39":1587700,"40":1649800,"41":1629200,"42":991400,"43":1228100,"44":1321100,"45":2230900,"46":1722300,"47":1761000,"48":2491800,"49":2179400,"50":1858400,"51":1989500,"52":2301800,"53":1841100,"54":1701100,"55":2071500,"56":2545600,"57":2009500,"58":1547900,"59":1168100,"60":1199300,"61":1896800,"62":1408900,"63":997400,"64":935600,"65":1366600,"66":1199900,"67":898200,"68":1240600,"69":730000,"70":1072200,"71":718100,"72":765700,"73":1073800,"74":1031600,"75":810900,"76":671300,"77":876200,"78":850600,"79":266319,"80":266319}}