{"Open":{"0":33.1385840637,"1":32.8893469046,"2":32.9890402765,"3":33.058826385,"4":33.1186447144,"5":33.1784588525,"6":33.706843718,"7":34.6340063367,"8":34.7935179615,"9":34.9729689508,"10":35.1823270411,"11":35.6708297275,"12":35.7306480066,"13":35.9300384296,"14":35.9100986611,"15":36.5680847615,"16":35.9898528266,"17":36.318847467,"18":36.8472284958,"19":37.6447903368,"20":38.0934183094,"21":37.8840595715,"22":38.77134317,"23":39.200031513,"24":38.9009473645,"25":39.1899986267,"26":38.5600013733,"27":39.0800018311,"28":39.5099983215,"29":39.5,"30":39.8800010681,"31":39.7700004578,"32":39.5200004578,"33":39.6800003052,"34":39.8199996948,"35":39.3899993896,"36":39.7000007629,"37":38.8800010681,"38":38.3699989319,"39":36.8499984741,"40":37.5400009155,"41":39.1699981689,"42":38.9099998474,"43":39.2900009155,"44":39.8800010681,"45":37.4700012207,"46":39.1599998474,"47":39.4500007629,"48":35.9900016785,"49":35.5400009155,"50":34.9599990845,"51":36.4300003052,"52":35.9000015259,"53":37.1199989319,"54":35.9000015259,"55":34.5,"56":32.6100006104,"57":33.5299987793,"58":32.8499984741,"59":32.7700004578,"60":34.9399986267,"61":35.8899993896,"62":35.2000007629,"63":34.3199996948,"64":35.3199996948,"65":36.8800010681,"66":37.4399986267,"67":36.0900001526,"68":35.9500007629,"69":35.7299995422,"70":36.5400009155,"71":37.2599983215,"72":36.9700012207,"73":39.0299987793,"74":38.9399986267,"75":37.7999992371,"76":37.4099998474,"77":37.6300010681,"78":37.8300018311,"79":38.4199981689,"80":38.4199981689},"High":{"0":33.4875146675,"1":33.1585197693,"2":33.1884308233,"3":33.2980958017,"4":33.2382775213,"5":33.7766304865,"6":35.0527232133,"7":34.9829369292,"8":35.1324807379,"9":35.1823273053,"10":35.6209831811,"11":35.8502808302,"12":35.9699174111,"13":36.1892434642,"14":36.5481453278,"15":36.7973825446,"16":36.3288155959,"17":36.6279029843,"18":37.9737817585,"19":38.1233291752,"20":38.3725666003,"21":38.8211902024,"22":39.1501848272,"23":39.3695148082,"24":39.219970715,"25":39.2400016785,"26":39.0400009155,"27":39.5600013733,"28":40.0900001526,"29":39.9700012207,"30":40.1500015259,"31":39.7999992371,"32":39.9000015259,"33":40.0699996948,"34":40.4700012207,"35":40.3300018311,"36":39.8400001526,"37":39.5600013733,"38":38.9900016785,"39":37.6300010681,"40":39.1800003052,"41":39.9000015259,"42":40.0999984741,"43":40.8699989319,"44":40.4599990845,"45":39.2200012207,"46":40.3800010681,"47":39.7200012207,"48":38.0999984741,"49":37.8199996948,"50":36.8800010681,"51":38.4900016785,"52":37.2299995422,"53":37.1199989319,"54":36.1899986267,"55":34.7799987793,"56":34.7799987793,"57":33.6599998474,"58":34.0099983215,"59":35.2099990845,"60":36.8199996948,"61":37.7200012207,"62":35.7099990845,"63":35.7700004578,"64":36.7299995422,"65":37.4500007629,"66":37.7400016785,"67":36.3300018311,"68":36.4500007629,"69":36.3600006104,"70":37.7799987793,"71":37.7099990845,"72":38.4000015259,"73":39.5499992371,"74":38.9399986267,"75":37.7999992371,"76":37.9700012207,"77":37.9300003052,"78":38.2900009155,"79":39.0400009155,"80":39.0400009155},"Low":{"0":32.9890402031,"1":32.6600453038,"2":32.6999241738,"3":32.7996213364,"4":32.8893469165,"5":33.1186443512,"6":33.5971787304,"7":34.6340063367,"8":34.7237318431,"9":34.8732717798,"10":35.1524159885,"11":35.5511969267,"12":35.491378602,"13":35.850280694,"14":35.7904658619,"15":36.2989081109,"16":35.7705266604,"17":36.2191541017,"18":36.7475351323,"19":37.3955531016,"20":37.704608829,"21":37.8641201364,"22":38.5918920589,"23":38.7214964843,"24":38.6517101342,"25":38.5200004578,"26":38.3499984741,"27":38.9000015259,"28":39.3699989319,"29":39.4000015259,"30":39.7299995422,"31":39.3499984741,"32":39.5200004578,"33":39.5299987793,"34":39.6699981689,"35":39.3899993896,"36":38.6100006104,"37":38.6500015259,"38":37.6500015259,"39":36.2700004578,"40":36.9399986267,"41":37.7700004578,"42":38.6500015259,"43":38.9799995422,"44":38.5600013733,"45":37.4700012207,"46":38.7299995422,"47":37.9500007629,"48":34.0800018311,"49":34.6800003052,"50":33.0600013733,"51":35.4000015259,"52":35.5400009155,"53":34.9500007629,"54":34.2900009155,"55":31.1499996185,"56":32.3699989319,"57":30.7199993134,"58":32.2000007629,"59":32.7700004578,"60":34.5499992371,"61":35.3300018311,"62":33.8800010681,"63":34.0200004578,"64":35.3199996948,"65":35.8499984741,"66":35.9000015259,"67":35.2799987793,"68":35.7700004578,"69":34.5400009155,"70":36.1699981689,"71":36.7099990845,"72":36.9700012207,"73":38.5800018311,"74":37.9199981689,"75":36.6899986267,"76":36.8400001526,"77":37.3400001526,"78":37.4099998474,"79":38.3699989319,"80":38.3699989319},"Close":{"0":33.2382774353,"1":33.1286125183,"2":33.1286125183,"3":33.1485519409,"4":33.1186447144,"5":33.647026062,"6":34.6240348816,"7":34.8732719421,"8":34.9430580139,"9":35.1324806213,"10":35.5312576294,"11":35.7505874634,"12":35.7804946899,"13":35.9699172974,"14":36.498298645,"15":36.498298645,"16":36.1294288635,"17":36.617931366,"18":37.6846656799,"19":38.10338974,"20":37.8342132568,"21":38.3625946045,"22":38.8610687256,"23":38.8610687256,"24":39.2100028992,"25":38.5900001526,"26":38.9700012207,"27":39.5,"28":39.6599998474,"29":39.8100013733,"30":39.8199996948,"31":39.4000015259,"32":39.7200012207,"33":39.9700012207,"34":40.4300003052,"35":39.6599998474,"36":38.6599998474,"37":38.8699989319,"38":37.6599998474,"39":37.4399986267,"40":39.1100006104,"41":38.1399993896,"42":40.0800018311,"43":40.7200012207,"44":39.75,"45":38.2799987793,"46":40.3499984741,"47":38.4300003052,"48":34.3699989319,"49":37.8199996948,"50":35.75,"51":38.1100006104,"52":37.0200004578,"53":35.5999984741,"54":35.0,"55":31.5699996948,"56":33.8100013733,"57":32.5900001526,"58":33.6899986267,"59":34.2599983215,"60":35.8400001526,"61":36.1399993896,"62":35.1599998474,"63":35.6800003052,"64":36.0499992371,"65":37.2000007629,"66":35.9399986267,"67":35.9099998474,"68":36.0200004578,"69":35.8699989319,"70":37.5800018311,"71":36.8499984741,"72":38.3400001526,"73":38.9599990845,"74":37.9799995422,"75":37.0600013733,"76":37.7000007629,"77":37.5499992371,"78":38.1399993896,"79":38.9199981689,"80":38.9199981689},"Volume":{"0":1985800,"1":1098200,"2":877700,"3":1646700,"4":1330100,"5":1138000,"6":3668500,"7":1103000,"8":1973600,"9":1127700,"10":1408900,"11":1512400,"12":1704500,"13":1122400,"14":1067200,"15":1803200,"16":1348200,"17":1522500,"18":3614900,"19":1838300,"20":1800800,"21":2161700,"22":1065300,"23":1022700,"24":1179200,"25":1104000,"26":670000,"27":1286700,"28":1140700,"29":580900,"30":543400,"31":1172000,"32":711900,"33":781200,"34":656100,"35":1164900,"36":812200,"37":954900,"38":1138400,"39":2233200,"40":2190700,"41":1095000,"42":1036500,"43":1584500,"44":1586200,"45":1479300,"46":1649000,"47":1376400,"48":2048900,"49":2099000,"50":1894300,"51":4021300,"52":3316800,"53":2224100,"54":3354300,"55":1706900,"56":1885200,"57":2395900,"58":1935800,"59":2019000,"60":2896500,"61":3976500,"62":1803100,"63":1944300,"64":1428600,"65":1773300,"66":1094800,"67":782100,"68":1575300,"69":803800,"70":1142000,"71":630300,"72":1242700,"73":1106500,"74":1216700,"75":931700,"76":912800,"77":947900,"78":1798300,"79":268452,"80":268452}}