{"Open":{"0":352.8481685574,"1":358.3313469169,"2":358.3214119661,"3":357.6135690804,"4":361.1863146078,"5":366.3478672285,"6":370.7306447594,"7":370.3512665367,"8":372.9070596858,"9":373.4361889583,"10":374.6641718995,"11":375.8921716091,"12":377.3796991389,"13":378.7175024211,"14":375.3530544474,"15":379.2566386784,"16":371.3995444614,"17":372.3879234859,"18":380.1252095029,"19":382.8307292142,"20":385.9656181102,"21":384.0287727322,"22":384.9073471411,"23":390.1387492085,"24":386.1353142443,"25":384.737602675,"26":383.369853216,"27":393.6229865318,"28":389.0704831622,"29":388.4914614933,"30":387.5729385954,"31":390.1786767213,"32":389.5996074737,"33":386.5446332875,"34":382.0220748617,"35":378.0486369776,"36":375.1733314398,"37":367.9751432741,"38":358.0614542586,"39":345.9813207439,"40":353.5089307874,"41":360.6671952073,"42":358.4907446263,"43":358.9999126059,"44":341.9080092892,"45":326.7828903425,"46":324.2470326048,"47":330.9959604203,"48":299.5576218018,"49":307.2849457276,"50":239.6061739323,"51":287.7071066181,"52":288.7154467036,"53":283.9233371332,"54":303.5111497533,"55":279.8500187089,"56":262.5784133215,"57":283.1445747099,"58":293.3079145849,"59":291.5008726161,"60":307.6343731789,"61":313.4847486491,"62":297.6707159785,"63":289.9434432585,"64":304.2399267712,"65":312.2667357296,"66":323.0100097656,"67":311.75,"68":319.3500061035,"69":313.299987793,"70":320.3099975586,"71":314.4100036621,"72":314.8399963379,"73":318.5899963379,"74":318.9899902344,"75":314.3299865723,"76":315.7600097656,"77":315.1099853516,"78":315.2799987793,"79":309.5199890137,"80":309.5199890137},"High":{"0":364.0538330078,"1":362.2493270453,"2":358.8896465844,"3":360.6243577091,"4":365.3993907692,"5":369.862080132,"6":372.1083851187,"7":374.0352138873,"8":374.2648438307,"9":377.0502742974,"10":375.4728402685,"11":379.7358295362,"12":379.5761011093,"13":380.0353436238,"14":378.2283333954,"15":380.2150548301,"16":375.3729938156,"17":379.2266890322,"18":380.5544965836,"19":392.3550824957,"20":387.5130624639,"21":385.6960151836,"22":389.0804805546,"23":390.1986483142,"24":386.7543224407,"25":387.6228748073,"26":391.1370849609,"27":394.35179956,"28":391.5164749357,"29":390.9174666694,"30":392.1254531949,"31":391.5763732458,"32":393.7428217091,"33":390.238573803,"34":389.4498684459,"35":381.8922949675,"36":375.1733314398,"37":374.055176337,"38":365.1897522426,"39":353.479007049,"40":361.0665156469,"41":370.4910444685,"42":366.7970990111,"43":364.6705844682,"44":351.6420095773,"45":329.1390030674,"46":341.408826136,"47":332.8928364785,"48":310.0304289904,"49":313.0055236816,"50":303.4612107544,"51":311.3282856354,"52":298.5592519916,"53":308.9322184686,"54":303.6109612861,"55":281.3076143693,"56":286.6288782485,"57":296.4127740389,"58":305.8173522949,"59":312.6760585353,"60":319.1554147126,"61":317.3583867238,"62":302.3030857847,"63":304.5693969727,"64":307.4945870198,"65":316.7493580181,"66":327.1499938965,"67":320.7600097656,"68":327.5899963379,"69":316.6099853516,"70":324.9299926758,"71":317.5100097656,"72":316.6400146484,"73":324.25,"74":324.950012207,"75":315.299987793,"76":318.5199890137,"77":322.2200012207,"78":317.2699890137,"79":316.0050048828,"80":316.0050048828},"Low":{"0":352.8481685574,"1":357.3643106344,"2":355.0215013056,"3":355.4900747077,"4":358.8002524619,"5":364.4609539912,"6":368.9236173222,"7":369.7622383504,"8":371.3396591397,"9":372.298075489,"10":370.7905340262,"11":375.3829987495,"12":375.6625204532,"13":373.9353542421,"14":372.0085455257,"15":374.694130533,"16":370.1815452525,"17":370.620838946,"18":376.1018237373,"19":377.2898490148,"20":379.0569600197,"21":377.789029045,"22":383.7592403555,"23":383.8291126863,"24":383.819144431,"25":382.9106191121,"26":383.1202634679,"27":388.9806233393,"28":384.8574069006,"29":385.646132111,"30":387.5729385954,"31":387.872469839,"32":387.2335015121,"33":383.1102758636,"34":381.1335511725,"35":372.6974165967,"36":363.3228151647,"37":363.2429314092,"38":353.9082771045,"39":340.5702316897,"40":346.4006196599,"41":348.1278081487,"42":353.4190941944,"43":349.3857104687,"44":340.4404203347,"45":299.5177072259,"46":323.4184080462,"47":318.855910993,"48":290.0033488155,"49":291.5308408708,"50":239.6061739323,"51":287.7071066181,"52":265.5035995471,"53":276.1960175784,"54":280.3691634215,"55":245.4565529943,"56":262.5784133215,"57":271.0744183397,"58":287.5573566925,"59":289.1147799749,"60":304.7990066574,"61":308.2633197336,"62":289.5241030772,"63":289.9434432585,"64":292.539157501,"65":302.7923182983,"66":307.0299987793,"67":306.9100036621,"68":314.2900085449,"69":308.0100097656,"70":312.5400085449,"71":310.8399963379,"72":306.8500061035,"73":313.9800109863,"74":314.7099914551,"75":308.700012207,"76":310.4299926758,"77":312.9299926758,"78":304.549987793,"79":308.8500061035,"80":308.8500061035},"Close":{"0":364.0538330078,"1":361.9203491211,"2":358.5108032227,"3":360.3352355957,"4":364.2712402344,"5":369.5026550293,"6":369.7422790527,"7":373.4761352539,"8":371.9885864258,"9":372.9170532227,"10":375.0834960938,"11":379.1168518066,"12":377.6392822266,"13":375.043548584,"14":377.8389587402,"15":376.2216186523,"16":371.8687744141,"17":377.279876709,"18":377.8389587402,"19":388.741027832,"20":381.0337219238,"21":379.0868835449,"22":385.5562744141,"23":385.1170043945,"24":384.4081726074,"25":384.8074951172,"26":391.1370849609,"27":389.1303710938,"28":390.4182739258,"29":387.7526855469,"30":392.0855407715,"31":388.6911010742,"32":387.3333435059,"33":383.3798522949,"34":386.6145324707,"35":374.4046020508,"36":365.3095397949,"37":364.4010314941,"38":354.4174499512,"39":351.1228942871,"40":360.4275512695,"41":351.9714660645,"42":366.3578186035,"43":350.9631347656,"44":349.7550964355,"45":314.8025817871,"46":340.9895019531,"47":322.5598144531,"48":290.4625854492,"49":313.0055236816,"50":282.7951965332,"51":308.8823242188,"52":286.7985839844,"53":299.5177001953,"54":282.6853637695,"55":253.8827056885,"56":282.415802002,"57":284.7120056152,"58":305.8173522949,"59":305.2882080078,"60":316.9390563965,"61":311.2983398438,"62":293.1781005859,"63":304.5693969727,"64":299.1882324219,"65":312.1069946289,"66":308.1099853516,"67":318.0799865723,"68":315.450012207,"69":314.7200012207,"70":319.6600036621,"71":314.0899963379,"72":310.1000061035,"73":321.9700012207,"74":320.3200073242,"75":310.5799865723,"76":313.6400146484,"77":314.0100097656,"78":306.4100036621,"79":315.3850097656,"80":315.3850097656},"Volume":{"0":754400,"1":479300,"2":587800,"3":404600,"4":453300,"5":541800,"6":352900,"7":308800,"8":356300,"9":360800,"10":412800,"11":513500,"12":419300,"13":373500,"14":431400,"15":366600,"16":374400,"17":469400,"18":428400,"19":808800,"20":630600,"21":460900,"22":420400,"23":470600,"24":311500,"25":303200,"26":373400,"27":310400,"28":301700,"29":270400,"30":279200,"31":319500,"32":297700,"33":432200,"34":955400,"35":468900,"36":478700,"37":528100,"38":786500,"39":1086400,"40":781500,"41":631300,"42":552500,"43":554300,"44":670700,"45":1142400,"46":1103500,"47":751200,"48":973800,"49":756400,"50":868100,"51":776900,"52":683000,"53":645600,"54":934800,"55":979400,"56":1257000,"57":1003500,"58":820100,"59":1191900,"60":741200,"61":704200,"62":556100,"63":479100,"64":458800,"65":660300,"66":663300,"67":482600,"68":605600,"69":357500,"70":622700,"71":482900,"72":867700,"73":613400,"74":475500,"75":466200,"76":416700,"77":401200,"78":955300,"79":242482,"80":242482}}