{"Open":{"0":116.122397165,"1":115.0756182761,"2":115.8930957326,"3":116.6507668275,"4":118.744316839,"5":120.2995263234,"6":121.725141037,"7":120.3094962313,"8":119.6714660855,"9":118.1461656156,"10":118.0265288049,"11":117.8470819544,"12":116.8900323679,"13":117.7673207636,"14":116.9797522834,"15":117.657658045,"16":113.7197942654,"17":114.7566031475,"18":114.377768633,"19":113.1316046502,"20":113.490494015,"21":112.2144245813,"22":115.4245404938,"23":116.7105790838,"24":118.9736117486,"25":117.6576582306,"26":116.5311302392,"27":118.674534503,"28":120.1101149496,"29":119.3923264956,"30":120.5387961673,"31":121.2067351533,"32":122.582496286,"33":122.4628626648,"34":122.8815761572,"35":121.6254431582,"36":121.6154738537,"37":118.0364984462,"38":117.4383462356,"39":108.2865248395,"40":108.8846865153,"41":110.6592156547,"42":109.0441851338,"43":106.0135177562,"44":97.2903812953,"45":96.6922283735,"46":96.8617117289,"47":99.1147684614,"48":92.3854890528,"49":95.3364049957,"50":84.3399963379,"51":74.4300003052,"52":65.3000030518,"53":59.4599990845,"54":65.4300003052,"55":62.6899986267,"56":67.8199996948,"57":73.9499969482,"58":82.3399963379,"59":81.7799987793,"60":82.5899963379,"61":84.0999984741,"62":82.3000030518,"63":80.0,"64":78.5800018311,"65":80.0,"66":93.6600036621,"67":85.75,"68":90.3799972534,"69":89.0199966431,"70":88.5100021362,"71":86.5800018311,"72":88.5500030518,"73":90.0599975586,"74":90.4800033569,"75":83.6500015259,"76":85.0699996948,"77":84.7200012207,"78":83.0100021362,"79":86.9100036621,"80":86.9100036621},"High":{"0":116.4812849286,"1":116.6407979096,"2":117.1193228018,"3":118.5150208263,"4":119.7213038474,"5":122.2435441454,"6":122.0042801961,"7":120.4091876964,"8":119.7611861256,"9":119.0035259456,"10":118.5549004285,"11":118.3555183305,"12":117.8570556011,"13":118.1361875473,"14":118.2558289604,"15":118.0364962574,"16":115.1454043377,"17":115.1154985254,"18":115.0656450791,"19":114.3079821974,"20":113.6898845548,"21":114.3677967677,"22":116.4414132325,"23":118.7144102438,"24":119.2826651927,"25":117.6676296589,"26":118.0364964512,"27":119.5618014928,"28":120.229741667,"29":120.3792849631,"30":121.5955394125,"31":122.6323451685,"32":123.2504374755,"33":123.7788174066,"34":123.4897039778,"35":122.8018206996,"36":121.8347996441,"37":121.0372594926,"38":118.6545943347,"39":110.3102912516,"40":111.6561504616,"41":113.959051093,"42":110.160749313,"43":106.8310075438,"44":103.1024841991,"45":97.5196820117,"46":101.6070925273,"47":100.660012843,"48":96.1638541657,"49":96.8317998676,"50":84.3399963379,"51":74.6699981689,"52":65.9499969482,"53":69.3300018311,"54":70.0,"55":66.4300003052,"56":71.8000030518,"57":84.8600006104,"58":86.8300018311,"59":85.7799987793,"60":85.5,"61":88.7900009155,"62":85.3700027466,"63":82.2699966431,"64":79.2300033569,"65":88.0599975586,"66":95.9700012207,"67":91.8600006104,"68":92.6399993896,"69":89.0199966431,"70":91.3600006104,"71":89.3499984741,"72":88.8199996948,"73":92.0199966431,"74":90.4800033569,"75":85.5100021362,"76":85.9800033569,"77":85.3300018311,"78":86.3000030518,"79":89.9000015259,"80":89.9000015259},"Low":{"0":115.1154958444,"1":114.8463210532,"2":115.2849679121,"3":116.1822085692,"4":118.5848044097,"5":119.1729983016,"6":120.130054695,"7":118.8739147939,"8":118.4452389621,"9":117.0894147403,"10":117.0894122765,"11":117.0894131047,"12":116.8102761494,"13":117.0395662305,"14":115.6837479607,"15":114.9161009459,"16":113.1515445223,"17":114.0089057111,"18":113.610128365,"19":112.7128883255,"20":111.137746493,"21":112.1944893304,"22":114.8961688734,"23":116.7105790838,"24":117.7772988996,"25":116.1822063034,"26":116.351682561,"27":118.3056677072,"28":119.302596577,"29":119.1131873416,"30":120.3094989469,"31":120.6484492553,"32":122.193694244,"33":121.5656318587,"34":121.7450767301,"35":120.6783628318,"36":116.2021443045,"37":117.5978468683,"38":111.5066087179,"39":106.4322346793,"40":105.6247214345,"41":107.2596811445,"42":105.4851458449,"43":100.3908339492,"44":97.0411488305,"45":94.1201550253,"46":95.4859436133,"47":97.5296535772,"48":90.7505246776,"49":87.2114322764,"50":73.1900024414,"51":67.6900024414,"52":56.2999992371,"53":57.6699981689,"54":63.8499984741,"55":60.5,"56":66.0699996948,"57":72.8000030518,"58":81.3099975586,"59":80.0,"60":80.5800018311,"61":83.7399978638,"62":79.8899993896,"63":75.6299972534,"64":74.1699981689,"65":78.1500015259,"66":84.4700012207,"67":84.6999969482,"68":87.8899993896,"69":85.0999984741,"70":88.3399963379,"71":86.1999969482,"72":86.3700027466,"73":88.7200012207,"74":86.4599990845,"75":81.6299972534,"76":81.9400024414,"77":82.3199996948,"78":82.6100006104,"79":86.5999984741,"80":86.5999984741},"Close":{"0":116.471321106,"1":116.5012283325,"2":117.0694732666,"3":118.4352722168,"4":118.7841949463,"5":121.7550430298,"6":120.3493804932,"7":119.6016769409,"8":118.5947799683,"9":117.4084320068,"10":117.6875762939,"11":117.3187103271,"12":117.4383468628,"13":117.0495376587,"14":117.8470840454,"15":115.4046020508,"16":114.4973983765,"17":114.1285400391,"18":113.9191741943,"19":113.8294525146,"20":111.8455657959,"21":113.4805297852,"22":115.9927902222,"23":118.3754501343,"24":117.8271484375,"25":117.0694732666,"26":117.8969268799,"27":119.3325042725,"28":119.6913986206,"29":120.2297439575,"30":121.4061203003,"31":122.1139373779,"32":122.5625610352,"33":123.4298858643,"34":122.8616333008,"35":121.2466125488,"36":116.3915634155,"37":118.8340377808,"38":111.5963363647,"39":108.4460296631,"40":111.63621521,"41":108.8846817017,"42":109.2236328125,"43":101.3777999878,"44":102.1952819824,"45":94.5189208984,"46":101.5373077393,"47":98.2574081421,"48":91.0695419312,"49":92.5450057983,"50":73.9300003052,"51":69.5599975586,"52":59.9700012207,"53":65.0,"54":63.9000015259,"55":62.9199981689,"56":71.5800018311,"57":81.2900009155,"58":85.5999984741,"59":82.5500030518,"60":84.8700027466,"61":86.9700012207,"62":81.0899963379,"63":79.4000015259,"64":74.75,"65":87.1800003052,"66":84.8099975586,"67":89.0500030518,"68":88.7399978638,"69":87.0,"70":90.9700012207,"71":88.5599975586,"72":87.1900024414,"73":91.7200012207,"74":86.5100021362,"75":82.6999969482,"76":83.8700027466,"77":82.6299972534,"78":85.4899978638,"79":89.5899963379,"80":89.5899963379},"Volume":{"0":1722500,"1":1486500,"2":1573600,"3":1961900,"4":1565200,"5":2185800,"6":1271700,"7":1392100,"8":1828000,"9":1409100,"10":1853700,"11":2094800,"12":1853300,"13":1770500,"14":1989100,"15":1548100,"16":2677900,"17":1558400,"18":1365900,"19":1627100,"20":5115000,"21":1662700,"22":1510200,"23":1715700,"24":1267000,"25":1059000,"26":1373400,"27":1260900,"28":1388800,"29":1290300,"30":1307700,"31":1497200,"32":1061200,"33":1065400,"34":1316400,"35":1816400,"36":2295700,"37":2432000,"38":2738900,"39":4152000,"40":3138100,"41":3487300,"42":4938700,"43":3136700,"44":3940100,"45":4067500,"46":3921200,"47":3731100,"48":5273900,"49":4298400,"50":4883700,"51":7862800,"52":8149600,"53":7958700,"54":10008700,"55":5970200,"56":8351500,"57":5655300,"58":5436500,"59":3493000,"60":3237400,"61":4875800,"62":4468900,"63":4137500,"64":3534700,"65":5382000,"66":5867100,"67":3023800,"68":2693900,"69":2192200,"70":3034400,"71":2383500,"72":2610700,"73":5080600,"74":3565500,"75":4154500,"76":3265800,"77":3721400,"78":2213900,"79":1141779,"80":1141779}}