{"Open":{"0":89.2459425446,"1":88.7187454179,"2":89.5244638729,"3":89.9521883493,"4":89.7433019486,"5":89.9123974409,"6":90.2605505659,"7":90.5987580382,"8":91.2950540173,"9":91.7824618678,"10":92.2997174394,"11":93.4038564682,"12":92.7174952287,"13":93.632633322,"14":93.6326364096,"15":94.000686315,"16":93.6823774162,"17":94.229475057,"18":94.0205717106,"19":93.8017452201,"20":95.2639722254,"21":94.885983623,"22":95.8210124596,"23":96.0895831499,"24":96.4277918082,"25":96.4178423795,"26":96.6267308583,"27":97.5717109868,"28":97.2136191561,"29":97.7209188179,"30":98.6659070055,"31":99.9291947463,"32":99.9590328466,"33":99.0240036115,"34":98.5863236863,"35":97.9696023851,"36":98.566430681,"37":96.8356197389,"38":95.6519155755,"39":89.5741991873,"40":90.4197032124,"41":93.5630071994,"42":93.135278191,"43":94.3985736748,"44":92.4091376861,"45":90.9866924866,"46":93.3143272302,"47":91.3646869391,"48":84.5409334753,"49":82.4221894101,"50":76.0957933994,"51":77.2198191659,"52":77.9857535204,"53":74.9021352968,"54":73.2509052038,"55":70.3164898743,"56":68.386738652,"57":70.6248511529,"58":72.0771350009,"59":74.4346180987,"60":76.7523101635,"61":75.3499984741,"62":72.8700027466,"63":71.8600006104,"64":74.0999984741,"65":74.9800033569,"66":76.5299987793,"67":75.7300033569,"68":78.9199981689,"69":81.5,"70":79.1600036621,"71":77.5,"72":77.1299972534,"73":79.7799987793,"74":79.8499984741,"75":76.6900024414,"76":77.5599975586,"77":77.8499984741,"78":76.8099975586,"79":76.8700027466,"80":76.8700027466},"High":{"0":89.3653036368,"1":89.9223511785,"2":90.1610816756,"3":89.9720793346,"4":90.0019303005,"5":90.9270122231,"6":90.6982281452,"7":91.4840548952,"8":91.7327315853,"9":92.4489274999,"10":93.0954858488,"11":93.4038564682,"12":93.3541129836,"13":94.1101004379,"14":94.0106334357,"15":94.4284146092,"16":94.2593146668,"17":94.6770943403,"18":94.1697806581,"19":95.343550851,"20":95.8906483219,"21":95.7712804891,"22":96.3283122527,"23":96.5670502638,"24":96.6665215737,"25":97.0246198737,"26":97.5219769543,"27":97.9198677372,"28":98.287906902,"29":98.8250544235,"30":100.1281411034,"31":99.9291947463,"32":100.3768194352,"33":99.3721527738,"34":99.1831518915,"35":98.9643186457,"36":99.2925768909,"37":97.8104449459,"38":96.7262033278,"39":90.1710274051,"40":93.7917904902,"41":95.1843995292,"42":96.1094851927,"43":95.8906480503,"44":95.3634460524,"45":94.3388812405,"46":93.6127451352,"47":92.3693524864,"48":85.9932183156,"49":84.540932299,"50":80.4625971455,"51":81.8651497856,"52":79.5574069765,"53":74.9717651294,"54":74.1063617994,"55":71.4803059948,"56":71.9080349056,"57":72.8331223609,"58":77.5580233923,"59":78.453272621,"60":77.7072368611,"61":76.1299972534,"62":72.9199981689,"63":75.6600036621,"64":75.3899993896,"65":75.5,"66":77.4300003052,"67":78.5800018311,"68":82.9199981689,"69":81.8199996948,"70":79.8899993896,"71":77.9599990845,"72":77.75,"73":80.5800018311,"74":80.0899963379,"75":77.8600006104,"76":78.9700012207,"77":78.2699966431,"78":76.9700012207,"79":78.1200027466,"80":78.1200027466},"Low":{"0":88.3009575602,"1":88.5894274474,"2":89.2558938205,"3":89.4548302378,"4":89.3653049139,"5":89.8726078819,"6":90.1113416103,"7":90.5987580382,"8":91.2055331997,"9":91.7824618678,"10":92.2101890347,"11":92.9064983481,"12":92.5583445845,"13":93.6027930502,"14":93.3640663655,"15":93.6923267037,"16":93.5132774739,"17":93.8514780195,"18":93.5232136115,"19":93.5729571439,"20":94.0603664698,"21":94.8064045007,"22":95.6817528001,"23":95.7215430139,"24":96.0100052324,"25":96.0597439374,"26":96.4974204847,"27":97.3230319302,"28":96.7958325776,"29":97.6413472885,"30":98.5365890364,"31":99.2826276583,"32":99.4218851663,"33":97.9497082631,"34":98.2978550762,"35":97.571714363,"36":96.4277967907,"37":96.3283123562,"38":90.8474344005,"39":86.5005221026,"40":89.9123958304,"41":90.3202377179,"42":93.0258587982,"43":93.5729573657,"44":91.5138915768,"45":89.524458451,"46":89.5244608174,"47":89.4548335418,"48":79.1595224128,"49":78.3836438476,"50":75.280126375,"51":76.2947327569,"52":73.4200021035,"53":71.5300478778,"54":70.1473877225,"55":65.0246000489,"56":68.068429772,"57":67.7700128883,"58":71.6195664592,"59":73.5393719644,"60":74.70318951,"61":74.2099990845,"62":71.3199996948,"63":71.8000030518,"64":71.6999969482,"65":73.75,"66":74.7699966431,"67":74.8199996948,"68":78.9199981689,"69":77.6800003052,"70":78.3099975586,"71":75.7699966431,"72":75.6100006104,"73":78.2600021362,"74":77.9000015259,"75":76.2200012207,"76":77.1699981689,"77":76.3499984741,"78":75.3399963379,"79":76.5299987793,"80":76.5299987793},"Close":{"0":89.3553619385,"1":89.7333526611,"2":90.1212921143,"3":89.6537704468,"4":89.7333526611,"5":90.479385376,"6":90.4097595215,"7":91.3447952271,"8":91.6531524658,"9":92.070930481,"10":93.0258560181,"11":92.966178894,"12":93.3143234253,"13":93.8315811157,"14":93.9111633301,"15":94.1399459839,"16":94.1399459839,"17":93.8614273071,"18":93.9708404541,"19":95.2241897583,"20":94.5477828979,"21":95.3336029053,"22":95.7215423584,"23":96.3780517578,"24":96.0895843506,"25":96.6267318726,"26":97.3130874634,"27":97.5319290161,"28":97.9497070312,"29":98.4868545532,"30":99.8993530273,"31":99.740196228,"32":99.5114135742,"33":98.5962753296,"34":98.9046325684,"35":98.4072799683,"36":96.5372161865,"37":96.3880004883,"38":90.8573760986,"39":89.7830886841,"40":93.582901001,"41":90.8275375366,"42":96.0497970581,"43":94.4184646606,"44":95.0152893066,"45":91.5536804199,"46":92.8468093872,"47":90.7976989746,"48":79.1694641113,"49":84.5309906006,"50":75.7178039551,"51":81.2086334229,"52":75.4890136719,"53":73.6090011597,"54":71.1620025635,"55":65.9098968506,"56":71.1122589111,"57":71.3609390259,"58":76.9910354614,"59":75.2005462646,"60":76.2450027466,"61":75.0599975586,"62":72.7099990845,"63":75.2300033569,"64":72.5299987793,"65":74.1100006104,"66":74.9599990845,"67":78.2399978638,"68":81.8199996948,"69":78.8899993896,"70":79.1800003052,"71":77.0,"72":77.3600006104,"73":80.2799987793,"74":78.2900009155,"75":76.5699996948,"76":77.8700027466,"77":76.5,"78":76.0999984741,"79":78.0599975586,"80":78.0599975586},"Volume":{"0":1688500,"1":1362400,"2":988700,"3":772900,"4":1337400,"5":1672500,"6":1118900,"7":926000,"8":1294000,"9":1717700,"10":1131600,"11":832800,"12":802500,"13":669000,"14":932200,"15":760700,"16":867000,"17":1010700,"18":1800700,"19":1212200,"20":1324700,"21":1019700,"22":861900,"23":1058900,"24":1023300,"25":1100300,"26":1248600,"27":956600,"28":1101500,"29":1080700,"30":1450900,"31":1133000,"32":704800,"33":1171900,"34":1226500,"35":1288500,"36":1384300,"37":1490600,"38":1922600,"39":3320300,"40":1857400,"41":2056100,"42":1543100,"43":1681800,"44":1577700,"45":1966400,"46":1925900,"47":1955700,"48":2767700,"49":2672500,"50":2481900,"51":2568900,"52":1888800,"53":2460500,"54":2674200,"55":2274300,"56":2055200,"57":2745400,"58":1959200,"59":1612700,"60":1776400,"61":2441700,"62":1627300,"63":1691100,"64":2923900,"65":2269500,"66":2041200,"67":1294800,"68":1667900,"69":931700,"70":1501500,"71":1748300,"72":1390700,"73":1333100,"74":998100,"75":1210900,"76":1740000,"77":1435400,"78":1332200,"79":305426,"80":305426}}