{"Open":{"0":93.7890196524,"1":94.5343742177,"2":96.1127613921,"3":95.1419296511,"4":95.9060761185,"5":96.33198849,"6":96.4635161746,"7":95.2170922707,"8":94.8099702389,"9":94.9790803916,"10":95.5866337486,"11":96.6514218423,"12":96.3695703483,"13":96.6952628166,"14":96.2129839655,"15":96.0814510714,"16":94.5719576289,"17":94.2838388454,"18":96.4071443745,"19":94.8538070333,"20":95.95618362,"21":94.6158014291,"22":94.8600737303,"23":96.895701196,"24":97.9417005955,"25":97.7099478287,"26":98.7246318646,"27":99.1004381015,"28":97.1775491552,"29":96.9351806641,"30":96.3373184204,"31":95.7835083008,"32":95.3744506836,"33":94.6444320679,"34":94.1850204468,"35":92.7564468384,"36":92.4543762207,"37":88.231590271,"38":85.5758361816,"39":80.012588501,"40":82.7564468384,"41":84.2920074463,"42":84.6066741943,"43":85.0157318115,"44":76.563873291,"45":72.6368789673,"46":75.3744506836,"47":72.8886108398,"48":59.232219696,"49":68.6280670166,"50":60.0125846863,"51":57.3064804077,"52":54.021396637,"53":49.8615493774,"54":53.3983650208,"55":50.3524246216,"56":50.4090614319,"57":55.3052215576,"58":61.6740074158,"59":61.6740074158,"60":60.4657020569,"61":61.2208938599,"62":56.3121452332,"63":56.4065437317,"64":51.0,"65":54.4799995422,"66":62.4199981689,"67":58.3499984741,"68":67.0,"69":64.2300033569,"70":63.6300010681,"71":65.0,"72":62.4599990845,"73":64.75,"74":64.5,"75":63.6199989319,"76":64.3199996948,"77":63.8899993896,"78":63.9799995422,"79":64.4300003052,"80":64.4300003052},"High":{"0":95.9687022685,"1":96.8643805678,"2":96.3570364949,"3":96.2255103645,"4":96.8017464633,"5":96.5762635983,"6":96.4635161746,"7":95.5177397231,"8":95.4613730914,"9":95.8747507063,"10":96.4697827961,"11":97.4155617644,"12":97.4030431588,"13":97.1211838313,"14":96.6075828203,"15":96.7203250298,"16":95.1795169954,"17":96.7140611198,"18":96.4259376875,"19":96.5887905073,"20":96.1941942921,"21":95.3987346891,"22":96.0376058044,"23":97.4782028198,"24":98.1734468333,"25":98.8749510615,"26":98.95011366,"27":99.2382329548,"28":97.572147984,"29":97.3253631592,"30":96.947769165,"31":95.8086853027,"32":95.6387634277,"33":94.864692688,"34":95.4122085571,"35":93.2473220825,"36":92.8382644653,"37":90.1069869995,"38":86.5072402954,"39":82.4543762207,"40":84.4115829468,"41":86.9666442871,"42":88.0050354004,"43":85.2674636841,"44":80.0062942505,"45":74.9276275635,"46":75.8275680542,"47":73.524230957,"48":68.6469497681,"49":69.7105102539,"50":62.3914413452,"51":58.8105735779,"52":54.0717430115,"53":53.8074264526,"54":55.9093780518,"55":50.4027671814,"56":55.034614563,"57":63.0459403992,"58":66.0730056763,"59":64.0214004517,"60":62.7753295898,"61":62.4291992188,"62":57.8980484009,"63":58.0553817749,"64":53.2999992371,"65":58.9000015259,"66":64.4899978638,"67":63.9799995422,"68":68.0999984741,"69":64.4000015259,"70":65.3399963379,"71":65.1100006104,"72":62.7200012207,"73":66.5,"74":66.9300003052,"75":64.5500030518,"76":64.9000015259,"77":64.8799972534,"78":64.0800018311,"79":65.4100036621,"80":65.4100036621},"Low":{"0":93.7890196524,"1":94.2713058004,"2":95.5177385258,"3":95.1419296511,"4":95.6618010075,"5":95.9060750583,"6":94.8475418429,"7":94.8475435964,"8":94.6533820656,"9":94.6721685054,"10":95.5866337486,"11":96.2568230056,"12":95.6931173506,"13":96.0376031679,"14":95.5741099906,"15":95.448841551,"16":93.9581414177,"17":92.73050121,"18":94.8726001301,"19":94.8538070333,"20":93.7138641587,"21":93.8203468862,"22":94.8350235722,"23":96.081453329,"24":97.1963463785,"25":97.4656727123,"26":97.0648140124,"27":97.002177926,"28":96.1816630199,"29":96.2366256714,"30":96.0163650513,"31":94.6255493164,"32":94.4808044434,"33":93.0962905884,"34":93.5934524536,"35":91.5921936035,"36":87.1302719116,"37":86.9037094116,"38":83.152923584,"39":79.1944656372,"40":80.7111358643,"41":82.6683425903,"42":83.5305252075,"43":78.7979888916,"44":75.5191955566,"45":70.8055343628,"46":71.4474487305,"47":67.1994934082,"48":58.401512146,"49":62.0201377869,"50":57.0044059753,"51":52.1145362854,"52":43.4361228943,"53":45.4247970581,"54":46.1170539856,"55":45.5003128052,"56":50.3524246216,"57":54.2983016968,"58":61.0446815491,"59":60.7426071167,"60":59.6035232544,"61":59.0748901367,"62":55.5884208679,"63":53.5619888306,"64":48.0499992371,"65":52.6399993896,"66":57.2200012207,"67":57.9000015259,"68":63.5099983215,"69":60.0900001526,"70":62.5999984741,"71":61.2299995422,"72":61.2999992371,"73":64.1800003052,"74":63.7200012207,"75":62.1500015259,"76":63.0999984741,"77":63.25,"78":62.5,"79":63.8600006104,"80":63.8600006104},"Close":{"0":95.9185943604,"1":96.0501327515,"2":96.2568206787,"3":95.9499206543,"4":96.0939788818,"5":96.2380371094,"6":95.1168746948,"7":95.2358779907,"8":94.9164505005,"9":95.1795120239,"10":96.1753997803,"11":96.7077941895,"12":96.7516403198,"13":96.3257217407,"14":96.331993103,"15":95.9499206543,"16":94.5970153809,"17":95.7432250977,"18":95.7181625366,"19":96.4572525024,"20":94.0771408081,"21":93.9205551147,"22":95.830909729,"23":97.4782028198,"24":97.8352203369,"25":98.2298202515,"26":98.05443573,"27":97.2401885986,"28":97.1963424683,"29":96.3247299194,"30":96.576461792,"31":95.2045288086,"32":94.8269348145,"33":94.3360595703,"34":95.3555679321,"35":92.2466964722,"36":87.3568267822,"37":87.0862197876,"38":83.1843948364,"39":82.1837615967,"40":84.3738174438,"41":83.4046554565,"42":87.5015716553,"43":79.5720596313,"44":79.5972290039,"45":72.5991210938,"46":75.122718811,"47":67.6589050293,"48":64.5059814453,"49":66.3310241699,"50":57.2246704102,"51":58.4266853333,"52":49.9685325623,"53":52.7123985291,"54":51.9383277893,"55":47.1680297852,"56":54.6003761292,"57":60.5349273682,"58":65.8527374268,"59":61.1390800476,"60":61.9823799133,"61":59.3643798828,"62":57.5015716553,"63":54.1283836365,"64":49.9300003052,"65":57.5600013733,"66":57.7599983215,"67":62.6199989319,"68":64.7099990845,"69":61.8300018311,"70":65.0699996948,"71":62.3300018311,"72":62.4500007629,"73":66.0699996948,"74":64.9800033569,"75":62.6500015259,"76":63.4500007629,"77":63.2900009155,"78":63.4300003052,"79":65.3150024414,"80":65.3150024414},"Volume":{"0":4451600,"1":4969800,"2":4139500,"3":4348800,"4":3772400,"5":4672500,"6":4605200,"7":4910000,"8":4987700,"9":4937000,"10":5671300,"11":7365500,"12":7797400,"13":5546900,"14":6369300,"15":5879100,"16":6889400,"17":9083700,"18":6079800,"19":6958900,"20":7325100,"21":7450000,"22":6090200,"23":5727700,"24":6011700,"25":7886000,"26":6419900,"27":8577100,"28":9167100,"29":5420900,"30":6175300,"31":4553300,"32":5340000,"33":5380800,"34":6796900,"35":10190300,"36":12089700,"37":13401800,"38":16204000,"39":19610000,"40":14433800,"41":14444000,"42":9077500,"43":13601500,"44":13614700,"45":13778400,"46":14774000,"47":16346700,"48":30644500,"49":26649600,"50":19586000,"51":25522400,"52":36292800,"53":25171700,"54":22923500,"55":19084500,"56":20411000,"57":19096100,"58":23079600,"59":16126400,"60":12019800,"61":11616700,"62":19658500,"63":13203300,"64":18932300,"65":28777500,"66":27110200,"67":26540900,"68":24741600,"69":15181800,"70":16758300,"71":16662100,"72":14108100,"73":14111000,"74":10564000,"75":9877400,"76":9443700,"77":9320000,"78":8557100,"79":3779791,"80":3779791}}