{"Open":{"0":240.7573194891,"1":237.3229413733,"2":240.6375194921,"3":240.6874485979,"4":237.4327520915,"5":240.5476645765,"6":241.7257415465,"7":245.9588436484,"8":248.9140253762,"9":248.6244988318,"10":249.0138519014,"11":250.2917784932,"12":250.9207441564,"13":255.5232489394,"14":251.4698640753,"15":254.5947495928,"16":251.3101173271,"17":253.0772448544,"18":251.3500481106,"19":247.4064761957,"20":251.3700117607,"21":250.5014353711,"22":249.822532062,"23":254.2852650205,"24":254.3152142832,"25":256.2820165324,"26":258.7080486351,"27":271.7068269748,"28":283.6074327297,"29":292.3232074058,"30":290.0968496062,"31":294.1302735025,"32":293.4513640593,"33":289.1184547627,"34":291.953821095,"35":295.3183144281,"36":295.3982060057,"37":292.033700431,"38":282.5391911052,"39":266.6151250107,"40":266.5153136512,"41":284.5359366142,"42":288.1500268625,"43":297.0055847039,"44":292.1635061509,"45":270.4400024414,"46":270.2900085449,"47":272.9100036621,"48":257.1499938965,"49":276.3699951172,"50":259.5599975586,"51":264.6300048828,"52":268.5400085449,"53":261.8999938965,"54":247.2200012207,"55":231.5099945068,"56":221.9299926758,"57":237.9900054932,"58":245.1300048828,"59":251.25,"60":269.4200134277,"61":273.7900085449,"62":258.299987793,"63":259.549987793,"64":272.9100036621,"65":272.8800048828,"66":289.5,"67":279.0700073242,"68":304.8999938965,"69":302.8800048828,"70":293.8099975586,"71":302.5799865723,"72":300.5199890137,"73":313.5700073242,"74":311.75,"75":298.3599853516,"76":298.5,"77":306.1700134277,"78":308.3299865723,"79":306.6199951172,"80":306.6199951172},"High":{"0":241.8755061064,"1":241.4062779334,"2":241.605941219,"3":241.1067628792,"4":240.6674664738,"5":242.2848214745,"6":245.0603144701,"7":249.8624805091,"8":249.9822751126,"9":250.8808133496,"10":250.4914376588,"11":254.3451650986,"12":254.4050666371,"13":256.0523847085,"14":254.9242215631,"15":255.3635000306,"16":253.1471175389,"17":253.0772448544,"18":251.4698630711,"19":253.5863991478,"20":254.2353335093,"21":253.7261715482,"22":254.0256833836,"23":254.2852650205,"24":257.6497872788,"25":258.9676387271,"26":264.8280716794,"27":287.0018873189,"28":292.7125770075,"29":292.443037597,"30":294.2899921392,"31":294.260066699,"32":293.4513640593,"33":291.9139137823,"34":309.3454690488,"35":298.5530592106,"36":301.8976151382,"37":292.8024356313,"38":287.9303921917,"39":268.0028761667,"40":284.7355955456,"41":294.9189962778,"42":304.113980135,"43":303.1955013773,"44":295.298377416,"45":276.049987793,"46":282.7399902344,"47":280.3299865723,"48":282.049987793,"49":282.700012207,"50":276.450012207,"51":280.7399902344,"52":279.8599853516,"53":261.8999938965,"54":249.2400054932,"55":231.5099945068,"56":244.8699951172,"57":251.2200012207,"58":267.2699890137,"59":270.0400085449,"60":280.3999938965,"61":274.2900085449,"62":268.0,"63":278.6400146484,"64":276.2399902344,"65":279.3200073242,"66":290.0,"67":303.7300109863,"68":314.8399963379,"69":304.049987793,"70":308.7699890137,"71":303.5700073242,"72":309.7699890137,"73":315.8399963379,"74":311.75,"75":302.75,"76":310.0,"77":313.4599914551,"78":308.450012207,"79":309.1900024414,"80":309.1900024414},"Low":{"0":236.793782784,"1":237.3229413733,"2":237.6124545873,"3":235.1165327455,"4":237.0733376897,"5":239.7090360578,"6":240.4278705751,"7":245.9588436484,"8":246.0586818675,"9":248.2251562524,"10":246.7275875553,"11":249.6028995928,"12":250.4614865026,"13":251.0305764019,"14":250.8708349726,"15":252.2885135132,"16":249.6128885394,"17":250.6711654285,"18":247.0969902476,"19":246.7076190873,"20":248.8940543446,"21":248.3249772437,"22":249.2534681469,"23":251.0006288811,"24":253.3368143004,"25":255.4234010641,"26":257.9093330402,"27":271.5470838614,"28":280.7221241302,"29":288.1600146805,"30":289.0685280539,"31":289.3480949705,"32":288.8588484964,"33":285.5542605084,"34":286.9120563323,"35":293.8107939928,"36":287.0218533134,"37":284.7555625879,"38":270.1394011851,"39":256.8011455364,"40":265.5169420405,"41":281.480921627,"42":287.0318554656,"43":295.3982209054,"44":276.3393087619,"45":264.0899963379,"46":265.3099975586,"47":271.2099914551,"48":245.5299987793,"49":265.75,"50":246.5800018311,"51":254.8999938965,"52":254.4100036621,"53":232.6999969482,"54":228.1300048828,"55":205.1999969482,"56":220.5399932861,"57":237.9900054932,"58":243.3699951172,"59":251.25,"60":260.1199951172,"61":262.4400024414,"62":252.1600036621,"63":256.3699951172,"64":260.3900146484,"65":268.4400024414,"66":276.4899902344,"67":277.5199890137,"68":297.7699890137,"69":284.9299926758,"70":290.0100097656,"71":295.0,"72":300.1300048828,"73":308.3399963379,"74":299.6400146484,"75":293.25,"76":296.5899963379,"77":303.8299865723,"78":297.1400146484,"79":303.4899902344,"80":303.4899902344},"Close":{"0":238.4810333252,"1":240.6375274658,"2":240.8571624756,"3":237.0633544922,"4":239.6391448975,"5":240.8072357178,"6":244.4313354492,"7":249.6428375244,"8":248.2550964355,"9":249.0937347412,"10":250.3217163086,"11":251.6295928955,"12":254.025680542,"13":252.1986694336,"14":254.5947570801,"15":252.73777771,"16":252.3284606934,"17":251.3400726318,"18":248.9339904785,"19":253.3268280029,"20":249.1536254883,"21":249.1735992432,"22":253.7561187744,"23":254.1554870605,"24":256.0823364258,"25":258.3985595703,"26":264.3088989258,"27":283.5375366211,"28":292.333190918,"29":289.3081359863,"30":294.1302490234,"31":291.2449951172,"32":289.3780212402,"33":291.6543273926,"34":295.1685791016,"35":295.0288085938,"36":290.6159973145,"37":287.8105773926,"38":271.4472961426,"39":264.6583251953,"40":284.5858154297,"41":286.1932373047,"42":302.7462158203,"43":299.8309936523,"44":285.1050109863,"45":264.7099914551,"46":281.8900146484,"47":274.700012207,"48":263.9599914551,"49":281.8900146484,"50":256.7099914551,"51":274.4599914551,"52":260.25,"53":245.1399993896,"54":229.3300018311,"55":215.4600067139,"56":242.2400054932,"57":243.1399993896,"58":264.4899902344,"59":261.3800048828,"60":278.6600036621,"61":269.9700012207,"62":260.4700012207,"63":274.9400024414,"64":264.799987793,"65":277.4599914551,"66":276.6600036621,"67":302.0599975586,"68":305.8099975586,"69":289.0,"70":302.6099853516,"71":301.8200073242,"72":308.700012207,"73":314.8299865723,"74":300.2699890137,"75":294.0299987793,"76":306.5599975586,"77":306.6700134277,"78":305.7900085449,"79":307.1099853516,"80":307.1099853516},"Volume":{"0":555800,"1":787400,"2":810600,"3":539300,"4":547800,"5":358900,"6":387000,"7":669000,"8":526300,"9":352200,"10":698000,"11":533200,"12":650200,"13":586000,"14":387300,"15":316600,"16":482300,"17":574100,"18":449300,"19":557100,"20":537800,"21":518500,"22":411700,"23":357600,"24":508600,"25":363800,"26":717900,"27":1776900,"28":1099000,"29":611800,"30":425200,"31":581200,"32":576300,"33":606300,"34":1696000,"35":825400,"36":881600,"37":844400,"38":1324900,"39":1942500,"40":1231500,"41":1193900,"42":1180800,"43":1020600,"44":1049600,"45":1079100,"46":1176900,"47":1096000,"48":1721500,"49":1530100,"50":1664800,"51":1576700,"52":1528900,"53":1396200,"54":1384300,"55":1736200,"56":1703100,"57":1178900,"58":1038400,"59":849700,"60":824700,"61":1856000,"62":834500,"63":1091700,"64":668600,"65":1380500,"66":734100,"67":864100,"68":1386200,"69":601700,"70":805800,"71":661200,"72":584900,"73":762700,"74":585500,"75":555800,"76":608200,"77":637200,"78":731700,"79":194563,"80":194563}}