{"Open":{"0":87.7112113589,"1":88.2487058047,"2":87.7012570103,"3":87.5519500445,"4":87.5320477199,"5":89.8313312598,"6":90.3787753821,"7":90.1996132008,"8":90.7669707355,"9":90.5778453687,"10":91.5632534042,"11":92.4988979435,"12":92.3993574731,"13":92.707916933,"14":91.4935815368,"15":93.5639277447,"16":88.2188400909,"17":88.6368970938,"18":87.7410697167,"19":85.0535899283,"20":85.3920156191,"21":84.6753583093,"22":86.7357557242,"23":88.8799972534,"24":87.6500015259,"25":85.7600021362,"26":86.4300003052,"27":87.8600006104,"28":87.7099990845,"29":88.5,"30":90.1800003052,"31":89.3700027466,"32":89.4899978638,"33":89.7300033569,"34":88.0,"35":84.5299987793,"36":85.0199966431,"37":82.5999984741,"38":78.8300018311,"39":76.1699981689,"40":77.9199981689,"41":82.3000030518,"42":79.2900009155,"43":77.9000015259,"44":73.4599990845,"45":70.5800018311,"46":72.5599975586,"47":72.8300018311,"48":62.9500007629,"49":65.6500015259,"50":60.6300010681,"51":59.5499992371,"52":55.5499992371,"53":56.2299995422,"54":62.2999992371,"55":57.2299995422,"56":62.6100006104,"57":66.8300018311,"58":66.7099990845,"59":66.6800003052,"60":66.5599975586,"61":67.1800003052,"62":63.0,"63":65.75,"64":64.4700012207,"65":66.2699966431,"66":71.5699996948,"67":69.5800018311,"68":71.1999969482,"69":73.5199966431,"70":73.6900024414,"71":72.0100021362,"72":73.1100006104,"73":76.6200027466,"74":76.0199966431,"75":73.4000015259,"76":74.5500030518,"77":77.3300018311,"78":75.75,"79":76.6800003052,"80":76.6800003052},"High":{"0":88.9355010986,"1":88.6866594604,"2":87.9998683435,"3":87.6216250087,"4":88.9355027642,"5":90.7371134251,"6":90.4683542206,"7":91.2945087413,"8":91.015810982,"9":91.632925533,"10":92.1803799387,"11":93.3150936589,"12":93.1657820521,"13":93.3150877112,"14":93.4146285756,"15":93.6933219322,"16":89.0350357831,"17":88.7762470216,"18":88.029725305,"19":86.188300801,"20":85.5910847687,"21":86.3873804108,"22":88.5871277659,"23":89.1999969482,"24":87.6999969482,"25":86.6200027466,"26":87.6200027466,"27":88.2300033569,"28":89.0999984741,"29":90.5100021362,"30":90.4100036621,"31":89.4700012207,"32":90.4400024414,"33":90.25,"34":88.3899993896,"35":86.0500030518,"36":85.3499984741,"37":83.2399978638,"38":80.8700027466,"39":78.8099975586,"40":82.4100036621,"41":82.6200027466,"42":80.1999969482,"43":77.9000015259,"44":75.7099990845,"45":74.0299987793,"46":74.9499969482,"47":74.2699966431,"48":66.7900009155,"49":70.1800003052,"50":63.9500007629,"51":59.6199989319,"52":57.6500015259,"53":63.3600006104,"54":65.6800003052,"55":57.4399986267,"56":65.1600036621,"57":69.6399993896,"58":71.5800018311,"59":68.25,"60":68.2200012207,"61":68.3199996948,"62":64.7600021362,"63":68.6999969482,"64":64.75,"65":68.3399963379,"66":72.4800033569,"67":71.9199981689,"68":74.2600021362,"69":73.5999984741,"70":74.3300018311,"71":73.1800003052,"72":73.7600021362,"73":77.3899993896,"74":76.9800033569,"75":73.9599990845,"76":78.0599975586,"77":77.6699981689,"78":76.0299987793,"79":77.9899978638,"80":77.9899978638},"Low":{"0":87.6415363948,"1":87.6912985066,"2":87.0642265873,"3":86.7257986166,"4":87.3727863167,"5":89.6521659741,"6":89.2141973238,"7":89.7915115609,"8":90.4384997876,"9":90.5778453687,"10":91.2049228478,"11":92.3794518898,"12":91.7623270818,"13":92.0410269287,"14":90.31905525,"15":90.9162640166,"16":87.1438560141,"17":87.313065186,"18":85.2028962434,"19":84.2971210759,"20":84.1279029776,"21":84.6753583093,"22":86.2181713528,"23":86.6299972534,"24":86.1500015259,"25":85.3199996948,"26":86.1699981689,"27":87.3499984741,"28":87.3899993896,"29":88.2600021362,"30":88.9899978638,"31":88.2900009155,"32":89.3000030518,"33":87.7300033569,"34":87.0,"35":84.2600021362,"36":81.6699981689,"37":80.6399993896,"38":77.3600006104,"39":75.7200012207,"40":77.6600036621,"41":78.1100006104,"42":77.8799972534,"43":75.2799987793,"44":72.0500030518,"45":70.0800018311,"46":70.0299987793,"47":67.4000015259,"48":61.4599990845,"49":63.5099983215,"50":58.1100006104,"51":53.6100006104,"52":50.0200004578,"53":53.5499992371,"54":57.9099998474,"55":54.0,"56":61.0,"57":63.4900016785,"58":66.25,"59":64.8199996948,"60":64.5800018311,"61":65.3099975586,"62":61.5800018311,"63":62.9099998474,"64":60.9000015259,"65":64.4100036621,"66":68.3300018311,"67":68.5400009155,"68":70.1399993896,"69":70.3499984741,"70":72.6600036621,"71":70.7099990845,"72":71.3499984741,"73":74.9700012207,"74":75.0800018311,"75":71.7399978638,"76":74.4300003052,"77":74.2600021362,"78":74.2099990845,"79":76.5500030518,"80":76.5500030518},"Close":{"0":88.9355010986,"1":88.4179153442,"2":87.7211608887,"3":87.4524154663,"4":88.4676818848,"5":90.1100311279,"6":89.7417449951,"7":90.6574783325,"8":90.5678939819,"9":91.1153411865,"10":92.1505203247,"11":93.1856994629,"12":92.1007461548,"13":92.1007461548,"14":93.3150939941,"15":91.6030654907,"16":88.3183822632,"17":88.1889801025,"18":86.3177032471,"19":85.4417800903,"20":84.4364700317,"21":85.611000061,"22":87.9700012207,"23":87.5599975586,"24":86.1500015259,"25":86.4199981689,"26":87.5299987793,"27":87.5100021362,"28":88.5699996948,"29":89.9300003052,"30":89.2799987793,"31":89.2300033569,"32":90.1399993896,"33":88.5999984741,"34":87.3600006104,"35":84.5199966431,"36":82.1900024414,"37":80.6699981689,"38":78.2900009155,"39":78.4300003052,"40":82.3799972534,"41":78.5999984741,"42":79.6699981689,"43":76.1900024414,"44":75.3399963379,"45":70.8300018311,"46":74.8700027466,"47":68.3000030518,"48":62.0999984741,"49":69.9199981689,"50":58.5900001526,"51":58.9799995422,"52":56.3300018311,"53":61.4099998474,"54":58.0299987793,"55":56.5499992371,"56":64.8799972534,"57":65.8099975586,"58":69.9000015259,"59":66.3399963379,"60":67.8600006104,"61":65.7399978638,"62":62.6199989319,"63":65.0,"64":63.0499992371,"65":67.7900009155,"66":68.7099990845,"67":71.5699996948,"68":73.8799972534,"69":71.7600021362,"70":73.6699981689,"71":72.5500030518,"72":73.5100021362,"73":77.0999984741,"74":75.3199996948,"75":72.7200012207,"76":77.4499969482,"77":75.1500015259,"78":75.5800018311,"79":77.789100647,"80":77.789100647},"Volume":{"0":6473800,"1":4874100,"2":5409800,"3":6514700,"4":7296300,"5":9443500,"6":7097900,"7":7382500,"8":5855200,"9":6145300,"10":5180300,"11":6962800,"12":7094600,"13":6157400,"14":6100600,"15":7815500,"16":11066500,"17":11922400,"18":17678700,"19":12224900,"20":11693900,"21":9092600,"22":9997100,"23":9982700,"24":8901400,"25":8073900,"26":7289300,"27":5098500,"28":7747800,"29":8576600,"30":5686900,"31":5288800,"32":5210800,"33":5969200,"34":5800500,"35":8313600,"36":9404000,"37":10541500,"38":17120800,"39":19120200,"40":14258700,"41":12395900,"42":10999600,"43":12545300,"44":18080100,"45":15930300,"46":18414000,"47":17138000,"48":25170600,"49":19247200,"50":23354300,"51":25045200,"52":28770600,"53":25167400,"54":28420600,"55":24905800,"56":28286200,"57":22977200,"58":20997500,"59":18950500,"60":14199700,"61":20109800,"62":12880400,"63":18175000,"64":14676500,"65":18010800,"66":13799400,"67":10417600,"68":19769600,"69":11191800,"70":10912000,"71":10642500,"72":11946800,"73":14268400,"74":9684700,"75":10345800,"76":11355300,"77":15513400,"78":8456000,"79":3939858,"80":3939858}}