{"Open":{"0":47.5801126739,"1":47.2613160438,"2":46.474293833,"3":47.1616953244,"4":47.2912080124,"5":48.3173253224,"6":47.9487196658,"7":47.9885669645,"8":47.8889448142,"9":47.1318107636,"10":46.8130134838,"11":48.9150642692,"12":47.8590576969,"13":47.9686475038,"14":48.217703796,"15":48.2077395492,"16":45.8267403786,"17":45.9662131434,"18":46.4045599548,"19":45.2290052487,"20":46.4543710909,"21":45.6872683462,"22":46.4842555769,"23":47.6598103193,"24":48.4567994999,"25":46.922597307,"26":46.7133885094,"27":46.8528629447,"28":47.9188305679,"29":47.3899993896,"30":47.1199989319,"31":47.0299987793,"32":46.9900016785,"33":47.3400001526,"34":48.0900001526,"35":44.4799995422,"36":43.9900016785,"37":42.0099983215,"38":40.1800003052,"39":40.25,"40":40.9000015259,"41":41.6199989319,"42":38.4500007629,"43":35.9000015259,"44":33.0499992371,"45":30.8600006104,"46":31.8799991608,"47":31.8999996185,"48":29.9599990845,"49":30.3799991608,"50":28.5900001526,"51":31.3899993896,"52":31.0900001526,"53":31.4500007629,"54":32.5,"55":30.8199996948,"56":30.2600002289,"57":31.1200008392,"58":34.1699981689,"59":32.5600013733,"60":33.1899986267,"61":33.8899993896,"62":31.8299999237,"63":32.4199981689,"64":34.0800018311,"65":35.3600006104,"66":37.7999992371,"67":35.4500007629,"68":37.2099990845,"69":36.4000015259,"70":35.6399993896,"71":34.5299987793,"72":34.1199989319,"73":36.2000007629,"74":35.1300010681,"75":35.5400009155,"76":36.4700012207,"77":36.1800003052,"78":36.1300010681,"79":35.9199981689,"80":35.9199981689},"High":{"0":48.1977802111,"1":47.4207132524,"2":47.2115044874,"3":47.8291699634,"4":47.8192105798,"5":48.3571755749,"6":47.9786054548,"7":48.0682674705,"8":47.93875573,"9":47.4705303236,"10":48.885177172,"11":49.0744614802,"12":48.6958939792,"13":48.8453303016,"14":48.4767228386,"15":48.3372509712,"16":46.1853850418,"17":46.414518979,"18":46.5440320418,"19":47.151736328,"20":46.6536185592,"21":46.733312748,"22":47.7992835104,"23":48.1678877271,"24":48.5962715895,"25":47.4107534043,"26":47.0222222645,"27":47.7893249199,"28":48.1678889467,"29":47.5999984741,"30":47.3199996948,"31":47.3100013733,"32":47.8499984741,"33":49.5499992371,"34":48.4300003052,"35":44.5600013733,"36":44.0099983215,"37":42.4000015259,"38":43.0,"39":41.6199989319,"40":42.0499992371,"41":41.9500007629,"42":38.5400009155,"43":35.9000015259,"44":35.0600013733,"45":31.8700008392,"46":32.9399986267,"47":33.8899993896,"48":30.3099994659,"49":33.9000015259,"50":32.6599998474,"51":33.7299995422,"52":34.0800018311,"53":32.9500007629,"54":32.9399986267,"55":30.8199996948,"56":31.5300006866,"57":36.8699989319,"58":36.2999992371,"59":34.8699989319,"60":34.5699996948,"61":34.8100013733,"62":33.5499992371,"63":34.5699996948,"64":34.9700012207,"65":36.4199981689,"66":37.7999992371,"67":36.7599983215,"68":37.9500007629,"69":36.6199989319,"70":36.3600006104,"71":34.9700012207,"72":35.0400009155,"73":37.0499992371,"74":36.8400001526,"75":36.1699981689,"76":36.5499992371,"77":36.4900016785,"78":36.3400001526,"79":36.8600006104,"80":36.8600006104},"Low":{"0":47.3709045404,"1":46.7233528401,"2":46.4145184554,"3":47.1218450712,"4":47.211507504,"5":47.7096222721,"6":47.44063845,"7":47.6000364987,"8":47.3609422668,"9":46.7532409493,"10":46.8030490207,"11":47.9686454663,"12":47.6398851133,"13":47.6797388589,"14":47.7793586158,"15":46.8229755609,"16":45.4182848011,"17":45.6374580641,"18":45.7171563824,"19":45.2190407849,"20":45.2987403351,"21":45.4083241858,"22":46.3248583668,"23":47.3111301179,"24":47.1417715115,"25":46.7432749693,"26":46.314897387,"27":46.6835050642,"28":47.4107531472,"29":47.1500015259,"30":46.6800003052,"31":46.2000007629,"32":46.8300018311,"33":47.2999992371,"34":45.9300003052,"35":43.4799995422,"36":41.3800010681,"37":41.2200012207,"38":40.0900001526,"39":39.5099983215,"40":39.5699996948,"41":37.9500007629,"42":36.7400016785,"43":34.4500007629,"44":32.6399993896,"45":30.1900005341,"46":30.0,"47":31.25,"48":28.1100006104,"49":30.0400009155,"50":28.0,"51":28.9200000763,"52":30.3600006104,"53":30.0300006866,"54":30.0300006866,"55":28.0100002289,"56":29.2399997711,"57":30.4400005341,"58":32.9700012207,"59":32.1300010681,"60":32.6899986267,"61":33.0,"62":31.5900001526,"63":32.3199996948,"64":33.0099983215,"65":34.5099983215,"66":34.7299995422,"67":34.6300010681,"68":36.1100006104,"69":34.4900016785,"70":34.6100006104,"71":33.7000007629,"72":33.6699981689,"73":35.3600006104,"74":35.1100006104,"75":35.1899986267,"76":35.6599998474,"77":35.3300018311,"78":35.2200012207,"79":35.6500015259,"80":35.6500015259},"Close":{"0":48.0483436584,"1":46.8329353333,"2":47.161693573,"3":47.4406394958,"4":47.729549408,"5":47.9287948608,"6":47.6199607849,"7":47.8391342163,"8":47.5303001404,"9":46.9425239563,"10":48.8154411316,"11":48.1579284668,"12":48.2675132751,"13":48.7457084656,"14":48.2376251221,"15":46.9724121094,"16":45.5876426697,"17":46.1256103516,"18":45.7769317627,"19":47.012260437,"20":45.3784370422,"21":45.5079460144,"22":46.9026756287,"23":48.1081161499,"24":47.6498527527,"25":47.1318092346,"26":46.5938415527,"27":47.4904518127,"28":47.6100006104,"29":47.2900009155,"30":47.2299995422,"31":46.7299995422,"32":47.4399986267,"33":48.5800018311,"34":46.1899986267,"35":43.7999992371,"36":41.5999984741,"37":41.4199981689,"38":41.9099998474,"39":40.75,"40":41.9799995422,"41":38.2999992371,"42":37.1599998474,"43":34.7999992371,"44":34.1300010681,"45":30.2700004578,"46":32.9399986267,"47":32.4300003052,"48":28.4300003052,"49":33.8699989319,"50":30.5599994659,"51":33.6800003052,"52":32.4199981689,"53":31.8199996948,"54":30.75,"55":28.5,"56":30.7199993134,"57":34.1699981689,"58":34.1599998474,"59":33.6100006104,"60":34.3300018311,"61":33.6199989319,"62":32.9599990845,"63":34.3899993896,"64":33.5999984741,"65":36.0800018311,"66":34.9399986267,"67":36.4900016785,"68":36.5400009155,"69":34.7700004578,"70":36.2099990845,"71":34.6699981689,"72":34.5999984741,"73":35.7900009155,"74":36.5900001526,"75":35.9399986267,"76":35.8699989319,"77":35.6399993896,"78":35.4000015259,"79":36.6349983215,"80":36.6349983215},"Volume":{"0":5644800,"1":6698900,"2":6804300,"3":9985100,"4":10887000,"5":9749600,"6":7452900,"7":8906000,"8":8874500,"9":7654900,"10":13752200,"11":10257100,"12":8849900,"13":6699600,"14":8126200,"15":11268100,"16":9537800,"17":7282900,"18":5918700,"19":11536600,"20":12297200,"21":10490500,"22":10595100,"23":9583000,"24":8767600,"25":5680200,"26":6062000,"27":7082600,"28":5136400,"29":5873100,"30":7106600,"31":8165700,"32":6377500,"33":16198800,"34":13500500,"35":13407600,"36":16466000,"37":15389400,"38":28185100,"39":27463000,"40":21834000,"41":28382000,"42":26339300,"43":28000700,"44":29385700,"45":24766500,"46":20293200,"47":27992400,"48":32521600,"49":26153200,"50":23373900,"51":21796200,"52":24241700,"53":18311100,"54":15922500,"55":20573000,"56":17925200,"57":22746200,"58":16976500,"59":12461700,"60":10078800,"61":10708400,"62":11700200,"63":15329500,"64":9127900,"65":11658800,"66":13087400,"67":8104600,"68":12362300,"69":11531300,"70":12376800,"71":11516400,"72":10852100,"73":13305000,"74":11016500,"75":9671800,"76":8397300,"77":8748800,"78":8043200,"79":3609375,"80":3609375}}