{"Open":{"0":39.8252432996,"1":38.0941458518,"2":37.9051142765,"3":37.6862406344,"4":37.3280836766,"5":37.8852195428,"6":38.123988932,"7":37.9150645074,"8":38.3926098645,"9":38.2334276927,"10":39.0591798098,"11":39.6461627785,"12":38.7109715086,"13":38.4821467105,"14":37.9548605014,"15":37.8752688504,"16":36.2934028712,"17":37.0097210918,"18":36.8604838625,"19":36.3928935018,"20":36.2138106792,"21":35.5273385206,"22":36.353097232,"23":36.522223499,"24":37.7757795557,"25":37.0097196945,"26":36.571966336,"27":36.9500265603,"28":35.815857992,"29":35.487541428,"30":34.4827098828,"31":34.3633244069,"32":34.5026098957,"33":34.7612762451,"34":34.5722503582,"35":33.8360340868,"36":33.8360336313,"37":33.0102830753,"38":32.0850384564,"39":31.0304604025,"40":30.2146558727,"41":31.1796932514,"42":31.2891313508,"43":30.2299995422,"44":28.9300003052,"45":28.2999992371,"46":29.4400005341,"47":28.1599998474,"48":25.3199996948,"49":25.8899993896,"50":22.5799999237,"51":21.6000003815,"52":18.7199993134,"53":17.4899997711,"54":22.0,"55":23.0599994659,"56":23.4400005341,"57":22.0699996948,"58":24.3600006104,"59":25.2000007629,"60":24.7399997711,"61":25.4300003052,"62":23.7299995422,"63":24.4799995422,"64":24.5799999237,"65":25.8899993896,"66":27.1700000763,"67":27.1599998474,"68":29.0200004578,"69":30.2000007629,"70":29.6499996185,"71":28.4699993134,"72":28.4699993134,"73":28.4899997711,"74":28.8899993896,"75":27.7600002289,"76":28.7399997711,"77":28.3199996948,"78":28.5200004578,"79":27.3199996948,"80":27.3199996948},"High":{"0":39.8550924288,"1":38.3627652452,"2":38.0941448419,"3":38.1836830786,"4":37.8155751754,"5":38.4821489762,"6":38.4324046162,"7":38.5716883958,"8":38.5716894567,"9":38.8104589715,"10":39.636214878,"11":39.785449856,"12":38.7109715086,"13":38.7706642309,"14":38.173732599,"15":38.0245031075,"16":37.1987480326,"17":37.0196682714,"18":37.0196652907,"19":36.6217165862,"20":36.2436560107,"21":36.1043735786,"22":36.522225853,"23":37.6364973113,"24":37.8752665242,"25":37.3380297438,"26":37.2385411757,"27":37.6265486322,"28":36.6018180088,"29":35.5273377336,"30":35.3084661572,"31":34.5821964981,"32":35.7064197579,"33":34.9900993115,"34":34.8806660442,"35":34.2837330549,"36":33.9255734237,"37":33.8559337681,"38":33.0998215235,"39":31.7467768436,"40":31.3587731518,"41":32.2243216485,"42":31.3388748375,"43":30.2299995422,"44":30.25,"45":28.9599990845,"46":29.5300006866,"47":28.3299999237,"48":26.7099990845,"49":26.3899993896,"50":23.9099998474,"51":21.9400005341,"52":20.0200004578,"53":22.0400009155,"54":25.1800003052,"55":23.9799995422,"56":24.2600002289,"57":24.7700004578,"58":26.2600002289,"59":25.4099998474,"60":25.9799995422,"61":25.8500003815,"62":24.8899993896,"63":25.6299991608,"64":24.9699993134,"65":26.7600002289,"66":27.9699993134,"67":28.7900009155,"68":31.4300003052,"69":30.6399993896,"70":29.9899997711,"71":28.8500003815,"72":28.4699993134,"73":29.5400009155,"74":29.1499996185,"75":28.3700008392,"76":29.0499992371,"77":28.7900009155,"78":28.75,"79":28.3799991608,"80":28.3799991608},"Low":{"0":38.4821501363,"1":37.9349644107,"2":37.6066495568,"3":37.3181304932,"4":37.0296189514,"5":37.7558834407,"6":37.8454223754,"7":37.7956793809,"8":38.1737339639,"9":38.2135295389,"10":38.7607150965,"11":38.919897238,"12":37.7658300897,"13":38.0841912482,"14":37.5569050228,"15":36.5918663843,"16":36.1143232748,"17":36.4525841506,"18":36.5122756743,"19":35.7760620967,"20":35.2487711437,"21":35.4974931883,"22":35.7561639808,"23":36.4127855536,"24":37.1688991806,"25":36.6117642093,"26":36.382939576,"27":35.5571899027,"28":35.5273404473,"29":34.1742937055,"30":34.0947053858,"31":33.8559309966,"32":34.3732737914,"33":34.5623023058,"34":34.2439365188,"35":33.2987991203,"36":32.2740646488,"37":32.4730442894,"38":31.8164190744,"39":29.5779274692,"40":29.5381338231,"41":30.4335295684,"42":30.6822509451,"43":29.3199996948,"44":28.7600002289,"45":27.8600006104,"46":27.5699996948,"47":26.3799991608,"48":24.3500003815,"49":24.1299991608,"50":20.8899993896,"51":19.1700000763,"52":17.1499996185,"53":17.0599994659,"54":21.2900009155,"55":21.1399993896,"56":21.5200004578,"57":21.75,"58":24.1100006104,"59":23.5200004578,"60":24.1000003815,"61":24.4500007629,"62":23.0599994659,"63":23.7299995422,"64":24.0400009155,"65":25.2800006866,"66":26.3400001526,"67":26.9500007629,"68":29.0200004578,"69":28.3799991608,"70":29.1200008392,"71":28.0400009155,"72":27.3199996948,"73":28.4899997711,"74":28.2800006866,"75":27.7600002289,"76":28.0200004578,"77":28.0,"78":28.1000003815,"79":27.3099994659,"80":27.3099994659},"Close":{"0":38.6711769104,"1":38.0642967224,"2":37.7658309937,"3":37.3181304932,"4":37.7459335327,"5":38.1040916443,"6":38.2931213379,"7":38.4423522949,"8":38.3030700684,"9":38.7607154846,"10":39.5367279053,"11":39.0790786743,"12":38.3926086426,"13":38.1140403748,"14":37.9051132202,"15":36.840587616,"16":36.7510490417,"17":36.7013053894,"18":36.7311477661,"19":36.4824295044,"20":35.3184127808,"21":36.0048828125,"22":36.2635574341,"23":37.5867500305,"24":37.2882843018,"25":36.7411003113,"26":36.9500236511,"27":35.7760620117,"28":35.676574707,"29":34.2240409851,"30":34.5921478271,"31":34.4926567078,"32":34.9204597473,"33":34.7612762451,"34":34.7911262512,"35":33.7464942932,"36":32.7217636108,"37":32.6123275757,"38":31.8860607147,"39":30.1549606323,"40":31.2791824341,"41":30.7419433594,"42":31.1200008392,"43":29.7000007629,"44":29.9200000763,"45":28.4699993134,"46":29.25,"47":26.7099990845,"48":24.5799999237,"49":25.5,"50":20.9200000763,"51":19.9899997711,"52":17.5499992371,"53":22.0,"54":24.0200004578,"55":22.1299991608,"56":22.1100006104,"57":24.0200004578,"58":26.1000003815,"59":24.7199993134,"60":25.7299995422,"61":24.7099990845,"62":24.5200004578,"63":24.3500003815,"64":24.3500003815,"65":25.8799991608,"66":27.0699996948,"67":28.5900001526,"68":30.7999992371,"69":29.4699993134,"70":29.5900001526,"71":28.2700004578,"72":27.8199996948,"73":29.5,"74":28.6399993896,"75":28.1800003052,"76":28.2299995422,"77":28.1800003052,"78":28.4899997711,"79":28.3700008392,"80":28.3700008392},"Volume":{"0":1403600,"1":1144700,"2":1427900,"3":1494800,"4":1241500,"5":943500,"6":685000,"7":1117800,"8":782700,"9":654400,"10":737800,"11":933500,"12":1244700,"13":835800,"14":1100000,"15":1263000,"16":980700,"17":1028400,"18":1029100,"19":701600,"20":1271100,"21":1284000,"22":1049000,"23":996300,"24":1271400,"25":724100,"26":1188300,"27":2203300,"28":1999100,"29":2771300,"30":1709700,"31":1366400,"32":2048300,"33":1065900,"34":765800,"35":1317500,"36":1750600,"37":1638500,"38":1377300,"39":3039500,"40":2544600,"41":1759000,"42":1139700,"43":1710200,"44":1823300,"45":2112400,"46":1974400,"47":2416700,"48":1965300,"49":2942800,"50":1572400,"51":2395700,"52":2560700,"53":3202700,"54":5227200,"55":2206900,"56":1600000,"57":1527400,"58":1587900,"59":1707800,"60":1286800,"61":1658700,"62":3402700,"63":1878200,"64":1702900,"65":1838800,"66":2017600,"67":1032200,"68":2235900,"69":1705700,"70":1690200,"71":1361200,"72":1538500,"73":918300,"74":1031000,"75":1353600,"76":891700,"77":1463100,"78":1925900,"79":679420,"80":679420}}