{"Open":{"0":252.6499938965,"1":247.9600067139,"2":246.8399963379,"3":248.6600036621,"4":249.8200073242,"5":256.3500061035,"6":255.9100036621,"7":253.3200073242,"8":253.6600036621,"9":250.8099975586,"10":252.6100006104,"11":253.1799926758,"12":256.8099975586,"13":255.4799957275,"14":255.0599975586,"15":260.0100097656,"16":244.6799926758,"17":246.5800018311,"18":250.2599945068,"19":242.3999938965,"20":245.7700042725,"21":244.0,"22":251.1300048828,"23":259.3099975586,"24":265.1199951172,"25":259.9599914551,"26":255.4299926758,"27":258.0700073242,"28":265.0,"29":262.6499938965,"30":264.6099853516,"31":264.3299865723,"32":263.1799926758,"33":264.1199951172,"34":268.3399963379,"35":249.6999969482,"36":244.8699951172,"37":234.8800048828,"38":216.2700042725,"39":203.1199951172,"40":209.5599975586,"41":215.7599945068,"42":202.1199951172,"43":194.7700042725,"44":174.9900054932,"45":153.7299957275,"46":157.5700073242,"47":156.0200042725,"48":133.8999938965,"49":148.9400024414,"50":132.6999969482,"51":135.1699981689,"52":138.8300018311,"53":147.3899993896,"54":169.6600036621,"55":152.2700042725,"56":154.75,"57":161.9700012207,"58":166.5500030518,"59":164.4100036621,"60":155.8500061035,"61":154.1999969482,"62":142.0700073242,"63":136.8899993896,"64":141.5500030518,"65":149.2200012207,"66":169.6300048828,"67":163.0099945068,"68":173.6499938965,"69":181.3999938965,"70":173.8800048828,"71":163.1999969482,"72":160.2700042725,"73":169.5899963379,"74":167.9499969482,"75":169.1399993896,"76":171.3699951172,"77":169.8200073242,"78":176.4900054932,"79":184.3699951172,"80":184.3699951172},"High":{"0":254.2700042725,"1":251.1199951172,"2":249.8000030518,"3":251.1199951172,"4":254.1199951172,"5":257.9400024414,"6":256.4800109863,"7":254.0599975586,"8":256.8599853516,"9":252.0700073242,"10":253.7899932861,"11":258.4899902344,"12":257.6700134277,"13":257.6300048828,"14":259.700012207,"15":270.3999938965,"16":247.1699981689,"17":252.3899993896,"18":254.9900054932,"19":248.3699951172,"20":245.7799987793,"21":246.6399993896,"22":255.9900054932,"23":263.5299987793,"24":266.5199890137,"25":260.4200134277,"26":257.6900024414,"27":265.1199951172,"28":267.5299987793,"29":265.9800109863,"30":267.5,"31":265.5100097656,"32":267.3999938965,"33":270.950012207,"34":270.0,"35":250.3500061035,"36":245.1799926758,"37":235.8800048828,"38":223.6100006104,"39":211.2899932861,"40":216.8899993896,"41":218.4299926758,"42":202.7100067139,"43":194.7700042725,"44":182.7799987793,"45":160.3300018311,"46":165.3699951172,"47":159.3000030518,"48":148.6000061035,"49":157.0700073242,"50":137.6900024414,"51":150.3300018311,"52":154.2200012207,"53":182.0,"54":173.8600006104,"55":152.8399963379,"56":159.3800048828,"57":171.5299987793,"58":173.6399993896,"59":164.4100036621,"60":163.4499969482,"61":157.9199981689,"62":144.5399932861,"63":149.9299926758,"64":144.3800048828,"65":160.3099975586,"66":174.1900024414,"67":170.1900024414,"68":186.8399963379,"69":185.3999938965,"70":178.1199951172,"71":166.5700073242,"72":163.4600067139,"73":175.9799957275,"74":180.2100067139,"75":171.7100067139,"76":174.2200012207,"77":174.0,"78":185.8200073242,"79":189.7700042725,"80":189.7700042725},"Low":{"0":249.6699981689,"1":246.8000030518,"2":245.0599975586,"3":247.5800018311,"4":249.1300048828,"5":254.7599945068,"6":251.1999969482,"7":250.5200042725,"8":252.3000030518,"9":248.3899993896,"10":250.6100006104,"11":253.1799926758,"12":253.3899993896,"13":253.4100036621,"14":251.2200012207,"15":250.0099945068,"16":241.3999938965,"17":244.5299987793,"18":245.7100067139,"19":242.3500061035,"20":239.6900024414,"21":242.8399963379,"22":249.8200073242,"23":258.1199951172,"24":261.3800048828,"25":256.4299926758,"26":254.6699981689,"27":257.2099914551,"28":264.4599914551,"29":261.700012207,"30":263.9400024414,"31":258.7699890137,"32":261.9299926758,"33":263.0100097656,"34":259.5100097656,"35":241.5,"36":229.8699951172,"37":224.1900024414,"38":208.2400054932,"39":199.0299987793,"40":202.1399993896,"41":195.8300018311,"42":193.0399932861,"43":184.0,"44":169.2400054932,"45":144.6699981689,"46":150.2599945068,"47":145.9799957275,"48":127.5599975586,"49":140.3699951172,"50":127.3899993896,"51":128.0800018311,"52":135.5500030518,"53":146.7599945068,"54":149.1499938965,"55":135.6300048828,"56":149.1199951172,"57":150.1699981689,"58":161.0099945068,"59":156.0099945068,"60":150.6000061035,"61":149.2599945068,"62":138.4400024414,"63":136.8899993896,"64":136.6300048828,"65":146.9199981689,"66":160.0599975586,"67":161.0099945068,"68":173.2400054932,"69":167.0299987793,"70":169.8399963379,"71":159.2299957275,"72":153.4499969482,"73":168.0099945068,"74":166.2700042725,"75":165.0700073242,"76":166.9400024414,"77":168.2700042725,"78":165.1199951172,"79":180.0200042725,"80":180.0200042725},"Close":{"0":254.2700042725,"1":250.3300018311,"2":249.2400054932,"3":250.3999938965,"4":252.7799987793,"5":256.1099853516,"6":251.7299957275,"7":253.8500061035,"8":253.4900054932,"9":250.5899963379,"10":252.3000030518,"11":258.3999938965,"12":254.1999969482,"13":256.299987793,"14":259.0799865723,"15":252.6600036621,"16":243.3800048828,"17":251.2799987793,"18":246.0200042725,"19":248.1399993896,"20":240.3300018311,"21":244.6900024414,"22":254.7299957275,"23":262.700012207,"24":262.0899963379,"25":257.1499938965,"26":256.3099975586,"27":263.6400146484,"28":265.1000061035,"29":265.950012207,"30":265.4200134277,"31":261.1099853516,"32":266.9899902344,"33":270.7900085449,"34":261.4200134277,"35":243.2700042725,"36":232.1600036621,"37":224.3000030518,"38":211.3699951172,"39":208.1600036621,"40":216.75,"41":198.6300048828,"42":202.3800048828,"43":185.0599975586,"44":174.4400024414,"45":148.1499938965,"46":161.9700012207,"47":148.75,"48":136.9600067139,"49":156.6699981689,"50":130.9799957275,"51":149.3699951172,"52":150.5099945068,"53":168.1699981689,"54":150.6399993896,"55":143.2100067139,"56":158.3699951172,"57":165.0,"58":171.5299987793,"59":159.3399963379,"60":155.7799987793,"61":151.0800018311,"62":140.0099945068,"63":142.9499969482,"64":139.3399963379,"65":159.3200073242,"66":160.1000061035,"67":168.5800018311,"68":185.6900024414,"69":170.4100036621,"70":172.0599975586,"71":161.8899993896,"72":161.3600006104,"73":173.6900024414,"74":174.6699981689,"75":165.4900054932,"76":167.5,"77":171.0,"78":184.0,"79":189.2799987793,"80":189.2799987793},"Volume":{"0":261800,"1":476500,"2":490800,"3":506500,"4":502000,"5":442400,"6":350000,"7":365300,"8":478800,"9":342600,"10":543200,"11":398400,"12":478800,"13":459400,"14":800900,"15":976700,"16":627600,"17":474500,"18":514700,"19":523800,"20":530100,"21":406100,"22":554000,"23":539200,"24":382900,"25":448000,"26":311200,"27":359200,"28":280500,"29":353700,"30":275100,"31":276600,"32":266100,"33":390600,"34":561200,"35":566200,"36":1220700,"37":600400,"38":781400,"39":1141200,"40":661100,"41":894900,"42":831400,"43":828300,"44":967900,"45":1554200,"46":1297700,"47":1129900,"48":1315000,"49":971000,"50":1161700,"51":1289000,"52":1392200,"53":1242900,"54":1041100,"55":761800,"56":753200,"57":924200,"58":922200,"59":869000,"60":708500,"61":464800,"62":490400,"63":532500,"64":591600,"65":686900,"66":592400,"67":372700,"68":795800,"69":566500,"70":420700,"71":548200,"72":505200,"73":450400,"74":322600,"75":282400,"76":392400,"77":574800,"78":813500,"79":140576,"80":140576}}