{"Open":{"0":103.292924767,"1":101.616515737,"2":101.6859465629,"3":102.2216115916,"4":101.765297738,"5":102.3604853239,"6":102.7275009206,"7":103.729384988,"8":104.2452009641,"9":103.7690642018,"10":103.9079427674,"11":104.2452068358,"12":105.5149210114,"13":106.9532582161,"14":105.8819426853,"15":108.0245819182,"16":106.506884325,"17":106.2192118326,"18":105.3165197637,"19":104.3344828792,"20":104.8701461127,"21":103.0647772422,"22":103.8980175004,"23":103.7888995399,"24":106.2092861878,"25":106.7846307478,"26":107.6377184994,"27":109.115737553,"28":109.5521999355,"29":108.6699981689,"30":107.9400024414,"31":109.6399993896,"32":109.5999984741,"33":110.0599975586,"34":110.3899993896,"35":109.9199981689,"36":109.7699966431,"37":108.0,"38":109.0,"39":104.0699996948,"40":103.5,"41":106.6200027466,"42":108.0199966431,"43":109.9899978638,"44":108.3499984741,"45":104.4100036621,"46":110.1299972534,"47":108.5899963379,"48":100.3399963379,"49":102.1699981689,"50":96.1900024414,"51":109.7399978638,"52":114.9400024414,"53":119.0,"54":107.1500015259,"55":103.6600036621,"56":96.8399963379,"57":105.4199981689,"58":105.0299987793,"59":101.4100036621,"60":104.3000030518,"61":110.5800018311,"62":108.6900024414,"63":108.1399993896,"64":108.6200027466,"65":114.0,"66":115.2099990845,"67":113.6699981689,"68":113.3300018311,"69":112.5999984741,"70":112.5100021362,"71":112.9899978638,"72":117.0,"73":122.3499984741,"74":121.4100036621,"75":124.0899963379,"76":118.0,"77":118.3499984741,"78":117.1200027466,"79":118.6600036621,"80":118.6600036621},"High":{"0":103.5508368173,"1":102.0331376575,"2":102.9457339796,"3":102.8465444653,"4":103.1639666883,"5":103.3326031252,"6":103.8781795617,"7":104.4336765495,"8":104.4634336433,"9":104.6419873541,"10":104.8106311535,"11":106.3184098375,"12":106.983019425,"13":107.7865095746,"14":108.1932142355,"15":108.0245819182,"16":107.2905346368,"17":107.0822132714,"18":105.6438687791,"19":105.1776484143,"20":105.1082146972,"21":103.9277787017,"22":104.8007058558,"23":106.6755103176,"24":107.5881116608,"25":107.6873115556,"26":109.0859810316,"27":109.9291454757,"28":110.365607836,"29":108.6699981689,"30":110.4499969482,"31":110.3000030518,"32":112.1800003052,"33":110.6800003052,"34":111.2600021362,"35":110.4300003052,"36":109.8099975586,"37":112.8600006104,"38":111.8499984741,"39":104.4700012207,"40":106.7699966431,"41":109.0899963379,"42":111.8000030518,"43":111.4700012207,"44":110.4899978638,"45":109.4899978638,"46":111.2300033569,"47":109.3799972534,"48":104.0500030518,"49":104.4400024414,"50":110.4499969482,"51":121.3899993896,"52":120.4300003052,"53":119.2799987793,"54":111.9300003052,"55":103.6600036621,"56":106.3399963379,"57":106.5899963379,"58":106.4400024414,"59":105.7900009155,"60":111.0800018311,"61":112.7200012207,"62":113.7699966431,"63":111.3899993896,"64":114.1600036621,"65":116.1800003052,"66":116.8300018311,"67":115.2900009155,"68":115.6500015259,"69":112.7399978638,"70":114.1200027466,"71":115.5899963379,"72":122.1500015259,"73":122.5,"74":123.5800018311,"75":125.6200027466,"76":119.6399993896,"77":119.0999984741,"78":118.0999984741,"79":118.8559036255,"80":118.8559036255},"Low":{"0":100.9518955542,"1":101.0709340069,"2":101.2792388309,"3":100.6146316146,"4":101.4181128253,"5":101.8347470646,"6":102.3803160092,"7":103.5111523076,"8":103.1738885983,"9":103.6202685047,"10":103.5905154645,"11":103.8881077391,"12":104.3642423274,"13":106.1299285889,"14":105.2867674434,"15":106.2489703679,"16":106.0803406761,"17":105.1875712306,"18":104.284879198,"19":103.7393076525,"20":102.7275061483,"21":102.8564662841,"22":103.650027192,"23":103.7293842886,"24":106.1993644567,"25":106.3481653733,"26":107.1020585106,"27":108.4908046897,"28":108.520559355,"29":107.4000015259,"30":107.6100006104,"31":108.6999969482,"32":109.1100006104,"33":109.2300033569,"34":110.1200027466,"35":108.5999984741,"36":106.3399963379,"37":106.6699981689,"38":106.0,"39":100.1399993896,"40":103.0199966431,"41":105.5100021362,"42":107.1100006104,"43":109.6800003052,"44":106.8600006104,"45":104.0,"46":105.8799972534,"47":104.2399978638,"48":99.0299987793,"49":98.2699966431,"50":91.8799972534,"51":109.7099990845,"52":113.3700027466,"53":108.6100006104,"54":101.8799972534,"55":93.4100036621,"56":96.8399963379,"57":100.6900024414,"58":101.3099975586,"59":100.1600036621,"60":104.3000030518,"61":107.5599975586,"62":108.0500030518,"63":107.3099975586,"64":108.5599975586,"65":111.1900024414,"66":112.8799972534,"67":110.1999969482,"68":112.4400024414,"69":109.2099990845,"70":111.1399993896,"71":112.0199966431,"72":116.5500030518,"73":120.0,"74":120.5599975586,"75":116.9800033569,"76":117.4899978638,"77":116.7399978638,"78":115.2300033569,"79":117.4899978638,"80":117.4899978638},"Close":{"0":101.3189239502,"1":101.4677200317,"2":102.8762969971,"3":101.4280395508,"4":102.4695968628,"5":102.7771072388,"6":103.5409088135,"7":104.3939971924,"8":103.5607528687,"9":103.7095489502,"10":104.1460113525,"11":105.5347595215,"12":106.9334259033,"13":106.1299285889,"14":107.5087585449,"15":106.8044662476,"16":106.3283309937,"17":105.4157180786,"18":104.3344802856,"19":104.9693374634,"20":102.7771072388,"21":103.3326034546,"22":103.7492218018,"23":106.5366363525,"24":106.9036560059,"25":107.3599700928,"26":109.0066223145,"27":109.3736495972,"28":108.5899963379,"29":107.7200012207,"30":110.0,"31":109.3399963379,"32":110.6600036621,"33":110.5599975586,"34":110.8700027466,"35":109.8199996948,"36":107.75,"37":109.1800003052,"38":106.1100006104,"39":102.9899978638,"40":106.7399978638,"41":106.25,"42":111.6999969482,"43":110.75,"44":109.9899978638,"45":108.3199996948,"46":111.0899963379,"47":105.5899963379,"48":99.2699966431,"49":103.0500030518,"50":107.8399963379,"51":117.1100006104,"52":118.8600006104,"53":109.0199966431,"54":104.1699981689,"55":95.7900009155,"56":105.7300033569,"57":105.1900024414,"58":103.4700012207,"59":103.0299987793,"60":110.6299972534,"61":111.0,"62":109.5999984741,"63":110.2600021362,"64":112.3300018311,"65":115.1900024414,"66":113.8799972534,"67":114.1299972534,"68":112.75,"69":110.2600021362,"70":113.0400009155,"71":115.4000015259,"72":121.1299972534,"73":121.5800018311,"74":121.6200027466,"75":117.3600006104,"76":118.5599975586,"77":116.8099975586,"78":117.8000030518,"79":118.4250030518,"80":118.4250030518},"Volume":{"0":713100,"1":666400,"2":1112300,"3":791800,"4":1009900,"5":902900,"6":697500,"7":951900,"8":1110000,"9":816600,"10":1624400,"11":1083200,"12":959500,"13":664900,"14":1149400,"15":493500,"16":667800,"17":565300,"18":478000,"19":825600,"20":2069700,"21":560600,"22":657600,"23":900200,"24":483800,"25":514000,"26":691400,"27":790000,"28":598400,"29":858500,"30":793600,"31":747700,"32":1267300,"33":509900,"34":471400,"35":1067100,"36":1292900,"37":1926000,"38":1216200,"39":1577700,"40":1046400,"41":926100,"42":1299900,"43":961900,"44":798400,"45":1044100,"46":996000,"47":1253100,"48":1781900,"49":1955900,"50":1925300,"51":2499400,"52":1715800,"53":1482000,"54":2140100,"55":2327300,"56":1921600,"57":1749600,"58":1472100,"59":1073400,"60":1336500,"61":1401400,"62":1592000,"63":1218000,"64":1386700,"65":1205900,"66":1358500,"67":956400,"68":1184500,"69":1250500,"70":1315700,"71":909900,"72":1138900,"73":1142100,"74":808100,"75":1038500,"76":652700,"77":658200,"78":1114000,"79":168258,"80":168258}}