{"Open":{"0":91.8068718206,"1":87.2552889612,"2":88.4180297654,"3":89.9286002621,"4":88.9844924783,"5":89.1434969322,"6":90.01804235,"7":90.6043768378,"8":91.1310857181,"9":90.3758114805,"10":90.4751850472,"11":90.9820244737,"12":90.9522023899,"13":92.0354506096,"14":94.6093759075,"15":93.6950827078,"16":92.1248815794,"17":92.2242708735,"18":92.810608865,"19":92.0354453995,"20":92.1646406918,"21":91.7174343171,"22":92.1547037852,"23":93.5857677687,"24":95.0068986942,"25":93.695081799,"26":93.9733496768,"27":93.5162006597,"28":94.3112417472,"29":93.7646491088,"30":94.1721091275,"31":94.510000766,"32":95.2454059579,"33":93.3174470954,"34":93.3571977192,"35":91.5286070769,"36":90.4354389366,"37":85.7944097453,"38":83.2502832309,"39":78.3409413489,"40":78.420443788,"41":80.8353630428,"42":81.3819555982,"43":82.4254386907,"44":79.3645514011,"45":75.7868829407,"46":74.862654602,"47":72.3483475305,"48":62.5296404304,"49":63.1458002961,"50":59.3494986858,"51":53.6749194765,"52":53.7146706706,"53":49.1929002667,"54":50.2960140141,"55":45.5357310708,"56":43.8860293168,"57":43.1208071544,"58":48.2885471303,"59":46.5295266558,"60":47.5099983215,"61":45.7900009155,"62":40.0600013733,"63":38.8899993896,"64":39.5800018311,"65":40.8899993896,"66":45.9599990845,"67":46.5900001526,"68":50.1100006104,"69":53.9099998474,"70":53.3499984741,"71":50.5099983215,"72":51.1899986267,"73":51.0,"74":49.9500007629,"75":46.0099983215,"76":46.1199989319,"77":44.4799995422,"78":45.5600013733,"79":44.9000015259,"80":44.9000015259},"High":{"0":91.985755404,"1":88.8354209098,"2":90.3161761491,"3":89.9286002621,"4":89.6602740444,"5":89.9285966712,"6":90.5646255937,"7":91.4192892306,"8":91.2404038793,"9":91.0913458201,"10":90.9621429443,"11":91.5087351269,"12":92.2441401632,"13":92.4727232875,"14":95.7919955705,"15":94.052849863,"16":92.5720943063,"17":92.8901123668,"18":92.8304890311,"19":92.4230252213,"20":92.5224078653,"21":92.9696194079,"22":93.7050230746,"23":95.1460271899,"24":95.2752278675,"25":93.9634109539,"26":93.9733496768,"27":94.6789401423,"28":95.2255322458,"29":94.4503707606,"30":94.8081379477,"31":95.1957224517,"32":95.3348515415,"33":94.0727341879,"34":93.8839083808,"35":91.8466214831,"36":90.4354389366,"37":86.0031059936,"38":83.8465668654,"39":79.1459136913,"40":81.1732552943,"41":82.8130225429,"42":84.5620998343,"43":83.6478034658,"44":80.8552454431,"45":78.1123618756,"46":75.0614107695,"47":72.6266091808,"48":65.6004739114,"49":65.7396085262,"50":61.6153523662,"51":59.528381012,"52":56.0302170681,"53":52.7109388926,"54":55.3544355893,"55":45.5357310708,"56":47.3046860447,"57":50.8426024077,"58":49.1630886599,"59":49.7693036162,"60":47.9900016785,"61":46.3300018311,"62":40.7799987793,"63":40.8899993896,"64":40.5299987793,"65":44.8699989319,"66":48.2700004578,"67":49.3600006104,"68":56.3499984741,"69":54.0,"70":55.2900009155,"71":51.3400001526,"72":51.1899986267,"73":52.0800018311,"74":50.1399993896,"75":46.9199981689,"76":46.1199989319,"77":47.7099990845,"78":45.6199989319,"79":47.2999992371,"80":47.2999992371},"Low":{"0":87.9807587341,"1":87.1559032988,"2":88.1795208527,"3":88.5770370603,"4":88.487594491,"5":89.0242462664,"6":89.5509570228,"7":90.4751860912,"8":90.0279716054,"9":89.670217224,"10":90.1174178953,"11":90.50499907,"12":90.3559263338,"13":91.2304782545,"14":91.300040999,"15":92.4627778297,"16":91.667736352,"17":91.8665037106,"18":92.2640180261,"19":91.2900984219,"20":90.9720885017,"21":91.5286106497,"22":91.8764345442,"23":93.2180681002,"24":93.4168265669,"25":93.2578091508,"26":93.0590591537,"27":93.5162006597,"28":94.0230399978,"29":93.7646491088,"30":93.9634128817,"31":93.3870139836,"32":93.1485033523,"33":93.039185425,"34":92.5025325613,"35":89.4416370618,"36":85.2875751862,"37":84.3633410916,"38":79.9409484863,"39":75.3595533166,"40":76.6017953396,"41":79.5434327913,"42":81.2825775124,"43":80.447779287,"44":77.7247864385,"45":72.7955549423,"46":70.6688342632,"47":66.8625896907,"48":57.9383041238,"49":60.6314937766,"50":52.0550358508,"51":51.409065844,"52":47.7618350163,"53":46.0723815432,"54":45.108397903,"55":39.0661209701,"56":41.1530904346,"57":42.5543437466,"58":44.810261178,"59":44.5717473968,"60":44.1199989319,"61":41.7299995422,"62":37.5,"63":38.3899993896,"64":37.7999992371,"65":40.4700012207,"66":45.0200004578,"67":45.3400001526,"68":49.9099998474,"69":50.7700004578,"70":52.0600013733,"71":48.3800010681,"72":48.9900016785,"73":50.2200012207,"74":47.0299987793,"75":44.3300018311,"76":43.9799995422,"77":44.0,"78":42.8300018311,"79":44.2099990845,"80":44.2099990845},"Close":{"0":88.3584060669,"1":88.7062301636,"2":90.0776672363,"3":88.9844970703,"4":89.3919448853,"5":89.7795257568,"6":90.5348129272,"7":91.3497238159,"8":90.2764205933,"9":90.1770477295,"10":90.9621429443,"11":90.6739425659,"12":91.7869949341,"13":92.1547088623,"14":93.4863891602,"15":92.7807922363,"16":92.0851364136,"17":92.4230270386,"18":92.4429016113,"19":92.2540817261,"20":91.4689865112,"21":91.6081161499,"22":93.387008667,"23":94.6988220215,"24":93.6652755737,"25":93.5261383057,"26":93.4366989136,"27":94.0031585693,"28":94.2416763306,"29":94.0727310181,"30":94.4503707886,"31":95.1758422852,"32":93.3472595215,"33":93.5758361816,"34":92.8006668091,"35":90.3658676147,"36":85.3670806885,"37":84.5024719238,"38":79.9409484863,"39":77.9533615112,"40":80.8651809692,"41":80.209274292,"42":84.0751419067,"43":82.2068023682,"44":80.0800857544,"45":72.9446258545,"46":74.4750747681,"47":67.5681838989,"48":59.6277580261,"49":65.5110321045,"50":52.2935447693,"51":58.3557014465,"52":49.4015960693,"53":49.669921875,"54":45.555606842,"55":40.884765625,"56":46.8376045227,"57":47.642578125,"58":48.3978652954,"59":47.2549972534,"60":46.0800018311,"61":43.0999984741,"62":39.7299995422,"63":39.9599990845,"64":38.6399993896,"65":43.1500015259,"66":46.1800003052,"67":48.7200012207,"68":54.1699981689,"69":52.6100006104,"70":52.5999984741,"71":51.2599983215,"72":49.3400001526,"73":51.2599983215,"74":47.5299987793,"75":44.8600006104,"76":44.6899986267,"77":45.7099990845,"78":44.7200012207,"79":47.1199989319,"80":47.1199989319},"Volume":{"0":1172000,"1":846500,"2":633000,"3":626700,"4":611400,"5":486800,"6":1008100,"7":502900,"8":795600,"9":857300,"10":863100,"11":951800,"12":1278500,"13":990600,"14":1135600,"15":850800,"16":761100,"17":705200,"18":510500,"19":678900,"20":2891300,"21":649300,"22":488800,"23":640500,"24":323500,"25":223300,"26":428700,"27":414300,"28":529600,"29":387400,"30":345700,"31":759700,"32":720800,"33":414400,"34":906500,"35":822800,"36":1199600,"37":1074700,"38":1269900,"39":1546700,"40":1031400,"41":1237300,"42":1111100,"43":1042300,"44":1075800,"45":1944200,"46":1825000,"47":1584000,"48":1399700,"49":1516300,"50":1359200,"51":1568400,"52":1754200,"53":1288100,"54":1949200,"55":1720000,"56":1923700,"57":2004600,"58":1715900,"59":1167700,"60":1129700,"61":1882700,"62":1859200,"63":2463600,"64":1333800,"65":1784700,"66":2400200,"67":1946200,"68":2538900,"69":1295700,"70":1430500,"71":1148700,"72":1721000,"73":1255800,"74":1195900,"75":1895300,"76":2422400,"77":2947300,"78":2180900,"79":618349,"80":618349}}