{"Open":{"0":140.3099975586,"1":141.1000061035,"2":140.5200042725,"3":141.1799926758,"4":143.1999969482,"5":147.0399932861,"6":149.7700042725,"7":148.9600067139,"8":149.5899963379,"9":148.7799987793,"10":148.4900054932,"11":150.3099975586,"12":151.1000061035,"13":154.1600036621,"14":153.0,"15":156.2899932861,"16":150.7400054932,"17":151.6699981689,"18":153.0,"19":149.6600036621,"20":150.2200012207,"21":148.7700042725,"22":152.5800018311,"23":157.4400024414,"24":154.8000030518,"25":154.5,"26":153.6399993896,"27":157.8800048828,"28":158.1999969482,"29":158.7799987793,"30":162.0099945068,"31":164.0099945068,"32":165.2400054932,"33":159.0599975586,"34":153.5200042725,"35":144.9700012207,"36":147.3500061035,"37":142.9600067139,"38":139.8399963379,"39":131.5099945068,"40":137.9600067139,"41":141.2200012207,"42":142.5800018311,"43":142.9100036621,"44":136.8800048828,"45":128.1100006104,"46":131.3899993896,"47":131.5500030518,"48":123.1200027466,"49":124.9100036621,"50":112.5899963379,"51":115.0199966431,"52":112.8899993896,"53":113.8499984741,"54":116.5999984741,"55":110.3499984741,"56":114.2799987793,"57":119.9899978638,"58":122.2399978638,"59":123.9300003052,"60":125.6999969482,"61":128.2299957275,"62":122.8799972534,"63":124.6800003052,"64":127.8099975586,"65":130.3600006104,"66":138.1999969482,"67":138.6499938965,"68":139.6799926758,"69":133.8500061035,"70":142.1999969482,"71":145.1699981689,"72":147.0899963379,"73":155.5299987793,"74":151.9100036621,"75":149.4299926758,"76":148.5200042725,"77":149.7400054932,"78":152.9900054932,"79":155.6049957275,"80":155.6049957275},"High":{"0":142.9299926758,"1":142.0899963379,"2":142.1600036621,"3":143.4799957275,"4":146.6000061035,"5":149.3000030518,"6":150.5299987793,"7":150.4299926758,"8":149.5899963379,"9":150.0299987793,"10":149.75,"11":151.9900054932,"12":154.0700073242,"13":155.6999969482,"14":155.3600006104,"15":156.9700012207,"16":151.4499969482,"17":152.7100067139,"18":153.3699951172,"19":150.8699951172,"20":150.5,"21":150.8500061035,"22":155.9199981689,"23":158.0,"24":156.1300048828,"25":155.1799926758,"26":157.1100006104,"27":159.5299987793,"28":160.0200042725,"29":161.9299926758,"30":164.1000061035,"31":164.4900054932,"32":166.8699951172,"33":160.5,"34":154.2400054932,"35":146.9299926758,"36":148.0299987793,"37":145.8300018311,"38":141.7599945068,"39":138.0700073242,"40":141.7299957275,"41":144.3300018311,"42":146.9600067139,"43":145.3200073242,"44":139.7599945068,"45":132.6699981689,"46":135.2899932861,"47":135.3300018311,"48":129.0399932861,"49":129.9700012207,"50":125.3799972534,"51":120.6500015259,"52":115.6800003052,"53":117.3000030518,"54":119.5599975586,"55":112.4800033569,"56":121.4700012207,"57":125.6299972534,"58":128.3399963379,"59":128.3500061035,"60":130.4600067139,"61":131.0,"62":127.8099975586,"63":128.7899932861,"64":128.6399993896,"65":136.5599975586,"66":140.7700042725,"67":139.6300048828,"68":141.0299987793,"69":140.5200042725,"70":147.8300018311,"71":147.8899993896,"72":152.0500030518,"73":156.0899963379,"74":154.6699981689,"75":149.9199981689,"76":151.3200073242,"77":152.7799987793,"78":153.4400024414,"79":155.6047973633,"80":155.6047973633},"Low":{"0":139.8399963379,"1":140.0500030518,"2":139.6999969482,"3":140.3200073242,"4":142.5599975586,"5":146.5200042725,"6":147.2200012207,"7":148.6499938965,"8":147.2599945068,"9":147.4600067139,"10":148.2299957275,"11":149.1100006104,"12":151.0,"13":153.3099975586,"14":152.1100006104,"15":153.3000030518,"16":149.2700042725,"17":150.8500061035,"18":150.3399963379,"19":148.6399993896,"20":147.1399993896,"21":148.5,"22":152.0200042725,"23":153.5700073242,"24":154.1999969482,"25":153.3500061035,"26":153.5599975586,"27":157.1499938965,"28":156.9499969482,"29":158.2799987793,"30":162.0099945068,"31":162.3800048828,"32":164.5200042725,"33":151.0500030518,"34":148.1600036621,"35":141.3000030518,"36":141.5599975586,"37":141.1000061035,"38":136.1199951172,"39":131.5099945068,"40":135.4100036621,"41":138.1900024414,"42":141.6199951172,"43":141.3099975586,"44":133.7100067139,"45":126.0,"46":128.0700073242,"47":128.8200073242,"48":119.0599975586,"49":116.4700012207,"50":109.1299972534,"51":111.0999984741,"52":108.5199966431,"53":108.7900009155,"54":109.2099990845,"55":104.9000015259,"56":114.0100021362,"57":117.9100036621,"58":121.5599975586,"59":120.1699981689,"60":124.4300003052,"61":126.7300033569,"62":122.5100021362,"63":124.0,"64":123.9400024414,"65":129.1100006104,"66":135.3399963379,"67":135.2799987793,"68":136.1000061035,"69":133.2700042725,"70":142.0299987793,"71":144.2799987793,"72":147.0299987793,"73":153.0700073242,"74":150.9900054932,"75":142.8600006104,"76":147.0099945068,"77":149.3600006104,"78":150.1499938965,"79":153.5299987793,"80":153.5299987793},"Close":{"0":142.8699951172,"1":141.7599945068,"2":141.9799957275,"3":142.9600067139,"4":145.8600006104,"5":148.6699981689,"6":148.4600067139,"7":149.9299926758,"8":148.1900024414,"9":147.9100036621,"10":149.6900024414,"11":151.8600006104,"12":153.5800018311,"13":153.4299926758,"14":154.9600067139,"15":154.0500030518,"16":150.3800048828,"17":152.0500030518,"18":150.4400024414,"19":150.8200073242,"20":147.5099945068,"21":150.2599945068,"22":155.8099975586,"23":154.2100067139,"24":154.7700042725,"25":154.2799987793,"26":156.9199981689,"27":158.2200012207,"28":159.5200042725,"29":161.3699951172,"30":163.3500061035,"31":162.9199981689,"32":164.9900054932,"33":155.0800018311,"34":149.3300018311,"35":145.9400024414,"36":142.1600036621,"37":142.0399932861,"38":136.8300018311,"39":137.9299926758,"40":141.6300048828,"41":140.1199951172,"42":146.8200073242,"43":142.6399993896,"44":137.7200012207,"45":127.6999969482,"46":135.1900024414,"47":131.7400054932,"48":119.1500015259,"49":129.8800048828,"50":112.75,"51":119.6200027466,"52":114.2300033569,"53":114.9599990845,"54":110.0,"55":108.4800033569,"56":120.6299972534,"57":121.3199996948,"58":127.9700012207,"59":124.3799972534,"60":129.3099975586,"61":128.7899932861,"62":125.9599990845,"63":128.6499938965,"64":124.5500030518,"65":135.9100036621,"66":135.5099945068,"67":138.8500061035,"68":136.5800018311,"69":140.1300048828,"70":147.4299926758,"71":146.1699981689,"72":151.8300018311,"73":154.9799957275,"74":151.0099945068,"75":144.8399963379,"76":150.7200012207,"77":151.9900054932,"78":153.0299987793,"79":154.1999969482,"80":154.1999969482},"Volume":{"0":1095100,"1":834800,"2":924800,"3":701100,"4":1241800,"5":1211800,"6":739500,"7":717100,"8":802300,"9":842400,"10":819300,"11":1431800,"12":1015800,"13":648900,"14":856500,"15":826500,"16":886600,"17":829800,"18":765000,"19":1337700,"20":984500,"21":969300,"22":1160600,"23":982700,"24":507900,"25":589000,"26":676500,"27":837300,"28":682600,"29":788800,"30":784900,"31":910200,"32":1760900,"33":4667200,"34":2777000,"35":2503500,"36":2162800,"37":2039900,"38":1840800,"39":3132600,"40":1692700,"41":2075100,"42":1529100,"43":1486600,"44":1491300,"45":1870800,"46":1614300,"47":2063100,"48":2429200,"49":2032200,"50":2003100,"51":1780400,"52":1858000,"53":1424800,"54":1825500,"55":1508900,"56":1709600,"57":1528100,"58":1373500,"59":1300800,"60":1502100,"61":2463800,"62":1542100,"63":1843300,"64":702300,"65":1314200,"66":1203400,"67":657800,"68":1104400,"69":920700,"70":1081800,"71":932000,"72":1275400,"73":1431400,"74":1002600,"75":1127100,"76":912100,"77":920500,"78":910700,"79":171931,"80":171931}}