{"Open":{"0":63.0825144542,"1":61.9725003126,"2":62.0022327494,"3":62.0022324631,"4":62.1409846275,"5":62.1409867246,"6":62.8545644049,"7":63.1816230449,"8":63.9744901969,"9":64.4204772339,"10":65.1043285803,"11":65.748528429,"12":66.7396126944,"13":67.6415056861,"14":67.3639977757,"15":68.3848128469,"16":68.7911653935,"17":69.1281248931,"18":69.4254564266,"19":69.4353652316,"20":70.2282290758,"21":70.0399250532,"22":69.8218808851,"23":68.7812470389,"24":68.1370404852,"25":68.4145462565,"26":67.9289180127,"27":67.9586514892,"28":67.7306992655,"29":67.9883765744,"30":69.1200027466,"31":69.1699981689,"32":69.3799972534,"33":67.5500030518,"34":69.6299972534,"35":68.7399978638,"36":67.9000015259,"37":66.7799987793,"38":65.7799987793,"39":61.7000007629,"40":60.6599998474,"41":64.7300033569,"42":64.6399993896,"43":67.0,"44":65.5100021362,"45":62.8600006104,"46":63.0900001526,"47":60.4399986267,"48":53.8199996948,"49":55.1199989319,"50":48.9199981689,"51":49.0099983215,"52":53.0099983215,"53":55.9199981689,"54":51.0099983215,"55":45.6800003052,"56":45.5699996948,"57":48.9099998474,"58":50.0,"59":53.2200012207,"60":56.7200012207,"61":57.0,"62":51.9000015259,"63":49.4099998474,"64":51.5900001526,"65":52.5299987793,"66":57.3600006104,"67":55.2799987793,"68":58.9099998474,"69":60.0,"70":59.0699996948,"71":57.9799995422,"72":56.2200012207,"73":56.5,"74":56.7599983215,"75":54.9099998474,"76":56.4799995422,"77":57.0099983215,"78":56.9099998474,"79":58.1899986267,"80":58.1899986267},"High":{"0":63.1023328123,"1":62.3491134067,"2":62.4383084633,"3":62.170714972,"4":62.2797358207,"5":62.7158136559,"6":63.2410904571,"7":64.2420829253,"8":64.3411865234,"9":65.1142331949,"10":65.5998707189,"11":66.7297073242,"12":67.6910602702,"13":67.9685653305,"14":68.3749003851,"15":68.9001733269,"16":69.4452771044,"17":69.81197543,"18":69.7029588136,"19":70.2678799946,"20":70.4660871736,"21":70.1489449301,"22":70.1291221377,"23":68.9299111856,"24":68.8109780608,"25":68.5235661316,"26":67.9883806504,"27":68.166778289,"28":68.2857116302,"29":69.0488363966,"30":69.2300033569,"31":69.5500030518,"32":69.4300003052,"33":69.9199981689,"34":70.3700027466,"35":69.4700012207,"36":68.1299972534,"37":67.5500030518,"38":66.2799987793,"39":61.8600006104,"40":64.1500015259,"41":66.0,"42":67.8399963379,"43":68.5599975586,"44":67.1600036621,"45":65.1100006104,"46":63.3800010681,"47":60.7400016785,"48":56.6800003052,"49":55.1899986267,"50":52.6300010681,"51":56.5800018311,"52":56.1500015259,"53":56.0200004578,"54":51.2200012207,"55":45.8400001526,"56":49.3899993896,"57":52.0,"58":55.7999992371,"59":58.2599983215,"60":58.3699989319,"61":57.2900009155,"62":52.4300003052,"63":52.8499984741,"64":52.8199996948,"65":56.2000007629,"66":57.5,"67":58.6199989319,"68":61.8600006104,"69":60.2299995422,"70":59.5900001526,"71":57.9900016785,"72":56.4500007629,"73":57.8499984741,"74":56.7599983215,"75":55.8199996948,"76":57.6300010681,"77":57.5,"78":58.1899986267,"79":59.1399993896,"80":59.1399993896},"Low":{"0":61.8634774914,"1":61.8733933945,"2":61.9526755118,"3":61.6850858034,"4":61.8238379629,"5":61.9923225664,"6":62.7455483078,"7":63.1419787662,"8":63.8357390093,"9":64.3511016378,"10":65.0250400234,"11":65.629603153,"12":66.6603316976,"13":67.5225728441,"14":67.2946221806,"15":68.2460616576,"16":68.7217822331,"17":68.9001721937,"18":69.0290212047,"19":69.1083131517,"20":69.484915904,"21":69.5642088277,"22":68.7911599413,"23":67.9883766307,"24":67.9487320628,"25":67.7009643691,"26":67.4829255463,"27":67.6613231688,"28":67.5622167446,"29":67.9289139403,"30":68.7600021362,"31":69.1500015259,"32":68.5999984741,"33":67.5299987793,"34":68.9599990845,"35":67.6999969482,"36":66.5899963379,"37":66.1500015259,"38":62.8699989319,"39":59.0699996948,"40":60.2700004578,"41":63.6100006104,"42":64.6299972534,"43":66.3099975586,"44":63.5,"45":61.7000007629,"46":58.9700012207,"47":57.0900001526,"48":50.0299987793,"49":51.0,"50":47.3300018311,"51":48.9300003052,"52":50.5400009155,"53":50.5099983215,"54":46.1500015259,"55":41.9599990845,"56":44.7099990845,"57":47.2200012207,"58":49.9000015259,"59":53.0,"60":56.2599983215,"61":53.5900001526,"62":49.2599983215,"63":49.3100013733,"64":49.9399986267,"65":52.2299995422,"66":54.8800010681,"67":54.7999992371,"68":58.8100013733,"69":57.1599998474,"70":58.0400009155,"71":55.4799995422,"72":55.0200004578,"73":56.0099983215,"74":55.2200012207,"75":54.4000015259,"76":56.2299995422,"77":56.0999984741,"78":56.2900009155,"79":57.9700012207,"80":57.9700012207},"Close":{"0":62.0616950989,"1":62.0022354126,"2":62.2500038147,"3":62.0616950989,"4":62.0418739319,"5":62.6959915161,"6":63.0924263,"7":63.9645805359,"8":64.3411865234,"9":64.9953079224,"10":65.5602264404,"11":66.6603317261,"12":67.5126647949,"13":67.6910629272,"14":68.3451690674,"15":68.820892334,"16":69.1182174683,"17":69.425453186,"18":69.4750061035,"19":70.2183227539,"20":69.7723312378,"21":70.0696563721,"22":68.9199981689,"23":68.4145431519,"24":68.226234436,"25":67.7703399658,"26":67.8298110962,"27":67.9784698486,"28":68.0082092285,"29":68.9199981689,"30":69.0199966431,"31":69.4000015259,"32":68.6100006104,"33":69.8099975586,"34":68.9899978638,"35":67.8000030518,"36":66.8600006104,"37":66.1900024414,"38":62.8800010681,"39":60.3600006104,"40":63.9300003052,"41":63.9000015259,"42":67.8000030518,"43":67.5699996948,"44":66.8700027466,"45":62.1599998474,"46":62.0200004578,"47":58.1800003052,"48":52.1899986267,"49":53.9700012207,"50":47.6199989319,"51":56.5600013733,"52":55.9199981689,"53":50.9000015259,"54":46.3600006104,"55":43.2299995422,"56":49.0400009155,"57":50.1399993896,"58":55.1399993896,"59":56.0099983215,"60":57.9900016785,"61":54.1399993896,"62":50.1399993896,"63":52.4000015259,"64":50.2700004578,"65":55.4000015259,"66":55.1199989319,"67":58.1800003052,"68":60.3300018311,"69":57.7200012207,"70":59.0,"71":55.8899993896,"72":55.3199996948,"73":57.4700012207,"74":55.5299987793,"75":55.5,"76":57.0499992371,"77":56.7999992371,"78":57.7299995422,"79":59.0001983643,"80":59.0001983643},"Volume":{"0":4675900,"1":3531800,"2":3507600,"3":3191700,"4":3413600,"5":3114700,"6":4427800,"7":5262100,"8":5153300,"9":3772400,"10":3145900,"11":6072600,"12":4546600,"13":3369800,"14":3481200,"15":5048900,"16":4412300,"17":4714600,"18":3252100,"19":3755400,"20":5469000,"21":3144600,"22":5504400,"23":6441600,"24":5625700,"25":3732400,"26":3659800,"27":3341900,"28":3545000,"29":4513500,"30":5032000,"31":5167500,"32":4894000,"33":5046500,"34":5386400,"35":5644300,"36":5246600,"37":5026400,"38":8529100,"39":15575400,"40":7744600,"41":9656500,"42":6517200,"43":7867000,"44":9790800,"45":8520000,"46":10316600,"47":7726600,"48":10790400,"49":9862400,"50":10451100,"51":10298100,"52":8141700,"53":6855400,"54":11839200,"55":10346000,"56":8055000,"57":8206500,"58":8647300,"59":10065000,"60":7222600,"61":9803300,"62":6932900,"63":5471100,"64":6180300,"65":6795800,"66":6086000,"67":5636100,"68":7530900,"69":4771400,"70":4522300,"71":5571900,"72":5003600,"73":4648100,"74":4436400,"75":5497900,"76":3662900,"77":4653200,"78":4860100,"79":1813383,"80":1813383}}