{"Open":{"0":273.9376156909,"1":273.9176365823,"2":274.9652592512,"3":282.4679105242,"4":281.2806534446,"5":285.0220134859,"6":289.9706022941,"7":288.0949575405,"8":293.1732260929,"9":289.33207889,"10":295.5078107919,"11":298.7303927992,"12":294.0811363507,"13":298.2115877475,"14":293.7119847334,"15":297.9821225225,"16":290.3297654708,"17":293.4126511375,"18":298.2315518806,"19":295.9567876366,"20":297.8224868866,"21":293.9713739053,"22":298.2814257051,"23":298.8800582079,"24":296.2960147588,"25":296.4256892442,"26":293.7518541229,"27":296.4955464001,"28":294.6697687609,"29":301.2246393228,"30":301.0350584019,"31":306.2230731296,"32":307.4303258114,"33":309.3757887789,"34":300.7257811681,"35":284.1540407521,"36":291.25,"37":283.7200012207,"38":276.8500061035,"39":260.2200012207,"40":271.049987793,"41":289.8299865723,"42":285.0299987793,"43":289.299987793,"44":268.8900146484,"45":249.8399963379,"46":252.5099945068,"47":250.9100036621,"48":224.2299957275,"49":237.7299957275,"50":222.6100006104,"51":228.6199951172,"52":212.8999938965,"53":192.7899932861,"54":211.0099945068,"55":202.8300018311,"56":202.7799987793,"57":220.1300048828,"58":231.5299987793,"59":239.0800018311,"60":241.4100036621,"61":243.9499969482,"62":233.9600067139,"63":233.3399963379,"64":238.3300018311,"65":248.2299957275,"66":264.8599853516,"67":259.5,"68":262.950012207,"69":279.5,"70":275.6000061035,"71":270.200012207,"72":274.1799926758,"73":282.6799926758,"74":277.8500061035,"75":271.25,"76":272.7099914551,"77":276.7900085449,"78":282.6099853516,"79":286.4599914551,"80":286.4599914551},"High":{"0":277.259932614,"1":277.559254158,"2":278.4272685549,"3":286.0296953745,"4":286.1494187335,"5":290.2299919809,"6":290.2399694595,"7":293.5822903182,"8":293.582285456,"9":295.4679082666,"10":297.5131910566,"11":298.7503357744,"12":296.9046050692,"13":298.9000010222,"14":297.253796305,"15":298.4510412456,"16":293.2530097539,"17":297.7426516383,"18":300.0174072966,"19":299.4088099725,"20":299.1993133671,"21":296.6851105842,"22":300.1970170362,"23":299.668216812,"24":298.2016193528,"25":296.9345243684,"26":296.1064343442,"27":297.3934674873,"28":303.4395325388,"29":303.1202572041,"30":306.991309357,"31":308.2184667401,"32":312.2192585723,"33":309.6551426576,"34":301.1847131683,"35":292.0558132938,"36":292.8200073242,"37":289.3399963379,"38":277.3800048828,"39":265.9200134277,"40":291.2699890137,"41":297.6400146484,"42":296.2399902344,"43":289.4800109863,"44":272.3099975586,"45":258.7799987793,"46":259.4299926758,"47":254.7700042725,"48":231.3899993896,"49":249.9199981689,"50":232.3200073242,"51":231.2899932861,"52":218.5200042725,"53":211.9199981689,"54":215.0,"55":212.0299987793,"56":219.3999938965,"57":234.6999969482,"58":246.5500030518,"59":246.5299987793,"60":248.6300048828,"61":248.1799926758,"62":239.4400024414,"63":241.6999969482,"64":241.4799957275,"65":257.299987793,"66":265.2399902344,"67":262.0899963379,"68":284.8800048828,"69":280.4100036621,"70":278.9899902344,"71":274.9200134277,"72":276.1499938965,"73":286.6199951172,"74":280.6700134277,"75":273.549987793,"76":277.3999938965,"77":281.299987793,"78":284.5299987793,"79":290.6549987793,"80":290.6549987793},"Low":{"0":273.0895673277,"1":273.3988452219,"2":274.1371538113,"3":280.3228685136,"4":280.4825081781,"5":285.0220134859,"6":287.4264572758,"7":287.7756872352,"8":289.232311348,"9":289.33207889,"10":293.3427953891,"11":294.7296188406,"12":293.3328637053,"13":296.1962510352,"14":293.7119847334,"15":292.6444384479,"16":289.3420553932,"17":292.7242379029,"18":296.3259472685,"19":294.6098908932,"20":291.9959411231,"21":293.6022309384,"22":297.1240937161,"23":290.9882723243,"24":291.5968407797,"25":294.061152639,"26":293.0634409125,"27":291.9061347415,"28":294.001298479,"29":296.914581724,"30":299.8577530693,"31":303.5791826851,"32":306.4725149014,"33":299.8278233511,"34":290.9782640004,"35":282.6674821713,"36":280.950012207,"37":281.3500061035,"38":267.1499938965,"39":257.0,"40":269.2200012207,"41":277.6600036621,"42":281.9299926758,"43":274.9599914551,"44":264.0,"45":241.9499969482,"46":245.6799926758,"47":237.2299957275,"48":213.6699981689,"49":225.6799926758,"50":209.6900024414,"51":220.1499938965,"52":186.0599975586,"53":186.7400054932,"54":205.1100006104,"55":191.3200073242,"56":199.8999938965,"57":217.3300018311,"58":230.4100036621,"59":236.7700042725,"60":239.0099945068,"61":240.4900054932,"62":233.4100036621,"63":230.1100006104,"64":236.0200042725,"65":243.9600067139,"66":255.7400054932,"67":255.2299957275,"68":262.950012207,"69":267.3699951172,"70":271.25,"71":267.1400146484,"72":270.8900146484,"73":278.2900085449,"74":276.4899902344,"75":265.9200134277,"76":269.3999938965,"77":276.0299987793,"78":280.3800048828,"79":285.1900024414,"80":285.1900024414},"Close":{"0":277.2000732422,"1":276.2722167969,"2":278.3973388672,"3":280.3328552246,"4":284.3535766602,"5":288.9130249023,"6":288.2745056152,"7":293.5623168945,"8":289.5017089844,"9":293.7019958496,"10":297.5032043457,"11":296.1064453125,"12":295.5178222656,"13":296.7350158691,"14":296.5055236816,"15":294.1509399414,"16":292.454864502,"17":296.5953063965,"18":296.6252441406,"19":299.169342041,"20":293.0534973145,"21":294.9890441895,"22":297.2338562012,"23":294.0910949707,"24":294.8393554688,"25":294.7994689941,"26":295.876953125,"27":293.4425964355,"28":303.1302185059,"29":300.6559448242,"30":306.94140625,"31":306.0335083008,"32":310.443359375,"33":302.7111816406,"34":292.5745849609,"35":290.2300109863,"36":282.6300048828,"37":282.7699890137,"38":267.1499938965,"39":265.9100036621,"40":289.3099975586,"41":280.1400146484,"42":296.0599975586,"43":278.4200134277,"44":271.0599975586,"45":242.5099945068,"46":259.1700134277,"47":240.3600006104,"48":221.4600067139,"49":248.1000061035,"50":222.1600036621,"51":227.6600036621,"52":193.0800018311,"53":207.7799987793,"54":208.7899932861,"55":192.0500030518,"56":218.6600036621,"57":227.1900024414,"58":244.9499969482,"59":239.75,"60":246.9900054932,"61":245.0500030518,"62":234.3300018311,"63":241.3399963379,"64":238.8000030518,"65":255.8300018311,"66":256.0599975586,"67":261.5100097656,"68":283.549987793,"69":268.4400024414,"70":277.3399963379,"71":273.25,"72":274.549987793,"73":282.5899963379,"74":279.1700134277,"75":267.2300109863,"76":276.0100097656,"77":279.5599975586,"78":283.9400024414,"79":290.0199890137,"80":290.0199890137},"Volume":{"0":1092300,"1":576800,"2":875100,"3":1253700,"4":1004500,"5":1316100,"6":834500,"7":961700,"8":1249100,"9":1066200,"10":789500,"11":2246600,"12":1423500,"13":956300,"14":813400,"15":835800,"16":919400,"17":882400,"18":760100,"19":913900,"20":1209700,"21":1002300,"22":1308000,"23":1324200,"24":1975100,"25":1401600,"26":1089000,"27":1397500,"28":1288000,"29":1107700,"30":979300,"31":1047000,"32":1341100,"33":1898500,"34":2066700,"35":2006000,"36":1439400,"37":1460500,"38":2298200,"39":2901500,"40":3140800,"41":2691800,"42":1468300,"43":1824800,"44":2513700,"45":3947500,"46":3059300,"47":3389000,"48":4659900,"49":3394400,"50":3119400,"51":3205300,"52":4235700,"53":3203500,"54":3558500,"55":2605100,"56":2755800,"57":2045300,"58":2884200,"59":2924900,"60":2529500,"61":3805600,"62":3457900,"63":1735600,"64":2217600,"65":2129200,"66":1678600,"67":1326200,"68":2740500,"69":2900400,"70":2588700,"71":1594000,"72":1265100,"73":2667700,"74":1512900,"75":1856200,"76":1112200,"77":1699400,"78":1124500,"79":454681,"80":454681}}