{"Open":{"0":149.7856588653,"1":147.2715780031,"2":146.2323102209,"3":146.8360818996,"4":147.806079258,"5":148.2316793128,"6":147.7268842481,"7":148.2712746782,"8":149.7064809693,"9":150.2310695036,"10":152.9431061231,"11":153.8933156265,"12":155.4175975906,"13":156.5657449449,"14":155.8432093254,"15":158.159316051,"16":157.5258488442,"17":157.3278940583,"18":157.8426001461,"19":157.149740175,"20":158.9115782094,"21":159.6440151787,"22":159.0402429075,"23":157.3180018411,"24":157.7139101377,"25":159.0204556117,"26":157.0705588929,"27":156.9121866333,"28":156.2985141512,"29":157.1695320469,"30":157.991061391,"31":159.85188343,"32":159.0105392745,"33":157.7040180719,"34":157.9415826119,"35":156.2292301319,"36":152.9134137905,"37":148.4197401046,"38":146.0541313958,"39":136.6906826896,"40":139.0265926492,"41":141.1942423249,"42":141.2437233401,"43":143.4410795812,"44":136.7005721059,"45":132.7315032938,"46":128.534773469,"47":125.9711957203,"48":115.2319191378,"49":108.6596868,"50":96.9999033197,"51":88.3787900643,"52":92.0410293477,"53":101.4599990845,"54":99.1500015259,"55":100.3099975586,"56":96.6699981689,"57":104.1600036621,"58":111.3499984741,"59":118.9499969482,"60":122.6299972534,"61":118.3499984741,"62":108.3499984741,"63":102.1800003052,"64":104.6500015259,"65":108.9499969482,"66":117.6600036621,"67":117.6500015259,"68":122.9800033569,"69":129.7700042725,"70":130.0399932861,"71":124.0699996948,"72":121.6600036621,"73":120.2300033569,"74":122.9400024414,"75":120.1600036621,"76":121.0299987793,"77":124.2200012207,"78":126.4400024414,"79":128.0800018311,"80":128.0800018311},"High":{"0":149.9440296686,"1":147.9050461413,"2":147.6180170989,"3":147.7961841768,"4":148.9443373905,"5":148.6869916137,"6":148.7661718815,"7":150.25086442,"8":150.3795342624,"9":152.8936202151,"10":154.3881981622,"11":155.694749697,"12":156.5063629059,"13":157.1893205446,"14":158.5453452661,"15":158.8719695676,"16":158.565136487,"17":158.317688944,"18":158.1791268007,"19":159.7331054628,"20":159.5549388694,"21":160.2180980417,"22":160.010252818,"23":158.6839236188,"24":159.5945294427,"25":159.436167666,"26":157.6248416338,"27":157.9514743144,"28":157.6743284393,"29":158.159326988,"30":159.3173980713,"31":160.1092246783,"32":159.6341148734,"33":158.6344276639,"34":158.9511625559,"35":156.6152495554,"36":153.1905551439,"37":149.3996424786,"38":149.1323941046,"39":139.4027110687,"40":142.2335183289,"41":144.7773102823,"42":146.4896391127,"43":143.9161769192,"44":141.1942342363,"45":134.7506782621,"46":132.6523241068,"47":126.4858933058,"48":115.2319191378,"49":108.857650318,"50":100.7809196572,"51":99.5238830727,"52":101.899386043,"53":101.5599975586,"54":105.8399963379,"55":100.3099975586,"56":105.6500015259,"57":119.6200027466,"58":125.2799987793,"59":125.2900009155,"60":124.4400024414,"61":119.4199981689,"62":109.4700012207,"63":107.6399993896,"64":107.3000030518,"65":116.0999984741,"66":121.2200012207,"67":123.0299987793,"68":133.1399993896,"69":130.5399932861,"70":130.8000030518,"71":124.4000015259,"72":122.0299987793,"73":124.9400024414,"74":124.6299972534,"75":121.9400024414,"76":124.5899963379,"77":126.6999969482,"78":127.8600006104,"79":129.8300018311,"80":129.8300018311},"Low":{"0":146.9647374564,"1":146.1630125369,"2":146.2323102209,"3":146.1036282243,"4":147.4893376298,"5":147.0340359372,"6":147.6081136967,"7":148.2217819141,"8":148.8552567378,"9":150.2310695036,"10":152.7055499194,"11":153.556788966,"12":154.8237146164,"13":155.4769796521,"14":155.4571899053,"15":157.3872772586,"16":156.2490200965,"17":156.9319821452,"18":156.5855563446,"19":156.753813154,"20":157.9415834119,"21":158.9115766077,"22":157.1596385722,"23":156.9121823124,"24":157.0111642414,"25":156.743924273,"26":155.9916860506,"27":156.5063670935,"28":155.9619875146,"29":156.1599520812,"30":157.991061391,"31":158.8225033338,"32":158.0207444079,"33":157.2190131496,"34":156.6251535561,"35":152.5471917368,"36":147.5685124696,"37":144.9653656191,"38":139.9372062316,"39":133.2758781782,"40":137.7497488223,"41":138.5119064919,"42":141.065567515,"43":139.3532216833,"44":135.3247578205,"45":123.8332416277,"46":120.933147912,"47":116.5384513728,"48":102.7901976881,"49":97.1582744837,"50":87.2306246239,"51":87.3988951996,"52":88.250120467,"53":96.4400024414,"54":97.3199996948,"55":88.0,"56":95.3700027466,"57":101.1299972534,"58":110.0299987793,"59":116.0100021362,"60":118.25,"61":112.1399993896,"62":101.6699981689,"63":101.1800003052,"64":103.3000030518,"65":108.4400024414,"66":115.7699966431,"67":116.0899963379,"68":122.0899963379,"69":125.1299972534,"70":126.2600021362,"71":120.9700012207,"72":117.1800003052,"73":119.8899993896,"74":121.8700027466,"75":117.5,"76":119.4800033569,"77":123.3600006104,"78":124.0599975586,"79":127.25,"80":127.25},"Close":{"0":147.5982055664,"1":146.2520904541,"2":147.4794464111,"3":147.3606719971,"4":148.3702545166,"5":147.30128479,"6":148.2316741943,"7":149.6272888184,"8":149.6767883301,"9":152.566986084,"10":153.5963592529,"11":155.5957641602,"12":156.3480072021,"13":155.9421844482,"14":158.426574707,"15":158.1296234131,"16":156.9220733643,"17":158.1890258789,"18":157.0606536865,"19":159.4856567383,"20":159.0006561279,"21":159.4163665771,"22":157.3477020264,"23":157.4268798828,"24":158.8620758057,"25":156.971572876,"26":156.3677978516,"27":156.9418792725,"28":157.2685089111,"29":157.3773956299,"30":159.3173980713,"31":159.2481079102,"32":158.0999298096,"33":158.2583007812,"34":156.8132019043,"35":152.5867919922,"36":148.0436248779,"37":145.3711700439,"38":139.9767913818,"39":138.3535308838,"40":140.7785186768,"41":139.5808868408,"42":146.3312683105,"43":140.3133239746,"44":140.4221954346,"45":126.456199646,"46":129.2672271729,"47":121.6952819824,"48":103.205909729,"49":105.8288726807,"50":87.7156295776,"51":97.3760223389,"52":101.3550033569,"53":100.0,"54":99.6399993896,"55":93.4199981689,"56":104.0299987793,"57":114.0199966431,"58":123.5999984741,"59":121.1299972534,"60":119.9899978638,"61":112.9899978638,"62":103.7099990845,"63":106.2600021362,"64":104.2799987793,"65":114.0400009155,"66":116.6699981689,"67":122.0500030518,"68":130.5299987793,"69":126.9800033569,"70":127.9300003052,"71":121.5100021362,"72":117.4599990845,"73":124.4400024414,"74":122.5699996948,"75":119.2699966431,"76":123.6600036621,"77":125.5,"78":126.9700012207,"79":129.1392059326,"80":129.1392059326},"Volume":{"0":1262100,"1":1264900,"2":1107200,"3":1210600,"4":1255000,"5":1119400,"6":1144100,"7":968300,"8":1341400,"9":1030300,"10":1428000,"11":1445700,"12":1508100,"13":899700,"14":1533500,"15":981100,"16":949100,"17":1000700,"18":962100,"19":929000,"20":1917400,"21":958500,"22":1422000,"23":976800,"24":1344100,"25":1250700,"26":885100,"27":677900,"28":825900,"29":1261100,"30":774400,"31":1158500,"32":790000,"33":1182200,"34":1285800,"35":2065900,"36":1744900,"37":2132100,"38":3214000,"39":4207700,"40":3323600,"41":2534100,"42":1564700,"43":3109500,"44":2474700,"45":3550700,"46":4230100,"47":3777100,"48":3994900,"49":3748000,"50":3728900,"51":5059000,"52":3882900,"53":2471400,"54":5236600,"55":3145300,"56":2826300,"57":3365500,"58":2017000,"59":1585900,"60":2348400,"61":3501800,"62":1810000,"63":1618100,"64":1642200,"65":2025900,"66":1968100,"67":1748600,"68":2161600,"69":1908900,"70":1733800,"71":1873300,"72":2427000,"73":1802800,"74":1308600,"75":1299400,"76":1486400,"77":1517600,"78":1238300,"79":355126,"80":355126}}