{"Open":{"0":152.2438651654,"1":149.1007882398,"2":150.1684372814,"3":150.3779852772,"4":151.2660240535,"5":151.2161286436,"6":152.054271748,"7":150.5476118107,"8":150.7172295727,"9":152.00438246,"10":152.7128285008,"11":153.8902216112,"12":153.6208243067,"13":154.1097309373,"14":152.0941846686,"15":151.5952850028,"16":149.1806126305,"17":149.7793077671,"18":150.9666864488,"19":150.1684373371,"20":152.4733569925,"21":151.1762141155,"22":152.343630122,"23":152.6829004136,"24":152.6729130104,"25":153.5210428681,"26":152.1939683864,"27":156.6541269772,"28":162.6409049554,"29":166.3127929958,"30":166.6320954707,"31":167.7396394374,"32":167.8294473619,"33":167.5201310348,"34":167.6897601092,"35":165.1499938965,"36":167.7400054932,"37":165.8099975586,"38":163.7899932861,"39":160.0800018311,"40":159.0500030518,"41":163.4799957275,"42":163.5200042725,"43":161.5399932861,"44":154.5099945068,"45":150.0800018311,"46":148.4900054932,"47":147.6699981689,"48":138.1799926758,"49":136.5899963379,"50":124.5400009155,"51":123.3199996948,"52":121.2699966431,"53":121.8600006104,"54":121.4100036621,"55":115.4300003052,"56":112.7799987793,"57":117.3000030518,"58":119.1399993896,"59":125.6100006104,"60":131.2100067139,"61":139.5800018311,"62":135.2100067139,"63":137.3500061035,"64":138.4700012207,"65":143.9600067139,"66":149.9900054932,"67":149.6399993896,"68":149.1499938965,"69":152.5399932861,"70":152.2700042725,"71":154.1699981689,"72":155.5700073242,"73":152.9600067139,"74":153.8999938965,"75":155.0200042725,"76":149.9499969482,"77":150.4199981689,"78":150.5,"79":149.3600006104,"80":149.3600006104},"High":{"0":152.8724821354,"1":151.1662351971,"2":151.7948511419,"3":151.3757822288,"4":151.6751092328,"5":152.822582319,"6":152.1939627075,"7":151.4855433992,"8":152.1640320786,"9":153.4312400039,"10":153.8303562293,"11":154.0598452682,"12":154.4090771939,"13":154.6585222872,"14":152.0941846686,"15":151.5952850028,"16":151.0465032316,"17":151.4555994132,"18":152.3935288253,"19":153.0520698438,"20":153.1718118469,"21":151.7649259016,"22":153.042100163,"23":153.8602935594,"24":154.4489904468,"25":154.1197271419,"26":154.977830418,"27":162.2717288867,"28":167.7496205335,"29":167.1908592086,"30":168.2385492157,"31":168.0190213546,"32":168.4081714318,"33":168.2684787549,"34":168.2884443947,"35":168.3399963379,"36":168.9799957275,"37":167.9900054932,"38":168.5500030518,"39":162.8600006104,"40":163.3999938965,"41":165.8800048828,"42":165.8200073242,"43":162.8399963379,"44":157.4199981689,"45":151.0299987793,"46":151.0899963379,"47":148.7899932861,"48":138.6699981689,"49":137.4700012207,"50":129.0299987793,"51":133.8800048828,"52":130.8800048828,"53":125.4400024414,"54":122.8700027466,"55":117.75,"56":118.9899978638,"57":123.3700027466,"58":130.2700042725,"59":133.5299987793,"60":140.3999938965,"61":142.3600006104,"62":140.0299987793,"63":141.4299926758,"64":140.9400024414,"65":149.5099945068,"66":154.3699951172,"67":150.6000061035,"68":153.7299957275,"69":153.4100036621,"70":158.5299987793,"71":156.0399932861,"72":156.2299957275,"73":155.4600067139,"74":160.1600036621,"75":155.3899993896,"76":152.2799987793,"77":153.0700073242,"78":151.1199951172,"79":150.7700042725,"80":150.7700042725},"Low":{"0":150.1983783096,"1":148.8712992084,"2":149.8990278484,"3":150.2781994919,"4":150.0886157327,"5":150.9666794097,"6":150.1784086698,"7":149.9988204318,"8":149.9588941605,"9":151.814798605,"10":152.3436332708,"11":152.6729080962,"12":152.5531742678,"13":152.4334394232,"14":150.9866446492,"15":149.7593422483,"16":148.5919160994,"17":149.7793077671,"18":150.1185529239,"19":149.7792971451,"20":150.1085829768,"21":150.2482702374,"22":151.2261024166,"23":152.1241365325,"24":151.6950762165,"25":151.675112378,"26":151.4356481813,"27":155.4268409461,"28":162.6409049554,"29":163.758435168,"30":165.7839619486,"31":166.6221117683,"32":167.0711271456,"33":166.3527104184,"34":166.8615867785,"35":164.5599975586,"36":163.8200073242,"37":165.2200012207,"38":162.8699951172,"39":155.1600036621,"40":156.0899963379,"41":158.1699981689,"42":159.8399963379,"43":155.9900054932,"44":152.2599945068,"45":144.8699951172,"46":145.1499938965,"47":143.2599945068,"48":130.7100067139,"49":127.2699966431,"50":120.0500030518,"51":118.0400009155,"52":111.7399978638,"53":116.9100036621,"54":115.3300018311,"55":105.6900024414,"56":110.8199996948,"57":115.3099975586,"58":119.0,"59":123.8000030518,"60":131.1399993896,"61":137.6999969482,"62":133.7899932861,"63":136.0099945068,"64":137.5700073242,"65":142.2100067139,"66":147.7599945068,"67":146.2200012207,"68":147.8600006104,"69":145.2599945068,"70":151.25,"71":151.9700012207,"72":149.4600067139,"73":149.4900054932,"74":153.4400024414,"75":146.4100036621,"76":147.5700073242,"77":149.0399932861,"78":145.5299987793,"79":148.0700073242,"80":148.0700073242},"Close":{"0":151.3657989502,"1":150.2981567383,"2":151.2859649658,"3":150.707244873,"4":150.6174468994,"5":151.4456176758,"6":150.6773071289,"7":151.2061462402,"8":152.0742340088,"9":152.2338867188,"10":153.7904510498,"11":153.7904510498,"12":153.4711456299,"13":152.4533843994,"14":151.4755554199,"15":150.9566955566,"16":149.779296875,"17":150.7172393799,"18":151.1862030029,"19":152.9722442627,"20":150.3580322266,"21":150.6673431396,"22":151.8746795654,"23":152.583114624,"24":153.9101867676,"25":152.5332183838,"26":153.5410003662,"27":161.9125213623,"28":167.4602661133,"29":166.6320953369,"30":168.1387634277,"31":167.5600280762,"32":167.8893127441,"33":167.9092712402,"34":167.5800018311,"35":167.4600067139,"36":164.8699951172,"37":165.4400024414,"38":163.6199951172,"39":158.6199951172,"40":163.3999938965,"41":161.0299987793,"42":164.4499969482,"43":158.1399993896,"44":157.0299987793,"45":145.5,"46":151.0899963379,"47":145.25,"48":131.0599975586,"49":136.2899932861,"50":120.5,"51":130.6300048828,"52":122.7799987793,"53":121.2200012207,"54":115.6999969482,"55":107.7600021362,"56":118.1100006104,"57":117.8199996948,"58":129.6100006104,"59":129.7400054932,"60":139.9900054932,"61":139.9700012207,"62":137.6999969482,"63":139.5500030518,"64":138.7200012207,"65":148.6499938965,"66":148.7599945068,"67":149.25,"68":152.6900024414,"69":149.5099945068,"70":157.1600036621,"71":154.75,"72":150.3300018311,"73":154.9700012207,"74":157.4499969482,"75":147.7799987793,"76":150.8800048828,"77":149.4499969482,"78":147.8200073242,"79":149.5500030518,"80":149.5500030518},"Volume":{"0":641200,"1":638000,"2":581900,"3":429900,"4":839000,"5":644100,"6":432000,"7":522700,"8":519500,"9":550300,"10":399300,"11":628100,"12":521200,"13":369800,"14":399100,"15":486500,"16":831200,"17":452800,"18":514200,"19":568400,"20":659300,"21":398800,"22":382400,"23":341500,"24":459500,"25":353500,"26":591400,"27":2184600,"28":1099400,"29":783700,"30":404500,"31":563600,"32":382000,"33":519000,"34":546600,"35":860100,"36":1276200,"37":1086800,"38":1159000,"39":1618500,"40":1089700,"41":897900,"42":851300,"43":931700,"44":788800,"45":1061100,"46":918600,"47":704700,"48":870900,"49":900300,"50":894500,"51":922200,"52":925400,"53":811700,"54":833000,"55":920000,"56":783000,"57":787300,"58":1020800,"59":1027700,"60":898700,"61":1276100,"62":1044200,"63":732400,"64":908300,"65":978800,"66":1080600,"67":826600,"68":669500,"69":737400,"70":930300,"71":589300,"72":888400,"73":717300,"74":889200,"75":718800,"76":393900,"77":593600,"78":766900,"79":102668,"80":102668}}