{"Open":{"0":166.357355154,"1":164.03853797,"2":164.5460865529,"3":165.8099845321,"4":164.7550859248,"5":165.7801301915,"6":164.9740352664,"7":165.7701927493,"8":164.4167219357,"9":165.3024503572,"10":166.9544562067,"11":169.8803538167,"12":170.7262749497,"13":169.233476841,"14":165.8796452728,"15":167.8999060935,"16":161.6401035249,"17":162.8840997419,"18":158.4256176481,"19":161.2121817575,"20":163.1627525318,"21":159.8288568247,"22":162.4561705982,"23":167.4122598066,"24":168.2382809258,"25":163.8693597536,"26":161.74958463,"27":164.3171870058,"28":166.1483588838,"29":166.3274995777,"30":167.0838392659,"31":165.5114247607,"32":164.705314848,"33":161.1425157169,"34":159.9582274378,"35":152.3748199163,"36":151.1109058256,"37":144.532648656,"38":138.0738170366,"39":130.7093427537,"40":143.8699951172,"41":141.4499969482,"42":136.4900054932,"43":134.6399993896,"44":124.2099990845,"45":119.6699981689,"46":124.2099990845,"47":126.1100006104,"48":109.4499969482,"49":110.6699981689,"50":99.5299987793,"51":88.0199966431,"52":84.0899963379,"53":76.9599990845,"54":85.1200027466,"55":78.5599975586,"56":76.7699966431,"57":90.9100036621,"58":100.3199996948,"59":101.8300018311,"60":95.1100006104,"61":99.1200027466,"62":94.1600036621,"63":92.5899963379,"64":94.6900024414,"65":102.2399978638,"66":112.5299987793,"67":109.1299972534,"68":116.7600021362,"69":119.9899978638,"70":116.6999969482,"71":110.4000015259,"72":107.2799987793,"73":111.3099975586,"74":108.8899993896,"75":105.3399963379,"76":109.0100021362,"77":107.5899963379,"78":106.75,"79":108.6200027466,"80":108.6200027466},"High":{"0":167.2132263184,"1":166.735516865,"2":165.7303749832,"3":166.1981112503,"4":166.247883414,"5":165.989113325,"6":166.4469245773,"7":166.2379219927,"8":166.8848095295,"9":166.6260507862,"10":170.0196686987,"11":172.8360941051,"12":171.024837483,"13":169.8305867199,"14":168.039238946,"15":168.4970159416,"16":163.2423733701,"17":165.9294040318,"18":163.6006457005,"19":164.4565228227,"20":164.2475149963,"21":162.8641995629,"22":166.2976365168,"23":168.1188420981,"24":168.3278451311,"25":164.3171959625,"26":164.3669611178,"27":165.5014753771,"28":168.228319758,"29":167.611298725,"30":167.8302379787,"31":165.5512411961,"32":165.6607118756,"33":163.0334017015,"34":160.6648249519,"35":152.7530001485,"36":151.4791395218,"37":147.4286794296,"38":141.9053213644,"39":146.3837161797,"40":143.9299926758,"41":144.5899963379,"42":138.0299987793,"43":135.7799987793,"44":129.8800048828,"45":122.8300018311,"46":131.0200042725,"47":127.1200027466,"48":116.0800018311,"49":111.5100021362,"50":99.7200012207,"51":91.2200012207,"52":87.7399978638,"53":85.7200012207,"54":89.5699996948,"55":79.4599990845,"56":92.1500015259,"57":105.4300003052,"58":108.2200012207,"59":103.1500015259,"60":101.3199996948,"61":102.5699996948,"62":95.3399963379,"63":95.8499984741,"64":96.8799972534,"65":107.8000030518,"66":114.6699981689,"67":115.7399978638,"68":120.5199966431,"69":120.4000015259,"70":118.1800003052,"71":111.7699966431,"72":107.2799987793,"73":113.8000030518,"74":112.4599990845,"75":107.3099975586,"76":109.5500030518,"77":109.6500015259,"78":109.0,"79":113.0299987793,"80":113.0299987793},"Low":{"0":165.023793047,"1":164.03853797,"2":163.9091602357,"3":164.2972789083,"4":164.1878155899,"5":163.9290607957,"6":164.3271472255,"7":164.4067607141,"8":164.1977770894,"9":164.3171985338,"10":166.3075834058,"11":169.2533891879,"12":168.8652437638,"13":166.8549534709,"14":164.3569930894,"15":164.3868422448,"16":159.8885600112,"17":161.7993372674,"18":157.5796930304,"19":159.4506764744,"20":158.0772887895,"21":158.9530774407,"22":162.4462088968,"23":166.0587895066,"24":164.8147962368,"25":161.8590548862,"26":161.3813661043,"27":163.3319352515,"28":166.1483588838,"29":166.3075913594,"30":165.1929686008,"31":162.7447747364,"32":159.6397592625,"33":159.9880819813,"34":157.1517759716,"35":149.2996606605,"36":141.5769043147,"37":141.2484911425,"38":135.476348877,"39":130.4207419246,"40":137.0899963379,"41":132.6300048828,"42":133.6999969482,"43":126.6299972534,"44":122.8199996948,"45":118.0699996948,"46":123.2799987793,"47":121.4000015259,"48":104.6600036621,"49":99.6200027466,"50":82.9000015259,"51":78.6100006104,"52":72.3899993896,"53":70.0,"54":78.8399963379,"55":70.0,"56":76.0699996948,"57":90.7099990845,"58":98.5500030518,"59":95.0299987793,"60":94.0500030518,"61":98.1900024414,"62":88.5400009155,"63":92.5899963379,"64":93.4599990845,"65":99.6299972534,"66":107.2200012207,"67":107.6200027466,"68":115.5400009155,"69":110.6500015259,"70":114.7099990845,"71":105.9100036621,"72":104.2300033569,"73":110.75,"74":106.6200027466,"75":104.5800018311,"76":105.0599975586,"77":105.4000015259,"78":104.2600021362,"79":108.1750030518,"80":108.1750030518},"Close":{"0":167.2132263184,"1":166.3175354004,"2":165.7204284668,"3":164.3968048096,"4":165.183013916,"5":164.4664611816,"6":165.2029266357,"7":164.5062866211,"8":165.8597564697,"9":166.2777404785,"10":169.6813049316,"11":171.7015686035,"12":168.9747161865,"13":167.0738983154,"14":167.671005249,"15":165.6806030273,"16":161.5604858398,"17":165.5512390137,"18":161.9685211182,"19":164.3669586182,"20":158.5649414062,"21":160.0975494385,"22":165.0038757324,"23":167.0639343262,"24":165.3223419189,"25":162.2670898438,"26":163.7001800537,"27":164.735168457,"28":167.5615386963,"29":167.0738983154,"30":166.168258667,"31":164.1380462646,"32":161.0131225586,"33":161.2718963623,"34":157.3408660889,"35":150.3545684814,"36":143.0000457764,"37":141.5271606445,"38":135.476348877,"39":143.0099945068,"40":142.4199981689,"41":134.3500061035,"42":137.7100067139,"43":127.6299972534,"44":128.2100067139,"45":120.0199966431,"46":130.5899963379,"47":122.1800003052,"48":104.7399978638,"49":109.0899963379,"50":86.6399993896,"51":90.9100036621,"52":78.3300018311,"53":83.7699966431,"54":79.4499969482,"55":72.0299987793,"56":90.2699966431,"57":98.2600021362,"58":107.2399978638,"59":96.6600036621,"60":100.3799972534,"61":100.0,"62":92.1299972534,"63":95.6900024414,"64":95.2699966431,"65":106.6900024414,"66":107.4000015259,"67":114.3799972534,"68":119.3700027466,"69":114.0500030518,"70":115.5299987793,"71":107.1900024414,"72":106.7099990845,"73":112.5400009155,"74":110.4800033569,"75":106.3399963379,"76":107.3700027466,"77":105.8300018311,"78":107.7399978638,"79":112.5699996948,"80":112.5699996948},"Volume":{"0":1026000,"1":937000,"2":958600,"3":1144800,"4":2367800,"5":1666200,"6":1510400,"7":930600,"8":1199100,"9":1250100,"10":1807900,"11":1299800,"12":1458100,"13":1215800,"14":1188300,"15":1008800,"16":978300,"17":1204800,"18":2393400,"19":1391900,"20":1855300,"21":1173000,"22":1073300,"23":829100,"24":660300,"25":743800,"26":575000,"27":1003600,"28":604400,"29":870500,"30":545800,"31":859700,"32":1487900,"33":1091900,"34":1571700,"35":1470300,"36":2734800,"37":2453600,"38":1998300,"39":3723000,"40":2475900,"41":2264600,"42":2337300,"43":2467100,"44":2488100,"45":2595100,"46":3157900,"47":1834000,"48":2776100,"49":2419500,"50":3171800,"51":3685100,"52":4386300,"53":2124800,"54":3207600,"55":3138400,"56":2362700,"57":4179600,"58":2197600,"59":1814000,"60":1314000,"61":2102300,"62":1907900,"63":2042000,"64":2910900,"65":2021300,"66":1807500,"67":1757100,"68":2865300,"69":1468500,"70":1110600,"71":1793100,"72":1877100,"73":2101900,"74":1769900,"75":1449600,"76":1230900,"77":1536800,"78":2213000,"79":630876,"80":630876}}