{"Open":{"0":35.9021673533,"1":35.4352588785,"2":35.1074315945,"3":35.2763126801,"4":34.9882231904,"5":35.4153917896,"6":35.1869020945,"7":35.2961806707,"8":35.1372328137,"9":35.0378923057,"10":35.1670379938,"11":35.3557864022,"12":35.3359175629,"13":35.8326255808,"14":36.110783513,"15":33.8755915188,"16":31.8688870046,"17":32.1967125819,"18":32.4053287653,"19":32.1172403881,"20":32.7132908745,"21":32.4351356974,"22":32.6834896608,"23":32.8523713944,"24":33.3800010681,"25":32.9799995422,"26":33.0499992371,"27":33.4300003052,"28":33.5200004578,"29":33.4799995422,"30":33.8499984741,"31":33.5999984741,"32":33.3199996948,"33":33.2400016785,"34":33.5099983215,"35":32.1800003052,"36":32.2099990845,"37":31.0,"38":29.8600006104,"39":28.6800003052,"40":29.2800006866,"41":30.2199993134,"42":29.3700008392,"43":29.0400009155,"44":28.1000003815,"45":26.0900001526,"46":26.1299991608,"47":25.5,"48":22.5599994659,"49":23.4099998474,"50":19.5,"51":18.4200000763,"52":16.1499996185,"53":13.6300001144,"54":14.970000267,"55":13.279999733,"56":13.8800001144,"57":15.7899999619,"58":17.1499996185,"59":17.9200000763,"60":16.9400005341,"61":16.6800003052,"62":14.970000267,"63":14.3299999237,"64":14.0399999619,"65":14.3199996948,"66":17.0,"67":16.5599994659,"68":17.8400001526,"69":17.8199996948,"70":16.4599990845,"71":14.9399995804,"72":14.8500003815,"73":15.1300001144,"74":15.1400003433,"75":15.0,"76":15.6300001144,"77":16.0599994659,"78":16.25,"79":17.1700000763,"80":17.1700000763},"High":{"0":36.0015115417,"1":35.7382520192,"2":35.4451942444,"3":35.350819875,"4":35.4203580893,"5":35.6140725743,"6":35.4451931782,"7":35.3408865024,"8":35.4501622583,"9":35.2167080479,"10":35.3756550973,"11":35.7332867265,"12":35.7730206086,"13":36.1852888962,"14":36.13363476,"15":34.2729606948,"16":32.0476989587,"17":32.6884539708,"18":32.6983893594,"19":33.0510529507,"20":32.7927624309,"21":32.7033555243,"22":32.9914471542,"23":33.3093432996,"24":33.6599998474,"25":33.2599983215,"26":33.3400001526,"27":33.5649986267,"28":33.9199981689,"29":33.8800010681,"30":33.9900016785,"31":33.9500007629,"32":33.4599990845,"33":33.8849983215,"34":33.5649986267,"35":32.5699996948,"36":32.25,"37":31.4099998474,"38":30.7900009155,"39":29.1900005341,"40":30.3999996185,"41":30.6700000763,"42":30.2800006866,"43":29.8700008392,"44":28.8700008392,"45":26.2800006866,"46":26.4200000763,"47":25.8500003815,"48":23.9799995422,"49":24.1599998474,"50":20.0100002289,"51":18.8600006104,"52":16.5900001526,"53":15.3800001144,"54":15.1999998093,"55":13.4399995804,"56":15.25,"57":17.3150005341,"58":19.8600006104,"59":18.1800003052,"60":17.0,"61":16.8400001526,"62":15.1999998093,"63":15.1300001144,"64":14.2600002289,"65":15.6700000763,"66":18.1900005341,"67":17.0300006866,"68":18.9200000763,"69":18.0200004578,"70":16.9799995422,"71":15.2899999619,"72":15.0,"73":15.6999998093,"74":15.9849996567,"75":15.9849996567,"76":16.1700000763,"77":16.6800003052,"78":17.0149993896,"79":17.6599998474,"80":17.6599998474},"Low":{"0":35.7928906408,"1":35.3160496429,"2":34.9782860487,"3":34.9286174902,"4":34.9683543529,"5":35.0776291502,"6":34.9782849966,"7":34.9584180131,"8":35.0776300925,"9":34.8193388898,"10":35.0776301224,"11":35.2564460067,"12":35.2763110519,"13":35.6041396493,"14":35.5991732723,"15":32.2215515131,"16":31.4913866801,"17":32.067567039,"18":32.2662507029,"19":32.1172403881,"20":31.9930635514,"21":32.0129295409,"22":32.3953972145,"23":32.7629635182,"24":33.0800018311,"25":32.7550010681,"26":33.0499992371,"27":33.2799987793,"28":33.3199996948,"29":33.4500007629,"30":33.5699996948,"31":33.1800003052,"32":33.0050010681,"33":33.2000007629,"34":33.0299987793,"35":32.1199989319,"36":30.5900001526,"37":30.5900001526,"38":29.3899993896,"39":28.0699996948,"40":29.1499996185,"41":28.7099990845,"42":29.0900001526,"43":28.9799995422,"44":27.7549991608,"45":24.6900005341,"46":24.5799999237,"47":24.1900005341,"48":21.6499996185,"49":22.2199993134,"50":17.75,"51":16.1000003815,"52":12.1499996185,"53":12.3100004196,"54":13.2600002289,"55":12.25,"56":13.6800003052,"57":15.1099996567,"58":17.0,"59":16.8500003815,"60":16.0599994659,"61":15.9600000381,"62":13.9600000381,"63":13.7100000381,"64":12.9799995422,"65":14.1700000763,"66":15.9600000381,"67":16.1049995422,"68":17.3400001526,"69":16.1350002289,"70":15.6000003815,"71":14.5600004196,"72":14.0200004578,"73":14.9899997711,"74":14.779999733,"75":14.5100002289,"76":15.25,"77":16.0400009155,"78":16.1900005341,"79":17.0699996948,"80":17.0699996948},"Close":{"0":35.9717063904,"1":35.4551277161,"2":35.4451942444,"3":34.9484863281,"4":35.216709137,"5":35.1968383789,"6":35.2365760803,"7":35.1769714355,"8":35.1670379639,"9":34.9683532715,"10":35.246509552,"11":35.5246658325,"12":35.4849319458,"13":36.1803207397,"14":35.9617729187,"15":32.4152679443,"16":31.9880962372,"17":32.3556594849,"18":32.4251976013,"19":32.9020385742,"20":32.1967124939,"21":32.2066459656,"22":32.4351348877,"23":33.2100028992,"24":33.1899986267,"25":33.1899986267,"26":33.2700004578,"27":33.3300018311,"28":33.5800018311,"29":33.8199996948,"30":33.75,"31":33.2700004578,"32":33.3699989319,"33":33.6399993896,"34":33.3300018311,"35":32.25,"36":30.7600002289,"37":30.5900001526,"38":29.6800003052,"39":29.1000003815,"40":30.3899993896,"41":28.8700008392,"42":30.1399993896,"43":29.2600002289,"44":28.25,"45":25.0200004578,"46":26.2700004578,"47":24.4899997711,"48":21.6700000763,"49":24.1299991608,"50":17.8500003815,"51":17.4599990845,"52":13.9300003052,"53":14.6000003815,"54":13.4099998474,"55":12.8000001907,"56":14.7399997711,"57":16.6599998474,"58":19.0300006866,"59":17.1000003815,"60":16.7700004578,"61":16.0900001526,"62":14.5100002289,"63":14.3100004196,"64":13.25,"65":15.4899997711,"66":16.1200008392,"67":16.8199996948,"68":17.6200008392,"69":16.2199993134,"70":15.8999996185,"71":14.9499998093,"72":14.1700000763,"73":15.6199998856,"74":15.5900001526,"75":15.1700000763,"76":16.0499992371,"77":16.1000003815,"78":16.9699993134,"79":17.5450000763,"80":17.5450000763},"Volume":{"0":3568100,"1":3993900,"2":5145900,"3":3113300,"4":4736700,"5":3946000,"6":4881700,"7":3902800,"8":7005100,"9":5256400,"10":5872500,"11":5697600,"12":5853200,"13":5703000,"14":8295000,"15":15776300,"16":8073100,"17":6472200,"18":4654100,"19":6375800,"20":6716700,"21":7252900,"22":6005900,"23":6349000,"24":5478200,"25":6453500,"26":7959500,"27":9637500,"28":7149300,"29":4214400,"30":5615800,"31":5570000,"32":6086500,"33":4866400,"34":4868400,"35":8475600,"36":9860700,"37":9640700,"38":10894900,"39":17476000,"40":10614500,"41":9562500,"42":8613900,"43":10808400,"44":10763700,"45":10877400,"46":11415700,"47":14890200,"48":14723600,"49":13296400,"50":16192200,"51":18349900,"52":13580600,"53":15389700,"54":12910800,"55":14916800,"56":12388300,"57":13320000,"58":18977200,"59":11821100,"60":7263600,"61":10746700,"62":12834500,"63":9770100,"64":12080000,"65":11558200,"66":14933800,"67":9894400,"68":13613700,"69":11938600,"70":10696500,"71":8363100,"72":9833900,"73":11646100,"74":10747600,"75":10929100,"76":9970300,"77":9048100,"78":12224400,"79":4494320,"80":4494320}}