{"Open":{"0":84.1458093754,"1":83.2950539202,"2":83.2455961454,"3":83.3346258798,"4":82.9883847932,"5":83.8292468353,"6":83.8292508457,"7":83.9875314684,"8":82.1475252681,"9":81.9694608645,"10":82.3849457854,"11":82.2563409772,"12":81.6529007382,"13":82.7212891794,"14":81.9694621505,"15":82.7608644748,"16":81.267087152,"17":81.5045122796,"18":81.9496668459,"19":80.812034611,"20":81.7617153749,"21":80.33719328,"22":75.3414720282,"23":74.2829613586,"24":75.1040428171,"25":76.1130878543,"26":76.498892021,"27":75.8756580811,"28":75.4403948764,"29":76.7956672972,"30":77.3892198169,"31":77.2210410751,"32":75.9844794588,"33":75.4601726145,"34":75.8756634711,"35":75.8064157489,"36":74.8369528757,"37":73.5212432004,"38":71.4734928086,"39":67.2394906128,"40":66.3887355849,"41":68.6343333986,"42":68.4265891106,"43":68.446377492,"44":65.3104408182,"45":61.8282785221,"46":62.0360220028,"47":60.3147227942,"48":49.3834818902,"49":48.0776686935,"50":40.2823612471,"51":37.6113796334,"52":33.2586653061,"53":30.7162875911,"54":41.2419330578,"55":34.2083526516,"56":38.8776223561,"57":39.1150413799,"58":46.7026067809,"59":49.4922993278,"60":49.0273517693,"61":45.5550754426,"62":41.52881654,"63":40.9900016785,"64":40.5999984741,"65":42.0499992371,"66":48.6399993896,"67":47.2799987793,"68":49.0400009155,"69":49.6500015259,"70":48.0200004578,"71":45.6800003052,"72":46.0699996948,"73":49.5099983215,"74":49.3899993896,"75":48.7999992371,"76":50.25,"77":49.1100006104,"78":50.7000007629,"79":53.5,"80":53.5},"High":{"0":84.2150567437,"1":83.8094694248,"2":83.344519882,"3":83.4434442552,"4":84.0468845792,"5":84.2150546702,"6":84.1754876952,"7":84.1062369278,"8":82.5135513958,"9":82.4640871031,"10":82.5531168965,"11":82.9784910238,"12":82.572905848,"13":83.2159153841,"14":82.8993619088,"15":82.9389226722,"16":81.6825713536,"17":81.8804255098,"18":82.0683798534,"19":82.0090291632,"20":82.3552653272,"21":80.33719328,"22":75.3414720282,"23":75.0644716842,"24":75.9251241469,"25":76.5285720825,"26":76.9143762291,"27":76.033942092,"28":76.7956659192,"29":77.7849197771,"30":77.6365329208,"31":77.6464199153,"32":76.3505055881,"33":76.2120065593,"34":76.4791080979,"35":75.9745944085,"36":75.4008264968,"37":73.8476983265,"38":71.661453198,"39":67.5263747306,"40":69.1388563152,"41":72.4726377984,"42":69.910467763,"43":69.1883168085,"44":66.5766902434,"45":63.0945204587,"46":62.184411384,"47":61.0269819886,"48":50.995964486,"49":48.8888554197,"50":41.9443056764,"51":37.967511129,"52":33.2586653061,"53":40.0449384277,"54":45.1890519723,"55":36.5429853401,"56":42.5378573477,"57":46.5146489885,"58":53.4493081189,"59":52.5490895778,"60":49.4527306159,"61":47.6621842582,"62":42.2410794969,"63":43.4799995422,"64":41.0,"65":45.5400009155,"66":49.6199989319,"67":50.0,"68":52.6800003052,"69":49.8100013733,"70":49.9199981689,"71":46.4199981689,"72":47.1699981689,"73":51.25,"74":50.6899986267,"75":50.0499992371,"76":52.4399986267,"77":51.3499984741,"78":54.3600006104,"79":55.0499992371,"80":55.0499992371},"Low":{"0":83.0774224859,"1":83.0279590775,"2":82.6025805359,"3":82.5036574285,"4":82.721289961,"5":83.5324756417,"6":83.7995744797,"7":82.3849398405,"8":81.3066621858,"9":81.3660162496,"10":81.6331117831,"11":81.6232200264,"12":81.6133297333,"13":82.1870919728,"14":81.8606437725,"15":81.3561202448,"16":80.7823555834,"17":81.3165518908,"18":80.9703090634,"19":80.5647214998,"20":81.0197760476,"21":75.3909308625,"22":73.7586620321,"23":73.5904876765,"24":74.8864060745,"25":75.7470617215,"26":75.7569527004,"27":74.9655476602,"28":75.3810345964,"29":76.7659909304,"30":77.1122228006,"31":75.8163044576,"32":75.1930820149,"33":75.1831831473,"34":75.628350347,"35":74.5896394102,"36":73.1156556449,"37":71.9087643928,"38":68.9113324677,"39":64.8158175682,"40":66.2996989357,"41":66.7448651126,"42":67.0515288299,"43":66.2403412701,"44":64.4300067767,"45":59.6024604953,"46":58.9198789606,"47":53.8450108966,"48":43.0225919285,"49":42.7950603351,"50":37.0969671287,"51":31.695650273,"52":25.7205629218,"53":28.4509004785,"54":34.8216868055,"55":32.0221017976,"56":37.4728856225,"57":39.0062230105,"58":46.4948646742,"59":48.3546612639,"60":44.9615236799,"61":45.0604492081,"62":38.5907356166,"63":40.4099998474,"64":37.2000007629,"65":41.5299987793,"66":45.75,"67":46.4500007629,"68":48.7700004578,"69":45.4700012207,"70":47.3499984741,"71":44.0999984741,"72":44.4000015259,"73":49.1899986267,"74":48.7000007629,"75":48.1500015259,"76":49.4099998474,"77":48.7099990845,"78":50.4599990845,"79":53.2000007629,"80":53.2000007629},"Close":{"0":83.7501144409,"1":83.4434432983,"2":83.3346252441,"3":82.6619338989,"4":83.6215057373,"5":83.7204284668,"6":84.0073165894,"7":82.8202133179,"8":81.5144042969,"9":81.76171875,"10":81.7716140747,"11":81.9298858643,"12":82.3354873657,"13":82.2464447021,"14":82.6916122437,"15":81.7419281006,"16":81.455039978,"17":81.78150177,"18":81.0098800659,"19":81.9496688843,"20":81.257194519,"21":75.8558807373,"22":74.253288269,"23":74.8864059448,"24":75.7965240479,"25":76.5285720825,"26":76.1328659058,"27":75.4502792358,"28":76.627494812,"29":77.1023406982,"30":77.369430542,"31":76.0042648315,"32":75.3810348511,"33":75.8855514526,"34":76.2120132446,"35":74.7281341553,"36":73.2541503906,"37":72.0868301392,"38":68.9311141968,"39":65.9336776733,"40":68.9311141968,"41":67.7637939453,"42":69.8906860352,"43":66.9229278564,"44":66.2304458618,"45":60.5917129517,"46":61.7491378784,"47":54.5572738647,"48":43.0423736572,"49":46.5641136169,"50":37.3442802429,"51":34.6831932068,"52":30.9042453766,"53":36.7111587524,"54":34.9502906799,"55":35.8801879883,"56":38.5610618591,"57":45.1593742371,"58":52.9052200317,"59":49.907787323,"60":45.8518486023,"61":45.139591217,"62":41.4199981689,"63":41.2900009155,"64":39.5,"65":45.0099983215,"66":46.0699996948,"67":47.25,"68":49.5900001526,"69":47.0499992371,"70":48.3199996948,"71":46.0999984741,"72":45.7400016785,"73":50.3100013733,"74":49.6100006104,"75":49.0999984741,"76":51.3499984741,"77":49.75,"78":53.0800018311,"79":54.9700012207,"80":54.9700012207},"Volume":{"0":2121900,"1":1759900,"2":1916800,"3":1701400,"4":2945900,"5":1914800,"6":1593600,"7":3467300,"8":2797700,"9":2806800,"10":2588300,"11":4796900,"12":2821400,"13":2410600,"14":1863100,"15":1902300,"16":1547000,"17":1557800,"18":1377900,"19":2051000,"20":2786000,"21":5033600,"22":5782000,"23":3465600,"24":2867200,"25":2903000,"26":2539100,"27":2287400,"28":2503700,"29":2382600,"30":1613600,"31":3264600,"32":1553100,"33":1398400,"34":1883500,"35":1951100,"36":3031200,"37":3585000,"38":4305100,"39":5831700,"40":5055000,"41":4131900,"42":3063900,"43":3987200,"44":3331300,"45":4898600,"46":4385700,"47":7360200,"48":9736200,"49":15153300,"50":10264200,"51":17467700,"52":26221600,"53":11766500,"54":13695300,"55":11719200,"56":10948100,"57":10269100,"58":10600600,"59":9237800,"60":7373500,"61":5556500,"62":7411600,"63":4878000,"64":6871400,"65":6654500,"66":6634800,"67":5878200,"68":6393200,"69":3125500,"70":3717000,"71":4823600,"72":6002300,"73":8095300,"74":3801800,"75":6099900,"76":4999700,"77":8693900,"78":7246300,"79":3784559,"80":3784559}}