{"Open":{"0":560.799987793,"1":561.3400268555,"2":576.9899902344,"3":583.3699951172,"4":590.9199829102,"5":590.4299926758,"6":595.7399902344,"7":596.4199829102,"8":602.8900146484,"9":625.4799804688,"10":622.8499755859,"11":635.6400146484,"12":633.6599731445,"13":646.950012207,"14":650.950012207,"15":660.9899902344,"16":643.9400024414,"17":653.9400024414,"18":663.25,"19":647.0599975586,"20":649.7800292969,"21":646.4899902344,"22":665.0,"23":642.8800048828,"24":626.200012207,"25":633.2600097656,"26":634.5399780273,"27":646.6300048828,"28":650.1099853516,"29":649.5700073242,"30":655.9000244141,"31":643.0700073242,"32":644.2700195312,"33":640.1099853516,"34":631.7800292969,"35":618.0300292969,"36":605.1199951172,"37":574.0,"38":553.5599975586,"39":530.6699829102,"40":559.700012207,"41":565.8599853516,"42":565.4000244141,"43":563.6400146484,"44":518.4799804688,"45":461.450012207,"46":468.5100097656,"47":474.9700012207,"48":420.1799926758,"49":436.2200012207,"50":331.9100036621,"51":342.9299926758,"52":276.450012207,"53":242.1000061035,"54":313.4800109863,"55":301.0799865723,"56":323.6000061035,"57":344.9100036621,"58":361.299987793,"59":388.1499938965,"60":363.0199890137,"61":339.8699951172,"62":302.5799865723,"63":270.0100097656,"64":282.6700134277,"65":295.7099914551,"66":314.6000061035,"67":296.8999938965,"68":340.4100036621,"69":340.5400085449,"70":325.0100097656,"71":308.1000061035,"72":315.7699890137,"73":330.9899902344,"74":335.0,"75":303.950012207,"76":315.6499938965,"77":309.7699890137,"78":313.4599914551,"79":307.8699951172,"80":307.8699951172},"High":{"0":567.4400024414,"1":578.4099731445,"2":585.4299926758,"3":589.3400268555,"4":590.9199829102,"5":595.8499755859,"6":600.9400024414,"7":606.0999755859,"8":611.0700073242,"9":625.4799804688,"10":634.5700073242,"11":638.950012207,"12":644.8300170898,"13":649.8800048828,"14":662.8499755859,"15":667.2899780273,"16":652.3300170898,"17":660.3499755859,"18":664.5399780273,"19":655.2899780273,"20":653.0999755859,"21":658.8499755859,"22":673.5100097656,"23":646.5399780273,"24":635.2600097656,"25":638.4299926758,"26":643.8599853516,"27":656.5900268555,"28":651.5900268555,"29":660.0200195312,"30":657.8200073242,"31":648.75,"32":649.4099731445,"33":644.8300170898,"34":635.0,"35":619.6900024414,"36":607.3300170898,"37":585.5800170898,"38":566.9400024414,"39":558.5599975586,"40":571.4000244141,"41":586.4899902344,"42":577.9600219727,"43":564.5100097656,"44":522.0300292969,"45":473.5899963379,"46":496.9899902344,"47":484.9800109863,"48":428.6300048828,"49":441.3900146484,"50":361.6300048828,"51":343.3399963379,"52":283.3699951172,"53":312.7799987793,"54":337.2799987793,"55":319.5199890137,"56":345.6199951172,"57":368.9800109863,"58":408.7600097656,"59":388.8699951172,"60":367.5,"61":347.049987793,"62":304.1799926758,"63":293.8599853516,"64":282.6700134277,"65":301.5199890137,"66":318.0,"67":333.0799865723,"68":373.4599914551,"69":341.5299987793,"70":338.5599975586,"71":321.4800109863,"72":317.8999938965,"73":348.8999938965,"74":335.5,"75":311.4200134277,"76":317.6199951172,"77":324.3399963379,"78":314.6700134277,"79":314.0,"80":314.0},"Low":{"0":559.0999755859,"1":561.3400268555,"2":574.7100219727,"3":580.75,"4":583.7199707031,"5":586.0100097656,"6":593.0399780273,"7":595.5300292969,"8":602.2899780273,"9":614.1599731445,"10":619.5900268555,"11":631.0300292969,"12":633.6099853516,"13":642.1500244141,"14":647.0100097656,"15":653.5,"16":638.5900268555,"17":646.0100097656,"18":653.8599853516,"19":645.8599853516,"20":638.5599975586,"21":646.1699829102,"22":633.7100219727,"23":620.5800170898,"24":618.0300292969,"25":629.2100219727,"26":632.049987793,"27":644.1599731445,"28":638.9899902344,"29":649.5700073242,"30":644.9400024414,"31":639.9000244141,"32":639.549987793,"33":625.7100219727,"34":625.0,"35":599.3200073242,"36":568.2899780273,"37":563.75,"38":548.1300048828,"39":516.4199829102,"40":546.3599853516,"41":551.5,"42":556.2299804688,"43":525.0399780273,"44":494.7200012207,"45":440.8200073242,"46":467.0199890137,"47":451.3299865723,"48":390.0199890137,"49":397.8699951172,"50":329.0100097656,"51":295.950012207,"52":200.0599975586,"53":241.2100067139,"54":301.0799865723,"55":280.8200073242,"56":312.0,"57":331.4599914551,"58":356.0700073242,"59":358.1300048828,"60":330.6400146484,"61":318.7799987793,"62":269.0799865723,"63":260.0,"64":261.0100097656,"65":284.3599853516,"66":282.1900024414,"67":292.5,"68":335.2200012207,"69":310.0400085449,"70":315.4299926758,"71":303.8699951172,"72":296.4100036621,"73":328.3099975586,"74":313.3500061035,"75":301.2099914551,"76":301.2099914551,"77":305.6700134277,"78":304.4400024414,"79":299.6199951172,"80":299.6199951172},"Close":{"0":567.4400024414,"1":577.8400268555,"2":584.799987793,"3":587.0,"4":585.6300048828,"5":595.4099731445,"6":595.4699707031,"7":604.5700073242,"8":609.0,"9":619.6599731445,"10":633.3300170898,"11":636.6599731445,"12":643.799987793,"13":644.0200195312,"14":657.9299926758,"15":656.7299804688,"16":650.5100097656,"17":657.8599853516,"18":654.1799926758,"19":653.8800048828,"20":643.2800292969,"21":652.2800292969,"22":641.2700195312,"23":626.1799926758,"24":633.7800292969,"25":634.5399780273,"26":643.2700195312,"27":650.049987793,"28":650.2299804688,"29":655.6699829102,"30":646.75,"31":641.4600219727,"32":641.2600097656,"33":634.3200073242,"34":629.9000244141,"35":601.450012207,"36":572.2100219727,"37":564.6300048828,"38":549.4699707031,"39":557.8099975586,"40":568.4600219727,"41":557.0700073242,"42":577.4400024414,"43":536.3699951172,"44":503.1099853516,"45":452.0100097656,"46":495.6400146484,"47":462.1700134277,"48":407.0100097656,"49":414.7200012207,"50":338.4400024414,"51":315.0100097656,"52":245.7899932861,"53":305.7699890137,"54":302.5100097656,"55":301.5299987793,"56":325.6799926758,"57":350.0899963379,"58":402.0899963379,"59":363.0100097656,"60":342.75,"61":320.1900024414,"62":272.5400085449,"63":284.4700012207,"64":270.3099975586,"65":288.9299926758,"66":286.4299926758,"67":328.25,"68":344.5400085449,"69":313.6000061035,"70":318.1600036621,"71":316.9400024414,"72":300.8999938965,"73":337.3999938965,"74":316.3999938965,"75":307.75,"76":304.2600097656,"77":314.2799987793,"78":304.9200134277,"79":313.3550109863,"80":313.3550109863},"Volume":{"0":311700,"1":278000,"2":377700,"3":255100,"4":409100,"5":316500,"6":256600,"7":199500,"8":534200,"9":439800,"10":356200,"11":379800,"12":382500,"13":423000,"14":462400,"15":393400,"16":320900,"17":267800,"18":276200,"19":242300,"20":360900,"21":396300,"22":632900,"23":550300,"24":392600,"25":325200,"26":445400,"27":403000,"28":286300,"29":235100,"30":507200,"31":230400,"32":257900,"33":444000,"34":309600,"35":613300,"36":615600,"37":456400,"38":670400,"39":911900,"40":527900,"41":423500,"42":472900,"43":945900,"44":1256400,"45":1241900,"46":943800,"47":1193400,"48":1709000,"49":1382000,"50":1911700,"51":1805200,"52":3571100,"53":1744900,"54":2093800,"55":1265500,"56":980300,"57":1099600,"58":1079600,"59":714600,"60":979600,"61":1051900,"62":1325600,"63":1308200,"64":1095300,"65":1327500,"66":1201000,"67":1186600,"68":1224000,"69":554200,"70":1014100,"71":612100,"72":683100,"73":965400,"74":527400,"75":467500,"76":482200,"77":535300,"78":776400,"79":418886,"80":418886}}