{"Open":{"0":55.9437156096,"1":55.6858686133,"2":55.0313226533,"3":55.2098311225,"4":54.9618977044,"5":55.4478494913,"6":55.9139667916,"7":55.3387569196,"8":55.7156182782,"9":55.4478486542,"10":54.7337982745,"11":55.8346265219,"12":55.5866904503,"13":56.0329715713,"14":55.5271901739,"15":55.8346258792,"16":54.0693386096,"17":54.5552889187,"18":54.6346273125,"19":52.4131426175,"20":51.4313263047,"21":51.5503340783,"22":52.9585988873,"23":53.375125103,"24":54.1982672447,"25":53.2263646185,"26":53.3949614314,"27":53.9205796314,"28":54.7337983674,"29":53.9599990845,"30":54.7999992371,"31":54.6300010681,"32":54.2599983215,"33":54.3899993896,"34":54.8300018311,"35":53.6500015259,"36":53.75,"37":51.7099990845,"38":49.7900009155,"39":46.0499992371,"40":48.0999984741,"41":48.3899993896,"42":47.2400016785,"43":45.4199981689,"44":41.4900016785,"45":36.4599990845,"46":36.2299995422,"47":35.0800018311,"48":30.3199996948,"49":32.7799987793,"50":28.4699993134,"51":28.2800006866,"52":27.2299995422,"53":27.6100006104,"54":30.3099994659,"55":28.0,"56":26.9300003052,"57":30.0400009155,"58":30.8299999237,"59":32.4900016785,"60":33.1599998474,"61":31.8099994659,"62":28.6000003815,"63":28.2900009155,"64":28.2399997711,"65":29.1499996185,"66":31.9200000763,"67":31.0400009155,"68":33.7200012207,"69":36.0600013733,"70":34.7299995422,"71":31.6900005341,"72":31.5200004578,"73":30.8999996185,"74":33.5,"75":33.9099998474,"76":34.5600013733,"77":34.0600013733,"78":34.5900001526,"79":35.5999984741,"80":35.5999984741},"High":{"0":56.2114842475,"1":55.8346264514,"2":55.3387577795,"3":55.2098311225,"4":55.3585928266,"5":55.7552884027,"6":56.0329738183,"7":55.7652028459,"8":56.0230571904,"9":55.6561118895,"10":55.4081776994,"11":55.9139670622,"12":56.0627223206,"13":56.0329715713,"14":55.9238815172,"15":55.8842118247,"16":54.5156196701,"17":54.9321489204,"18":54.7933046044,"19":52.6610761281,"20":51.4511614389,"21":52.5023978327,"22":53.4643815796,"23":54.2280169727,"24":54.4263656218,"25":53.9503338038,"26":53.9701652135,"27":54.6643801744,"28":55.0114864613,"29":54.9099998474,"30":54.9700012207,"31":54.7999992371,"32":54.6500015259,"33":55.4399986267,"34":55.0999984741,"35":54.3400001526,"36":53.7799987793,"37":52.2099990845,"38":50.2299995422,"39":46.9099998474,"40":48.8199996948,"41":49.4000015259,"42":47.5999984741,"43":45.5099983215,"44":42.4900016785,"45":37.9500007629,"46":36.8699989319,"47":35.4900016785,"48":33.1599998474,"49":34.1399993896,"50":30.3199996948,"51":29.7399997711,"52":29.4699993134,"53":32.0,"54":30.6900005341,"55":29.1299991608,"56":30.3899993896,"57":32.0,"58":34.6699981689,"59":34.7599983215,"60":33.5299987793,"61":32.4300003052,"62":29.2900009155,"63":29.6100006104,"64":28.5699996948,"65":30.3899993896,"66":32.3300018311,"67":32.9399986267,"68":36.1199989319,"69":36.1399993896,"70":35.2000007629,"71":32.1199989319,"72":31.5200004578,"73":33.5,"74":35.0800018311,"75":34.5699996948,"76":35.1399993896,"77":35.1800003052,"78":35.8100013733,"79":37.3400001526,"80":37.3400001526},"Low":{"0":55.4180977925,"1":55.1999172625,"2":54.6941329338,"3":54.6346273577,"4":54.8528101398,"5":55.2495019286,"6":55.2693381459,"7":55.2296655733,"8":55.4478496353,"9":54.4461989632,"10":54.7337982745,"11":55.3883454407,"12":55.3784272163,"13":55.6660310468,"14":54.7833896491,"15":54.5652075144,"16":53.8908261854,"17":54.287524052,"18":53.2065316856,"19":48.9619086046,"20":50.8164522785,"21":51.5404184026,"22":52.651159975,"23":53.3354548339,"24":53.3552910339,"25":52.8891786736,"26":53.3949614314,"27":53.9205796314,"28":53.7618994966,"29":53.7900009155,"30":54.3899993896,"31":53.5400009155,"32":54.0499992371,"33":54.2299995422,"34":54.2400016785,"35":53.2700004578,"36":51.1500015259,"37":50.6500015259,"38":47.5400009155,"39":44.9199981689,"40":45.6100006104,"41":46.4399986267,"42":45.8600006104,"43":43.0200004578,"44":39.5499992371,"45":33.8899993896,"46":33.9300003052,"47":33.3100013733,"48":28.9400005341,"49":30.6399993896,"50":24.0100002289,"51":25.9400005341,"52":26.0400009155,"53":26.5200004578,"54":28.0,"55":25.5100002289,"56":26.2299995422,"57":28.8500003815,"58":30.5400009155,"59":32.2599983215,"60":31.6800003052,"61":30.2099990845,"62":28.0900001526,"63":27.6299991608,"64":26.4099998474,"65":28.4599990845,"66":30.4200000763,"67":30.8799991608,"68":33.5499992371,"69":33.6899986267,"70":32.7900009155,"71":31.1499996185,"72":29.2399997711,"73":30.8400001526,"74":32.7700004578,"75":33.0900001526,"76":33.6800003052,"77":34.0600013733,"78":34.2299995422,"79":35.2400016785,"80":35.2400016785},"Close":{"0":56.2015647888,"1":55.7354545593,"2":55.2693367004,"3":55.0313224792,"4":55.1503295898,"5":55.7156181335,"6":55.4974365234,"7":55.7552871704,"8":55.8941307068,"9":54.6742973328,"10":55.3982620239,"11":55.8247108459,"12":55.8147888184,"13":55.874294281,"14":55.8941307068,"15":55.0214042664,"16":54.2280158997,"17":54.5057029724,"18":53.4147949219,"19":51.6990966797,"20":51.1437225342,"21":52.0660362244,"22":52.7205810547,"23":53.9800834656,"24":53.7321510315,"25":53.8214073181,"26":53.8809127808,"27":54.3569450378,"28":53.9899978638,"29":54.8199996948,"30":54.9399986267,"31":54.0099983215,"32":54.6100006104,"33":55.3100013733,"34":54.8499984741,"35":53.7700004578,"36":51.3100013733,"37":50.7000007629,"38":47.5499992371,"39":46.1399993896,"40":48.8100013733,"41":46.8899993896,"42":47.3800010681,"43":43.6100006104,"44":40.6699981689,"45":34.5099983215,"46":36.3400001526,"47":33.6599998474,"48":30.2199993134,"49":33.8300018311,"50":27.3700008392,"51":29.2700004578,"52":28.3199996948,"53":29.9699993134,"54":30.0400009155,"55":25.6900005341,"56":30.1200008392,"57":30.6700000763,"58":34.2799987793,"59":33.2700004578,"60":32.5600013733,"61":30.8400001526,"62":28.4699993134,"63":28.4799995422,"64":27.2099990845,"65":29.7700004578,"66":30.5900001526,"67":32.7000007629,"68":36.1100006104,"69":33.9399986267,"70":33.3600006104,"71":31.3099994659,"72":29.6399993896,"73":33.4000015259,"74":34.1300010681,"75":34.0299987793,"76":34.0,"77":34.2900009155,"78":35.4799995422,"79":37.2198982239,"80":37.2198982239},"Volume":{"0":5607100,"1":4434300,"2":9669300,"3":5272800,"4":6232700,"5":5700600,"6":5032600,"7":6121900,"8":5214100,"9":5899900,"10":4493800,"11":5789200,"12":6698600,"13":3952800,"14":4256400,"15":5520200,"16":5952300,"17":4390300,"18":5487500,"19":13251600,"20":7724900,"21":5448600,"22":4516900,"23":4896000,"24":4376900,"25":4123200,"26":2885000,"27":3769300,"28":4264500,"29":4162700,"30":4074200,"31":4265800,"32":3414600,"33":5185600,"34":5640300,"35":7350700,"36":7233200,"37":6856800,"38":7471600,"39":10747200,"40":8156400,"41":10348300,"42":9533200,"43":12103800,"44":13966100,"45":15081800,"46":14818100,"47":11487700,"48":12378600,"49":12391400,"50":12016800,"51":14132600,"52":11291600,"53":10763100,"54":15605700,"55":12832500,"56":10396700,"57":13398800,"58":10238300,"59":8639500,"60":7813100,"61":8324700,"62":9102300,"63":8909100,"64":9002000,"65":11721400,"66":11735700,"67":8369500,"68":9661000,"69":7753400,"70":6447400,"71":8380600,"72":5858800,"73":8133200,"74":8271300,"75":7740700,"76":7738900,"77":4777600,"78":6264300,"79":2435602,"80":2435602}}