{"Open":{"0":376.3899794193,"1":372.4439846399,"2":372.9634319451,"3":376.6297385202,"4":379.3769862218,"5":381.0852329825,"6":381.6746506591,"7":378.7576071439,"8":377.0593075169,"9":381.9543420087,"10":381.9543586292,"11":385.8404348843,"12":382.6236797532,"13":385.5407373531,"14":384.911350579,"15":384.901392247,"16":375.3310507136,"17":379.3369999355,"18":379.9663678041,"19":376.5997723398,"20":378.6277195131,"21":373.9324599662,"22":378.0982759967,"23":385.6606088598,"24":384.8014852015,"25":380.7056286739,"26":372.0543346301,"27":377.6287262476,"28":378.6476988951,"29":374.7116732049,"30":381.6746430043,"31":385.5107567162,"32":389.0272233597,"33":390.6456062905,"34":382.4338839466,"35":363.6228539188,"36":360.5859569825,"37":350.116520188,"38":339.5072361379,"39":326.7099914551,"40":335.0100097656,"41":352.2900085449,"42":345.7399902344,"43":342.7699890137,"44":331.8999938965,"45":325.7099914551,"46":340.0199890137,"47":345.0,"48":321.1700134277,"49":316.9599914551,"50":288.9700012207,"51":289.6900024414,"52":249.8200073242,"53":247.5500030518,"54":258.7900085449,"55":244.1799926758,"56":234.3099975586,"57":254.75,"58":281.1400146484,"59":280.3800048828,"60":284.8699951172,"61":289.6000061035,"62":281.7300109863,"63":278.1300048828,"64":296.200012207,"65":305.4400024414,"66":333.8299865723,"67":311.1199951172,"68":322.1799926758,"69":325.4100036621,"70":325.5199890137,"71":324.2099914551,"72":334.3599853516,"73":338.9700012207,"74":343.5700073242,"75":334.8399963379,"76":332.9400024414,"77":336.0,"78":338.5799865723,"79":342.2600097656,"80":342.2600097656},"High":{"0":379.2870788735,"1":377.0393512214,"2":379.9763403407,"3":381.0252943617,"4":381.5747490236,"5":384.3119860307,"6":383.4828226486,"7":378.9773559805,"8":383.5627511325,"9":385.6206536093,"10":384.9013953799,"11":387.8084490367,"12":385.6106540796,"13":388.8773649159,"14":385.8604045455,"15":385.9902891783,"16":380.8854404639,"17":382.4039107234,"18":382.733562881,"19":380.5158013825,"20":379.3569636836,"21":375.8205683028,"22":384.5717207563,"23":389.8264163157,"24":386.8893734898,"25":380.7955342414,"26":377.1292276715,"27":382.6536514691,"28":379.5368158507,"29":381.4248965005,"30":386.5297569489,"31":387.578676132,"32":398.2478939714,"33":394.0921083346,"34":382.4338839466,"35":363.6228539188,"36":361.5349805177,"37":356.180405355,"38":346.8697979376,"39":335.0199890137,"40":354.299987793,"41":359.6700134277,"42":352.4200134277,"43":346.7600097656,"44":349.5700073242,"45":341.4800109863,"46":356.7099914551,"47":349.3699951172,"48":321.1700134277,"49":319.25,"50":288.9700012207,"51":290.2399902344,"52":256.25,"53":257.1000061035,"54":267.450012207,"55":248.2100067139,"56":257.8299865723,"57":288.4700012207,"58":297.5799865723,"59":287.2200012207,"60":293.1799926758,"61":296.5799865723,"62":288.3699951172,"63":296.6199951172,"64":299.0,"65":322.9899902344,"66":336.9299926758,"67":323.8500061035,"68":329.1600036621,"69":326.5700073242,"70":334.0700073242,"71":332.9800109863,"72":337.3500061035,"73":351.549987793,"74":347.2099914551,"75":338.8500061035,"76":335.1600036621,"77":341.5199890137,"78":346.049987793,"79":345.3999938965,"80":345.3999938965},"Low":{"0":373.1033196584,"1":371.2651820934,"2":371.6947238888,"3":375.5508107899,"4":378.4679003836,"5":378.3879441323,"6":377.2591257575,"7":376.0303496962,"8":375.6407263483,"9":379.3669581186,"10":381.3349888546,"11":382.3939025785,"12":381.4348776294,"13":384.2520604188,"14":381.5347854634,"15":378.9573814198,"16":374.7416494455,"17":378.9673780107,"18":378.8275030262,"19":374.751632234,"20":370.5758517094,"21":371.0154222173,"22":377.8085599544,"23":384.3119948904,"24":380.3359925935,"25":372.7336663328,"26":371.634775343,"27":377.2091364705,"28":374.21217476,"29":374.2921138977,"30":381.4049263077,"31":381.2750431386,"32":385.9503129416,"33":378.7975524122,"34":365.3810939275,"35":355.9805761427,"36":346.3203610512,"37":344.3922884415,"38":335.7809872104,"39":314.7799987793,"40":334.2699890137,"41":330.1199951172,"42":343.8900146484,"43":334.6400146484,"44":328.2900085449,"45":322.3800048828,"46":330.8999938965,"47":327.7900085449,"48":297.6499938965,"49":295.6400146484,"50":266.0,"51":250.0800018311,"52":233.7700042725,"53":227.2700042725,"54":240.9199981689,"55":221.2700042725,"56":234.3099975586,"57":247.9400024414,"58":278.9800109863,"59":270.1600036621,"60":278.3900146484,"61":281.2099914551,"62":275.0100097656,"63":271.9899902344,"64":286.6300048828,"65":305.4400024414,"66":306.0299987793,"67":307.5,"68":320.0700073242,"69":313.5799865723,"70":325.5199890137,"71":323.9400024414,"72":326.7600097656,"73":338.8599853516,"74":339.1199951172,"75":327.2699890137,"76":328.3500061035,"77":333.7300109863,"78":333.1000061035,"79":339.4049987793,"80":339.4049987793},"Close":{"0":378.1082458496,"1":374.2421569824,"2":378.6077270508,"3":378.0283203125,"4":379.0772705078,"5":379.0273132324,"6":378.3180541992,"7":377.7985534668,"8":382.7535705566,"9":380.0162963867,"10":383.9923095703,"11":383.342956543,"12":383.552734375,"13":385.9603271484,"14":384.431854248,"15":379.6366882324,"16":378.1382141113,"17":379.9963378906,"18":378.9973449707,"19":380.1162109375,"20":371.1352844238,"21":373.2931213379,"22":382.8834228516,"23":385.0812072754,"24":381.0252990723,"25":374.6917114258,"26":376.419921875,"27":378.4478759766,"28":377.0093688965,"29":381.3949279785,"30":386.2600097656,"31":387.3688964844,"32":394.7414550781,"33":383.9723205566,"34":370.0263977051,"35":361.2252807617,"36":347.7588806152,"37":344.9517211914,"38":336.7600097656,"39":335.0199890137,"40":353.6099853516,"41":337.1099853516,"42":351.3800048828,"43":340.4700012207,"44":346.9200134277,"45":334.2900085449,"46":356.3699951172,"47":342.0799865723,"48":297.7099914551,"49":318.4200134277,"50":282.6600036621,"51":262.8399963379,"52":245.0500030518,"53":254.3999938965,"54":243.8399963379,"55":225.3099975586,"56":255.8800048828,"57":280.8599853516,"58":289.9899902344,"59":282.5100097656,"60":288.3399963379,"61":292.8599853516,"62":279.799987793,"63":295.299987793,"64":294.3699951172,"65":321.450012207,"66":308.3900146484,"67":321.5799865723,"68":325.5599975586,"69":321.0400085449,"70":330.9299926758,"71":331.0400085449,"72":330.0799865723,"73":346.6799926758,"74":344.8500061035,"75":328.3500061035,"76":334.0299987793,"77":334.4299926758,"78":338.3900146484,"79":345.3999938965,"80":345.3999938965},"Volume":{"0":262900,"1":167700,"2":170000,"3":127300,"4":178100,"5":307000,"6":229500,"7":148600,"8":176600,"9":152400,"10":132200,"11":164900,"12":260400,"13":173300,"14":138200,"15":98000,"16":114100,"17":125800,"18":145400,"19":167200,"20":147600,"21":261900,"22":142300,"23":103400,"24":215400,"25":137900,"26":195300,"27":218900,"28":166500,"29":210100,"30":175200,"31":170000,"32":288100,"33":341400,"34":308700,"35":228300,"36":293300,"37":187100,"38":231800,"39":406100,"40":403400,"41":398800,"42":207900,"43":265800,"44":337200,"45":466500,"46":290700,"47":427300,"48":429000,"49":353800,"50":581600,"51":575800,"52":428300,"53":364200,"54":319800,"55":367800,"56":410700,"57":431500,"58":366600,"59":295900,"60":225300,"61":545700,"62":330500,"63":385500,"64":519400,"65":360400,"66":371900,"67":269900,"68":323200,"69":192400,"70":278000,"71":279300,"72":285800,"73":330500,"74":173500,"75":216300,"76":172400,"77":156400,"78":510800,"79":138424,"80":138424}}