{"Open":{"0":61.1041609417,"1":60.8251892568,"2":60.97464021,"3":61.0045261972,"4":61.5026871017,"5":61.8414353418,"6":62.4292606283,"7":62.0905153738,"8":62.2698530904,"9":62.3395946992,"10":61.9709580936,"11":62.58867209,"12":62.2100710173,"13":62.5488210475,"14":62.1104400077,"15":62.2200382762,"16":60.0381002651,"17":60.6956665875,"18":61.4628326927,"19":60.4565553462,"20":60.157659463,"21":59.4004573517,"22":60.9746407418,"23":61.7716917833,"24":62.239961782,"25":61.3731637319,"26":61.223716983,"27":62.030735252,"28":62.7900009155,"29":63.0499992371,"30":63.6300010681,"31":63.3600006104,"32":63.5800018311,"33":64.0,"34":63.5200004578,"35":61.6800003052,"36":61.9700012207,"37":64.1200027466,"38":61.7599983215,"39":58.8400001526,"40":60.2200012207,"41":62.1899986267,"42":61.0900001526,"43":60.5,"44":57.2599983215,"45":55.3400001526,"46":58.5600013733,"47":56.7299995422,"48":51.9500007629,"49":51.8800010681,"50":45.9199981689,"51":41.6399993896,"52":39.2700004578,"53":40.4399986267,"54":42.7299995422,"55":35.9000015259,"56":39.4500007629,"57":42.4099998474,"58":44.6199989319,"59":46.1599998474,"60":47.1699981689,"61":47.2999992371,"62":44.2799987793,"63":44.4900016785,"64":43.25,"65":43.0200004578,"66":49.6500015259,"67":47.3400001526,"68":50.0800018311,"69":48.6100006104,"70":48.5800018311,"71":47.7999992371,"72":48.2599983215,"73":47.6399993896,"74":48.9799995422,"75":46.1599998474,"76":46.9900016785,"77":46.8699989319,"78":46.1800003052,"79":46.5200004578,"80":46.5200004578},"High":{"0":61.4727973938,"1":61.3432748695,"2":61.4130186025,"3":61.442904573,"4":62.1602565883,"5":62.6086003774,"6":62.7978970759,"7":62.4292635254,"8":62.5687476251,"9":62.6185624234,"10":62.5986392723,"11":62.7480827559,"12":62.5288923527,"13":62.7779736516,"14":62.2997389855,"15":62.2698533988,"16":60.9945681031,"17":61.4130164783,"18":61.5525014306,"19":60.7853381945,"20":60.2373628969,"21":60.5462241719,"22":61.6421717409,"23":62.2200354676,"24":62.2698500939,"25":61.6222431363,"26":61.6421685487,"27":62.3296335877,"28":63.3699989319,"29":63.5099983215,"30":63.8899993896,"31":63.8600006104,"32":63.9199981689,"33":64.3000030518,"34":63.9199981689,"35":62.2299995422,"36":62.1199989319,"37":64.9499969482,"38":63.7000007629,"39":60.7200012207,"40":62.3199996948,"41":63.5900001526,"42":62.4399986267,"43":61.5400009155,"44":59.2599983215,"45":57.7200012207,"46":59.1300010681,"47":57.3499984741,"48":52.1199989319,"49":52.1300010681,"50":45.9300003052,"51":43.7099990845,"52":41.0499992371,"53":43.0,"54":42.75,"55":37.2400016785,"56":41.75,"57":47.0200004578,"58":48.7599983215,"59":48.2799987793,"60":48.1800003052,"61":48.6899986267,"62":46.6500015259,"63":45.5400009155,"64":43.3400001526,"65":46.8499984741,"66":50.4300003052,"67":50.0499992371,"68":51.2400016785,"69":48.7700004578,"70":50.3800010681,"71":48.9599990845,"72":48.2599983215,"73":49.9799995422,"74":48.9900016785,"75":46.9599990845,"76":47.1699981689,"77":46.9700012207,"78":46.5499992371,"79":47.0999984741,"80":47.0999984741},"Low":{"0":60.8351547305,"1":60.5462215426,"2":60.6857071828,"3":60.9148574612,"4":61.5026871017,"5":61.7816549154,"6":61.9709554447,"7":61.8015823444,"8":61.821509388,"9":61.482760917,"10":61.9211429717,"11":62.239962446,"12":61.8613613695,"13":62.1901460843,"14":61.7019499393,"15":60.765415413,"16":59.948431524,"17":60.5561827311,"18":60.8550821362,"19":59.7790590397,"20":58.6233294032,"21":59.2410466794,"22":60.8550836884,"23":61.632207926,"24":61.5823923171,"25":60.9148585399,"26":60.9646722799,"27":61.6122836631,"28":62.3899993896,"29":62.7999992371,"30":63.1500015259,"31":63.0499992371,"32":63.3899993896,"33":63.1599998474,"34":63.0499992371,"35":61.2900009155,"36":59.6199989319,"37":63.2200012207,"38":60.0600013733,"39":58.1399993896,"40":59.3699989319,"41":59.7900009155,"42":60.1399993896,"43":59.1899986267,"44":57.0200004578,"45":54.7999992371,"46":55.6800003052,"47":55.2999992371,"48":48.0,"49":47.5999984741,"50":40.8100013733,"51":39.0,"52":36.9599990845,"53":34.3600006104,"54":37.0,"55":32.7200012207,"56":38.8600006104,"57":42.25,"58":44.2200012207,"59":44.6199989319,"60":45.4000015259,"61":46.4599990845,"62":43.9300003052,"63":41.9199981689,"64":40.7200012207,"65":42.5299987793,"66":46.2099990845,"67":47.0400009155,"68":48.3699989319,"69":47.2700004578,"70":48.4300003052,"71":47.2900009155,"72":46.2900009155,"73":47.5999984741,"74":47.7099990845,"75":45.6399993896,"76":46.0200004578,"77":45.7099990845,"78":44.8699989319,"79":45.9700012207,"80":45.9700012207},"Close":{"0":61.4727973938,"1":61.0144920349,"2":61.4030570984,"3":61.3632011414,"4":61.691986084,"5":62.4093360901,"6":62.1104393005,"7":62.2897796631,"8":62.4890441895,"9":61.572429657,"10":62.5787124634,"11":62.4491882324,"12":62.0705871582,"13":62.2001113892,"14":62.220035553,"15":60.9646759033,"16":60.7056350708,"17":61.0742683411,"18":60.8650436401,"19":60.277217865,"20":58.822593689,"21":60.0181770325,"22":61.0543441772,"23":61.9908828735,"24":61.5923538208,"25":61.1539764404,"26":61.4229812622,"27":62.2299995422,"28":63.2900009155,"29":63.3600006104,"30":63.3800010681,"31":63.4599990845,"32":63.8100013733,"33":63.8699989319,"34":63.3100013733,"35":61.75,"36":59.7200012207,"37":63.9900016785,"38":60.1199989319,"39":59.7999992371,"40":62.1899986267,"41":60.6100006104,"42":62.2700004578,"43":59.5699996948,"44":58.5600013733,"45":57.2000007629,"46":57.9700012207,"47":55.6100006104,"48":49.3600006104,"49":51.5699996948,"50":41.0499992371,"51":42.5099983215,"52":40.8499984741,"53":41.6500015259,"54":37.3699989319,"55":36.7599983215,"56":41.0400009155,"57":44.0800018311,"58":47.9599990845,"59":46.7999992371,"60":47.5499992371,"61":47.8100013733,"62":44.6199989319,"63":43.7900009155,"64":40.9599990845,"65":46.1100006104,"66":46.6800003052,"67":49.1100006104,"68":48.8100013733,"69":47.8499984741,"70":50.2200012207,"71":48.2900009155,"72":46.4500007629,"73":49.7299995422,"74":47.7900009155,"75":46.0499992371,"76":46.3800010681,"77":45.7400016785,"78":46.0499992371,"79":47.0499992371,"80":47.0499992371},"Volume":{"0":5190200,"1":3229200,"2":5223000,"3":4586700,"4":3658100,"5":5584400,"6":3853400,"7":3486500,"8":5316800,"9":5020500,"10":4114600,"11":5382300,"12":5090600,"13":2943100,"14":3529600,"15":3909500,"16":3795700,"17":3928500,"18":3449200,"19":5375600,"20":6151900,"21":6331700,"22":4266700,"23":4353200,"24":4588900,"25":3727200,"26":3449700,"27":4490100,"28":4304700,"29":5195300,"30":5472300,"31":3498200,"32":3384500,"33":3015200,"34":4681000,"35":5638500,"36":8317600,"37":14677500,"38":12640100,"39":12936400,"40":10155000,"41":10092900,"42":6853500,"43":9162300,"44":10401300,"45":11188700,"46":12575500,"47":12107500,"48":13572800,"49":11254400,"50":13684100,"51":18604500,"52":18300900,"53":22567100,"54":13402000,"55":21303700,"56":14467600,"57":14331800,"58":17080100,"59":12743200,"60":12442400,"61":18375300,"62":8810000,"63":9665200,"64":12141200,"65":12722100,"66":14116000,"67":9146300,"68":11109800,"69":10381300,"70":8871200,"71":10240300,"72":13209900,"73":15547100,"74":8325500,"75":9508600,"76":7716200,"77":8092400,"78":9493400,"79":3473746,"80":3473746}}