{"Open":{"0":26.782685827,"1":26.1417146055,"2":26.2994924637,"3":26.9207389746,"4":27.2954610344,"5":27.38421135,"6":26.9108804582,"7":27.1771280829,"8":27.8674047572,"9":28.1533734082,"10":28.4787893329,"11":28.4886512756,"12":28.3505962617,"13":27.8674030522,"14":27.048934218,"15":27.5814327236,"16":26.1121310114,"17":26.1811589597,"18":26.2107430316,"19":26.0332432793,"20":26.2008822789,"21":25.5697734041,"22":26.3981035911,"23":27.1869898021,"24":29.4353160443,"25":27.5617116175,"26":27.4729620065,"27":28.4689307449,"28":28.4492069431,"29":28.6760122496,"30":28.4294848433,"31":28.3505967897,"32":27.7983769778,"33":27.7096277467,"34":28.0547648479,"35":25.9642158828,"36":25.4415775829,"37":24.2385281474,"38":22.4536724955,"39":21.9113117528,"40":23.1833916598,"41":23.4496419976,"42":23.331308337,"43":23.0900001526,"44":21.25,"45":20.0200004578,"46":19.5599994659,"47":18.4400005341,"48":16.1800003052,"49":15.5699996948,"50":13.25,"51":11.8000001907,"52":12.0200004578,"53":13.0900001526,"54":13.0699996948,"55":12.0,"56":11.5100002289,"57":13.9099998474,"58":14.6899995804,"59":14.1700000763,"60":13.9600000381,"61":12.9600000381,"62":12.0,"63":10.720000267,"64":10.6499996185,"65":11.9200000763,"66":14.1199998856,"67":15.1499996185,"68":15.6499996185,"69":15.9499998093,"70":15.1000003815,"71":14.5,"72":14.4300003052,"73":15.1599998474,"74":14.7100000381,"75":13.6199998856,"76":14.0200004578,"77":13.4399995804,"78":13.9300003052,"79":14.0,"80":14.0},"High":{"0":26.9404629135,"1":26.5558799029,"2":26.9207394878,"3":27.4236541182,"4":27.5715699826,"5":27.38421135,"6":27.2362959291,"7":27.8082382991,"8":28.3900425327,"9":28.3801796032,"10":28.7844840718,"11":28.5872624233,"12":28.3505962617,"13":28.0251801293,"14":27.6405992077,"15":27.5814327236,"16":26.4375464718,"17":26.2994927125,"18":26.5657424115,"19":26.3685200526,"20":26.2008822789,"21":26.0529659598,"22":27.117961761,"23":28.0646250795,"24":29.9776745422,"25":28.0153202674,"26":28.1139316559,"27":28.5379579845,"28":29.0803152564,"29":28.853511939,"30":28.8239275461,"31":28.6957348659,"32":28.0547652091,"33":28.5478196981,"34":28.3900416168,"35":26.0431044242,"36":25.4514388855,"37":24.7513046231,"38":24.0511658959,"39":23.1439463404,"40":23.420057276,"41":24.4357497066,"42":24.0018618827,"43":23.4899997711,"44":22.2299995422,"45":20.2600002289,"46":19.9400005341,"47":18.5300006866,"48":16.4699993134,"49":16.2299995422,"50":13.9499998093,"51":13.1999998093,"52":13.3800001144,"53":13.9499998093,"54":13.1499996185,"55":12.1700000763,"56":13.8299999237,"57":15.6700000763,"58":15.8000001907,"59":14.4499998093,"60":14.1099996567,"61":13.6499996185,"62":12.1800003052,"63":11.3000001907,"64":11.2100000381,"65":13.3000001907,"66":15.1300001144,"67":15.5900001526,"68":16.6599998474,"69":15.9499998093,"70":15.5699996948,"71":14.6300001144,"72":14.6300001144,"73":15.9799995422,"74":15.1999998093,"75":14.0500001907,"76":14.1800003052,"77":14.2399997711,"78":14.0600004196,"79":14.970000267,"80":14.970000267},"Low":{"0":26.2107434182,"1":26.062826067,"2":26.2304652256,"3":26.7037959616,"4":26.8812957313,"5":26.5558807294,"6":26.7925467048,"7":27.0390736047,"8":27.7293502764,"9":27.8871257651,"10":28.2914302256,"11":28.2322630441,"12":27.8082377812,"13":27.2165721387,"14":26.6446302159,"15":26.6939361366,"16":25.7965768536,"17":25.6092165629,"18":26.1614383981,"19":25.845882287,"20":25.2147745416,"21":25.4613009534,"22":26.2501878122,"23":27.1574077739,"24":28.5774014938,"25":27.1475462985,"26":27.3447669481,"27":28.1139313633,"28":28.3012911672,"29":28.143515062,"30":28.3111510921,"31":27.532127462,"32":27.4631002046,"33":27.5025441442,"34":27.3546274021,"35":25.0175533857,"36":23.9131114198,"37":23.1735318646,"38":21.9803412569,"39":21.802841188,"40":22.3649223649,"41":22.7692271517,"42":22.7593659387,"43":21.9699993134,"44":21.0400009155,"45":18.1299991608,"46":18.0,"47":17.3600006104,"48":14.7100000381,"49":14.0600004196,"50":11.4799995422,"51":10.8500003815,"52":11.8699998856,"53":12.0900001526,"54":11.6999998093,"55":10.5100002289,"56":11.3599996567,"57":13.529999733,"58":14.0200004578,"59":13.0600004196,"60":12.8900003433,"61":12.7899999619,"62":10.8599996567,"63":10.1800003052,"64":10.4799995422,"65":11.8699998856,"66":13.9799995422,"67":14.7100000381,"68":15.1000003815,"69":14.2600002289,"70":14.8500003815,"71":13.8599996567,"72":13.9600000381,"73":15.1000003815,"74":14.1199998856,"75":13.3100004196,"76":13.3400001526,"77":13.4200000763,"78":13.4499998093,"79":13.7308998108,"80":13.7308998108},"Close":{"0":26.5558815002,"1":26.5460186005,"2":26.8812961578,"3":27.1376838684,"4":27.3151836395,"5":26.999628067,"6":27.0489349365,"7":27.7096271515,"8":28.2322635651,"9":28.1632347107,"10":28.4492073059,"11":28.4886512756,"12":27.9660148621,"13":27.26587677,"14":27.5518493652,"15":26.9108810425,"16":25.8754653931,"17":26.0332431793,"18":26.3882427216,"19":26.269908905,"20":25.4119968414,"21":25.668384552,"22":26.8221302032,"23":27.9955978394,"24":28.5971240997,"25":27.5814323425,"26":28.1139316559,"27":28.1829586029,"28":29.0605926514,"29":28.429485321,"30":28.8042049408,"31":27.7096271515,"32":27.6504611969,"33":28.4097633362,"34":27.6011543274,"35":25.1950511932,"36":24.0117225647,"37":23.1932544708,"38":22.6311721802,"39":23.1242256165,"40":23.3608913422,"41":23.0354766846,"42":23.9920005798,"43":22.2199993134,"44":21.7000007629,"45":18.4300003052,"46":19.1599998474,"47":17.5699996948,"48":15.0100002289,"49":16.2299995422,"50":11.4799995422,"51":13.1899995804,"52":13.3599996567,"53":12.7100000381,"54":12.0399999619,"55":10.5799999237,"56":13.720000267,"57":14.8999996185,"58":15.1599998474,"59":13.9099998474,"60":13.2100000381,"61":12.9499998093,"62":11.0699996948,"63":11.0100002289,"64":11.0900001526,"65":13.0399999619,"66":14.470000267,"67":14.970000267,"68":15.6999998093,"69":14.7700004578,"70":15.3800001144,"71":14.4200000763,"72":14.4099998474,"73":15.220000267,"74":14.2100000381,"75":13.75,"76":13.4099998474,"77":13.7700004578,"78":13.6400003433,"79":14.8800001144,"80":14.8800001144},"Volume":{"0":3823600,"1":3511200,"2":4040500,"3":2752900,"4":3624100,"5":2983500,"6":2324100,"7":2693900,"8":4262200,"9":3603600,"10":2607400,"11":2475900,"12":3559000,"13":3386000,"14":2696100,"15":3258800,"16":3976200,"17":3629500,"18":3691500,"19":4661200,"20":4950200,"21":5261500,"22":4588300,"23":4885800,"24":8871700,"25":6067800,"26":3914500,"27":3518400,"28":3721100,"29":3771200,"30":2763300,"31":4149800,"32":3176200,"33":3213700,"34":4309700,"35":6669900,"36":5950900,"37":4868100,"38":6576800,"39":6564400,"40":5852700,"41":7162400,"42":4956100,"43":5737500,"44":4719400,"45":5948800,"46":5497100,"47":5920500,"48":5996300,"49":9506100,"50":7939900,"51":9038500,"52":7852500,"53":8261000,"54":10161100,"55":7546300,"56":5540800,"57":7120600,"58":6986500,"59":5186100,"60":5773300,"61":5512000,"62":5569400,"63":8042900,"64":4702000,"65":6567400,"66":8662400,"67":5924300,"68":7291400,"69":3925800,"70":3227600,"71":4336300,"72":3710000,"73":3880200,"74":3808200,"75":4890800,"76":3426000,"77":3235600,"78":6277800,"79":2409526,"80":2409526}}