{"Open":{"0":136.616709764,"1":135.6530810764,"2":135.2557079621,"3":134.9974176102,"4":135.047094904,"5":135.8020939597,"6":134.9080072021,"7":134.6199013272,"8":135.1066864653,"9":135.6034028307,"10":137.0935501645,"11":138.0869859429,"12":139.8453714754,"13":140.3619464812,"14":135.3947755943,"15":132.8515929686,"16":133.4675308682,"17":133.6066124004,"18":133.6165393269,"19":131.7290305663,"20":132.782071604,"21":131.6396105778,"22":133.5271337151,"23":132.9807430773,"24":136.3782842226,"25":135.5040606323,"26":135.1166290379,"27":135.4444533188,"28":136.6663868214,"29":135.0172814682,"30":135.7226216282,"31":136.5769692241,"32":135.1066986552,"33":133.0999603271,"34":133.3781192744,"35":132.6429943118,"36":133.2291082874,"37":130.417696011,"38":126.5135096787,"39":120.9204910655,"40":119.0230301765,"41":126.7420018736,"42":125.4306653859,"43":126.8115428818,"44":123.394137467,"45":116.1200027466,"46":118.5800018311,"47":115.6900024414,"48":105.6100006104,"49":107.5100021362,"50":97.8499984741,"51":87.1100006104,"52":90.25,"53":81.1600036621,"54":86.1500015259,"55":87.5999984741,"56":91.3199996948,"57":93.3700027466,"58":93.0899963379,"59":94.8700027466,"60":99.8499984741,"61":100.7399978638,"62":94.7600021362,"63":94.5500030518,"64":96.0899963379,"65":98.0,"66":102.4700012207,"67":101.5999984741,"68":106.3399963379,"69":109.6100006104,"70":107.2300033569,"71":103.0199966431,"72":101.9599990845,"73":103.3000030518,"74":103.2900009155,"75":98.4899978638,"76":103.5100021362,"77":101.75,"78":100.8899993896,"79":101.6999969482,"80":101.6999969482},"High":{"0":136.8352659157,"1":136.4676870643,"2":136.3087582045,"3":135.7325624409,"4":136.7955290729,"5":137.0041528413,"6":135.57360452,"7":135.4047207256,"8":136.6564372082,"9":137.0736772397,"10":138.0671088126,"11":140.1235236594,"12":140.6202469157,"13":140.938138638,"14":137.0935501683,"15":133.9940483121,"16":134.8583289338,"17":134.2126062422,"18":133.6562699179,"19":133.3979883065,"20":133.6264793708,"21":133.4079175422,"22":134.3616125506,"23":135.9411647448,"24":137.0935561631,"25":135.980918702,"26":135.3749309603,"27":136.6067664084,"28":136.7855937577,"29":136.2590708677,"30":137.2525147955,"31":136.7855965254,"32":135.2755802095,"33":133.5668743876,"34":134.4410983475,"35":134.6596592903,"36":133.3185134905,"37":131.2919206481,"38":128.212276764,"39":121.933787925,"40":126.8512755489,"41":127.7553063222,"42":130.6859190173,"43":128.4805082417,"44":124.9637612056,"45":118.4800033569,"46":119.7799987793,"47":116.3700027466,"48":110.6600036621,"49":107.5500030518,"50":98.4800033569,"51":96.6999969482,"52":93.5,"53":86.4499969482,"54":94.1800003052,"55":92.5,"56":94.3600006104,"57":94.9599990845,"58":98.9300003052,"59":103.0100021362,"60":102.9899978638,"61":101.7200012207,"62":98.0699996948,"63":98.9300003052,"64":97.3199996948,"65":99.4899978638,"66":104.1999969482,"67":105.4800033569,"68":111.6999969482,"69":109.8799972534,"70":109.5100021362,"71":105.2300033569,"72":102.2200012207,"73":105.3399963379,"74":103.8199996948,"75":106.5500030518,"76":104.4100036621,"77":102.9700012207,"78":101.0800018311,"79":102.8799972534,"80":102.8799972534},"Low":{"0":135.2457693866,"1":135.4543977982,"2":134.7490632969,"3":134.2126133271,"4":134.6000537131,"5":135.8020939597,"6":134.4311643036,"7":134.4609638028,"8":135.1066864653,"9":135.414648416,"10":136.9147397665,"11":137.9280332563,"12":139.4579337552,"13":139.5672133145,"14":132.6032354401,"15":132.7323860369,"16":132.6827114781,"17":133.4575885752,"18":132.0767174405,"19":131.2422436461,"20":130.5667082167,"21":131.4111255634,"22":131.6098030066,"23":132.9807430773,"24":135.5835359378,"25":134.3417475098,"26":134.2523483801,"27":134.7589831268,"28":134.7987306401,"29":134.3417401524,"30":135.3351839069,"31":134.8682656957,"32":133.3085898705,"33":131.7290350393,"34":132.3648299709,"35":132.4443110193,"36":129.8713047344,"37":127.7155609131,"38":123.2252535877,"39":116.6089941407,"40":118.5461872825,"41":123.5530874345,"42":124.4968373351,"43":125.9770564121,"44":121.6556321762,"45":113.3000030518,"46":113.8000030518,"47":111.1900024414,"48":101.2200012207,"49":99.1900024414,"50":84.8600006104,"51":80.4000015259,"52":76.9899978638,"53":77.5199966431,"54":84.9599990845,"55":87.1100006104,"56":86.7600021362,"57":87.6600036621,"58":90.0999984741,"59":94.8099975586,"60":96.1999969482,"61":99.0100021362,"62":94.4000015259,"63":93.9000015259,"64":92.9400024414,"65":96.7799987793,"66":100.6699981689,"67":100.1200027466,"68":105.75,"69":105.8300018311,"70":106.3399963379,"71":101.9700012207,"72":98.9700012207,"73":102.1500015259,"74":100.0999984741,"75":96.5500030518,"76":100.4400024414,"77":100.25,"78":98.6399993896,"79":101.4300003052,"80":101.4300003052},"Close":{"0":136.6067657471,"1":136.1199951172,"2":136.2690124512,"3":134.2722167969,"4":135.7126922607,"5":136.7160491943,"6":134.6199035645,"7":135.3649749756,"8":135.7524108887,"9":136.6663818359,"10":137.9379730225,"11":139.8056182861,"12":139.9844512939,"13":140.4116210938,"14":133.3085784912,"15":133.8946990967,"16":132.8515930176,"17":133.5072631836,"18":132.3946228027,"19":133.3185119629,"20":130.7554626465,"21":132.7323913574,"22":131.7091522217,"23":135.8815612793,"24":135.6034088135,"25":135.1166229248,"26":135.3252563477,"27":136.4776306152,"28":134.8186035156,"29":135.9809112549,"30":136.8551330566,"31":134.987487793,"32":133.6264801025,"33":133.0999603271,"34":134.2722167969,"35":133.2390441895,"36":129.9309082031,"37":127.7155609131,"38":123.2649917603,"39":119.0230331421,"40":126.8413391113,"41":124.486907959,"42":130.6660461426,"43":127.1791152954,"44":124.0199966431,"45":116.1999969482,"46":119.5699996948,"47":112.5999984741,"48":102.1800003052,"49":107.4499969482,"50":85.0999984741,"51":96.4100036621,"52":81.6900024414,"53":86.0699996948,"54":89.5100021362,"55":88.3600006104,"56":93.7399978638,"57":92.1800003052,"58":98.6699981689,"59":99.9499969482,"60":102.5899963379,"61":99.3499984741,"62":95.1999969482,"63":97.1900024414,"64":93.8899993896,"65":98.9800033569,"66":100.7799987793,"67":104.9400024414,"68":109.7399978638,"69":106.4199981689,"70":108.0199966431,"71":102.1699981689,"72":99.8099975586,"73":105.0699996948,"74":101.7799987793,"75":101.7799987793,"76":101.7900009155,"77":100.4499969482,"78":100.8199996948,"79":102.5100021362,"80":102.5100021362},"Volume":{"0":1117300,"1":927300,"2":952800,"3":1204600,"4":1942800,"5":1228600,"6":1343200,"7":1042500,"8":1485300,"9":905200,"10":1249100,"11":1534800,"12":1604700,"13":1656800,"14":3636600,"15":1755100,"16":1519500,"17":1297700,"18":1270900,"19":1409700,"20":1844900,"21":1494900,"22":1541400,"23":1404500,"24":937600,"25":900200,"26":807700,"27":1042000,"28":824800,"29":927200,"30":981400,"31":1206100,"32":1272200,"33":1629100,"34":1469700,"35":1828700,"36":1949000,"37":1715500,"38":2689600,"39":3756000,"40":3349900,"41":2694500,"42":2423100,"43":2445500,"44":2550400,"45":3658300,"46":2615200,"47":3032200,"48":3485600,"49":3602300,"50":4731800,"51":5424900,"52":3939100,"53":3177500,"54":5949500,"55":4915700,"56":4293300,"57":4151400,"58":4610600,"59":3085400,"60":2733700,"61":2919500,"62":3182600,"63":1852300,"64":1784100,"65":3042500,"66":1944000,"67":1482100,"68":1693400,"69":1241500,"70":2122800,"71":1994700,"72":1721100,"73":2038500,"74":2204500,"75":3049200,"76":2274100,"77":1832100,"78":2130000,"79":324473,"80":324473}}