{"Open":{"0":93.3587740667,"1":92.2925580091,"2":90.8078228824,"3":90.4490954006,"4":89.7017450034,"5":91.1765156795,"6":90.6782845456,"7":90.7878979887,"8":90.0106543857,"9":89.6021025817,"10":90.618495982,"11":90.8177915738,"12":93.2292333323,"13":93.4883178059,"14":92.023514006,"15":93.2093040543,"16":91.9736946736,"17":93.5979247104,"18":94.7139670977,"19":88.4860672281,"20":94.5645020327,"21":93.647752799,"22":94.9730466217,"23":91.6847170116,"24":94.514673481,"25":95.5709271796,"26":95.8300033931,"27":97.4741756818,"28":97.2848437824,"29":98.0022987155,"30":97.7133252874,"31":98.2015942528,"32":98.0720515793,"33":97.9724052517,"34":98.2699966431,"35":97.8300018311,"36":96.9599990845,"37":93.75,"38":90.3899993896,"39":88.2699966431,"40":88.5,"41":91.0800018311,"42":94.5299987793,"43":94.5800018311,"44":91.9000015259,"45":86.5100021362,"46":83.3300018311,"47":83.4300003052,"48":77.0699996948,"49":79.9599990845,"50":70.6800003052,"51":68.6600036621,"52":66.9300003052,"53":71.8099975586,"54":75.8199996948,"55":76.3700027466,"56":80.6500015259,"57":80.0800018311,"58":77.6999969482,"59":83.0,"60":84.0899963379,"61":84.7799987793,"62":82.6999969482,"63":83.0100021362,"64":83.8199996948,"65":82.5899963379,"66":90.0199966431,"67":87.1100006104,"68":92.2900009155,"69":88.1600036621,"70":89.5800018311,"71":88.8000030518,"72":91.9599990845,"73":93.1200027466,"74":91.4199981689,"75":91.4400024414,"76":94.1100006104,"77":95.4000015259,"78":97.0,"79":103.1800003052,"80":103.1800003052},"High":{"0":93.7573538386,"1":92.54167417,"2":91.3259887695,"3":91.3160224066,"4":91.8640790851,"5":91.6348885073,"6":91.4057070963,"7":90.7978647643,"8":91.0669044904,"9":90.7181457649,"10":91.7345315032,"11":92.581538339,"12":94.6541781334,"13":93.647755807,"14":93.3587806642,"15":93.8669667685,"16":93.976583243,"17":95.9595486635,"18":95.8897956773,"19":95.9794783277,"20":95.6606116879,"21":95.650641307,"22":96.0691638563,"23":93.6477536407,"24":96.4378506196,"25":96.2584826109,"26":98.7695786668,"27":97.4741756818,"28":98.7795407995,"29":98.3211671056,"30":98.2514171335,"31":98.6500003041,"32":99.247880201,"33":98.8492914173,"34":100.1600036621,"35":98.9800033569,"36":97.75,"37":95.4800033569,"38":94.3499984741,"39":90.2600021362,"40":91.5299987793,"41":94.8000030518,"42":96.3799972534,"43":95.9000015259,"44":92.8700027466,"45":86.6399993896,"46":87.1500015259,"47":85.1100006104,"48":81.8799972534,"49":81.1800003052,"50":74.6999969482,"51":71.0599975586,"52":72.9599990845,"53":80.2799987793,"54":79.4899978638,"55":79.9000015259,"56":84.6399993896,"57":82.7300033569,"58":83.8799972534,"59":85.7300033569,"60":86.5,"61":86.7900009155,"62":87.25,"63":86.7099990845,"64":84.9199981689,"65":88.3700027466,"66":90.75,"67":91.2099990845,"68":92.2900009155,"69":89.8899993896,"70":93.5599975586,"71":91.9499969482,"72":92.1299972534,"73":93.9899978638,"74":94.3600006104,"75":94.4400024414,"76":96.4000015259,"77":97.2600021362,"78":102.0100021362,"79":105.0,"80":105.0},"Low":{"0":92.1430859958,"1":91.4355978076,"2":89.8412585359,"3":87.9679004832,"4":89.7017450034,"5":90.1800510273,"6":90.1900189882,"7":89.8711523038,"8":89.5522815553,"9":89.5323503579,"10":90.2199086091,"11":90.2796997269,"12":93.0598361607,"13":92.4121341058,"14":91.1366610265,"15":92.5217410146,"16":91.7943307239,"17":93.4185607696,"18":94.4648509376,"19":87.7088183863,"20":90.2199153104,"21":93.647752799,"22":90.6384267658,"23":91.296096396,"24":93.7673249702,"25":95.062728085,"26":95.8300033931,"27":95.8200482495,"28":97.0855538878,"29":96.9859080978,"30":97.2350264925,"31":96.6869637282,"32":97.6435714646,"33":96.5374937058,"34":98.1699981689,"35":96.3300018311,"36":92.9000015259,"37":91.4400024414,"38":88.7600021362,"39":86.6200027466,"40":87.6800003052,"41":90.8000030518,"42":93.0400009155,"43":92.4599990845,"44":89.5199966431,"45":77.5,"46":80.3499984741,"47":82.0,"48":71.7900009155,"49":71.0899963379,"50":66.8700027466,"51":63.8899993896,"52":64.1900024414,"53":71.5,"54":74.5400009155,"55":74.8099975586,"56":78.6699981689,"57":75.8399963379,"58":77.6999969482,"59":82.4100036621,"60":82.1500015259,"61":84.0899963379,"62":81.0100021362,"63":82.2399978638,"64":79.2200012207,"65":82.0400009155,"66":85.7099990845,"67":85.2200012207,"68":87.8300018311,"69":86.4300003052,"70":89.4400024414,"71":88.3000030518,"72":89.6600036621,"73":90.4100036621,"74":90.4400024414,"75":91.4199981689,"76":92.6299972534,"77":93.1100006104,"78":96.0599975586,"79":101.4000015259,"80":101.4000015259},"Close":{"0":92.7808227539,"1":91.6348876953,"2":91.3259887695,"3":89.6917877197,"4":91.3857727051,"5":90.4889526367,"6":90.9473266602,"7":90.0704421997,"8":89.8611831665,"9":90.0704421997,"10":90.7679595947,"11":92.4619598389,"12":93.3089523315,"13":92.5416793823,"14":93.3288879395,"15":93.2391967773,"16":93.6577148438,"17":94.6541748047,"18":94.6840667725,"19":93.4982833862,"20":92.6213912964,"21":94.0762329102,"22":90.7779312134,"23":93.6377868652,"24":96.2485198975,"25":96.2086639404,"26":97.1851959229,"27":97.2250595093,"28":98.1816635132,"29":97.9126205444,"30":97.8229370117,"31":97.4841384888,"32":98.2912750244,"33":98.6500015259,"34":99.7799987793,"35":96.4599990845,"36":93.1500015259,"37":91.4899978638,"38":90.4300003052,"39":88.5100021362,"40":91.4800033569,"41":93.1399993896,"42":96.3499984741,"43":93.6500015259,"44":91.4800033569,"45":80.8399963379,"46":86.9499969482,"47":83.3000030518,"48":76.5100021362,"49":76.2099990845,"50":67.3600006104,"51":70.5800018311,"52":72.5100021362,"53":76.3899993896,"54":75.9100036621,"55":78.0599975586,"56":80.0199966431,"57":76.9300003052,"58":83.4800033569,"59":83.0999984741,"60":85.5500030518,"61":84.5500030518,"62":84.0,"63":84.1500015259,"64":79.5,"65":87.9599990845,"66":86.4899978638,"67":90.6999969482,"68":88.2300033569,"69":89.6699981689,"70":92.9599990845,"71":90.7399978638,"72":91.1999969482,"73":92.7200012207,"74":93.4300003052,"75":93.1299972534,"76":95.4300003052,"77":95.0800018311,"78":101.9800033569,"79":104.2850036621,"80":104.2850036621},"Volume":{"0":1068900,"1":1527300,"2":1393400,"3":2721700,"4":1449500,"5":1116600,"6":1345000,"7":970000,"8":1312500,"9":1324900,"10":1176800,"11":1370700,"12":2176400,"13":997800,"14":1082800,"15":1935600,"16":1462000,"17":2644700,"18":2129900,"19":4613900,"20":2800900,"21":2263600,"22":2623700,"23":2094600,"24":1665500,"25":1010700,"26":2112900,"27":1224800,"28":907800,"29":950700,"30":675700,"31":768900,"32":881700,"33":979100,"34":1349600,"35":1563500,"36":1335600,"37":1384700,"38":1941400,"39":3318600,"40":1659800,"41":2324800,"42":1611200,"43":1179200,"44":1761000,"45":4000600,"46":2606900,"47":2439900,"48":2929200,"49":2399700,"50":2245300,"51":3537800,"52":2190000,"53":2291000,"54":2447300,"55":2057700,"56":2012000,"57":1648600,"58":1529600,"59":1578400,"60":1234800,"61":1663900,"62":1752700,"63":1537000,"64":1471700,"65":2515700,"66":2934800,"67":2432200,"68":1986800,"69":1417500,"70":1361100,"71":1341100,"72":1355400,"73":1311200,"74":1581800,"75":1511900,"76":2055500,"77":2374900,"78":3173400,"79":1030791,"80":1030791}}