{"Open":{"0":123.5299987793,"1":120.4400024414,"2":122.0199966431,"3":124.5899963379,"4":125.9599990845,"5":128.7200012207,"6":127.6999969482,"7":126.9199981689,"8":125.5100021362,"9":127.0899963379,"10":126.8499984741,"11":128.4199981689,"12":129.0700073242,"13":131.4499969482,"14":130.4400024414,"15":128.0399932861,"16":122.1900024414,"17":123.1100006104,"18":126.9800033569,"19":124.9800033569,"20":126.4000015259,"21":125.2399978638,"22":126.3000030518,"23":122.4499969482,"24":121.0500030518,"25":116.0,"26":112.5,"27":111.0,"28":112.5299987793,"29":113.6600036621,"30":112.5800018311,"31":113.2399978638,"32":114.0999984741,"33":113.3399963379,"34":114.6999969482,"35":114.5100021362,"36":113.5,"37":111.2300033569,"38":107.5599975586,"39":106.5599975586,"40":108.5800018311,"41":111.75,"42":113.4400024414,"43":115.9499969482,"44":113.6999969482,"45":109.9599990845,"46":118.5999984741,"47":116.4400024414,"48":112.0,"49":113.7699966431,"50":105.8399963379,"51":110.5299987793,"52":111.6500015259,"53":107.2600021362,"54":108.5199966431,"55":102.2200012207,"56":114.0899963379,"57":111.8600006104,"58":110.25,"59":113.2099990845,"60":113.8799972534,"61":118.3399963379,"62":115.5199966431,"63":117.0899963379,"64":119.3399963379,"65":120.6500015259,"66":123.4300003052,"67":121.1100006104,"68":119.5,"69":118.6500015259,"70":124.2600021362,"71":122.4899978638,"72":124.3600006104,"73":125.9800033569,"74":124.2399978638,"75":126.0400009155,"76":126.6900024414,"77":127.5699996948,"78":125.4400024414,"79":128.2200012207,"80":128.2200012207},"High":{"0":123.9800033569,"1":122.5,"2":125.1299972534,"3":126.4700012207,"4":129.0,"5":129.5500030518,"6":128.5299987793,"7":128.5700073242,"8":127.5299987793,"9":128.0099945068,"10":127.7099990845,"11":130.4199981689,"12":130.9799957275,"13":133.3600006104,"14":130.8699951172,"15":128.1699981689,"16":123.9599990845,"17":126.6900024414,"18":127.0500030518,"19":127.5999984741,"20":126.8899993896,"21":126.3499984741,"22":127.7399978638,"23":123.9199981689,"24":128.0500030518,"25":117.6600036621,"26":112.5999984741,"27":112.6900024414,"28":115.2799987793,"29":114.2600021362,"30":114.2600021362,"31":114.1699981689,"32":114.7600021362,"33":115.2099990845,"34":116.5800018311,"35":116.5500030518,"36":114.4400024414,"37":112.5,"38":111.9599990845,"39":109.2799987793,"40":112.1299972534,"41":115.0400009155,"42":119.7900009155,"43":119.0800018311,"44":118.7099990845,"45":118.0299987793,"46":118.8799972534,"47":119.8300018311,"48":116.7300033569,"49":116.7300033569,"50":115.1699981689,"51":117.9599990845,"52":120.5,"53":108.75,"54":110.1399993896,"55":111.9400024414,"56":117.4899978638,"57":115.3000030518,"58":115.5899963379,"59":114.5800018311,"60":119.8899993896,"61":120.6999969482,"62":123.9100036621,"63":120.1200027466,"64":121.5999984741,"65":122.4800033569,"66":123.6999969482,"67":122.1200027466,"68":121.2399978638,"69":120.4100036621,"70":125.6699981689,"71":126.8000030518,"72":127.2699966431,"73":126.25,"74":125.6600036621,"75":128.0800018311,"76":128.0599975586,"77":127.9899978638,"78":127.9800033569,"79":129.25,"80":129.25},"Low":{"0":121.4000015259,"1":120.2799987793,"2":121.5500030518,"3":123.6699981689,"4":124.8199996948,"5":127.4000015259,"6":126.6399993896,"7":125.1800003052,"8":124.5599975586,"9":126.0500030518,"10":126.2799987793,"11":127.4000015259,"12":127.4700012207,"13":129.6999969482,"14":128.6699981689,"15":125.1600036621,"16":121.5500030518,"17":123.1100006104,"18":124.5500030518,"19":124.9400024414,"20":124.2699966431,"21":123.8499984741,"22":124.8000030518,"23":119.3099975586,"24":121.0500030518,"25":112.5800018311,"26":109.0899963379,"27":110.0,"28":112.0100021362,"29":111.1500015259,"30":111.7699966431,"31":112.5100021362,"32":113.4700012207,"33":112.75,"34":114.0400009155,"35":112.7399978638,"36":110.5899963379,"37":109.4499969482,"38":106.2200012207,"39":105.2699966431,"40":107.9199981689,"41":109.8099975586,"42":113.4400024414,"43":115.0999984741,"44":113.4700012207,"45":109.1699981689,"46":113.3000030518,"47":115.8499984741,"48":108.3499984741,"49":109.4199981689,"50":104.9499969482,"51":105.1500015259,"52":101.8000030518,"53":102.9700012207,"54":100.0,"55":100.3499984741,"56":108.3899993896,"57":108.0,"58":108.6100006104,"59":110.0,"60":112.8899993896,"61":116.2900009155,"62":114.6600036621,"63":115.4899978638,"64":117.7699966431,"65":119.0100021362,"66":117.1999969482,"67":118.7099990845,"68":118.4100036621,"69":117.2699966431,"70":122.6900024414,"71":121.7399978638,"72":122.8199996948,"73":121.0,"74":123.1100006104,"75":123.3799972534,"76":123.4599990845,"77":124.1200027466,"78":124.6500015259,"79":125.2699966431,"80":125.2699966431},"Close":{"0":122.0800018311,"1":122.2099990845,"2":124.6900024414,"3":125.5100021362,"4":127.8199996948,"5":128.0200042725,"6":126.7600021362,"7":128.4499969482,"8":126.9300003052,"9":126.6100006104,"10":127.6399993896,"11":130.0099945068,"12":130.3899993896,"13":130.1100006104,"14":129.0700073242,"15":125.2799987793,"16":123.0699996948,"17":125.9700012207,"18":125.9100036621,"19":127.4300003052,"20":124.6399993896,"21":124.3499984741,"22":126.9300003052,"23":120.7600021362,"24":127.7399978638,"25":112.5999984741,"26":111.0,"27":112.3899993896,"28":114.0199966431,"29":112.2099990845,"30":113.4300003052,"31":113.4300003052,"32":113.5400009155,"33":115.1299972534,"34":116.0299987793,"35":113.0199966431,"36":110.9700012207,"37":109.4700012207,"38":107.8399963379,"39":107.4800033569,"40":112.0599975586,"41":111.2200012207,"42":119.4199981689,"43":117.2699966431,"44":117.6900024414,"45":113.8799972534,"46":118.75,"47":119.0500030518,"48":108.3600006104,"49":116.6200027466,"50":108.0100021362,"51":116.4700012207,"52":106.6200027466,"53":106.3600006104,"54":100.1500015259,"55":109.8199996948,"56":112.2200012207,"57":109.7200012207,"58":115.25,"59":111.6999969482,"60":118.5100021362,"61":118.6100006104,"62":116.3300018311,"63":119.5100021362,"64":118.4899978638,"65":121.2900009155,"66":120.0599975586,"67":119.0999984741,"68":119.4000015259,"69":120.0,"70":122.7799987793,"71":123.5,"72":126.8199996948,"73":124.4400024414,"74":125.3499984741,"75":125.7300033569,"76":127.4400024414,"77":124.5500030518,"78":127.8799972534,"79":126.0500030518,"80":126.0500030518},"Volume":{"0":1114200,"1":729100,"2":1678700,"3":1179300,"4":1665900,"5":804300,"6":864800,"7":1061100,"8":1768800,"9":592600,"10":1041300,"11":1948900,"12":1398100,"13":1023100,"14":980800,"15":1267800,"16":1368600,"17":1502300,"18":934700,"19":1033700,"20":1486200,"21":1119000,"22":1653600,"23":2982300,"24":3333700,"25":8808000,"26":4090400,"27":2411100,"28":3782300,"29":2093300,"30":1117900,"31":1231700,"32":1225800,"33":1612100,"34":2337300,"35":1960100,"36":2362500,"37":2561800,"38":2502800,"39":3385300,"40":2321900,"41":2073500,"42":2573300,"43":2289900,"44":2426100,"45":2388800,"46":2474300,"47":2212100,"48":3587500,"49":2637100,"50":2918800,"51":2956100,"52":4012600,"53":2358000,"54":4210900,"55":2892900,"56":2642000,"57":3034300,"58":2233700,"59":1880700,"60":3389300,"61":3100400,"62":3031100,"63":1725800,"64":1885000,"65":1626900,"66":2387000,"67":1706200,"68":1950000,"69":1641900,"70":3199800,"71":3584900,"72":4626500,"73":3703400,"74":1881800,"75":2502900,"76":1938000,"77":1485300,"78":1137800,"79":487981,"80":487981}}