{"Open":{"0":128.2039002726,"1":126.5458725863,"2":126.1487426651,"3":128.2237428163,"4":128.4123902126,"5":129.7626359773,"6":130.8646739701,"7":129.6335690794,"8":129.01801166,"9":129.494564546,"10":129.0676605825,"11":129.8222017736,"12":130.1498397651,"13":131.0731722727,"14":130.4774651117,"15":133.833242007,"16":127.7273356377,"17":126.2380952674,"18":126.6352273778,"19":123.2200012207,"20":123.3600006104,"21":121.0599975586,"22":126.0,"23":128.6600036621,"24":133.0,"25":131.25,"26":127.5500030518,"27":130.4700012207,"28":131.6499938965,"29":131.8800048828,"30":133.4799957275,"31":131.1000061035,"32":132.8999938965,"33":132.6100006104,"34":130.7599945068,"35":124.0100021362,"36":122.9000015259,"37":119.2900009155,"38":116.3499984741,"39":109.4499969482,"40":115.1600036621,"41":118.3799972534,"42":115.7699966431,"43":115.1699981689,"44":111.0899963379,"45":105.1100006104,"46":108.8300018311,"47":109.5400009155,"48":99.4199981689,"49":103.3099975586,"50":95.8799972534,"51":96.0299987793,"52":100.0500030518,"53":99.3899993896,"54":104.5,"55":97.3499984741,"56":102.1500015259,"57":104.3300018311,"58":99.4000015259,"59":104.0,"60":100.4000015259,"61":102.0199966431,"62":96.0999984741,"63":96.2600021362,"64":102.4400024414,"65":104.5800018311,"66":111.6900024414,"67":108.1900024414,"68":111.0,"69":105.5,"70":109.5199966431,"71":109.0800018311,"72":109.4199981689,"73":111.6100006104,"74":111.5199966431,"75":110.1999969482,"76":109.6800003052,"77":111.7399978638,"78":111.3499984741,"79":114.0,"80":114.0},"High":{"0":128.6804535295,"1":128.3230358486,"2":126.4168105081,"3":129.961191988,"4":129.6335797535,"5":130.7951857353,"6":130.8646739701,"7":129.8023480343,"8":130.9143170123,"9":129.494564546,"10":129.2960068171,"11":131.0930205773,"12":131.2419568,"13":134.7267724723,"14":133.4460265396,"15":134.4686514377,"16":128.3230385884,"17":127.3897719322,"18":127.5883338716,"19":124.6699981689,"20":123.6399993896,"21":123.6800003052,"22":127.3199996948,"23":132.9100036621,"24":133.0,"25":131.25,"26":129.6999969482,"27":131.9799957275,"28":132.9400024414,"29":133.3899993896,"30":133.6199951172,"31":131.7799987793,"32":134.3000030518,"33":133.2599945068,"34":130.8300018311,"35":125.2600021362,"36":123.0299987793,"37":120.6399993896,"38":118.4899978638,"39":116.1200027466,"40":119.0699996948,"41":120.1200027466,"42":119.0899963379,"43":117.2099990845,"44":113.8700027466,"45":110.0800018311,"46":112.1399993896,"47":111.4400024414,"48":104.7300033569,"49":107.4700012207,"50":104.5,"51":107.6399993896,"52":105.8199996948,"53":105.0,"54":105.5,"55":101.9599990845,"56":105.6800003052,"57":105.8300018311,"58":108.8399963379,"59":105.0,"60":103.4400024414,"61":103.1900024414,"62":100.3700027466,"63":102.2200012207,"64":103.6399993896,"65":109.5599975586,"66":112.9300003052,"67":110.6699981689,"68":112.2099990845,"69":108.4499969482,"70":111.4300003052,"71":109.1399993896,"72":111.9100036621,"73":114.0599975586,"74":115.1200027466,"75":110.75,"76":112.4599990845,"77":113.9000015259,"78":114.0,"79":115.4899978638,"80":115.4899978638},"Low":{"0":126.8536458457,"1":126.3175263581,"2":124.9970659467,"3":127.4989825464,"4":128.1343995406,"5":129.3059435126,"6":128.8889556782,"7":128.8393035892,"8":128.8988771329,"9":127.9358322738,"10":128.4223283393,"11":129.5045046473,"12":129.6435028576,"13":130.8746096792,"14":128.7201551595,"15":128.8194566564,"16":125.3346237313,"17":125.8508929118,"18":124.5403594776,"19":122.2200012207,"20":119.9599990845,"21":121.0599975586,"22":125.3600006104,"23":128.6600036621,"24":131.4799957275,"25":128.5099945068,"26":127.3000030518,"27":130.1300048828,"28":131.6399993896,"29":131.1600036621,"30":131.2700042725,"31":130.5899963379,"32":132.2100067139,"33":130.3399963379,"34":127.9599990845,"35":121.25,"36":118.0199966431,"37":117.6299972534,"38":113.0699996948,"39":108.6100006104,"40":113.3199996948,"41":112.2099990845,"42":114.3399963379,"43":113.7099990845,"44":110.1399993896,"45":104.4199981689,"46":104.75,"47":105.7900009155,"48":96.5500030518,"49":98.4599990845,"50":93.0899963379,"51":95.1100006104,"52":94.1500015259,"53":97.1200027466,"54":97.0999984741,"55":94.9199981689,"56":99.4599990845,"57":98.5100021362,"58":99.0100021362,"59":100.0699996948,"60":100.3000030518,"61":99.4800033569,"62":96.0699996948,"63":96.0999984741,"64":98.8499984741,"65":103.5100021362,"66":105.8300018311,"67":106.2200012207,"68":107.0800018311,"69":105.3000030518,"70":108.9700012207,"71":106.7600021362,"72":107.8099975586,"73":110.7300033569,"74":111.3000030518,"75":106.5,"76":108.6100006104,"77":110.1800003052,"78":111.0400009155,"79":113.0199966431,"80":113.0199966431},"Close":{"0":128.6407470703,"1":126.9330749512,"2":126.0494613647,"3":128.4818878174,"4":128.8293762207,"5":130.3881225586,"6":129.0676574707,"7":129.0180053711,"8":129.7328491211,"9":128.2436065674,"10":129.2265167236,"11":130.7554626465,"12":129.9214935303,"13":132.3836975098,"14":133.2871704102,"15":129.5839385986,"16":125.4041213989,"17":127.1217041016,"18":124.5899963379,"19":124.4199981689,"20":120.6500015259,"21":123.4000015259,"22":126.4700012207,"23":132.4400024414,"24":132.5200042725,"25":128.6999969482,"26":129.6499938965,"27":130.6999969482,"28":132.4199981689,"29":132.8099975586,"30":132.2100067139,"31":131.2400054932,"32":133.1300048828,"33":131.4700012207,"34":128.5200042725,"35":121.4400024414,"36":118.3799972534,"37":118.7900009155,"38":113.1299972534,"39":114.1399993896,"40":118.9700012207,"41":113.8099975586,"42":119.0500030518,"43":114.7200012207,"44":113.1600036621,"45":105.0400009155,"46":112.1200027466,"47":106.5,"48":97.5299987793,"49":106.0400009155,"50":93.5,"51":106.1500015259,"52":100.0,"53":101.5699996948,"54":97.5999984741,"55":98.4400024414,"56":105.3600006104,"57":99.1600036621,"58":107.7600021362,"59":100.5,"60":102.0199966431,"61":99.9300003052,"62":96.8899993896,"63":102.0199966431,"64":99.9800033569,"65":108.9599990845,"66":106.2600021362,"67":110.1699981689,"68":107.6900024414,"69":107.6699981689,"70":110.9499969482,"71":107.9800033569,"72":111.3899993896,"73":113.5500030518,"74":111.5299987793,"75":106.8399963379,"76":111.9800033569,"77":110.4599990845,"78":113.9300003052,"79":115.299697876,"80":115.299697876},"Volume":{"0":4614000,"1":4057200,"2":4345400,"3":7184100,"4":3546900,"5":3526600,"6":3234000,"7":4313200,"8":4626200,"9":3392300,"10":5475900,"11":5487100,"12":8631500,"13":8899700,"14":8598700,"15":5606800,"16":5890900,"17":4397500,"18":4535000,"19":5521300,"20":5782500,"21":5396400,"22":4434700,"23":7281800,"24":3686600,"25":4331700,"26":2882500,"27":2986800,"28":2839100,"29":4268700,"30":2605200,"31":3094400,"32":3931600,"33":2487800,"34":4121000,"35":7483800,"36":6347200,"37":5778000,"38":8687300,"39":11432800,"40":7207500,"41":9217300,"42":5556500,"43":6162300,"44":6386200,"45":8454600,"46":9206200,"47":9636500,"48":15158500,"49":16040100,"50":12389200,"51":16243500,"52":16413900,"53":9298500,"54":10253200,"55":9680700,"56":9385700,"57":11862100,"58":10441400,"59":7579200,"60":6950800,"61":8968000,"62":8229700,"63":8353400,"64":6587300,"65":7189500,"66":7762200,"67":5426500,"68":5902300,"69":5209400,"70":8142400,"71":5381300,"72":5777700,"73":6100000,"74":7957200,"75":8799800,"76":10961000,"77":5374000,"78":5570200,"79":1908408,"80":1908408}}