{"Open":{"0":45.0202047363,"1":44.8003516991,"2":44.5804957369,"3":44.320667577,"4":44.6304628207,"5":44.3606405921,"6":45.0801652087,"7":44.5505170985,"8":44.9302620696,"9":45.0102119962,"10":45.5998235571,"11":46.219411702,"12":45.8596472935,"13":45.2400603195,"14":44.220735033,"15":45.3100129629,"16":43.7010771826,"17":44.950251871,"18":47.4286101708,"19":46.4892352274,"20":46.5591872183,"21":46.1794352384,"22":46.78903346,"23":51.1661384148,"24":51.2360904869,"25":50.2667313416,"26":50.4765904651,"27":50.806376187,"28":49.9269552654,"29":48.8976393173,"30":48.0282152849,"31":47.6284772196,"32":47.8183498426,"33":46.988902133,"34":47.2187502718,"35":45.8196762139,"36":46.0295401442,"37":43.5511781695,"38":40.8829414316,"39":39.3239735336,"40":40.8129892029,"41":41.6524330457,"42":41.1327773744,"43":39.4538899428,"44":35.7263570438,"45":32.8182799576,"46":32.4185449672,"47":32.7083522215,"48":27.8500003815,"49":26.8999996185,"50":26.5,"51":27.3899993896,"52":25.5100002289,"53":24.9099998474,"54":25.7800006866,"55":22.0100002289,"56":23.1499996185,"57":23.8500003815,"58":26.7399997711,"59":27.75,"60":26.2000007629,"61":27.1100006104,"62":25.0,"63":24.3600006104,"64":24.4699993134,"65":26.5599994659,"66":29.2999992371,"67":27.1399993896,"68":28.6200008392,"69":29.4200000763,"70":28.0200004578,"71":26.5200004578,"72":25.6800003052,"73":26.0499992371,"74":26.7800006866,"75":25.6800003052,"76":26.8999996185,"77":27.0900001526,"78":28.0,"79":27.2199993134,"80":27.2199993134},"High":{"0":45.4699078845,"1":45.2200720853,"2":44.7703686993,"3":44.9302647631,"4":44.830331308,"5":45.2600468721,"6":45.3299998606,"7":45.1701059698,"8":45.6997532409,"9":45.4099451537,"10":46.0195439593,"11":46.6291403884,"12":46.0994902325,"13":45.369975409,"14":45.1001541078,"15":45.3100129629,"16":44.8303308851,"17":46.0894973183,"18":47.6384703668,"19":47.1487985949,"20":46.769047417,"21":46.888964721,"22":51.2860572093,"23":51.4959181791,"24":51.2560777163,"25":51.1261631565,"26":50.7863868002,"27":50.9662702156,"28":50.2167643727,"29":49.1974401429,"30":48.1281476216,"31":47.9882397232,"32":47.9082904679,"33":47.8183512011,"34":47.6484661878,"35":46.2194132043,"36":46.0295401442,"37":43.5511781695,"38":42.0921402067,"39":40.5731468201,"40":41.7423744202,"41":42.7916784369,"42":41.4525654273,"43":39.6437629163,"44":36.5857889001,"45":33.3679154282,"46":34.0674552917,"47":33.1780425877,"48":27.8500003815,"49":29.1399993896,"50":28.1000003815,"51":28.1299991608,"52":27.3700008392,"53":26.2600002289,"54":26.0200004578,"55":22.9799995422,"56":24.0,"57":27.2800006866,"58":29.3799991608,"59":28.5599994659,"60":27.8999996185,"61":28.4599990845,"62":25.6700000763,"63":26.6599998474,"64":25.3700008392,"65":27.8299999237,"66":29.6599998474,"67":28.2099990845,"68":30.1299991608,"69":29.6000003815,"70":28.3799991608,"71":26.8099994659,"72":25.7600002289,"73":27.8400001526,"74":27.7199993134,"75":26.3799991608,"76":27.0900001526,"77":28.1599998474,"78":28.3099994659,"79":27.7700004578,"80":27.7700004578},"Low":{"0":44.5804971094,"1":44.4705681281,"2":44.3006821476,"3":44.1108073755,"4":44.0808273396,"5":43.9509119116,"6":44.2307251047,"7":44.0808267316,"8":44.8802959025,"9":44.9402585984,"10":45.4699084655,"11":45.9196108751,"12":45.0501854752,"13":44.5305308058,"14":43.6910867711,"15":44.2207337199,"16":43.5911493249,"17":44.6904255002,"18":46.2393985808,"19":45.4499220992,"20":45.8196749501,"21":46.0295367375,"22":46.6191477259,"23":50.6264946418,"24":50.2567391162,"25":50.0568711484,"26":50.1867851715,"27":49.4073005778,"28":49.1074979229,"29":47.8883051694,"30":47.6484655431,"31":47.4485959677,"32":47.1587865279,"33":46.9289404437,"34":46.7190809568,"35":45.5398626079,"36":42.9815541753,"37":41.6024671303,"38":39.4239080099,"39":38.3845965945,"40":39.4438963673,"41":40.4532259664,"42":40.0335064192,"43":36.8556109449,"44":35.1067681429,"45":29.9801581655,"46":29.7503125577,"47":30.0501116735,"48":24.3400001526,"49":26.0699996948,"50":26.0100002289,"51":23.2900009155,"52":24.0,"53":22.0499992371,"54":22.1399993896,"55":20.2600002289,"56":21.25,"57":23.5499992371,"58":26.0699996948,"59":26.4500007629,"60":25.5699996948,"61":26.3899993896,"62":24.1800003052,"63":23.8500003815,"64":24.2999992371,"65":26.1800003052,"66":26.5,"67":26.7199993134,"68":28.1000003815,"69":26.7199993134,"70":27.25,"71":25.2199993134,"72":24.3799991608,"73":26.0200004578,"74":25.9899997711,"75":25.5499992371,"76":26.3999996185,"77":26.8799991608,"78":26.9500007629,"79":26.9899997711,"80":26.9899997711},"Close":{"0":45.4499206543,"1":44.7104110718,"2":44.7503814697,"3":44.7303962708,"4":44.1407852173,"5":45.1201400757,"6":44.2607078552,"7":45.0102119446,"8":45.3200035095,"9":45.3100128174,"10":45.9695777893,"11":46.0894966125,"12":45.4699058533,"13":44.5505180359,"14":45.0701713562,"15":44.6704368591,"16":44.6704368591,"17":45.6697769165,"18":47.0688476562,"19":46.8989639282,"20":45.8996238708,"21":46.2593841553,"22":50.8663368225,"23":50.8963165283,"24":50.6464805603,"25":50.7164344788,"26":50.4266242981,"27":49.4672622681,"28":49.1474723816,"29":47.9682540894,"30":48.0482025146,"31":47.6084899902,"32":47.1987609863,"33":47.5984992981,"34":47.3286781311,"35":45.8496589661,"36":43.1114692688,"37":41.8223190308,"38":40.8529624939,"39":40.5731468201,"40":41.7423744202,"41":40.4732131958,"42":40.9528961182,"43":37.1454162598,"44":35.9462127686,"45":31.0094776154,"46":34.0674552917,"47":30.2199993134,"48":25.0599994659,"49":29.1200008392,"50":26.8999996185,"51":28.1000003815,"52":25.7900009155,"53":25.4500007629,"54":22.2900009155,"55":21.6599998474,"56":22.9799995422,"57":26.0300006866,"58":29.2299995422,"59":26.6900005341,"60":27.6700000763,"61":26.6700000763,"62":24.8600006104,"63":24.5,"64":24.8500003815,"65":27.3400001526,"66":26.6200008392,"67":27.8899993896,"68":29.4400005341,"69":27.4400005341,"70":27.4500007629,"71":25.8899993896,"72":24.7299995422,"73":27.75,"74":26.6700000763,"75":26.1499996185,"76":26.6100006104,"77":27.8199996948,"78":27.0300006866,"79":27.7000007629,"80":27.7000007629},"Volume":{"0":1570200,"1":1670600,"2":1333100,"3":1024500,"4":2072500,"5":1444300,"6":1136500,"7":1549600,"8":1319300,"9":969600,"10":1835100,"11":1583800,"12":1359200,"13":1079600,"14":2368800,"15":1019000,"16":1978600,"17":2433900,"18":3707900,"19":2313700,"20":2376400,"21":1647400,"22":6613500,"23":3244600,"24":1306100,"25":1410800,"26":981900,"27":1202800,"28":2400000,"29":2104800,"30":979200,"31":1906200,"32":1179500,"33":1050400,"34":1006000,"35":1335100,"36":1829600,"37":2520100,"38":3015800,"39":2953300,"40":2016500,"41":1861800,"42":1481100,"43":1882100,"44":1977800,"45":3038800,"46":2604600,"47":3079700,"48":3782600,"49":3710200,"50":2899300,"51":3305800,"52":3213400,"53":3548800,"54":2608900,"55":3778500,"56":5064600,"57":5285400,"58":3855200,"59":2040200,"60":1856300,"61":1876200,"62":1868100,"63":2204700,"64":1639700,"65":2532600,"66":1631400,"67":1997000,"68":2203700,"69":1282600,"70":1261400,"71":1304700,"72":1592900,"73":2383200,"74":1251700,"75":1295200,"76":1396500,"77":2053300,"78":1810200,"79":610717,"80":610717}}