{"Open":{"0":19.3500003815,"1":18.9899997711,"2":19.0,"3":18.3400001526,"4":18.6700000763,"5":18.1700000763,"6":17.7600002289,"7":17.7999992371,"8":18.0900001526,"9":18.7099990845,"10":19.0499992371,"11":19.1900005341,"12":18.3199996948,"13":18.0900001526,"14":18.2000007629,"15":18.8799991608,"16":18.0200004578,"17":18.5599994659,"18":18.7999992371,"19":18.6000003815,"20":18.4899997711,"21":18.0699996948,"22":18.2900009155,"23":18.6200008392,"24":18.6299991608,"25":18.4599990845,"26":18.1299991608,"27":15.2600002289,"28":15.2600002289,"29":15.4499998093,"30":15.1499996185,"31":15.3500003815,"32":15.0,"33":15.0,"34":14.8599996567,"35":13.9799995422,"36":14.279999733,"37":13.5900001526,"38":12.720000267,"39":12.1899995804,"40":12.5500001907,"41":12.5200004578,"42":12.4099998474,"43":12.0200004578,"44":11.3299999237,"45":10.3100004196,"46":10.3100004196,"47":10.029999733,"48":9.2299995422,"49":9.1499996185,"50":8.279999733,"51":8.5799999237,"52":8.3900003433,"53":7.2899999619,"54":8.0100002289,"55":7.1500000954,"56":7.4600000381,"57":8.1800003052,"58":8.3199996948,"59":8.3999996185,"60":8.25,"61":8.3599996567,"62":7.6599998474,"63":7.3200001717,"64":6.8499999046,"65":7.9200000763,"66":8.6199998856,"67":8.5500001907,"68":8.970000267,"69":9.2899999619,"70":9.0799999237,"71":8.4600000381,"72":8.6599998474,"73":8.7100000381,"74":8.5900001526,"75":8.4200000763,"76":8.7299995422,"77":8.5799999237,"78":8.8400001526,"79":9.029999733,"80":9.029999733},"High":{"0":19.3799991608,"1":19.4300003052,"2":19.0499992371,"3":18.6100006104,"4":18.7800006866,"5":18.2399997711,"6":17.8400001526,"7":18.0499992371,"8":18.8400001526,"9":19.0599994659,"10":19.3199996948,"11":19.2299995422,"12":18.3899993896,"13":18.7099990845,"14":18.8950004578,"15":18.9799995422,"16":18.6399993896,"17":18.75,"18":19.1000003815,"19":18.6900005341,"20":18.5400009155,"21":18.3600006104,"22":18.732000351,"23":18.7999992371,"24":18.7399997711,"25":18.5200004578,"26":18.4710006714,"27":15.5799999237,"28":15.8950004578,"29":15.5679998398,"30":15.5,"31":15.4449996948,"32":15.1199998856,"33":15.1000003815,"34":15.0500001907,"35":14.2100000381,"36":14.3400001526,"37":13.6820001602,"38":13.2299995422,"39":12.7299995422,"40":12.6300001144,"41":12.75,"42":12.4650001526,"43":12.220000267,"44":11.6140003204,"45":10.5200004578,"46":10.3999996185,"47":10.2650003433,"48":9.5100002289,"49":9.4899997711,"50":9.3599996567,"51":9.0799999237,"52":8.7899999619,"53":8.1649999619,"54":8.4250001907,"55":7.5,"56":8.0600004196,"57":8.7399997711,"58":8.9600000381,"59":8.5799999237,"60":8.4899997711,"61":8.6400003433,"62":7.8099999428,"63":7.5700001717,"64":7.5,"65":8.2399997711,"66":8.8400001526,"67":8.9799995422,"68":9.5500001907,"69":9.3500003815,"70":9.1899995804,"71":8.7700004578,"72":8.6599998474,"73":9.0450000763,"74":9.0600004196,"75":8.8500003815,"76":8.9200000763,"77":8.9799995422,"78":9.1850004196,"79":9.25,"80":9.25},"Low":{"0":19.0200004578,"1":18.8899993896,"2":18.2099990845,"3":18.25,"4":18.0400009155,"5":17.6130008698,"6":17.5599994659,"7":17.6800003052,"8":18.0599994659,"9":18.7000007629,"10":18.9599990845,"11":18.3099994659,"12":18.0300006866,"13":18.0900001526,"14":17.9799995422,"15":18.5200004578,"16":17.9500007629,"17":18.2399997711,"18":18.6800003052,"19":18.25,"20":17.9150009155,"21":17.9699993134,"22":18.1599998474,"23":18.0900001526,"24":18.3500003815,"25":17.8700008392,"26":18.0100002289,"27":15.0200004578,"28":15.1999998093,"29":15.0799999237,"30":15.1499996185,"31":14.9099998474,"32":14.8000001907,"33":14.7299995422,"34":14.5100002289,"35":13.8100004196,"36":13.2700004578,"37":13.0399999619,"38":12.3699998856,"39":12.1800003052,"40":12.1899995804,"41":11.8800001144,"42":11.8400001526,"43":11.6020002365,"44":11.029999733,"45":9.5100002289,"46":9.6649999619,"47":9.8699998856,"48":8.6700000763,"49":8.7700004578,"50":8.1300001144,"51":8.0699996948,"52":7.25,"53":6.8000001907,"54":7.1479997635,"55":6.7899999619,"56":7.4600000381,"57":7.5850000381,"58":8.0799999237,"59":8.0699996948,"60":7.9200000763,"61":7.9549999237,"62":7.1999998093,"63":6.5999999046,"64":6.5999999046,"65":7.7199997902,"66":8.1899995804,"67":8.4799995422,"68":8.9200000763,"69":8.6000003815,"70":8.7580003738,"71":8.25,"72":8.2299995422,"73":8.6999998093,"74":8.5699996948,"75":8.3000001907,"76":8.5600004196,"77":8.5799999237,"78":8.8400001526,"79":8.8899002075,"80":8.8899002075},"Close":{"0":19.2399997711,"1":19.2700004578,"2":18.3700008392,"3":18.5900001526,"4":18.1599998474,"5":17.7800006866,"6":17.7700004578,"7":18.0400009155,"8":18.7600002289,"9":18.8999996185,"10":19.0200004578,"11":18.3700008392,"12":18.0900001526,"13":18.3099994659,"14":18.7800006866,"15":18.6100006104,"16":18.4500007629,"17":18.6800003052,"18":18.6800003052,"19":18.5499992371,"20":17.9599990845,"21":17.9799995422,"22":18.4200000763,"23":18.5,"24":18.3999996185,"25":17.9699993134,"26":18.1499996185,"27":15.1199998856,"28":15.4499998093,"29":15.1300001144,"30":15.4499998093,"31":15.0,"32":14.9600000381,"33":14.9399995804,"34":14.5699996948,"35":14.1400003433,"36":13.4600000381,"37":13.0399999619,"38":12.5500001907,"39":12.4799995422,"40":12.4899997711,"41":12.1999998093,"42":12.3900003433,"43":11.7299995422,"44":11.1400003433,"45":9.9099998474,"46":10.2899999619,"47":9.9899997711,"48":8.75,"49":9.4799995422,"50":8.3299999237,"51":8.9600000381,"52":7.3899998665,"53":8.0100002289,"54":7.2300000191,"55":7.1399998665,"56":8.0100002289,"57":8.2399997711,"58":8.7600002289,"59":8.3199996948,"60":8.4099998474,"61":8.0600004196,"62":7.4499998093,"63":6.8899998665,"64":7.4800000191,"65":8.0,"66":8.3900003433,"67":8.6400003433,"68":9.3500003815,"69":8.7299995422,"70":8.970000267,"71":8.6499996185,"72":8.3599996567,"73":8.8900003433,"74":8.6400003433,"75":8.5200004578,"76":8.5600004196,"77":8.7399997711,"78":8.970000267,"79":9.1899995804,"80":9.1899995804},"Volume":{"0":3372200,"1":2711600,"2":4200700,"3":2613800,"4":2479500,"5":1925500,"6":1123800,"7":1518700,"8":1999100,"9":1344100,"10":1426300,"11":2270600,"12":2157900,"13":1450300,"14":1684100,"15":1607100,"16":1236000,"17":1284900,"18":1239600,"19":1176700,"20":1339700,"21":2482900,"22":2277200,"23":1661500,"24":1479800,"25":2154700,"26":2540200,"27":16126500,"28":6487000,"29":4984800,"30":3637700,"31":4694800,"32":3276000,"33":3033800,"34":2993500,"35":3689900,"36":3230100,"37":3369300,"38":5848200,"39":9194100,"40":6345200,"41":7170500,"42":4389200,"43":4598700,"44":7530200,"45":4275500,"46":5025000,"47":5597800,"48":6572800,"49":3825200,"50":4276500,"51":6926600,"52":6420300,"53":4965000,"54":11032400,"55":3339100,"56":6613300,"57":7212100,"58":5614400,"59":3230100,"60":3147800,"61":3075700,"62":3456800,"63":5159900,"64":4134700,"65":3686300,"66":4331600,"67":3001700,"68":3784400,"69":2989900,"70":2368000,"71":3092000,"72":2445800,"73":3180100,"74":2782700,"75":1970300,"76":1580800,"77":1832700,"78":3286700,"79":958115,"80":958115}}