{"Open":{"0":21.8299999237,"1":21.4799995422,"2":21.5100002289,"3":20.3700008392,"4":20.75,"5":20.4500007629,"6":19.7700004578,"7":19.7999992371,"8":20.2600002289,"9":21.0100002289,"10":21.3899993896,"11":21.2800006866,"12":20.3999996185,"13":20.4400005341,"14":20.4599990845,"15":21.2399997711,"16":20.3299999237,"17":20.7800006866,"18":21.0400009155,"19":20.9099998474,"20":20.8700008392,"21":20.3299999237,"22":20.4899997711,"23":20.9400005341,"24":20.8199996948,"25":20.8299999237,"26":20.4400005341,"27":17.0799999237,"28":16.7900009155,"29":16.8899993896,"30":16.7800006866,"31":17.0200004578,"32":16.7999992371,"33":16.5599994659,"34":16.3999996185,"35":15.3699998856,"36":15.6999998093,"37":14.9799995422,"38":14.029999733,"39":13.529999733,"40":14.3599996567,"41":14.1300001144,"42":13.8800001144,"43":13.5200004578,"44":12.7899999619,"45":11.7600002289,"46":11.6400003433,"47":11.470000267,"48":10.6199998856,"49":10.1999998093,"50":9.1700000763,"51":9.4899997711,"52":9.220000267,"53":8.3400001526,"54":9.3000001907,"55":8.1800003052,"56":8.5799999237,"57":9.1099996567,"58":9.3400001526,"59":9.3400001526,"60":9.3699998856,"61":9.5100002289,"62":8.779999733,"63":8.1599998474,"64":7.6799998283,"65":8.720000267,"66":9.6700000763,"67":9.7100000381,"68":10.1199998856,"69":10.3100004196,"70":10.1499996185,"71":9.5100002289,"72":9.6800003052,"73":9.7600002289,"74":9.6300001144,"75":9.3500003815,"76":9.8000001907,"77":9.6099996567,"78":10.0699996948,"79":10.0200004578,"80":10.0200004578},"High":{"0":21.8299999237,"1":21.9599990845,"2":21.5300006866,"3":20.8299999237,"4":21.0,"5":20.5,"6":19.8400001526,"7":20.2299995422,"8":21.2000007629,"9":21.4200000763,"10":21.6499996185,"11":21.2800006866,"12":20.4699993134,"13":20.9699993134,"14":21.2999992371,"15":21.3899993896,"16":20.9500007629,"17":20.9500007629,"18":21.5200004578,"19":21.0100002289,"20":20.8700008392,"21":20.6599998474,"22":21.1200008392,"23":21.1599998474,"24":21.0400009155,"25":20.8500003815,"26":20.7999992371,"27":17.4699993134,"28":17.4899997711,"29":17.0499992371,"30":17.2099990845,"31":17.1800003052,"32":16.8700008392,"33":16.7199993134,"34":16.6100006104,"35":15.720000267,"36":15.7399997711,"37":15.0600004196,"38":14.720000267,"39":14.2600002289,"40":14.3699998856,"41":14.3500003815,"42":14.0100002289,"43":13.6899995804,"44":13.1199998856,"45":11.9600000381,"46":11.8299999237,"47":11.6000003815,"48":10.7399997711,"49":10.8199996948,"50":10.4399995804,"51":10.0399999619,"52":9.720000267,"53":9.2100000381,"54":9.4899997711,"55":8.5399999619,"56":9.1899995804,"57":9.8800001144,"58":10.1499996185,"59":9.7600002289,"60":9.6800003052,"61":9.8299999237,"62":8.9200000763,"63":8.4200000763,"64":8.3400001526,"65":9.2899999619,"66":10.0500001907,"67":10.1899995804,"68":10.75,"69":10.3599996567,"70":10.3400001526,"71":9.7600002289,"72":9.7299995422,"73":10.1400003433,"74":10.0900001526,"75":9.9099998474,"76":9.9899997711,"77":10.0699996948,"78":10.25,"79":10.3249998093,"80":10.3249998093},"Low":{"0":21.3799991608,"1":21.3999996185,"2":20.3500003815,"3":20.2900009155,"4":20.3099994659,"5":19.6599998474,"6":19.5499992371,"7":19.6900005341,"8":20.2099990845,"9":20.9400005341,"10":21.0900001526,"11":20.3199996948,"12":20.0900001526,"13":20.2700004578,"14":20.1399993896,"15":20.8400001526,"16":20.2600002289,"17":20.4300003052,"18":20.8799991608,"19":20.5200004578,"20":20.1499996185,"21":20.2299995422,"22":20.4400005341,"23":20.2800006866,"24":20.6200008392,"25":20.0900001526,"26":20.2099990845,"27":16.5,"28":16.5699996948,"29":16.5799999237,"30":16.7600002289,"31":16.6700000763,"32":16.4300003052,"33":16.2600002289,"34":16.0,"35":15.1999998093,"36":14.6000003815,"37":14.3599996567,"38":13.6999998093,"39":13.5100002289,"40":13.75,"41":13.1999998093,"42":13.279999733,"43":13.0500001907,"44":12.4899997711,"45":10.6300001144,"46":11.0200004578,"47":11.1899995804,"48":9.5900001526,"49":9.8400001526,"50":9.0799999237,"51":8.8699998856,"52":8.0900001526,"53":7.6100001335,"54":8.1099996567,"55":7.6999998093,"56":8.470000267,"57":8.6099996567,"58":9.0600004196,"59":9.0699996948,"60":8.9300003052,"61":9.0600004196,"62":8.0500001907,"63":7.5,"64":7.3899998665,"65":8.5500001907,"66":9.2700004578,"67":9.5900001526,"68":10.0699996948,"69":9.6400003433,"70":9.7899999619,"71":9.1999998093,"72":9.2100000381,"73":9.720000267,"74":9.6000003815,"75":9.3199996948,"76":9.5699996948,"77":9.6000003815,"78":9.9099998474,"79":9.9099998474,"80":9.9099998474},"Close":{"0":21.7800006866,"1":21.8500003815,"2":20.4400005341,"3":20.7000007629,"4":20.4200000763,"5":19.7900009155,"6":19.7700004578,"7":20.1700000763,"8":21.1200008392,"9":21.1800003052,"10":21.1900005341,"11":20.3899993896,"12":20.2000007629,"13":20.5200004578,"14":21.2299995422,"15":20.9899997711,"16":20.6499996185,"17":20.8899993896,"18":21.0,"19":20.8600006104,"20":20.1800003052,"21":20.2800006866,"22":20.7900009155,"23":20.7299995422,"24":20.6700000763,"25":20.25,"26":20.4500007629,"27":16.5900001526,"28":17.0400009155,"29":16.7600002289,"30":17.1900005341,"31":16.7299995422,"32":16.5699996948,"33":16.5,"34":16.0400009155,"35":15.4799995422,"36":14.8199996948,"37":14.4200000763,"38":13.9899997711,"39":14.1899995804,"40":14.1000003815,"41":13.6000003815,"42":13.8800001144,"43":13.25,"44":12.6300001144,"45":11.1700000763,"46":11.75,"47":11.3800001144,"48":9.6899995804,"49":10.8100004196,"50":9.1999998093,"51":9.8699998856,"52":8.5500001907,"53":9.0600004196,"54":8.1700000763,"55":8.0600004196,"56":9.1499996185,"57":9.2899999619,"58":9.8900003433,"59":9.4399995804,"60":9.5699996948,"61":9.2100000381,"62":8.2600002289,"63":7.7899999619,"64":8.220000267,"65":8.9899997711,"66":9.5200004578,"67":9.75,"68":10.4300003052,"69":9.8100004196,"70":10.0100002289,"71":9.6000003815,"72":9.3400001526,"73":9.8500003815,"74":9.6499996185,"75":9.5399999619,"76":9.5900001526,"77":9.8100004196,"78":10.0,"79":10.2700004578,"80":10.2700004578},"Volume":{"0":4273600,"1":4596600,"2":11133800,"3":6638200,"4":4366300,"5":5836900,"6":3522400,"7":3005000,"8":4830700,"9":3072600,"10":4429100,"11":6915500,"12":5646500,"13":5394200,"14":5476000,"15":6097500,"16":3034700,"17":3248700,"18":4111900,"19":4422100,"20":4033600,"21":3559900,"22":6064600,"23":5061700,"24":3926900,"25":5762200,"26":7466200,"27":44669800,"28":13865700,"29":7963000,"30":13846600,"31":7917700,"32":11305900,"33":7386700,"34":6879600,"35":9382800,"36":8993800,"37":8875200,"38":10802000,"39":11062900,"40":11772900,"41":10627000,"42":9297100,"43":7077200,"44":8600200,"45":8460400,"46":5503800,"47":6463200,"48":7135400,"49":7101800,"50":8246900,"51":8110600,"52":6979300,"53":6082300,"54":4809000,"55":5098900,"56":7582000,"57":6384800,"58":5427800,"59":5064700,"60":4810700,"61":4727700,"62":5430100,"63":6708900,"64":7825800,"65":5781300,"66":8479900,"67":6544100,"68":5306300,"69":4244500,"70":3790700,"71":4460900,"72":5508100,"73":3927800,"74":4024300,"75":4260700,"76":2826700,"77":4146500,"78":4633300,"79":1259286,"80":1259286}}