{"Open":{"0":45.9042770103,"1":45.1477187623,"2":45.6389899206,"3":45.3442290597,"4":45.1771976801,"5":45.0121214031,"6":45.3189992398,"7":45.5169840348,"8":46.0020538606,"9":46.1901372879,"10":46.4079242534,"11":46.6950002362,"12":47.1008747059,"13":47.6156375187,"14":47.2790592483,"15":47.7839257069,"16":47.5166434728,"17":47.5661391059,"18":47.8829174816,"19":47.338456413,"20":47.6750337963,"21":47.6453369805,"22":47.6651348821,"23":47.9918091203,"24":48.0314078379,"25":48.2887878288,"26":48.5758709894,"27":49.011436514,"28":48.9817407545,"29":48.7144581303,"30":49.258919801,"31":49.9221763611,"32":49.8627794259,"33":49.6944926046,"34":50.1597570166,"35":50.0310676707,"36":50.0805635908,"37":49.0906321213,"38":48.3778840991,"39":45.7347697197,"40":44.8735335675,"41":46.8434905494,"42":47.5859408784,"43":48.1205031275,"44":47.1008759555,"45":46.0317474778,"46":45.9327585469,"47":45.3882947079,"48":41.4285733909,"49":42.4383017944,"50":41.0623005449,"51":37.4094609774,"52":36.1225502541,"53":34.8752386564,"54":33.5091329123,"55":31.638165126,"56":30.8957179025,"57":30.3908542268,"58":32.4103122555,"59":34.2713777426,"60":37.9440221434,"61":36.8451994296,"62":34.2713806508,"63":31.9747413109,"64":31.2322932742,"65":32.9349757974,"66":36.3304336951,"67":35.75,"68":39.0,"69":40.6199989319,"70":39.4799995422,"71":38.2099990845,"72":37.1899986267,"73":37.5800018311,"74":37.0099983215,"75":35.4000015259,"76":36.1300010681,"77":36.6899986267,"78":36.4199981689,"79":36.7799987793,"80":36.7799987793},"High":{"0":46.0418320316,"1":45.7667200805,"2":45.7765449395,"3":45.4326578224,"4":45.2656264475,"5":45.2893006138,"6":45.6555756284,"7":46.1406410345,"8":46.0020538606,"9":46.4178207527,"10":46.8533935547,"11":47.160268584,"12":47.546340218,"13":47.8532224104,"14":47.714630903,"15":47.8631181502,"16":47.9324122906,"17":47.9126168962,"18":47.9423146465,"19":47.7641266521,"20":47.8829182124,"21":48.031409117,"22":48.2788904746,"23":48.3085864392,"24":48.3877832702,"25":48.4471764896,"26":48.922345023,"27":49.3084185585,"28":48.9817407545,"29":49.2589189168,"30":49.8231834286,"31":50.0508683343,"32":49.971672344,"33":50.288449164,"34":50.5062348219,"35":50.7339171285,"36":50.2587513098,"37":49.6449943177,"38":48.7936567148,"39":45.7347697197,"40":46.7445008657,"41":48.0215059717,"42":48.9619431501,"43":48.6649639314,"44":47.9621140848,"45":46.5762082518,"46":46.5168174619,"47":45.5763838484,"48":44.4280641774,"49":44.3092690556,"50":41.0623005449,"51":39.5378085172,"52":38.5478759273,"53":36.7363083918,"54":34.2119861645,"55":31.6777632363,"56":31.9054470703,"57":34.3307754941,"58":35.5582864139,"59":38.5676743694,"60":38.2112999444,"61":37.4787540877,"62":34.8554395889,"63":33.6675208669,"64":32.4598082351,"65":35.1821176401,"66":37.0035864332,"67":39.0400009155,"68":41.8800010681,"69":40.8899993896,"70":40.0400009155,"71":38.6399993896,"72":37.4199981689,"73":39.1399993896,"74":38.3400001526,"75":36.2700004578,"76":37.0400009155,"77":36.9399986267,"78":36.6399993896,"79":37.1699981689,"80":37.1699981689},"Low":{"0":44.9610356177,"1":45.0101637468,"2":45.4326573923,"3":44.803828983,"4":44.9512138852,"5":44.9626218787,"6":45.1210162388,"7":45.4971849803,"8":45.5565845516,"9":45.9525524076,"10":46.2594332275,"11":46.5762096835,"12":47.0513751813,"13":47.2196677343,"14":47.1206705856,"15":47.4968450757,"16":47.4374472544,"17":47.3681523367,"18":47.328559047,"19":47.0810762522,"20":47.3285597694,"21":47.5364440648,"22":47.4869471655,"23":47.7443266039,"24":47.9126172859,"25":48.1303991679,"26":48.4768794873,"27":48.7837530492,"28":48.2887889312,"29":48.7144581303,"30":49.1896249965,"31":49.4173098841,"32":49.6053992545,"33":49.5163048815,"34":50.0904622108,"35":49.9518714508,"36":48.8827490838,"37":48.7540557478,"38":46.4772200737,"39":43.5767218777,"40":44.7052434856,"41":46.2396326033,"42":47.5859408784,"43":47.6552347686,"44":45.9921515249,"45":44.873531128,"46":44.1706803858,"47":43.6856174613,"48":39.9436782331,"49":40.7851203609,"50":36.2116452675,"51":35.8453695402,"52":33.984301434,"53":33.2121557059,"54":31.1432005395,"55":28.9059597084,"56":29.4504208447,"57":30.0542778484,"58":32.0440354096,"59":34.0733909746,"60":35.6077865279,"61":34.8356387643,"62":31.6183694414,"63":30.7769268024,"64":31.0046098089,"65":32.9250743814,"66":35.2415083712,"67":35.3600006104,"68":39.0,"69":38.4799995422,"70":38.6500015259,"71":36.7400016785,"72":36.0099983215,"73":37.5200004578,"74":36.3600006104,"75":35.2900009155,"76":35.5499992371,"77":35.7599983215,"78":35.5699996948,"79":36.5400009155,"80":36.5400009155},"Close":{"0":45.3147506714,"1":45.6782913208,"2":45.5800361633,"3":45.0199890137,"4":45.0789451599,"5":45.2002067566,"6":45.5862808228,"7":46.12084198,"8":45.9624557495,"9":46.398021698,"10":46.8533935547,"11":46.9721832275,"12":47.5166435242,"13":47.3087615967,"14":47.6948318481,"15":47.6948318481,"16":47.5661392212,"17":47.714630127,"18":47.3978538513,"19":47.6948318481,"20":47.4275512695,"21":47.5760421753,"22":47.991809845,"23":47.9621124268,"24":48.1403007507,"25":48.3382873535,"26":48.9025497437,"27":48.9619407654,"28":48.7936553955,"29":49.1104316711,"30":49.8132820129,"31":49.9221763611,"32":49.6746940613,"33":50.2191543579,"34":50.4171409607,"35":50.0112686157,"36":48.9916419983,"37":48.7837524414,"38":46.5366134644,"39":44.527053833,"40":46.6059112549,"41":46.8929862976,"42":48.8530502319,"43":48.2491950989,"44":47.8235244751,"45":45.1210136414,"46":46.5069160461,"47":44.0716896057,"48":40.8544158936,"49":44.2102775574,"50":36.4492263794,"51":38.4488868713,"52":35.1722145081,"53":33.4200401306,"54":31.7074604034,"55":29.7375011444,"56":30.598739624,"57":32.5587997437,"58":35.4196968079,"59":37.5579452515,"60":37.3401641846,"61":36.1720466614,"62":32.647895813,"63":31.6282672882,"64":31.3015899658,"65":34.9841308594,"66":35.3899993896,"67":38.6599998474,"68":41.1199989319,"69":38.5600013733,"70":39.3600006104,"71":37.0,"72":36.6300010681,"73":38.9399986267,"74":36.3699989319,"75":35.5800018311,"76":36.6599998474,"77":36.2000007629,"78":36.2900009155,"79":37.0999984741,"80":37.0999984741},"Volume":{"0":1544300,"1":1434500,"2":1276800,"3":1236200,"4":1783700,"5":1303900,"6":1791000,"7":1717000,"8":1916800,"9":1288800,"10":1057500,"11":2270200,"12":1223800,"13":1780700,"14":987000,"15":988600,"16":1248900,"17":1198300,"18":1312500,"19":937800,"20":1535000,"21":1724200,"22":1092600,"23":909000,"24":800900,"25":770100,"26":1154100,"27":1556100,"28":2394400,"29":2366400,"30":2099600,"31":1769300,"32":1056900,"33":1907200,"34":2318300,"35":1563500,"36":2645000,"37":2807600,"38":3211600,"39":3679600,"40":2408900,"41":2682300,"42":2033200,"43":1439000,"44":1929400,"45":3710100,"46":3232200,"47":3916800,"48":4448100,"49":3449900,"50":3233800,"51":3165200,"52":3404600,"53":2658300,"54":3615200,"55":2820700,"56":3173300,"57":2905500,"58":2268500,"59":2046200,"60":3025800,"61":4383200,"62":2544000,"63":2190200,"64":1863200,"65":2832100,"66":3175100,"67":2813900,"68":3005000,"69":1864300,"70":2366500,"71":2494800,"72":2520700,"73":2744700,"74":2534300,"75":2845100,"76":1931000,"77":1930900,"78":1909100,"79":364036,"80":364036}}