{"Open":{"0":144.0350143086,"1":140.540476507,"2":140.8899330872,"3":141.0097449525,"4":142.4375204095,"5":145.0933656514,"6":144.534238357,"7":146.1816653562,"8":144.0050615764,"9":144.8936797141,"10":144.7339286213,"11":144.2347146127,"12":145.0534265235,"13":145.2830681625,"14":145.2031888532,"15":147.679329903,"16":145.3429824305,"17":146.171667365,"18":145.6824425836,"19":143.0665251457,"20":140.0412451084,"21":137.7648072888,"22":138.4237773009,"23":139.3024210517,"24":142.4275289897,"25":140.7801004542,"26":137.7548312075,"27":139.7916364928,"28":142.0481211685,"29":139.5919605501,"30":141.4690263745,"31":139.7517098566,"32":139.3323646747,"33":138.9130246793,"34":139.4721479407,"35":140.0112946955,"36":141.5688640482,"37":136.0275379949,"38":133.9208221746,"39":124.8000030518,"40":124.4000015259,"41":131.2400054932,"42":129.6000061035,"43":127.6399993896,"44":123.3499984741,"45":120.9700012207,"46":117.6299972534,"47":116.4700012207,"48":102.3499984741,"49":105.2399978638,"50":95.6399993896,"51":83.4499969482,"52":75.2600021362,"53":66.6699981689,"54":86.75,"55":75.1699981689,"56":76.8600006104,"57":78.9899978638,"58":89.9499969482,"59":88.9499969482,"60":89.1999969482,"61":100.7300033569,"62":93.9100036621,"63":85.4300003052,"64":88.3000030518,"65":89.8600006104,"66":101.8899993896,"67":99.6699981689,"68":108.0,"69":103.3799972534,"70":103.0,"71":102.3199996948,"72":103.1100006104,"73":105.4000015259,"74":105.0500030518,"75":99.3000030518,"76":100.3199996948,"77":99.0100021362,"78":102.0299987793,"79":103.1500015259,"80":103.1500015259},"High":{"0":144.0350143086,"1":141.9482812404,"2":142.1978876444,"3":142.7270637996,"4":145.1932106086,"5":145.7822767272,"6":146.1716801343,"7":146.9205015156,"8":145.2631062915,"9":145.7323813082,"10":144.9735445695,"11":145.722381138,"12":145.0534265235,"13":145.9520214531,"14":147.6493801693,"15":147.749212812,"16":146.4212847009,"17":148.0387612587,"18":145.8821276168,"19":143.4459373913,"20":140.0512392628,"21":139.5420300486,"22":140.5404660868,"23":143.0265998034,"24":143.4559214697,"25":141.2892995882,"26":139.4621558591,"27":141.548901367,"28":142.8069303943,"29":141.7086494846,"30":141.4690263745,"31":140.4506151188,"32":139.5420286328,"33":140.0512461828,"34":142.7769833699,"35":141.9882176803,"36":142.4474965153,"37":137.6849376315,"38":133.9208221746,"39":126.1200027466,"40":132.5299987793,"41":134.6699981689,"42":132.5700073242,"43":129.0500030518,"44":126.5999984741,"45":120.9700012207,"46":119.9800033569,"47":116.5400009155,"48":104.5500030518,"49":105.9700012207,"50":97.0400009155,"51":84.8700027466,"52":75.2799987793,"53":85.6600036621,"54":90.4599990845,"55":81.2200012207,"56":78.9300003052,"57":93.5100021362,"58":97.9700012207,"59":92.1299972534,"60":100.4100036621,"61":102.6399993896,"62":95.7799987793,"63":94.6500015259,"64":89.75,"65":97.3899993896,"66":104.0599975586,"67":110.0599975586,"68":110.5800018311,"69":104.1200027466,"70":107.7200012207,"71":104.6900024414,"72":103.8899993896,"73":108.4700012207,"74":106.1699981689,"75":103.3099975586,"76":102.0500030518,"77":103.2699966431,"78":103.0,"79":106.0999984741,"80":106.0999984741},"Low":{"0":140.7900828354,"1":139.8815173686,"2":140.5005419195,"3":140.480572716,"4":142.0481292375,"5":143.6855610367,"6":144.5242594368,"7":144.1448383705,"8":143.5058413523,"9":143.7355003189,"10":143.5158301016,"11":143.9651314245,"12":143.7055258297,"13":143.6655994667,"14":144.4743315829,"15":145.5027218103,"16":144.1348627925,"17":144.8038089025,"18":143.6456156337,"19":140.0013208914,"20":136.516751713,"21":136.8162919203,"22":137.7648029764,"23":139.022858934,"24":140.7401773686,"25":137.7248751798,"26":137.3454669633,"27":139.6618495991,"28":140.0312672777,"29":139.5919605501,"30":139.3523375469,"31":137.5751017712,"32":138.0843141406,"33":137.5052199884,"34":139.4721479407,"35":139.1226833383,"36":135.1389203773,"37":134.330176972,"38":126.0830585633,"39":121.3899993896,"40":123.3199996948,"41":124.7200012207,"42":128.6799926758,"43":124.6500015259,"44":121.9800033569,"45":113.0899963379,"46":113.8600006104,"47":107.8000030518,"48":98.0199966431,"49":97.5800018311,"50":81.6800003052,"51":77.4800033569,"52":66.0100021362,"53":65.1999969482,"54":73.5500030518,"55":71.0299987793,"56":73.1299972534,"57":76.3099975586,"58":87.0500030518,"59":86.2200012207,"60":88.6800003052,"61":96.2900009155,"62":86.4199981689,"63":84.8600006104,"64":83.2799987793,"65":89.2799987793,"66":97.7200012207,"67":99.6699981689,"68":103.4700012207,"69":98.4100036621,"70":102.5,"71":101.4800033569,"72":98.9899978638,"73":104.5699996948,"74":102.2600021362,"75":97.5599975586,"76":97.9899978638,"77":98.0,"78":99.4400024414,"79":102.7249984741,"80":102.7249984741},"Close":{"0":142.0880584717,"1":141.7485961914,"2":141.6387634277,"3":142.2078704834,"4":144.8537445068,"5":144.1049041748,"6":145.8222351074,"7":144.6540527344,"8":145.2331542969,"9":144.0749664307,"10":143.7155151367,"11":144.803817749,"12":144.763885498,"13":145.3529663086,"14":147.5495300293,"15":147.0303344727,"16":144.7538909912,"17":144.9935150146,"18":143.675567627,"19":140.7102050781,"20":136.8961639404,"21":137.0459289551,"22":138.274017334,"23":141.7785491943,"24":140.8599853516,"25":137.9145812988,"26":139.3922729492,"27":141.4590301514,"28":140.0911712646,"29":141.2793273926,"30":139.7117614746,"31":138.8730773926,"32":138.8131713867,"33":139.8116149902,"34":142.4974212646,"35":141.0097351074,"36":135.2687072754,"37":134.9991455078,"38":128.0400085449,"39":123.7399978638,"40":131.8200073242,"41":125.3399963379,"42":131.7100067139,"43":127.5699996948,"44":125.9700012207,"45":114.5899963379,"46":119.5599975586,"47":110.1399993896,"48":99.8000030518,"49":105.0899963379,"50":81.6999969482,"51":80.7600021362,"52":67.6900024414,"53":84.8399963379,"54":75.4199981689,"55":71.8399963379,"56":78.1600036621,"57":87.9499969482,"58":91.8399963379,"59":88.9899978638,"60":100.1299972534,"61":99.0800018311,"62":87.9199981689,"63":88.7099990845,"64":85.3799972534,"65":96.5,"66":98.3899993896,"67":106.9899978638,"68":104.5100021362,"69":100.7200012207,"70":107.5500030518,"71":103.0899963379,"72":101.6699981689,"73":107.7900009155,"74":102.6900024414,"75":97.7799987793,"76":98.0999984741,"77":101.1999969482,"78":101.6500015259,"79":105.9599990845,"80":105.9599990845},"Volume":{"0":403400,"1":262700,"2":434300,"3":645700,"4":828000,"5":417500,"6":546000,"7":449000,"8":463600,"9":447900,"10":417400,"11":798600,"12":830900,"13":640200,"14":404100,"15":656500,"16":434100,"17":517500,"18":291200,"19":565000,"20":695600,"21":568600,"22":564200,"23":574700,"24":583800,"25":579900,"26":472000,"27":278300,"28":358500,"29":452200,"30":507200,"31":468100,"32":454600,"33":559000,"34":467800,"35":927800,"36":852700,"37":1034500,"38":1681700,"39":1388800,"40":1050200,"41":1092700,"42":1091800,"43":889500,"44":966700,"45":1044800,"46":889400,"47":822900,"48":1587700,"49":1024800,"50":1059900,"51":1568000,"52":1687000,"53":2253800,"54":1866000,"55":1727400,"56":1833000,"57":2065900,"58":1770900,"59":1375700,"60":1399300,"61":1479400,"62":1036700,"63":965400,"64":571900,"65":925400,"66":779400,"67":883000,"68":775700,"69":669100,"70":549100,"71":601100,"72":453900,"73":559600,"74":665300,"75":692300,"76":639800,"77":497100,"78":480000,"79":278417,"80":278417}}