{"Open":{"0":292.7120921397,"1":286.031000258,"2":286.757864701,"3":289.4462400022,"4":290.242792607,"5":293.0207551919,"6":294.7930649341,"7":293.1003999379,"8":284.368228155,"9":287.7734799266,"10":296.7147591675,"11":298.7160752729,"12":295.6095406494,"13":300.6875349521,"14":298.7160726063,"15":297.0532672448,"16":286.7578863217,"17":282.6855163175,"18":282.7751324775,"19":280.6244342358,"20":276.9702948238,"21":273.9433937531,"22":276.0841101166,"23":284.3682440625,"24":295.7190668295,"25":291.6068775886,"26":284.9955157357,"27":285.6128485787,"28":293.7276750721,"29":298.8455240824,"30":300.9065935438,"31":298.3775657176,"32":302.061589699,"33":301.892327256,"34":299.1740927761,"35":285.6526773353,"36":278.9417227199,"37":263.578275067,"38":257.3054666382,"39":245.1381536224,"40":256.2300944801,"41":274.162429201,"42":288.7492380359,"43":280.3854737303,"44":274.2321531932,"45":263.3194001179,"46":278.5135977425,"47":273.5749758304,"48":258.8786371472,"49":260.9899902344,"50":243.9199981689,"51":230.8200073242,"52":225.75,"53":216.9799957275,"54":223.1799926758,"55":202.0399932861,"56":202.1399993896,"57":219.0899963379,"58":234.0299987793,"59":242.9400024414,"60":242.6399993896,"61":243.4799957275,"62":238.6900024414,"63":235.3000030518,"64":238.3200073242,"65":240.0,"66":259.8099975586,"67":247.6900024414,"68":265.0,"69":262.0599975586,"70":269.0,"71":276.3299865723,"72":283.4400024414,"73":300.9899902344,"74":285.299987793,"75":274.950012207,"76":279.5799865723,"77":279.0599975586,"78":287.2900085449,"79":293.2099914551,"80":293.2099914551},"High":{"0":294.4246750943,"1":290.6211332364,"2":290.4020828779,"3":290.2328109003,"4":296.0974376764,"5":295.9182082006,"6":294.7930649341,"7":293.1800719202,"8":286.9968261719,"9":298.3477026448,"10":299.6918539067,"11":299.4031017537,"12":301.2351663626,"13":300.8269457301,"14":299.2835911144,"15":298.6364059888,"16":286.8375279203,"17":287.1262720887,"18":284.9556896271,"19":280.6244342358,"20":277.5776493714,"21":275.6559767622,"22":282.27728492,"23":295.7190710141,"24":295.9878914058,"25":292.1246543302,"26":288.0423156829,"27":290.3124928711,"28":303.6845454135,"29":304.5806607955,"30":302.659012584,"31":302.0416869418,"32":305.387180956,"33":302.8481783208,"34":301.2053028909,"35":287.743595868,"36":280.7638470489,"37":268.6662212681,"38":261.0193599716,"39":255.9911518024,"40":272.0615120456,"41":279.1408643403,"42":294.5640466315,"43":288.1717535977,"44":283.7409528001,"45":280.2261778967,"46":282.6755625416,"47":284.0097563717,"48":271.0559009027,"49":273.2200012207,"50":245.6799926758,"51":248.7599945068,"52":231.4499969482,"53":226.1199951172,"54":232.6399993896,"55":205.75,"56":220.2700042725,"57":247.5099945068,"58":257.9599914551,"59":251.6000061035,"60":254.0899963379,"61":254.5299987793,"62":246.6100006104,"63":242.0,"64":239.3399963379,"65":249.2899932861,"66":266.7099914551,"67":269.1600036621,"68":270.3999938965,"69":264.9599914551,"70":273.0700073242,"71":282.9899902344,"72":300.0,"73":304.0,"74":289.0100097656,"75":280.0,"76":283.8200073242,"77":288.4599914551,"78":291.8999938965,"79":296.5899963379,"80":296.5899963379},"Low":{"0":288.5401609374,"1":283.1335473738,"2":285.9812300329,"3":286.3396708561,"4":288.7890979343,"5":292.4532062716,"6":290.9496972149,"7":283.7907196925,"8":283.0240445575,"9":287.7535771232,"10":294.6536795544,"11":294.6038829816,"12":294.7333311902,"13":296.0675626495,"14":295.3705484182,"15":290.3025103432,"16":278.8620948695,"17":282.0781314114,"18":279.6785602247,"19":274.7299839221,"20":270.010421311,"21":269.6519848289,"22":275.6858413649,"23":284.2089304789,"24":288.7492571736,"25":287.6639651607,"26":284.2188810509,"27":284.6669336864,"28":292.7419546318,"29":298.8455240824,"30":296.0277327732,"31":297.7104419928,"32":301.4243657577,"33":296.6052314244,"34":297.3220990398,"35":276.4425719624,"36":260.879975321,"37":257.5941862189,"38":250.9828476509,"39":244.2420413365,"40":249.2403825278,"41":258.1119591735,"42":280.992827582,"43":278.7326296141,"44":270.7273151702,"45":258.1219122768,"46":271.3247356415,"47":272.0814452977,"48":248.9217664877,"49":242.2700042725,"50":223.9499969482,"51":228.2899932861,"52":200.1900024414,"53":208.9400024414,"54":203.4600067139,"55":187.7200012207,"56":199.0,"57":216.0,"58":232.3000030518,"59":238.2400054932,"60":242.6399993896,"61":243.0,"62":235.4400024414,"63":226.0299987793,"64":227.2700042725,"65":235.1199951172,"66":246.5399932861,"67":246.2599945068,"68":261.6000061035,"69":258.1799926758,"70":267.0,"71":270.6799926758,"72":280.0100097656,"73":287.1000061035,"74":281.2699890137,"75":273.25,"76":276.7099914551,"77":278.5400085449,"78":284.0,"79":291.5199890137,"80":291.5199890137},"Close":{"0":291.2384643555,"1":288.291229248,"2":290.2925415039,"3":288.5401611328,"4":294.6238098145,"5":292.9510498047,"6":293.8571166992,"7":284.6171569824,"8":286.9968261719,"9":295.1316223145,"10":299.4429321289,"11":297.1827087402,"12":299.2338256836,"13":299.2935791016,"14":298.1684265137,"15":291.5471191406,"16":282.8647460938,"17":284.6370544434,"18":281.6798706055,"19":279.768157959,"20":271.2749633789,"21":272.8381652832,"22":279.6287536621,"23":294.4545593262,"24":291.198638916,"25":287.9726257324,"26":285.7920532227,"27":289.5358581543,"28":302.1711120605,"29":300.8966369629,"30":297.491394043,"31":300.8369140625,"32":303.9932250977,"33":300.8269348145,"34":300.1299438477,"35":276.5919189453,"36":262.2540283203,"37":261.8656921387,"38":252.8248596191,"39":253.8603820801,"40":271.9320678711,"41":260.2725830078,"42":288.1717529297,"43":281.7395935059,"44":282.645690918,"45":272.2606811523,"46":278.792388916,"47":276.5819396973,"48":249.3300018311,"49":272.0400085449,"50":225.0399932861,"51":244.2200012207,"52":217.0599975586,"53":219.8000030518,"54":206.5899963379,"55":194.8600006104,"56":219.8000030518,"57":234.4900054932,"58":255.3899993896,"59":242.4499969482,"60":251.2799987793,"61":249.3800048828,"62":237.3200073242,"63":240.4400024414,"64":229.4900054932,"65":248.3399963379,"66":248.0399932861,"67":267.8299865723,"68":264.1300048828,"69":263.5100097656,"70":270.5,"71":281.6799926758,"72":298.4299926758,"73":290.5599975586,"74":282.1400146484,"75":274.1900024414,"76":277.0199890137,"77":285.3299865723,"78":291.2900085449,"79":292.1971130371,"80":292.1971130371},"Volume":{"0":2543400,"1":2711400,"2":3079100,"3":2492900,"4":3379200,"5":2838200,"6":2477900,"7":6994900,"8":6056300,"9":6081300,"10":3710300,"11":4632200,"12":4962800,"13":3117600,"14":3169600,"15":3678500,"16":4399400,"17":4341000,"18":3963800,"19":4211800,"20":5532600,"21":5646800,"22":4290200,"23":5761000,"24":3044000,"25":3425900,"26":3147400,"27":2992200,"28":6701900,"29":3565500,"30":2485600,"31":3241700,"32":3021100,"33":2885500,"34":2987100,"35":8790600,"36":8171200,"37":6806600,"38":7604300,"39":9964000,"40":8866300,"41":9188100,"42":14533000,"43":5908400,"44":5361900,"45":8070700,"46":7366000,"47":7744600,"48":10496600,"49":9308400,"50":10303500,"51":9642200,"52":12917500,"53":8065200,"54":9364100,"55":10654500,"56":8894400,"57":10014000,"58":7517600,"59":4879500,"60":5329000,"61":5450000,"62":4548800,"63":4636800,"64":4650300,"65":6365900,"66":4984100,"67":6390200,"68":4925500,"69":2964900,"70":4778900,"71":7841800,"72":7738900,"73":5857500,"74":4072600,"75":3977500,"76":3663300,"77":4420500,"78":3265000,"79":1054323,"80":1054323}}