{"Open":{"0":28.5074771426,"1":28.32305592,"2":27.9056857836,"3":27.7212652317,"4":27.8765648709,"5":28.3230570446,"6":28.0221622956,"7":27.9639231861,"8":28.2357000713,"9":27.6727329507,"10":27.9736290741,"11":28.3715870003,"12":28.3036441527,"13":28.0609850217,"14":27.6630258506,"15":27.8571544415,"16":26.575918177,"17":26.5370922089,"18":26.6438631713,"19":26.481118776,"20":26.5399666246,"21":26.3241946795,"22":27.1186275482,"23":28.9232663649,"24":29.9334736899,"25":28.4622998763,"26":28.7663412439,"27":28.9232675597,"28":29.4234664529,"29":29.4725052733,"30":29.5607760908,"31":29.2567326716,"32":29.1292324066,"33":28.9821131601,"34":29.2567340542,"35":28.4132606901,"36":27.1186273511,"37":25.3630287252,"38":24.0487796685,"39":22.5579899867,"40":23.0581907921,"41":24.4312851706,"42":22.9110738573,"43":21.6949031032,"44":19.9000725136,"45":18.1542784154,"46":17.9483143685,"47":17.4677315579,"48":15.4963594562,"49":14.8000035825,"50":12.8482471722,"51":12.5343960583,"52":12.0734299157,"53":11.288803669,"54":10.7886041884,"55":10.4159066019,"56":11.4849598979,"57":13.3974845868,"58":14.652885679,"59":14.6038478703,"60":15.7023233363,"61":15.4571280726,"62":13.7113350634,"63":12.6422830445,"64":12.7011291376,"65":14.5155770736,"66":15.2609712667,"67":14.1821112266,"68":15.565014008,"69":15.2021244291,"70":15.849439892,"71":14.9961596111,"72":14.476345721,"73":14.9961598359,"74":14.6823103129,"75":14.1919192302,"76":14.5449998258,"77":14.5646161694,"78":14.8000001907,"79":15.4899997711,"80":15.4899997711},"High":{"0":28.7986661501,"1":28.4201195378,"2":28.0318672003,"3":28.0415739006,"4":28.2648193539,"5":28.3230570446,"6":28.3521756565,"7":28.235700966,"8":28.255113166,"9":27.9250976243,"10":28.3230573756,"11":28.7598396227,"12":28.3036441527,"13":28.1677551876,"14":27.9348036132,"15":27.8571544415,"16":26.7603388783,"17":26.993288809,"18":27.1291794268,"19":26.9518937719,"20":26.687083585,"21":26.8047777381,"22":27.3147847372,"23":29.6294288635,"24":29.9825120525,"25":28.972307069,"26":28.8644198359,"27":29.3744283555,"28":29.835395058,"29":29.6490463741,"30":29.6000082783,"31":29.6098148589,"32":29.2861574107,"33":29.8059703548,"34":29.4823135197,"35":28.4328767838,"36":27.1578595369,"37":25.4414912277,"38":24.4901305301,"39":23.10722748,"40":24.5980186166,"41":25.1080254323,"42":22.9404961274,"43":21.6949031032,"44":20.9691234323,"45":18.8702489594,"46":18.0954332021,"47":17.8894682297,"48":16.0848282343,"49":15.2119321823,"50":13.1130578794,"51":13.2405594932,"52":12.5638210409,"53":12.02439034,"54":11.7595783409,"55":10.4943691012,"56":13.2209439507,"57":15.574821314,"58":16.1632902319,"59":16.7321444677,"60":15.8788644326,"61":15.8788647282,"62":13.7309511569,"63":13.8388366692,"64":13.4269077317,"65":14.7117333309,"66":15.8396319723,"67":15.1040461205,"68":16.6046435921,"69":15.5748217854,"70":16.5359881668,"71":15.241355158,"72":14.7509644793,"73":15.5355902342,"74":15.1628933834,"75":14.6725023018,"76":14.8784659205,"77":15.0942385246,"78":15.5699996948,"79":16.0699996948,"80":16.0699996948},"Low":{"0":28.2842302621,"1":27.8959771126,"2":27.6921472893,"3":27.5465510757,"4":27.8474470806,"5":27.8959782202,"6":27.7892088564,"7":27.7989155789,"8":27.9348045094,"9":27.5659627827,"10":27.9348047358,"11":28.3521739063,"12":27.7406773648,"13":27.6921454917,"14":26.9835823699,"15":26.944759342,"16":26.177958983,"17":26.3914977068,"18":26.5953304349,"19":26.206499093,"20":25.912266596,"21":26.2653482706,"22":26.8538159043,"23":27.9522922278,"24":28.6780717796,"25":28.4328757369,"26":28.4426831995,"27":28.8840372435,"28":29.3253878572,"29":29.3057722193,"30":29.2665421673,"31":28.8742282159,"32":28.991921625,"33":28.9821131601,"34":28.7957670763,"35":27.0499739814,"36":25.0197540499,"37":24.7549429277,"38":23.0974197501,"39":22.1754855377,"40":22.5972238106,"41":22.3226037528,"42":21.822404966,"43":20.8416217654,"44":19.8118019625,"45":16.2319443657,"46":16.3692562232,"47":16.4477189784,"48":13.2994074805,"49":13.5740258296,"50":12.1420837275,"51":11.3476495775,"52":11.210341423,"53":10.2982133942,"54":10.1412880868,"55":9.3958931758,"56":11.1220705867,"57":12.8188229442,"58":14.3096124696,"59":13.9271076018,"60":14.5057687835,"61":14.5155771003,"62":12.8090162765,"63":12.3578562405,"64":12.7011291376,"65":13.5936412611,"66":13.8584524377,"67":14.0251862178,"68":15.0451996837,"69":14.3096127575,"70":15.4277032549,"71":14.4371140635,"72":14.0251858646,"73":14.8784660839,"74":14.4273067075,"75":13.9271075773,"76":14.2017256846,"77":14.476345621,"78":14.6199998856,"79":15.4899997711,"80":15.4899997711},"Close":{"0":28.7695465088,"1":28.2065792084,"2":27.847448349,"3":27.8183288574,"4":28.0609855652,"5":28.0221614838,"6":27.8765659332,"7":28.1774635315,"8":28.0027484894,"9":27.7309703827,"10":28.2842311859,"11":28.5074768066,"12":27.983335495,"13":27.8280334473,"14":27.8280334473,"15":27.2747745514,"16":26.2556095123,"17":26.5370922089,"18":26.7312202454,"19":26.9322776794,"20":26.1770782471,"21":26.5105438232,"22":27.1186275482,"23":29.6294288635,"24":28.8840370178,"25":28.8938426971,"26":28.7859573364,"27":29.0801925659,"28":29.6098155975,"29":29.6000080109,"30":29.4332752228,"31":29.0605754852,"32":29.1292324066,"33":29.5411605835,"34":29.3940429688,"35":27.0597820282,"36":25.1080245972,"37":24.774559021,"38":23.4603099823,"39":22.8620319366,"40":24.5587882996,"41":22.3520278931,"42":22.6658782959,"43":21.1162414551,"44":20.2531528473,"45":16.8106060028,"46":18.0758171082,"47":17.1440734863,"48":13.309214592,"49":15.2119321823,"50":12.2107381821,"51":13.1817121506,"52":11.5732307434,"53":10.6120634079,"54":10.3570604324,"55":10.180519104,"56":12.8482475281,"57":14.3488435745,"58":15.5748214722,"59":15.6630926132,"60":15.6336679459,"61":14.7215414047,"62":12.8482475281,"63":12.7109375,"64":13.2013282776,"65":13.956530571,"66":13.9467229843,"67":14.9176979065,"68":15.2805871964,"69":15.4473199844,"70":16.0455970764,"71":14.672501564,"72":14.2409582138,"73":15.2119321823,"74":14.8588504791,"75":14.1134567261,"76":14.3488435745,"77":14.5450000763,"78":15.3500003815,"79":15.9799995422,"80":15.9799995422},"Volume":{"0":2168600,"1":1862600,"2":2358000,"3":1767900,"4":1689100,"5":1426400,"6":1480600,"7":1398800,"8":1602300,"9":1126600,"10":1477300,"11":1457600,"12":3084000,"13":1101700,"14":1732400,"15":1609300,"16":1821400,"17":1542000,"18":1639400,"19":2547400,"20":3409100,"21":1848200,"22":2891300,"23":3238800,"24":2227600,"25":2025100,"26":1634300,"27":1524600,"28":2564800,"29":1935900,"30":1438600,"31":1482600,"32":1592700,"33":1702400,"34":1328500,"35":2355300,"36":2596500,"37":2873200,"38":3479200,"39":4507700,"40":3963100,"41":3632700,"42":3054300,"43":2596900,"44":3461700,"45":3980900,"46":3900600,"47":4419400,"48":4955700,"49":6192700,"50":4504800,"51":4339400,"52":4323100,"53":4401300,"54":4658600,"55":3879600,"56":5285400,"57":4395300,"58":3682500,"59":4305600,"60":2780200,"61":2383700,"62":2347800,"63":3040900,"64":3381100,"65":2464400,"66":4506600,"67":3981100,"68":5661800,"69":3213500,"70":3509900,"71":2902400,"72":2488400,"73":2470200,"74":2630800,"75":2154100,"76":2564300,"77":2893700,"78":4519300,"79":674013,"80":674013}}