{"Open":{"0":41.5823411482,"1":41.1094801023,"2":40.8730502604,"3":41.2572498832,"4":41.5724931302,"5":41.6020461691,"6":40.291824935,"7":39.7992599746,"8":39.9962827378,"9":39.6219369178,"10":39.2869899281,"11":39.4150544247,"12":38.9126415602,"13":38.4200747522,"14":37.6319708214,"15":36.4498152553,"16":34.8440531912,"17":34.8736079196,"18":34.7258380596,"19":33.7801139337,"20":33.6520464464,"21":33.2284404231,"22":33.0018610427,"23":33.356506583,"24":34.1249087335,"25":34.6273264024,"26":33.9869902205,"27":33.9869884139,"28":34.6371755599,"29":34.4894030116,"30":34.6962831879,"31":34.4992593194,"32":34.6864322426,"33":31.7605962305,"34":28.4998142383,"35":27.0910782334,"36":26.7167298683,"37":25.2882896135,"38":23.6037164209,"39":23.377137328,"40":24.3819708161,"41":23.8598507884,"42":23.081598828,"43":22.5102240577,"44":20.6778807464,"45":19.7026028593,"46":19.751858026,"47":19.5154267065,"48":17.9096659757,"49":17.3400001526,"50":15.5,"51":14.4499998093,"52":12.0500001907,"53":12.1499996185,"54":12.8500003815,"55":11.8999996185,"56":12.0,"57":15.1700000763,"58":14.8500003815,"59":13.5799999237,"60":12.970000267,"61":14.0699996948,"62":13.4099998474,"63":12.75,"64":12.6899995804,"65":13.1199998856,"66":14.7399997711,"67":15.1300001144,"68":16.7199993134,"69":16.75,"70":16.4099998474,"71":15.5699996948,"72":15.1499996185,"73":15.3400001526,"74":15.1099996567,"75":15.1599998474,"76":15.529999733,"77":14.9499998093,"78":15.5600004196,"79":15.720000267,"80":15.720000267},"High":{"0":41.7202587627,"1":41.1390328038,"2":41.4444237749,"3":41.5527881634,"4":41.739963452,"5":41.6118995752,"6":40.3903364476,"7":40.439592324,"8":40.2228659802,"9":39.8288133531,"10":39.5135694029,"11":39.5135696914,"12":39.0308561279,"13":38.4791839124,"14":37.7009296283,"15":36.5187740646,"16":35.1001891408,"17":35.2282516079,"18":35.0804855176,"19":34.0460995266,"20":34.1741642338,"21":33.3663580466,"22":33.3466551027,"23":34.1643129836,"24":34.2135705998,"25":34.7356875626,"26":34.1052047864,"27":34.5485122696,"28":35.0509321727,"29":34.9622687648,"30":34.7553885885,"31":35.1691481417,"32":35.4351332732,"33":31.8197016317,"34":28.9135689576,"35":27.1009297601,"36":26.9728620478,"37":25.711895855,"38":24.7366175451,"39":24.9434943712,"40":24.4312265712,"41":24.1750940046,"42":23.1407061086,"43":22.5200755846,"44":21.7615242413,"45":19.8996296395,"46":20.264126136,"47":19.9882905814,"48":18.0278805385,"49":17.9300003052,"50":15.7299995422,"51":14.4499998093,"52":12.2600002289,"53":13.220000267,"54":13.3100004196,"55":11.9899997711,"56":14.8299999237,"57":16.1900005341,"58":14.8500003815,"59":13.5799999237,"60":14.2100000381,"61":14.8900003433,"62":13.5600004196,"63":13.9399995804,"64":13.1199998856,"65":14.1700000763,"66":16.6700000763,"67":16.1599998474,"68":17.1399993896,"69":16.8600006104,"70":16.6299991608,"71":15.75,"72":15.1599998474,"73":15.8400001526,"74":16.0100002289,"75":15.5,"76":15.6899995804,"77":15.8900003433,"78":15.8800001144,"79":16.6000003815,"80":16.6000003815},"Low":{"0":41.139031846,"1":40.4592943632,"2":40.8040876948,"3":40.9518581975,"4":40.8139424628,"5":39.9667302553,"6":39.533274263,"7":39.4643155699,"8":39.6416390392,"9":38.9914542059,"10":38.8633836792,"11":38.7353159951,"12":38.0851320704,"13":37.7501859687,"14":36.4104078358,"15":34.8736085312,"16":34.2726796446,"17":34.6371750362,"18":34.0953553599,"19":32.9920105609,"20":33.0806729022,"21":32.1152422707,"22":32.5487020617,"23":33.3072508284,"24":33.711155863,"25":33.8884787872,"26":33.4550190369,"27":33.464870664,"28":34.3810433771,"29":34.3022296462,"30":33.8589203514,"31":34.450003562,"32":34.5091085121,"33":28.6475833709,"34":27.751115133,"35":25.958178974,"36":24.7760223158,"37":24.0470254683,"38":22.7269512284,"39":23.0421929364,"40":22.9239786687,"41":22.3723040843,"42":22.1654275231,"43":20.9340154591,"44":20.3133836586,"45":18.8356891602,"46":18.8652412996,"47":18.9933089574,"48":15.8704469173,"49":15.5900001526,"50":13.6000003815,"51":12.2100000381,"52":10.1000003815,"53":11.3000001907,"54":11.7700004578,"55":10.8100004196,"56":11.8500003815,"57":14.1800003052,"58":13.2700004578,"59":12.2700004578,"60":12.2700004578,"61":13.8599996567,"62":12.6899995804,"63":12.5200004578,"64":11.9200000763,"65":12.9399995804,"66":14.6199998856,"67":14.8199996948,"68":16.0900001526,"69":15.6400003433,"70":15.3699998856,"71":15.0,"72":14.3900003433,"73":15.1999998093,"74":14.8500003815,"75":14.8599996567,"76":14.8900003433,"77":14.6599998474,"78":15.1700000763,"79":15.720000267,"80":15.720000267},"Close":{"0":41.4641265869,"1":40.8336448669,"2":41.4345741272,"3":41.5035324097,"4":41.2473983765,"5":40.203163147,"6":39.7105979919,"7":40.1933097839,"8":39.7303009033,"9":39.0998153687,"10":39.4446105957,"11":38.9027900696,"12":38.1540908813,"13":37.8782539368,"14":36.4399642944,"15":35.2578086853,"16":34.607624054,"17":34.8342018127,"18":34.1741638184,"19":33.6815986633,"20":33.6224937439,"21":32.5881080627,"22":33.0708198547,"23":33.8293685913,"24":34.0855026245,"25":34.1938667297,"26":33.7013015747,"27":34.4500007629,"28":34.7652435303,"29":34.4598503113,"30":34.4598503113,"31":34.5780677795,"32":35.139591217,"33":28.8544616699,"34":27.8397769928,"35":26.5295543671,"36":24.9829006195,"37":24.0765800476,"38":23.5347576141,"39":24.244052887,"40":23.948513031,"41":22.7368030548,"42":22.7565059662,"43":21.1605949402,"44":21.249256134,"45":18.8849449158,"46":20.2247219086,"47":19.5055751801,"48":15.8999996185,"49":16.3999996185,"50":13.6099996567,"51":12.7399997711,"52":12.2100000381,"53":12.6199998856,"54":11.970000267,"55":11.279999733,"56":14.75,"57":14.7399997711,"58":13.9899997711,"59":12.7899999619,"60":14.0900001526,"61":14.0100002289,"62":12.779999733,"63":12.7600002289,"64":12.4300003052,"65":13.9399995804,"66":14.6899995804,"67":15.8000001907,"68":16.5599994659,"69":16.0599994659,"70":16.2700004578,"71":15.1999998093,"72":14.6300001144,"73":15.8000001907,"74":15.5200004578,"75":15.1499996185,"76":14.9300003052,"77":15.5200004578,"78":15.6300001144,"79":16.5200004578,"80":16.5200004578},"Volume":{"0":5738100,"1":4640100,"2":5700000,"3":5104000,"4":8139300,"5":7749200,"6":4688100,"7":5809600,"8":5479300,"9":6239500,"10":6918500,"11":6566500,"12":9534200,"13":4931000,"14":9293600,"15":10789700,"16":7931100,"17":6365300,"18":6885500,"19":12968200,"20":8386800,"21":11675200,"22":8788700,"23":7413600,"24":6101800,"25":6558200,"26":7112300,"27":6381600,"28":5321600,"29":3742500,"30":4349000,"31":6057700,"32":10675500,"33":44416400,"34":17502200,"35":17546900,"36":25053800,"37":18715900,"38":21560500,"39":22720200,"40":18892200,"41":20205100,"42":17083100,"43":20784500,"44":14435200,"45":14525100,"46":14906800,"47":15620200,"48":21431500,"49":17399900,"50":18695600,"51":21756300,"52":19626400,"53":14490700,"54":18495100,"55":21613200,"56":24294700,"57":19993600,"58":23227100,"59":15405700,"60":15460100,"61":16262900,"62":14039600,"63":13340000,"64":12254700,"65":17272700,"66":20200900,"67":16587800,"68":15991700,"69":11912800,"70":14021400,"71":11604500,"72":11751000,"73":9142500,"74":7836200,"75":7964100,"76":8514400,"77":10601200,"78":11014200,"79":3310996,"80":3310996}}