{"Open":{"0":93.5308245241,"1":93.2540773087,"2":90.0517077339,"3":90.0022853093,"4":91.4453263024,"5":92.6116200672,"6":94.4203686408,"7":95.9227143644,"8":94.9145572335,"9":93.4715202343,"10":91.9889412754,"11":90.8720689201,"12":89.488330704,"13":89.5871664661,"14":88.1540160285,"15":88.0848247176,"16":85.811540488,"17":84.6254837429,"18":85.9202608941,"19":84.941761527,"20":86.542945782,"21":83.3208160616,"22":80.7608981316,"23":81.630674251,"24":83.0638327962,"25":81.7789322644,"26":82.4312652594,"27":84.1299972534,"28":85.6600036621,"29":84.8700027466,"30":84.1999969482,"31":82.3700027466,"32":82.7600021362,"33":83.2600021362,"34":83.3000030518,"35":80.0400009155,"36":78.4199981689,"37":74.8899993896,"38":69.3700027466,"39":63.5299987793,"40":66.9700012207,"41":68.4300003052,"42":65.9300003052,"43":62.0999984741,"44":59.5600013733,"45":58.4000015259,"46":60.7299995422,"47":58.6800003052,"48":50.0699996948,"49":48.0999984741,"50":43.0099983215,"51":42.1100006104,"52":36.4099998474,"53":34.7900009155,"54":38.4900016785,"55":37.3100013733,"56":35.8800010681,"57":36.4799995422,"58":40.9399986267,"59":42.7099990845,"60":42.7900009155,"61":48.9799995422,"62":42.0800018311,"63":42.8100013733,"64":41.7400016785,"65":42.8499984741,"66":49.4500007629,"67":48.5400009155,"68":53.7999992371,"69":51.9399986267,"70":49.8100013733,"71":48.0099983215,"72":46.5400009155,"73":46.1500015259,"74":48.4399986267,"75":48.0999984741,"76":51.9700012207,"77":52.0200004578,"78":52.7999992371,"79":52.5499992371,"80":52.5499992371},"High":{"0":94.1337396853,"1":93.550595679,"2":90.9214833341,"3":91.6825433933,"4":92.4435967117,"5":94.1633833541,"6":96.3477229109,"7":96.8913269074,"8":95.0331660818,"9":93.748266683,"10":92.1174285404,"11":91.0203205553,"12":89.8836859997,"13":89.844148536,"14":88.7075089358,"15":89.0237869268,"16":85.8609627284,"17":85.8906146985,"18":87.4127235311,"19":87.422601052,"20":87.3731926964,"21":83.4987255726,"22":82.5301073252,"23":83.3306968395,"24":83.6865123053,"25":83.7260509561,"26":83.449300044,"27":84.3700027466,"28":86.7900009155,"29":85.0500030518,"30":84.2099990845,"31":83.3499984741,"32":83.3399963379,"33":84.7699966431,"34":83.5100021362,"35":80.0999984741,"36":78.6200027466,"37":75.4899978638,"38":69.8099975586,"39":66.2699966431,"40":68.0599975586,"41":69.0500030518,"42":65.9300003052,"43":63.7900009155,"44":63.6699981689,"45":67.6999969482,"46":63.8499984741,"47":59.7400016785,"48":50.6800003052,"49":49.9900016785,"50":47.9900016785,"51":43.2099990845,"52":37.3499984741,"53":37.4700012207,"54":41.1800003052,"55":37.7799987793,"56":37.3100013733,"57":42.4900016785,"58":47.1399993896,"59":47.4700012207,"60":47.4799995422,"61":49.2799987793,"62":43.9199981689,"63":46.0,"64":42.0,"65":46.5299987793,"66":50.0900001526,"67":52.7599983215,"68":53.8800010681,"69":52.3699989319,"70":51.4799995422,"71":48.5,"72":47.4700012207,"73":51.9099998474,"74":52.2400016785,"75":50.7999992371,"76":52.7400016785,"77":53.2099990845,"78":53.5499992371,"79":55.1100006104,"80":55.1100006104},"Low":{"0":93.1651270773,"1":89.7947315126,"2":89.4685569879,"3":89.2609969742,"4":90.9214837487,"5":91.8505673577,"6":94.2819954161,"7":94.697112211,"8":93.7087270017,"9":90.5953253107,"10":90.3679913663,"11":89.8540341412,"12":88.0848265682,"13":88.5197094441,"14":85.9400293176,"15":87.2051631621,"16":83.7853492821,"17":83.9039597388,"18":85.3272317298,"19":84.0620999751,"20":82.3521975468,"21":78.8137776304,"22":80.0591460281,"23":80.8201992426,"24":81.848116565,"25":81.2748615936,"26":82.0952106227,"27":83.4300003052,"28":84.3899993896,"29":83.6200027466,"30":81.8600006104,"31":82.0999984741,"32":81.3399963379,"33":83.0100021362,"34":81.9400024414,"35":77.6999969482,"36":73.9899978638,"37":71.5999984741,"38":65.7600021362,"39":62.4099998474,"40":63.8499984741,"41":63.6300010681,"42":63.0299987793,"43":60.75,"44":58.2200012207,"45":57.3600006104,"46":57.0299987793,"47":53.5299987793,"48":42.6899986267,"49":41.75,"50":41.1899986267,"51":38.0,"52":31.0,"53":31.8899993896,"54":36.4199981689,"55":32.4599990845,"56":33.5099983215,"57":33.8499984741,"58":40.1399993896,"59":42.0200004578,"60":41.0,"61":43.8300018311,"62":40.5,"63":40.5,"64":39.6699981689,"65":42.8499984741,"66":46.3400001526,"67":48.1199989319,"68":48.3400001526,"69":48.9300003052,"70":49.5299987793,"71":46.0099983215,"72":44.4399986267,"73":45.75,"74":48.2799987793,"75":47.6199989319,"76":50.3600006104,"77":50.8899993896,"78":51.6100006104,"79":52.0800018311,"80":52.0800018311},"Close":{"0":94.0250167847,"1":90.4569473267,"2":90.4668273926,"3":91.6528930664,"4":92.0087051392,"5":94.074432373,"6":95.7645721436,"7":95.1320037842,"8":94.2918777466,"9":91.1883544922,"10":90.911605835,"11":90.1604309082,"12":89.2016983032,"13":88.5790176392,"14":88.4702987671,"15":88.223197937,"16":84.0621032715,"17":84.9516448975,"18":85.4557189941,"19":87.1656265259,"20":83.330696106,"21":79.317855835,"22":80.2963562012,"23":82.806854248,"24":82.302772522,"25":83.063835144,"26":83.3899993896,"27":84.2399978638,"28":85.0400009155,"29":83.6999969482,"30":82.6399993896,"31":82.5199966431,"32":83.2300033569,"33":84.1699981689,"34":82.9000015259,"35":78.0999984741,"36":74.4400024414,"37":71.7200012207,"38":66.1900024414,"39":66.25,"40":67.8700027466,"41":64.4400024414,"42":64.1500015259,"43":61.7000007629,"44":63.0900001526,"45":58.4000015259,"46":60.4500007629,"47":54.4199981689,"48":43.9599990845,"49":49.9000015259,"50":41.6300010681,"51":39.0200004578,"52":35.0200004578,"53":37.4099998474,"54":38.6599998474,"55":32.6199989319,"56":34.6500015259,"57":39.6300010681,"58":45.5999984741,"59":45.0400009155,"60":47.1899986267,"61":45.3600006104,"62":41.0,"63":41.5,"64":40.3400001526,"65":46.0999984741,"66":48.0099983215,"67":51.5999984741,"68":50.0999984741,"69":49.7000007629,"70":50.9500007629,"71":46.7000007629,"72":45.0,"73":51.7599983215,"74":50.3100013733,"75":49.4500007629,"76":50.5699996948,"77":52.0699996948,"78":52.5,"79":54.8568992615,"80":54.8568992615},"Volume":{"0":2130500,"1":5057000,"2":3393200,"3":3795500,"4":4101800,"5":3033300,"6":3551800,"7":2703100,"8":3270900,"9":4001900,"10":2829500,"11":2891700,"12":3221500,"13":2129400,"14":2952300,"15":2580300,"16":3369600,"17":2424100,"18":3478200,"19":4281400,"20":6537200,"21":5190700,"22":4504400,"23":3248000,"24":2615100,"25":2333500,"26":2602900,"27":1886500,"28":2543800,"29":4507300,"30":2990400,"31":1856600,"32":1831500,"33":2015800,"34":2084800,"35":3868700,"36":4057500,"37":4702000,"38":7682400,"39":7421700,"40":6526300,"41":5587900,"42":6485000,"43":5918900,"44":9569600,"45":12531100,"46":10527600,"47":9184800,"48":14645700,"49":9700600,"50":8241800,"51":8839500,"52":8900200,"53":8776000,"54":9225000,"55":6535300,"56":9068400,"57":8933300,"58":10055900,"59":8028700,"60":7691900,"61":7423500,"62":5354600,"63":8098300,"64":5313400,"65":6213000,"66":7767300,"67":6830800,"68":7711600,"69":4668100,"70":4201000,"71":5311800,"72":5133200,"73":6855700,"74":5451300,"75":5692800,"76":4679500,"77":5164500,"78":4012500,"79":1673981,"80":1673981}}