{"Open":{"0":144.6214121479,"1":140.9909152792,"2":141.8187534045,"3":141.1305405452,"4":139.9536386833,"5":141.3898681799,"6":141.7588996812,"7":142.536864168,"8":141.3499758774,"9":138.7767025882,"10":139.7740905447,"11":139.6145074537,"12":140.1331637697,"13":141.8985361202,"14":140.8213565862,"15":142.2775349128,"16":138.8265831875,"17":139.2355177057,"18":140.9709590507,"19":138.4176440981,"20":141.2203040475,"21":142.0182281335,"22":145.3893970694,"23":145.54897101,"24":147.7831257523,"25":146.3867883001,"26":146.6760294541,"27":146.6460989375,"28":143.1352896225,"29":145.0702314639,"30":144.7909547473,"31":142.3673077678,"32":136.0937244949,"33":135.0365057812,"34":135.0664132559,"35":129.6605780716,"36":129.7799987793,"37":125.7399978638,"38":119.4800033569,"39":115.9499969482,"40":120.6800003052,"41":128.2200012207,"42":129.9199981689,"43":131.5200042725,"44":126.3899993896,"45":120.9400024414,"46":121.3600006104,"47":119.8199996948,"48":111.0999984741,"49":112.9199981689,"50":100.4899978638,"51":97.4599990845,"52":88.5,"53":77.0199966431,"54":90.5599975586,"55":84.1999969482,"56":85.0100021362,"57":84.9800033569,"58":96.2399978638,"59":98.6800003052,"60":99.1800003052,"61":100.6100006104,"62":104.1999969482,"63":107.8300018311,"64":106.9400024414,"65":101.9800033569,"66":107.8199996948,"67":108.1600036621,"68":115.2900009155,"69":113.8799972534,"70":111.1500015259,"71":108.8000030518,"72":109.6600036621,"73":109.2399978638,"74":110.2900009155,"75":105.3600006104,"76":107.9800033569,"77":105.25,"78":103.1500015259,"79":103.6500015259,"80":103.6500015259},"High":{"0":145.3295650692,"1":143.2250722072,"2":142.4969706627,"3":142.4570697137,"4":142.0880506398,"5":143.1253306294,"6":142.8260979691,"7":142.7961798265,"8":141.5793710952,"9":140.4822444468,"10":140.0334061997,"11":141.1006225371,"12":141.7289923628,"13":142.0281863403,"14":142.4271534991,"15":142.407200353,"16":141.3998487421,"17":141.5195319378,"18":141.9184755666,"19":142.0680914879,"20":141.4596828849,"21":144.8408410093,"22":145.6187922753,"23":148.6608350719,"24":148.2618682092,"25":147.7831268173,"26":147.3143578295,"27":147.154761833,"28":145.4193189505,"29":146.2172379805,"30":147.2545067173,"31":143.2649517577,"32":137.2506993746,"33":137.0213155123,"34":135.3556645814,"35":130.8674255331,"36":130.7299957275,"37":126.5100021362,"38":123.6900024414,"39":120.3700027466,"40":126.25,"41":131.8399963379,"42":134.8899993896,"43":132.4499969482,"44":128.0700073242,"45":124.1999969482,"46":123.2900009155,"47":120.1500015259,"48":118.8000030518,"49":112.9199981689,"50":102.0100021362,"51":98.4700012207,"52":89.1100006104,"53":91.5899963379,"54":91.8000030518,"55":85.8799972534,"56":88.3000030518,"57":100.0100021362,"58":103.0,"59":103.1100006104,"60":102.2399978638,"61":113.2099990845,"62":112.6699981689,"63":110.8799972534,"64":107.7300033569,"65":104.2600021362,"66":113.8499984741,"67":113.3600006104,"68":124.4800033569,"69":114.7900009155,"70":112.9000015259,"71":110.2099990845,"72":110.0500030518,"73":112.4800033569,"74":111.8899993896,"75":107.0999984741,"76":108.5400009155,"77":105.8600006104,"78":103.9800033569,"79":108.1399993896,"80":108.1399993896},"Low":{"0":141.6491970423,"1":140.6318546161,"2":140.4223995839,"3":139.8638522804,"4":139.7940527829,"5":141.140520914,"6":140.252832591,"7":141.5793640416,"8":138.02866855,"9":138.2979601374,"10":137.9488668916,"11":139.484857233,"12":139.8738480914,"13":140.452325126,"14":139.7641266719,"15":138.7567529566,"16":138.268047759,"17":137.6995300435,"18":138.9462605775,"19":138.4176440981,"20":139.0460033451,"21":141.8686258616,"22":140.6318473344,"23":144.8907058294,"24":146.4067240673,"25":145.6786354113,"26":145.2896593004,"27":143.5841227156,"28":140.7116416625,"29":144.1725874239,"30":144.4917350129,"31":135.9441203339,"32":134.0291372016,"33":133.8695623939,"34":132.7923676089,"35":127.6558239262,"36":124.5800018311,"37":119.3700027466,"38":118.4499969482,"39":113.1999969482,"40":119.6900024414,"41":126.9599990845,"42":129.0,"43":127.4599990845,"44":123.0400009155,"45":116.6699981689,"46":117.2200012207,"47":115.2399978638,"48":106.7799987793,"49":102.2900009155,"50":95.0,"51":92.5400009155,"52":65.5599975586,"53":73.0899963379,"54":83.5299987793,"55":77.8399963379,"56":82.7300033569,"57":84.0500030518,"58":95.7900009155,"59":97.2300033569,"60":96.1999969482,"61":98.5100021362,"62":102.9599990845,"63":104.3199996948,"64":94.0999984741,"65":101.3000030518,"66":107.2300033569,"67":106.0,"68":112.5599975586,"69":108.3899993896,"70":108.9800033569,"71":106.5899963379,"72":105.0500030518,"73":108.1500015259,"74":107.4000015259,"75":104.5800018311,"76":104.1999969482,"77":100.7099990845,"78":100.9199981689,"79":103.4700012207,"80":103.4700012207},"Close":{"0":142.347366333,"1":141.7289886475,"2":141.4796447754,"3":139.8838043213,"4":141.0008850098,"5":141.9284667969,"6":142.7862091064,"7":141.8486633301,"8":139.036026001,"9":139.2953491211,"10":139.5047912598,"11":140.7415618896,"12":141.4098205566,"13":141.3300170898,"14":142.1877746582,"15":140.1531066895,"16":138.5173950195,"17":140.9310760498,"18":138.9761810303,"19":142.0182189941,"20":141.2602081299,"21":144.1725921631,"22":144.1625976562,"23":148.0225067139,"24":146.6461029053,"25":147.3343048096,"26":146.7358703613,"27":143.8234863281,"28":144.7809906006,"29":144.7012023926,"30":146.5862579346,"31":136.8118438721,"32":135.0464630127,"33":135.4354553223,"34":133.6002502441,"35":129.8800048828,"36":124.8399963379,"37":121.0199966431,"38":118.7200012207,"39":120.2600021362,"40":125.8399963379,"41":128.0800018311,"42":134.7299957275,"43":129.75,"44":127.4400024414,"45":118.7399978638,"46":123.0,"47":117.6100006104,"48":107.1200027466,"49":109.7699966431,"50":95.0,"51":92.9899978638,"52":76.6100006104,"53":90.2200012207,"54":84.6500015259,"55":82.0199966431,"56":85.4400024414,"57":95.7399978638,"58":102.2200012207,"59":99.2099990845,"60":101.8600006104,"61":108.0699996948,"62":107.1200027466,"63":107.3000030518,"64":99.2099990845,"65":103.1699981689,"66":107.9199981689,"67":112.9700012207,"68":113.0999984741,"69":109.4300003052,"70":112.4700012207,"71":110.1800003052,"72":106.2300033569,"73":112.0299987793,"74":108.0,"75":106.0,"76":104.9000015259,"77":101.1999969482,"78":102.0299987793,"79":107.75,"80":107.75},"Volume":{"0":843400,"1":906800,"2":798000,"3":976500,"4":674100,"5":649900,"6":659900,"7":687800,"8":1412700,"9":1203100,"10":888700,"11":826800,"12":1173700,"13":665500,"14":545400,"15":565300,"16":1071800,"17":838000,"18":669000,"19":621600,"20":1042500,"21":1011900,"22":936800,"23":1222800,"24":1030000,"25":544800,"26":732400,"27":982900,"28":1050900,"29":704800,"30":640600,"31":2306400,"32":1220000,"33":1299600,"34":1032300,"35":994600,"36":901000,"37":1911200,"38":2282500,"39":2431900,"40":1619600,"41":2133200,"42":1515700,"43":1129700,"44":1387700,"45":1425700,"46":1539400,"47":1454800,"48":2366900,"49":2147300,"50":1575800,"51":1774100,"52":2865300,"53":2696200,"54":3278700,"55":1956900,"56":3488100,"57":2192400,"58":1451900,"59":1741500,"60":1034300,"61":2921900,"62":2616100,"63":2667100,"64":1988500,"65":1997400,"66":1600800,"67":1182300,"68":2769300,"69":1523700,"70":1209300,"71":1659500,"72":1708800,"73":1203100,"74":1347900,"75":1068400,"76":891400,"77":2290200,"78":1541200,"79":499270,"80":499270}}