{"Open":{"0":149.0142617512,"1":149.7329886848,"2":151.5697071358,"3":152.9672290705,"4":154.2050068101,"5":156.3911106947,"6":156.8303298866,"7":157.0599110624,"8":157.3693568607,"9":157.0599185703,"10":159.0164335863,"11":160.5736516606,"12":159.3757983353,"13":162.1408588124,"14":162.8396122057,"15":165.1055654145,"16":163.0192971915,"17":163.8577880416,"18":164.7062887441,"19":162.9594013026,"20":164.1273118646,"21":162.7397841102,"22":166.5030846809,"23":169.1982779004,"24":169.2481842384,"25":168.509493487,"26":168.4895348924,"27":169.8670809324,"28":167.6210885014,"29":168.7490842467,"30":170.1166380815,"31":170.4959664935,"32":165.1854244389,"33":168.5693918394,"34":168.3897247314,"35":165.964034927,"36":167.7907743767,"37":163.9975485374,"38":161.6816872947,"39":152.1985928356,"40":154.6442229026,"41":162.9993264376,"42":161.9312282045,"43":163.5882897389,"44":158.8866573827,"45":150.361875259,"46":150.8010933156,"47":151.8991216418,"48":142.25,"49":145.2899932861,"50":132.5399932861,"51":131.9499969482,"52":133.0,"53":135.3000030518,"54":137.3999938965,"55":125.7300033569,"56":126.8600006104,"57":134.6100006104,"58":135.5399932861,"59":139.1000061035,"60":138.8099975586,"61":144.9199981689,"62":134.2200012207,"63":137.0299987793,"64":141.6799926758,"65":146.1999969482,"66":151.5099945068,"67":147.8399963379,"68":149.6399993896,"69":146.1499938965,"70":147.8800048828,"71":147.5599975586,"72":148.3099975586,"73":153.4799957275,"74":151.5899963379,"75":146.9700012207,"76":148.6100006104,"77":151.4900054932,"78":149.1499938965,"79":151.0700073242,"80":151.0700073242},"High":{"0":150.860974613,"1":152.458124814,"2":152.7575912631,"3":154.6542079743,"4":155.9518916456,"5":157.6788229019,"6":157.5390727211,"7":157.8584900067,"8":157.6488572066,"9":158.8567174727,"10":160.6035995764,"11":161.3023479134,"12":161.9512075931,"13":163.7579854853,"14":164.995755548,"15":165.654589406,"16":164.6164552002,"17":165.205390979,"18":165.0756252447,"19":164.5166219347,"20":164.4467495394,"21":165.7144750565,"22":168.409688372,"23":169.5975597792,"24":169.5775986276,"25":169.1882909177,"26":169.817169224,"27":170.3562141736,"28":169.218246479,"29":171.2745794816,"30":171.3743897058,"31":171.424303714,"32":170.43607085,"33":169.8970261515,"34":169.8571092671,"35":168.8488898259,"36":168.6192986971,"37":165.6645892542,"38":162.6200164893,"39":155.1832758879,"40":162.9893417584,"41":166.1237597074,"42":169.5576273867,"43":166.4032620681,"44":164.1672491079,"45":156.3811403116,"46":156.4809519671,"47":154.9037580829,"48":149.0599975586,"49":147.9900054932,"50":142.4499969482,"51":148.6100006104,"52":137.4199981689,"53":144.9799957275,"54":137.6000061035,"55":125.7600021362,"56":138.0599975586,"57":138.8999938965,"58":143.4799957275,"59":143.4700012207,"60":147.9299926758,"61":146.5399932861,"62":142.4900054932,"63":144.3300018311,"64":143.2899932861,"65":148.8099975586,"66":152.8899993896,"67":150.8999938965,"68":152.6399993896,"69":148.0,"70":150.8500061035,"71":148.6300048828,"72":149.9400024414,"73":154.0299987793,"74":151.6000061035,"75":148.1699981689,"76":152.8300018311,"77":152.1199951172,"78":149.1499938965,"79":151.8000030518,"80":151.8000030518},"Low":{"0":148.6349333245,"1":149.7329886848,"2":150.4217603345,"3":152.8075102245,"4":153.6859434258,"5":156.3711420317,"6":156.1116103364,"7":156.6007384509,"8":156.2613321926,"9":156.9301603382,"10":158.6870191906,"11":159.7850646516,"12":158.9765012227,"13":162.1408588124,"14":161.8912911443,"15":163.8378371079,"16":161.5319592179,"17":163.5882796394,"18":163.6381861059,"19":162.6898776604,"20":161.7116215678,"21":162.7397841102,"22":166.0838341449,"23":167.2816974653,"24":167.9804407219,"25":167.5212655658,"26":167.8806201273,"27":167.271718295,"28":167.1519239166,"29":168.7490842467,"30":170.1166380815,"31":169.5776059889,"32":162.7098433569,"33":166.7825848969,"34":167.2118172775,"35":165.2952294225,"36":162.2506510491,"37":162.3205463361,"38":155.5126800537,"39":148.4452914095,"40":154.0752454881,"41":159.216079587,"42":161.0228444691,"43":162.659937268,"44":157.6089371475,"45":144.8916189911,"46":146.8082135644,"47":148.3055391104,"48":132.0,"49":133.6000061035,"50":128.7100067139,"51":130.8399963379,"52":123.9499969482,"53":131.7899932861,"54":123.5400009155,"55":116.6100006104,"56":125.3700027466,"57":128.0,"58":135.5399932861,"59":136.9799957275,"60":138.1000061035,"61":138.4299926758,"62":133.5,"63":134.4499969482,"64":138.1699981689,"65":144.8800048828,"66":146.5700073242,"67":147.1699981689,"68":147.2299957275,"69":142.4600067139,"70":146.8099975586,"71":146.0399932861,"72":146.1999969482,"73":151.3999938965,"74":148.4900054932,"75":144.5500030518,"76":146.8999938965,"77":146.7200012207,"78":146.6300048828,"79":149.1799926758,"80":149.1799926758},"Close":{"0":150.850982666,"1":152.3183746338,"2":152.667755127,"3":153.9454803467,"4":155.3629455566,"5":156.8602752686,"6":157.0399627686,"7":157.7387084961,"8":156.6007385254,"9":158.3675842285,"10":160.2741851807,"11":160.2642059326,"12":161.012878418,"13":163.2987976074,"14":164.8061065674,"15":165.0057525635,"16":163.6581573486,"17":164.5166168213,"18":163.8877410889,"19":164.416809082,"20":162.1807861328,"21":164.9258880615,"22":167.8307189941,"23":168.2599487305,"24":168.6492462158,"25":168.818939209,"26":169.6374969482,"27":167.5911407471,"28":168.9786682129,"29":170.3661956787,"30":171.0749359131,"31":171.2546081543,"32":169.4378509521,"33":169.088470459,"34":168.3897247314,"35":167.2816925049,"36":162.530166626,"37":163.2389068604,"38":155.5126800537,"39":154.8338928223,"40":162.8396148682,"41":160.1144714355,"42":168.8788299561,"43":164.6763458252,"44":163.0791778564,"45":147.6566925049,"46":156.4609985352,"47":151.4099884033,"48":139.4900054932,"49":145.6100006104,"50":130.0599975586,"51":144.7100067139,"52":135.1100006104,"53":136.4799957275,"54":124.25,"55":121.1800003052,"56":137.2799987793,"57":134.3000030518,"58":142.1000061035,"59":137.7700042725,"60":146.8699951172,"61":139.3800048828,"62":140.7799987793,"63":142.9900054932,"64":141.6499938965,"65":147.7400054932,"66":147.1699981689,"67":148.6999969482,"68":148.2599945068,"69":144.1600036621,"70":150.3000030518,"71":147.1300048828,"72":149.1100006104,"73":153.7899932861,"74":149.3200073242,"75":145.2100067139,"76":151.1999969482,"77":147.6999969482,"78":148.5399932861,"79":151.4550018311,"80":151.4550018311},"Volume":{"0":845100,"1":876900,"2":656200,"3":1514700,"4":773100,"5":758800,"6":844700,"7":549500,"8":617600,"9":824100,"10":628000,"11":549300,"12":648400,"13":790700,"14":708100,"15":486000,"16":640200,"17":758900,"18":529300,"19":476000,"20":621000,"21":649600,"22":931700,"23":1132400,"24":446700,"25":476300,"26":479100,"27":539500,"28":515800,"29":513700,"30":533600,"31":1120200,"32":1196600,"33":761300,"34":912000,"35":1096600,"36":983700,"37":903300,"38":1053500,"39":2169900,"40":1516200,"41":1231900,"42":987800,"43":1062900,"44":1214500,"45":2051200,"46":1486800,"47":1392000,"48":1788400,"49":1761700,"50":1402700,"51":1620800,"52":1720800,"53":1124600,"54":1509200,"55":1398700,"56":1300500,"57":1662900,"58":1248100,"59":1234300,"60":793900,"61":1422200,"62":1343500,"63":1044400,"64":815700,"65":1244000,"66":967200,"67":883800,"68":1076800,"69":704600,"70":1070200,"71":722300,"72":912400,"73":957800,"74":722100,"75":810300,"76":710200,"77":1082800,"78":975900,"79":243129,"80":243129}}