{"Open":{"0":194.9100036621,"1":193.1999969482,"2":199.9900054932,"3":203.3399963379,"4":203.2299957275,"5":205.5500030518,"6":210.0,"7":210.1699981689,"8":211.2200012207,"9":209.6300048828,"10":213.5099945068,"11":214.0399932861,"12":213.3899993896,"13":215.6100006104,"14":214.6600036621,"15":216.2100067139,"16":209.2700042725,"17":210.5800018311,"18":211.6399993896,"19":209.9900054932,"20":212.9100036621,"21":208.6300048828,"22":213.3500061035,"23":215.75,"24":214.4499969482,"25":209.0,"26":205.5099945068,"27":206.3099975586,"28":204.6699981689,"29":207.3999938965,"30":210.0,"31":209.3999938965,"32":210.8899993896,"33":210.2700042725,"34":207.7200012207,"35":203.1999969482,"36":201.8200073242,"37":195.5599975586,"38":192.6199951172,"39":185.1000061035,"40":188.2700042725,"41":194.6900024414,"42":191.9499969482,"43":193.6900024414,"44":186.0599975586,"45":181.0500030518,"46":182.9400024414,"47":180.5399932861,"48":167.6399993896,"49":173.9299926758,"50":165.6100006104,"51":164.4100036621,"52":165.8600006104,"53":162.4499969482,"54":167.0399932861,"55":159.9600067139,"56":159.1199951172,"57":165.75,"58":167.2299957275,"59":171.9100036621,"60":176.0500030518,"61":184.6000061035,"62":173.4299926758,"63":171.7200012207,"64":180.6100006104,"65":191.8300018311,"66":199.4499969482,"67":191.3800048828,"68":193.6999969482,"69":194.5399932861,"70":201.4600067139,"71":201.4700012207,"72":203.4799957275,"73":208.6499938965,"74":208.5099945068,"75":207.9900054932,"76":209.0,"77":215.0,"78":218.9900054932,"79":213.4750061035,"80":213.4750061035},"High":{"0":197.1999969482,"1":201.4600067139,"2":202.8899993896,"3":204.1000061035,"4":206.6300048828,"5":208.9900054932,"6":210.3000030518,"7":212.3200073242,"8":211.5700073242,"9":212.6199951172,"10":214.0399932861,"11":214.1999969482,"12":215.8000030518,"13":216.9199981689,"14":215.0700073242,"15":216.3399963379,"16":210.9299926758,"17":211.5700073242,"18":212.5899963379,"19":213.4799957275,"20":213.5700073242,"21":211.1799926758,"22":214.8600006104,"23":216.2200012207,"24":217.2299957275,"25":211.8300018311,"26":205.8899993896,"27":206.3099975586,"28":208.3699951172,"29":210.7700042725,"30":211.3399963379,"31":210.6100006104,"32":213.0200042725,"33":210.9499969482,"34":209.3999938965,"35":204.0,"36":202.0099945068,"37":200.3899993896,"38":198.9600067139,"39":190.4299926758,"40":196.8600006104,"41":198.7899932861,"42":199.8999938965,"43":196.7200012207,"44":193.1999969482,"45":185.75,"46":186.3200073242,"47":182.6900024414,"48":175.2200012207,"49":182.6900024414,"50":179.7200012207,"51":177.2100067139,"52":169.9400024414,"53":170.6300048828,"54":170.1300048828,"55":159.9600067139,"56":170.9900054932,"57":172.7100067139,"58":177.1000061035,"59":178.9299926758,"60":190.1600036621,"61":190.8999938965,"62":178.3600006104,"63":183.0399932861,"64":184.5,"65":196.7400054932,"66":200.0,"67":194.7700042725,"68":197.3600006104,"69":199.1499938965,"70":204.6900024414,"71":203.5099945068,"72":207.6600036621,"73":210.2700042725,"74":212.7799987793,"75":209.5899963379,"76":217.0,"77":217.6000061035,"78":219.0,"79":216.4799957275,"80":216.4799957275},"Low":{"0":194.1999969482,"1":193.1999969482,"2":198.5899963379,"3":202.1900024414,"4":201.2200012207,"5":205.3600006104,"6":207.8899993896,"7":209.8699951172,"8":209.0,"9":209.6300048828,"10":211.9799957275,"11":212.1699981689,"12":213.0500030518,"13":214.0,"14":213.5899963379,"15":212.3500061035,"16":208.0599975586,"17":209.3200073242,"18":209.7700042725,"19":209.6499938965,"20":207.9299926758,"21":208.6300048828,"22":211.4299926758,"23":211.8000030518,"24":213.1499938965,"25":202.8699951172,"26":203.0599975586,"27":204.3600006104,"28":204.1300048828,"29":207.3999938965,"30":207.0200042725,"31":208.1100006104,"32":209.4299926758,"33":205.6799926758,"34":204.5599975586,"35":198.6999969482,"36":193.3099975586,"37":195.5599975586,"38":190.3200073242,"39":183.8399963379,"40":187.0899963379,"41":188.3000030518,"42":189.9900054932,"43":190.0099945068,"44":185.6799926758,"45":176.2899932861,"46":176.0800018311,"47":174.9700012207,"48":159.7700042725,"49":166.2899932861,"50":158.9900054932,"51":153.4499969482,"52":151.5899963379,"53":153.1000061035,"54":156.3999938965,"55":148.7700042725,"56":158.5099945068,"57":164.9700012207,"58":166.8999938965,"59":169.2700042725,"60":174.0200042725,"61":178.8899993896,"62":173.0099945068,"63":171.7200012207,"64":179.0200042725,"65":186.7700042725,"66":190.9499969482,"67":189.7799987793,"68":192.75,"69":193.0,"70":200.6300048828,"71":198.5,"72":200.75,"73":204.5500030518,"74":207.0399932861,"75":203.2599945068,"76":208.9600067139,"77":212.1999969482,"78":208.8600006104,"79":213.0,"80":213.0},"Close":{"0":196.7299957275,"1":200.8800048828,"2":202.7400054932,"3":203.2100067139,"4":204.1499938965,"5":208.8800048828,"6":209.1199951172,"7":211.75,"8":209.3699951172,"9":211.7400054932,"10":213.5399932861,"11":214.0,"12":214.4400024414,"13":214.0899963379,"14":215.0200042725,"15":212.75,"16":209.7700042725,"17":210.9700012207,"18":212.1300048828,"19":213.3399963379,"20":208.1399993896,"21":210.5599975586,"22":214.4799957275,"23":213.2599945068,"24":216.9400024414,"25":205.0700073242,"26":205.8300018311,"27":204.4600067139,"28":208.2899932861,"29":209.8099975586,"30":209.5700073242,"31":210.4799957275,"32":211.2299957275,"33":209.0599975586,"34":206.1199951172,"35":200.4100036621,"36":193.6499938965,"37":195.8500061035,"38":190.5399932861,"39":189.75,"40":196.8500061035,"41":189.0500030518,"42":199.7799987793,"43":192.3099975586,"44":192.0099945068,"45":176.8099975586,"46":186.0599975586,"47":178.0299987793,"48":165.6699981689,"49":182.6199951172,"50":160.2799987793,"51":176.1900024414,"52":164.0,"53":164.6000061035,"54":157.1300048828,"55":151.1699981689,"56":170.5299987793,"57":166.9700012207,"58":175.8999938965,"59":173.9100036621,"60":188.5500030518,"61":180.0899963379,"62":175.4600067139,"63":181.8000030518,"64":182.6900024414,"65":195.8500061035,"66":190.9499969482,"67":193.1999969482,"68":196.0700073242,"69":199.0,"70":204.3399963379,"71":201.3000030518,"72":206.1199951172,"73":209.9299926758,"74":210.8999938965,"75":206.75,"76":215.6600036621,"77":213.0,"78":212.1300048828,"79":214.9400024414,"80":214.9400024414},"Volume":{"0":369400,"1":912100,"2":615700,"3":418600,"4":705200,"5":760800,"6":656800,"7":431000,"8":656200,"9":349700,"10":365900,"11":510500,"12":613200,"13":510500,"14":298700,"15":409200,"16":373600,"17":407500,"18":431000,"19":349900,"20":642700,"21":360100,"22":472000,"23":556400,"24":549800,"25":1154700,"26":670300,"27":801600,"28":567700,"29":529500,"30":526500,"31":360800,"32":578200,"33":878200,"34":623500,"35":783500,"36":738100,"37":960100,"38":937100,"39":1284100,"40":901700,"41":966100,"42":793700,"43":732900,"44":959700,"45":1023600,"46":1401000,"47":732500,"48":997800,"49":1016500,"50":1066900,"51":1163200,"52":904700,"53":872100,"54":1425300,"55":1210000,"56":1563500,"57":825300,"58":900900,"59":795500,"60":1031300,"61":1121800,"62":920600,"63":671300,"64":666800,"65":1266900,"66":807400,"67":574600,"68":720500,"69":716300,"70":607200,"71":499200,"72":1330400,"73":633200,"74":701100,"75":635400,"76":604500,"77":946700,"78":911400,"79":223337,"80":223337}}