{"Open":{"0":220.2400054932,"1":216.1600036621,"2":217.7299957275,"3":224.2599945068,"4":225.8899993896,"5":233.0800018311,"6":231.6900024414,"7":229.3800048828,"8":226.4400024414,"9":229.8800048828,"10":234.2700042725,"11":236.5099945068,"12":235.8399963379,"13":234.9400024414,"14":235.0,"15":234.0700073242,"16":226.5099945068,"17":228.5299987793,"18":231.7200012207,"19":230.8399963379,"20":238.6499938965,"21":230.7599945068,"22":233.3500061035,"23":241.6100006104,"24":242.1300048828,"25":237.6600036621,"26":239.2200012207,"27":245.0,"28":247.6100006104,"29":241.4100036621,"30":241.2400054932,"31":244.9199981689,"32":249.8500061035,"33":247.2899932861,"34":247.3000030518,"35":241.4400024414,"36":238.1799926758,"37":232.4100036621,"38":228.4799957275,"39":215.5700073242,"40":224.4299926758,"41":230.2700042725,"42":232.2899932861,"43":239.2400054932,"44":227.6499938965,"45":218.0700073242,"46":226.2100067139,"47":225.6300048828,"48":206.5899963379,"49":218.2299957275,"50":201.6000061035,"51":203.9700012207,"52":200.6000061035,"53":215.1499938965,"54":217.6999969482,"55":210.5,"56":207.8399963379,"57":219.8800048828,"58":209.8000030518,"59":219.4299926758,"60":221.3399963379,"61":228.9499969482,"62":232.1199951172,"63":222.7700042725,"64":241.3800048828,"65":248.6100006104,"66":263.1499938965,"67":249.4299926758,"68":252.0,"69":244.6600036621,"70":257.4400024414,"71":260.8999938965,"72":259.6700134277,"73":272.3399963379,"74":271.9700012207,"75":273.0,"76":267.1499938965,"77":270.0299987793,"78":270.1199951172,"79":275.0,"80":275.0},"High":{"0":220.6499938965,"1":219.8899993896,"2":224.3500061035,"3":225.9199981689,"4":232.6999969482,"5":233.2599945068,"6":231.6900024414,"7":230.0,"8":229.8000030518,"9":234.3300018311,"10":235.7799987793,"11":236.5099945068,"12":237.1999969482,"13":237.4700012207,"14":235.6300048828,"15":235.1799926758,"16":228.7899932861,"17":232.3000030518,"18":233.5899963379,"19":231.75,"20":239.3999938965,"21":233.7799987793,"22":241.2299957275,"23":244.4100036621,"24":244.6499938965,"25":240.3399963379,"26":244.8899993896,"27":249.0,"28":248.8000030518,"29":245.3899993896,"30":244.4499969482,"31":246.0,"32":249.8500061035,"33":247.6999969482,"34":247.5,"35":242.7599945068,"36":239.9900054932,"37":237.3699951172,"38":231.6300048828,"39":224.5399932861,"40":232.9799957275,"41":237.5500030518,"42":246.0599975586,"43":242.1799926758,"44":234.4799957275,"45":227.6100006104,"46":231.4100036621,"47":230.8300018311,"48":215.3600006104,"49":221.4700012207,"50":219.0,"51":230.0599975586,"52":224.9900054932,"53":223.9299926758,"54":227.4299926758,"55":218.1000061035,"56":224.9799957275,"57":224.0,"58":225.6199951172,"59":224.1799926758,"60":233.7700042725,"61":240.0,"62":234.9799957275,"63":242.9600067139,"64":247.4499969482,"65":256.6499938965,"66":267.450012207,"67":251.6799926758,"68":252.0,"69":253.8300018311,"70":265.6600036621,"71":262.8200073242,"72":265.2799987793,"73":272.6700134277,"74":276.2600097656,"75":277.2200012207,"76":271.25,"77":277.799987793,"78":271.3500061035,"79":275.2600097656,"80":275.2600097656},"Low":{"0":216.9499969482,"1":214.5500030518,"2":216.9100036621,"3":222.1399993896,"4":224.9100036621,"5":227.2700042725,"6":228.0700073242,"7":224.5599975586,"8":225.5299987793,"9":228.7799987793,"10":233.2700042725,"11":232.8200073242,"12":233.1300048828,"13":234.3999938965,"14":231.3800048828,"15":228.4199981689,"16":226.0700073242,"17":227.5700073242,"18":230.5700073242,"19":228.6799926758,"20":223.0099945068,"21":225.0099945068,"22":233.2899932861,"23":240.0,"24":238.0099945068,"25":234.1000061035,"26":237.0,"27":242.7799987793,"28":240.6999969482,"29":239.7299957275,"30":238.5500030518,"31":241.0899963379,"32":245.2400054932,"33":242.5899963379,"34":243.2700042725,"35":235.6999969482,"36":228.5,"37":229.4900054932,"38":218.0099945068,"39":215.5,"40":223.1399993896,"41":226.6699981689,"42":230.8999938965,"43":235.2899932861,"44":226.6100006104,"45":214.0800018311,"46":216.4700012207,"47":218.6999969482,"48":201.5,"49":200.7599945068,"50":199.1600036621,"51":202.5,"52":197.4700012207,"53":202.0099945068,"54":204.1600036621,"55":199.5200042725,"56":207.8399963379,"57":209.5099945068,"58":209.4299926758,"59":215.5700073242,"60":220.0,"61":228.0200042725,"62":223.4499969482,"63":222.3899993896,"64":234.3500061035,"65":241.9400024414,"66":245.3800048828,"67":240.5,"68":243.0,"69":243.8099975586,"70":253.5099945068,"71":254.3099975586,"72":258.6099853516,"73":265.1499938965,"74":269.049987793,"75":262.549987793,"76":264.0,"77":266.9200134277,"78":266.4299926758,"79":269.75,"80":269.75},"Close":{"0":219.4499969482,"1":217.9799957275,"2":224.0299987793,"3":223.7899932861,"4":231.0899963379,"5":230.2599945068,"6":228.9499969482,"7":226.4900054932,"8":229.75,"9":234.1499938965,"10":235.5,"11":235.8300018311,"12":233.9900054932,"13":234.6100006104,"14":233.9100036621,"15":229.0599975586,"16":227.3699951172,"17":231.9700012207,"18":232.4100036621,"19":230.3099975586,"20":227.0500030518,"21":230.5099945068,"22":239.6600036621,"23":240.7599945068,"24":239.1199951172,"25":240.0599975586,"26":244.75,"27":247.8099975586,"28":242.2100067139,"29":240.0899963379,"30":243.8200073242,"31":245.9299926758,"32":247.7799987793,"33":245.1000061035,"34":246.2899932861,"35":237.0099945068,"36":230.0,"37":232.0399932861,"38":223.3000030518,"39":224.0299987793,"40":232.2899932861,"41":228.2599945068,"42":245.3200073242,"43":237.3099975586,"44":233.5,"45":219.6499938965,"46":230.5099945068,"47":220.3399963379,"48":204.0599975586,"49":220.8600006104,"50":199.7700042725,"51":210.4400024414,"52":212.9799957275,"53":215.6900024414,"54":206.0,"55":202.2100067139,"56":223.1300048828,"57":210.0899963379,"58":224.4900054932,"59":217.2400054932,"60":231.9199981689,"61":237.9499969482,"62":225.4799957275,"63":242.1600036621,"64":238.3099975586,"65":255.3000030518,"66":247.6699981689,"67":249.6600036621,"68":246.6100006104,"69":252.2799987793,"70":262.4100036621,"71":255.2299957275,"72":264.7600097656,"73":270.4599914551,"74":273.2600097656,"75":262.799987793,"76":269.3699951172,"77":267.9100036621,"78":269.8599853516,"79":272.1000061035,"80":272.1000061035},"Volume":{"0":1334300,"1":943400,"2":1436600,"3":1027700,"4":1802600,"5":1435400,"6":1017300,"7":1031500,"8":1042000,"9":1741500,"10":2124000,"11":1599300,"12":1399800,"13":1134000,"14":978000,"15":904300,"16":802000,"17":861800,"18":893500,"19":1169500,"20":3373500,"21":1988000,"22":1485900,"23":1951600,"24":1320300,"25":1443100,"26":1273000,"27":2280000,"28":1805700,"29":1329200,"30":1354000,"31":1305400,"32":947700,"33":1524800,"34":1365100,"35":1659300,"36":1581100,"37":1578500,"38":1973000,"39":2491500,"40":2406400,"41":2092900,"42":1971800,"43":1518300,"44":1872600,"45":2034500,"46":2024200,"47":1733800,"48":3757900,"49":3813400,"50":2521300,"51":4447500,"52":3406400,"53":3118600,"54":2764700,"55":2802000,"56":2830400,"57":2066600,"58":1752500,"59":1712700,"60":2138900,"61":3300700,"62":1482300,"63":2503900,"64":1989800,"65":3046300,"66":3551100,"67":2737500,"68":2491400,"69":1831300,"70":2180500,"71":2686500,"72":2172800,"73":2166700,"74":1967800,"75":1602700,"76":1546000,"77":2770400,"78":1805800,"79":341603,"80":341603}}