{"Open":{"0":56.4024310155,"1":54.5255949163,"2":55.5855685594,"3":55.7606113832,"4":55.6925407398,"5":55.2354861253,"6":55.040995121,"7":55.3327333814,"8":55.673091353,"9":55.7119919824,"10":56.1398685996,"11":57.9194663308,"12":57.1803962432,"13":57.0442549933,"14":56.7330698897,"15":56.927558789,"16":57.2873671334,"17":56.7038950906,"18":56.9761820489,"19":55.9356560526,"20":56.4218815247,"21":56.2662895819,"22":56.3246360954,"23":56.5677467724,"24":57.0442547491,"25":57.4818591686,"26":57.7152451571,"27":57.2776446912,"28":56.4607801253,"29":57.0539762118,"30":57.229017346,"31":58.3862451981,"32":57.9972608267,"33":57.1317751223,"34":60.7298626261,"35":60.5839935928,"36":61.3036101475,"37":57.4818604267,"38":57.3457167091,"39":53.1544292373,"40":52.5126086089,"41":51.0442047497,"42":51.4331843735,"43":51.3456620895,"44":49.3035079418,"45":44.9274545724,"46":42.9922654792,"47":41.9225655765,"48":33.3066081475,"49":29.8738409348,"50":29.163946852,"51":23.6890234231,"52":18.914264625,"53":16.4150515443,"54":20.1492825106,"55":20.5479887505,"56":25.760352179,"57":27.1217898904,"58":28.4832285704,"59":26.6550113057,"60":29.5432045683,"61":28.0599994659,"62":24.2000007629,"63":22.9799995422,"64":22.8500003815,"65":24.1900005341,"66":28.5699996948,"67":27.75,"68":32.75,"69":34.1399993896,"70":32.8800010681,"71":31.5300006866,"72":30.4300003052,"73":31.0100002289,"74":30.3299999237,"75":27.0,"76":28.6200008392,"77":27.8199996948,"78":27.5699996948,"79":27.8999996185,"80":27.8999996185},"High":{"0":56.4024310155,"1":55.5369498109,"2":56.2857378618,"3":56.0426244336,"4":56.1009703705,"5":55.5952937158,"6":55.4494284736,"7":55.9551044648,"8":55.673091353,"9":56.2371189888,"10":57.1512234447,"11":57.9194663308,"12":57.8902884817,"13":57.3748901016,"14":57.287369383,"15":57.4721316185,"16":57.7249729556,"17":57.1317742773,"18":57.0345307288,"19":56.4607830561,"20":56.7622395441,"21":56.9372827055,"22":57.2387468882,"23":57.2484665101,"24":57.4429614624,"25":57.5888298931,"26":57.7249717917,"27":57.7638725622,"28":57.6082781653,"29":57.9680869772,"30":58.2695446643,"31":58.6390820655,"32":57.9972608267,"33":60.8368328529,"34":61.6342467748,"35":61.5758989212,"36":61.5856231996,"37":59.3392507754,"38":57.5110324058,"39":53.1544292373,"40":52.8335207754,"41":52.1625266539,"42":55.0507209752,"43":51.5401539785,"44":49.566071443,"45":45.8415616049,"46":45.0635971528,"47":42.1170574573,"48":33.4038522348,"49":32.8690046671,"50":29.1736716318,"51":24.0780053646,"52":19.3810429287,"53":22.4734520183,"54":26.0326409222,"55":22.7360141421,"56":26.2076827813,"57":30.0294323192,"58":29.134772114,"59":30.3600671031,"60":29.8446671832,"61":28.75,"62":25.1800003052,"63":23.9899997711,"64":23.3799991608,"65":26.7700004578,"66":28.9400005341,"67":30.4200000763,"68":36.4399986267,"69":34.4399986267,"70":34.7999992371,"71":32.0600013733,"72":30.8799991608,"73":32.0999984741,"74":30.75,"75":28.3500003815,"76":28.8799991608,"77":28.9799995422,"78":28.5599994659,"79":28.6900005341,"80":28.6900005341},"Low":{"0":54.64228485,"1":54.5061453557,"2":55.3327317056,"3":54.7395336146,"4":55.3132835943,"5":54.88540146,"6":54.8951289812,"7":55.3035571865,"8":54.5936648835,"9":55.4883276004,"10":56.0231749512,"11":57.0637042244,"12":57.1317741985,"13":56.2954636096,"14":56.4510568255,"15":56.6747182242,"16":56.859487946,"17":56.5094032022,"18":56.0037263073,"19":55.7411641577,"20":56.0815197957,"21":56.1398692973,"22":56.1690433215,"23":56.3246328453,"24":56.985906068,"25":57.0442533453,"26":57.0248024903,"27":56.5094037647,"28":56.4607801253,"29":56.8983834425,"30":57.0928741394,"31":57.6471767371,"32":56.9859059478,"33":56.548303158,"34":60.6131689743,"35":60.5548211069,"36":57.5985524784,"37":57.3068180936,"38":53.4850661983,"39":50.0231206477,"40":50.1689904841,"41":50.0814719099,"42":51.1900704343,"43":49.8383564415,"44":46.9404401401,"45":43.653536256,"46":39.9095827,"47":36.826896106,"48":25.1866025785,"49":26.3146529235,"50":22.7457387221,"51":19.7797507376,"52":12.9822843216,"53":15.92882369,"54":20.1492825106,"55":19.4588393721,"56":23.0763741298,"57":25.1379811529,"58":25.8770469768,"59":26.1396091032,"60":26.3243765879,"61":26.2600002289,"62":22.0699996948,"63":21.4799995422,"64":21.9500007629,"65":24.1900005341,"66":27.0200004578,"67":27.3099994659,"68":32.5200004578,"69":31.6200008392,"70":32.6300010681,"71":29.7999992371,"72":29.2999992371,"73":30.4500007629,"74":28.6000003815,"75":26.5499992371,"76":27.6299991608,"77":27.7299995422,"78":27.2099990845,"79":27.7294998169,"80":27.7294998169},"Close":{"0":54.8367767334,"1":55.4980506897,"2":56.0717964172,"3":55.6050186157,"4":55.3327331543,"5":55.0118217468,"6":55.400806427,"7":55.8092346191,"8":55.429977417,"9":56.1106987,"10":57.0248031616,"11":57.1901245117,"12":57.831943512,"13":56.6747207642,"14":56.8692131042,"15":57.2095718384,"16":56.8886604309,"17":56.8400382996,"18":56.0426254272,"19":56.3440856934,"20":56.2662887573,"21":56.324634552,"22":56.6747207642,"23":56.9178314209,"24":57.2387466431,"25":57.3165397644,"26":57.3943367004,"27":56.7525177002,"28":57.0637016296,"29":56.9372825623,"30":58.1042289734,"31":58.1431312561,"32":57.5207595825,"33":60.6812400818,"34":61.254989624,"35":61.3133354187,"36":58.1625785828,"37":57.8513946533,"38":53.4947891235,"39":52.2889442444,"40":50.9177818298,"41":50.7135696411,"42":52.2694969177,"43":50.363483429,"44":48.2532539368,"45":43.6827087402,"46":42.7297019958,"47":36.9144172668,"48":26.6161136627,"49":32.4119529724,"50":23.1444454193,"51":20.4410209656,"52":16.5025730133,"53":19.4296646118,"54":21.0244941711,"55":22.366481781,"56":24.9921131134,"57":27.6177425385,"58":27.9386520386,"59":29.5529289246,"60":27.9970016479,"61":26.7999992371,"62":22.9500007629,"63":23.0100002289,"64":22.5200004578,"65":26.1399993896,"66":27.0799999237,"67":30.1499996185,"68":33.7999992371,"69":32.5600013733,"70":33.1800003052,"71":30.5200004578,"72":29.7000007629,"73":31.2900009155,"74":28.6499996185,"75":27.9300003052,"76":27.8099994659,"77":28.1200008392,"78":27.7099990845,"79":28.6103000641,"80":28.6103000641},"Volume":{"0":2224500,"1":2966100,"2":2276200,"3":1578200,"4":2002200,"5":1688700,"6":2005700,"7":1751700,"8":1723500,"9":3853200,"10":3417800,"11":3536100,"12":2362000,"13":2835900,"14":2112600,"15":1505900,"16":2535300,"17":1627800,"18":1278800,"19":2207000,"20":2986000,"21":1672000,"22":1270200,"23":1194000,"24":1891600,"25":1284500,"26":1058200,"27":1078600,"28":1844300,"29":2645100,"30":3210400,"31":1599200,"32":2297800,"33":5374100,"34":3364400,"35":3201800,"36":5000300,"37":3767200,"38":4365800,"39":7020500,"40":7626000,"41":6974800,"42":4285900,"43":5116900,"44":4850300,"45":5979600,"46":5999500,"47":6277400,"48":10556300,"49":11016800,"50":7915100,"51":9193400,"52":15266700,"53":15658600,"54":13939600,"55":10074500,"56":8669600,"57":9205300,"58":6544400,"59":6745700,"60":6985800,"61":7762400,"62":6487900,"63":4817400,"64":3540200,"65":4045200,"66":4103800,"67":4405900,"68":9497300,"69":4209100,"70":2805400,"71":3846800,"72":3020100,"73":4318300,"74":3483600,"75":2862500,"76":2567000,"77":2237300,"78":3179200,"79":1051192,"80":1051192}}