{"Open":{"0":60.1014328239,"1":59.3278865836,"2":58.8578898858,"3":58.8480938838,"4":58.4270531719,"5":58.263402663,"6":58.3920186075,"7":58.392019673,"8":58.3722327131,"9":58.6195701882,"10":58.7481875482,"11":59.0548869312,"12":59.5594623867,"13":59.8068034141,"14":59.7375472866,"15":59.8562712156,"16":59.2032937877,"17":59.3418054876,"18":60.2025458982,"19":58.0754238353,"20":58.7086140469,"21":58.975741444,"22":57.4521279791,"23":57.9072324859,"24":58.5701042708,"25":59.0252074748,"26":59.2923380628,"27":59.5495686608,"28":57.9567022563,"29":57.748931883,"30":58.0754243306,"31":58.1347852654,"32":57.5114899929,"33":57.471912384,"34":57.2938304264,"35":57.5510595077,"36":57.4224467612,"37":56.7694685907,"38":56.1758518243,"39":53.168199469,"40":54.5730887862,"41":56.601277326,"42":56.0076628015,"43":56.2648921487,"44":54.7017060064,"45":53.7914936732,"46":55.4734083609,"47":54.7709606051,"48":51.3972437159,"49":52.4360711082,"50":50.3584176375,"51":50.9520331858,"52":53.4155404915,"53":53.1879825806,"54":52.1590533718,"55":50.0715035559,"56":51.4071356562,"57":48.8348036111,"58":49.0623569741,"59":51.5951169406,"60":52.9208611731,"61":53.4946886334,"62":51.9413928187,"63":52.9901154585,"64":54.4147919731,"65":55.1766013928,"66":56.433088843,"67":56.6507423433,"68":56.9099998474,"69":57.3899993896,"70":57.3100013733,"71":57.5600013733,"72":57.2900009155,"73":58.0600013733,"74":58.0999984741,"75":57.3899993896,"76":57.4099998474,"77":58.1199989319,"78":57.6399993896,"79":57.9300003052,"80":57.9300003052},"High":{"0":60.1699743991,"1":59.5237212519,"2":59.3278908826,"3":58.926429248,"4":58.8480964343,"5":58.7679783147,"6":58.6690381568,"7":58.7382941161,"8":58.5008505538,"9":58.7877595484,"10":59.2131841002,"11":59.5099953216,"12":59.8265899931,"13":60.1728655001,"14":59.8859489958,"15":60.0145686414,"16":59.7177613645,"17":60.3509530239,"18":60.2718007864,"19":58.7580807718,"20":59.4110586394,"21":59.0449963318,"22":57.9468079195,"23":58.5602098548,"24":59.0351008371,"25":59.5099954535,"26":59.5990409851,"27":59.7078660875,"28":58.2337218086,"29":58.2040402705,"30":58.1842545187,"31":58.1347852654,"32":57.9567026869,"33":57.7390399897,"34":57.6302129361,"35":58.0655270723,"36":57.7786169121,"37":57.2542527981,"38":56.7694700067,"39":53.60351644,"40":56.9277662692,"41":57.4323397687,"42":57.6302123832,"43":56.9079775442,"44":56.6012750719,"45":56.9673416414,"46":56.2846831633,"47":54.9391499641,"48":53.4254306044,"49":53.7914930216,"50":52.633944527,"51":54.8896850063,"52":55.3348972609,"53":54.3356398277,"54":52.4756482272,"55":52.7032006555,"56":51.4071356562,"57":51.3576705157,"58":53.326499448,"59":53.2671337042,"60":54.4444725065,"61":53.9596889867,"62":52.8812854436,"63":54.9094722282,"64":54.6522399987,"65":56.3341506499,"66":57.2641512988,"67":57.4026579294,"68":58.0999984741,"69":57.5999984741,"70":58.4000015259,"71":58.0099983215,"72":58.0,"73":58.6800003052,"74":58.9099998474,"75":58.0400009155,"76":58.5699996948,"77":58.6599998474,"78":57.9900016785,"79":58.2900009155,"80":58.2900009155},"Low":{"0":59.5433064347,"1":58.8187179402,"2":58.8285159908,"3":58.3389289579,"4":58.3878892234,"5":58.1743601229,"6":58.2139335331,"7":58.1545716449,"8":58.1347846821,"9":58.2436123944,"10":58.5898901269,"11":59.0054196945,"12":59.4605241395,"13":59.6386102778,"14":59.3615894963,"15":59.4704214761,"16":58.9856334122,"17":59.2329752963,"18":58.8075486483,"19":57.7192536862,"20":58.4810617328,"21":57.3927634147,"22":57.0365986407,"23":57.7984022954,"24":58.4315944948,"25":58.9064853516,"26":59.1340406326,"27":57.6401038276,"28":57.5015938536,"29":57.3334025684,"30":57.6598912284,"31":57.1948963926,"32":57.1454241256,"33":57.3235069006,"34":57.1850002359,"35":57.3630824986,"36":56.255001833,"37":56.2945763211,"38":54.4444720637,"39":51.6247967597,"40":54.2960692379,"41":54.6324532958,"42":55.5129828669,"43":55.8889381329,"44":54.5137252229,"45":53.4353235254,"46":53.3462831019,"47":53.6134076455,"48":50.2100111699,"49":50.902564123,"50":48.4984200715,"51":50.9421412478,"52":50.3386307237,"53":52.2184104041,"54":50.1704379265,"55":48.6072514032,"56":48.6567165474,"57":48.3203360277,"58":48.9832063715,"59":50.9916068369,"60":52.3767102246,"61":52.9802210408,"62":51.6050103142,"63":52.5251151166,"64":53.7024516705,"65":54.3950061757,"66":55.8097910576,"67":56.0175526544,"68":56.8800010681,"69":56.3600006104,"70":56.9599990845,"71":56.7099990845,"72":56.8499984741,"73":57.7400016785,"74":57.9599990845,"75":56.7200012207,"76":57.2299995422,"77":57.4700012207,"78":56.8300018311,"79":57.2000007629,"80":57.2000007629},"Close":{"0":59.7783050537,"1":59.1418457031,"2":59.0145568848,"3":58.3585090637,"4":58.4662208557,"5":58.2238273621,"6":58.3623390198,"7":58.5206375122,"8":58.4118080139,"9":58.4711647034,"10":59.0350990295,"11":59.4902076721,"12":59.6781845093,"13":59.8364830017,"14":59.8661613464,"15":59.6386108398,"16":59.2725486755,"17":60.054145813,"18":58.8965911865,"19":58.7284011841,"20":58.8075485229,"21":57.4323387146,"22":57.6697883606,"23":58.5008506775,"24":58.8075485229,"25":59.3022270203,"26":59.5990409851,"27":58.0655288696,"28":57.6104240417,"29":58.0259552002,"30":57.8874435425,"31":57.2938308716,"32":57.6005325317,"33":57.471912384,"34":57.580745697,"35":57.3729782104,"36":56.5122337341,"37":56.5320205688,"38":54.474155426,"39":53.5837287903,"40":56.710105896,"41":55.1073455811,"42":57.5015945435,"43":56.5518074036,"44":56.2648925781,"45":55.2359619141,"46":55.9186210632,"47":54.2466011047,"48":50.6552238464,"49":53.5936203003,"50":50.4474601746,"51":53.7321357727,"52":53.7420272827,"53":53.0494728088,"54":51.248840332,"55":49.7746963501,"56":49.4580993652,"57":49.4086303711,"58":52.9703292847,"59":52.2085189819,"60":54.1872406006,"61":53.1583061218,"62":52.3569221497,"63":54.6621322632,"64":54.1179847717,"65":56.0967063904,"66":56.3737258911,"67":57.1849975586,"68":57.4399986267,"69":56.6699981689,"70":58.1399993896,"71":56.9300003052,"72":57.6599998474,"73":58.4599990845,"74":58.1300010681,"75":56.8199996948,"76":57.9900016785,"77":57.5900001526,"78":57.9300003052,"79":57.4650001526,"80":57.4650001526},"Volume":{"0":11447900,"1":13263200,"2":15094500,"3":14293100,"4":15926500,"5":20134600,"6":11786700,"7":14158400,"8":12697100,"9":10291300,"10":10689600,"11":15615700,"12":12857600,"13":8847100,"14":11109000,"15":10182800,"16":11482300,"17":15367500,"18":13408900,"19":16719600,"20":14283600,"21":15571000,"22":13924600,"23":10271900,"24":10283700,"25":9418100,"26":8270200,"27":22488200,"28":20938000,"29":19460100,"30":9138900,"31":12427300,"32":13642800,"33":16748600,"34":15704300,"35":18520900,"36":19384900,"37":16803600,"38":25907200,"39":45881200,"40":30736200,"41":27500200,"42":17626400,"43":21249900,"44":22510800,"45":31862200,"46":34330900,"47":21147400,"48":45610600,"49":45744000,"50":36990400,"51":33898000,"52":38417400,"53":33024900,"54":46013800,"55":39225100,"56":40626900,"57":38551300,"58":32610900,"59":25363600,"60":20660200,"61":21251800,"62":18672600,"63":20159400,"64":17612500,"65":20284400,"66":21786000,"67":18234200,"68":19693900,"69":12977700,"70":16765600,"71":18372800,"72":17825800,"73":15054300,"74":14002200,"75":14234500,"76":12703200,"77":15684400,"78":15371500,"79":6890727,"80":6890727}}