{"Open":{"0":63.3699000856,"1":63.06390552,"2":62.145930088,"3":64.3668377138,"4":66.3409767192,"5":68.4927905684,"6":67.9992599269,"7":67.6735229985,"8":68.3052440733,"9":67.5057222549,"10":67.160253017,"11":68.8580083241,"12":66.6963241551,"13":68.1473231539,"14":69.450248795,"15":70.7827949052,"16":65.4131314404,"17":66.6074914551,"18":67.2984348126,"19":64.544515581,"20":68.2657716048,"21":64.7517958778,"22":68.1078337927,"23":68.5421523107,"24":67.8906815893,"25":67.1701229029,"26":65.541454234,"27":68.2460262563,"28":68.7987792452,"29":68.2657683842,"30":69.2330984433,"31":66.8443900537,"32":68.0880962127,"33":68.7000796266,"34":67.5945654532,"35":62.7776543792,"36":62.807270193,"37":59.0958847997,"38":56.3616991187,"39":51.5744105225,"40":56.6084662703,"41":58.8293764201,"42":57.585668934,"43":56.144547568,"44":54.3382086295,"45":48.9191959168,"46":49.3238914805,"47":47.2016912103,"48":40.1145289715,"49":42.2564712016,"50":34.8830555545,"51":33.787410322,"52":30.6485253709,"53":28.8224469478,"54":31.9317155893,"55":31.6750795306,"56":37.1039648388,"57":40.2724582421,"58":42.9276794364,"59":41.8122907788,"60":42.1972465968,"61":42.542719044,"62":39.1866829113,"63":38.5600013733,"64":38.6100006104,"65":40.6399993896,"66":45.5499992371,"67":43.7599983215,"68":46.7099990845,"69":44.2700004578,"70":44.7599983215,"71":43.1500015259,"72":42.7900009155,"73":43.1399993896,"74":41.5800018311,"75":38.5600013733,"76":39.2099990845,"77":40.0600013733,"78":39.6699981689,"79":41.2900009155,"80":41.2900009155},"High":{"0":65.1268912636,"1":64.4655431975,"2":63.7153753998,"3":67.1010259974,"4":68.1078330007,"5":68.7691689791,"6":68.1374491411,"7":68.779044211,"8":69.5884381435,"9":67.6932679802,"10":68.0091339372,"11":68.8974920295,"12":68.0979618435,"13":68.9073638458,"14":71.0690430622,"15":70.8321514217,"16":66.6272309626,"17":67.9400345398,"18":67.7327480348,"19":66.104088203,"20":68.6013718234,"21":68.1571921794,"22":68.97645273,"23":69.5687061507,"24":68.2361546248,"25":67.3576610999,"26":67.1405029297,"27":68.8974961384,"28":70.3780973446,"29":70.1708063543,"30":69.3614148493,"31":67.5452089385,"32":69.3712827753,"33":68.7987851336,"34":67.8808091623,"35":64.1003321771,"36":63.2810633792,"37":60.9318357561,"38":57.6350204043,"39":54.989672019,"40":59.2932980306,"41":60.1717923578,"42":58.5135134588,"43":58.7898957008,"44":56.3419635069,"45":49.9951024854,"46":49.8470374008,"47":47.3398804198,"48":42.493367804,"49":42.5723333239,"50":37.2816360661,"51":36.5215950521,"52":31.5862427043,"53":32.1093883401,"54":34.3796527018,"55":34.5474533593,"56":40.8153467209,"57":44.822851883,"58":45.5927656401,"59":43.1152230326,"60":44.0035866796,"61":43.5594037893,"62":40.746251679,"63":40.6899986267,"64":39.3800010681,"65":43.6800003052,"66":47.1800003052,"67":45.9199981689,"68":48.1599998474,"69":44.8100013733,"70":45.9000015259,"71":43.5900001526,"72":43.0,"73":43.1599998474,"74":41.5800018311,"75":38.9900016785,"76":40.3499984741,"77":40.6300010681,"78":40.9099998474,"79":43.25,"80":43.25},"Low":{"0":63.3699000856,"1":62.728301549,"2":61.9386462791,"3":63.6956297717,"4":65.7684742866,"5":66.4199449574,"6":66.7851678972,"7":67.347795592,"8":68.0091275783,"9":65.1861090701,"10":66.7851690761,"11":66.9825737358,"12":66.5976186545,"13":67.3971477413,"14":67.7524871169,"15":67.9992575662,"16":64.4754178688,"17":65.5611920629,"18":65.7586079787,"19":63.6758965725,"20":64.3273564909,"21":63.8535660191,"22":67.4662367508,"23":66.5384011496,"24":66.7654222559,"25":66.0251179793,"26":65.4032650265,"27":67.3576616583,"28":68.7987792452,"29":68.147317267,"30":67.4563691937,"31":66.1435711688,"32":67.9104233003,"33":66.5581392492,"34":65.2946902552,"35":62.3236030548,"36":58.3358401739,"37":58.5628698167,"38":54.2296279322,"39":51.1104863904,"40":55.6510108753,"41":55.6115295527,"42":56.0162273476,"43":56.0458383002,"44":52.6799305488,"45":46.7081572178,"46":45.8296626085,"47":43.6186257439,"48":36.3340523796,"49":37.8837504748,"50":32.7016316579,"51":30.5991742329,"52":27.5787386883,"53":27.0457196829,"54":30.5991724871,"55":29.8095176517,"56":36.1366366023,"57":38.4365073031,"58":42.1478931695,"59":40.0454343648,"60":41.2792711065,"61":40.5389679817,"62":37.4198265652,"63":37.4300003052,"64":37.5,"65":40.6399993896,"66":42.6599998474,"67":43.5099983215,"68":43.5800018311,"69":42.8100013733,"70":44.2000007629,"71":41.7999992371,"72":40.4000015259,"73":41.6599998474,"74":39.4900016785,"75":37.6899986267,"76":38.9000015259,"77":39.0099983215,"78":39.0400009155,"79":41.2099990845,"80":41.2099990845},"Close":{"0":64.7715454102,"1":63.774597168,"2":62.5506286621,"3":66.7851638794,"4":67.7524871826,"5":67.732749939,"6":67.0615463257,"7":68.2361526489,"8":68.3151168823,"9":65.8079605103,"10":67.7821044922,"11":67.3774032593,"12":67.9005508423,"13":67.7821044922,"14":70.012878418,"15":68.6211090088,"16":65.7980957031,"17":67.5254669189,"18":65.8967971802,"19":66.0942153931,"20":64.6530914307,"21":66.37059021,"22":67.5452041626,"23":67.229347229,"24":67.8117141724,"25":66.1633071899,"26":67.1405029297,"27":68.0288696289,"28":69.4403762817,"29":68.6803359985,"30":68.3546066284,"31":67.4267578125,"32":68.6605911255,"33":68.1670608521,"34":66.1139602661,"35":62.7381744385,"36":58.7602806091,"37":58.8491172791,"38":54.456653595,"39":54.8416137695,"40":59.2636871338,"41":56.193901062,"42":58.3753242493,"43":56.9638137817,"44":54.0223464966,"45":46.7871246338,"46":49.3041496277,"47":44.5563430786,"48":38.6043128967,"49":41.2792701721,"50":32.8398208618,"51":33.6097373962,"52":28.8125762939,"53":30.9347763062,"54":30.648525238,"55":33.9255981445,"56":39.9467277527,"57":41.0917282104,"58":43.7173347473,"59":41.7037124634,"60":42.9474182129,"61":41.0818557739,"62":38.1699981689,"63":38.4000015259,"64":38.2099990845,"65":43.3100013733,"66":42.8600006104,"67":45.3400001526,"68":45.0499992371,"69":43.7599983215,"70":44.7700004578,"71":42.6500015259,"72":41.0800018311,"73":42.3199996948,"74":39.5499992371,"75":37.8300018311,"76":39.9300003052,"77":39.3899993896,"78":40.6899986267,"79":42.8699989319,"80":42.8699989319},"Volume":{"0":6669500,"1":3958000,"2":4085900,"3":11090300,"4":6600100,"5":5190700,"6":4484300,"7":4161000,"8":4479400,"9":5841100,"10":5229500,"11":4217100,"12":5044200,"13":3026400,"14":6943500,"15":4444600,"16":4577900,"17":3430900,"18":3118500,"19":8747700,"20":14053200,"21":5782200,"22":4745000,"23":4870700,"24":3730200,"25":4041500,"26":3084700,"27":3871000,"28":3981700,"29":3670500,"30":3204400,"31":2651800,"32":2669400,"33":2374000,"34":4101400,"35":5069400,"36":5893900,"37":4825300,"38":6394400,"39":7883300,"40":7553300,"41":5420700,"42":5143200,"43":4487400,"44":6009200,"45":6745200,"46":7447000,"47":7660600,"48":9630500,"49":8375000,"50":8872800,"51":10273500,"52":8865200,"53":6842400,"54":9269000,"55":10503800,"56":10365300,"57":9430300,"58":8747000,"59":6539200,"60":5753100,"61":6797300,"62":6616600,"63":5425100,"64":3422900,"65":6465800,"66":7256600,"67":4974300,"68":6497600,"69":5688600,"70":5780500,"71":5064100,"72":6075300,"73":5856700,"74":7781400,"75":6168100,"76":4630100,"77":5167500,"78":4203300,"79":2436811,"80":2436811}}