{"Open":{"0":91.8199191589,"1":90.0809058078,"2":90.7665734506,"3":90.3194015479,"4":90.6373903701,"5":90.4088370155,"6":91.6211759488,"7":92.0286008982,"8":93.0819427544,"9":93.6384373209,"10":94.7613411777,"11":95.5364410349,"12":95.9339281663,"13":97.3947069473,"14":97.7126957179,"15":98.0704358583,"16":98.3287942061,"17":98.0108034521,"18":97.9014960547,"19":98.5573554293,"20":99.8690724019,"21":99.5709516377,"22":99.8193777736,"23":98.8654090082,"24":99.3125845698,"25":99.6007692399,"26":99.3423987149,"27":99.7597612854,"28":99.0641573186,"29":100.2699966431,"30":101.5800018311,"31":102.3700027466,"32":102.8600006104,"33":102.3799972534,"34":102.3799972534,"35":102.3700027466,"36":101.9899978638,"37":100.5,"38":100.0999984741,"39":94.0,"40":92.8899993896,"41":97.7099990845,"42":98.7399978638,"43":102.3700027466,"44":101.6699981689,"45":97.8099975586,"46":102.9300003052,"47":99.9800033569,"48":91.4899978638,"49":95.2600021362,"50":91.4899978638,"51":95.25,"52":98.4700012207,"53":103.7600021362,"54":90.5699996948,"55":73.2699966431,"56":72.2699966431,"57":79.6399993896,"58":81.0400009155,"59":84.3300018311,"60":90.6100006104,"61":90.3600006104,"62":84.9599990845,"63":81.4300003052,"64":86.3199996948,"65":87.6800003052,"66":93.1200027466,"67":88.3600006104,"68":92.9000015259,"69":96.8000030518,"70":97.1399993896,"71":98.0199966431,"72":97.6100006104,"73":100.2600021362,"74":99.5999984741,"75":94.1399993896,"76":96.6200027466,"77":96.0599975586,"78":94.5899963379,"79":94.0400009155,"80":94.0400009155},"High":{"0":91.939160953,"1":91.1342487601,"2":91.2236922907,"3":90.4982718301,"4":90.8162606485,"5":91.4820510862,"6":92.0484767614,"7":93.1813145494,"8":93.3800624025,"9":94.8905217149,"10":95.6159428003,"11":96.1923012528,"12":97.1263916005,"13":97.7921973109,"14":98.2989881166,"15":99.0740897143,"16":99.0641539847,"17":98.1996130685,"18":98.2691759539,"19":100.2367481575,"20":100.7336133699,"21":100.3063114522,"22":100.1572472159,"23":99.4318302985,"24":99.6106966373,"25":99.9088206642,"26":99.5411401006,"27":100.0081918111,"28":100.2963705842,"29":101.3600006104,"30":102.1100006104,"31":103.0999984741,"32":103.25,"33":102.5500030518,"34":103.2799987793,"35":102.8499984741,"36":102.4300003052,"37":101.6399993896,"38":101.2799987793,"39":94.0,"40":97.7200012207,"41":100.1399993896,"42":104.5500030518,"43":105.2600021362,"44":105.4300003052,"45":104.2799987793,"46":105.6399993896,"47":101.3499984741,"48":98.1200027466,"49":99.5500030518,"50":101.3700027466,"51":109.5299987793,"52":107.4000015259,"53":104.9899978638,"54":90.5699996948,"55":76.4400024414,"56":80.6800003052,"57":84.0,"58":88.25,"59":92.7300033569,"60":92.5999984741,"61":91.2099990845,"62":86.9000015259,"63":88.6200027466,"64":87.7699966431,"65":92.3700027466,"66":93.6100006104,"67":92.8799972534,"68":98.7799987793,"69":97.9700012207,"70":99.4199981689,"71":98.7399978638,"72":99.5999984741,"73":101.0,"74":100.1699981689,"75":96.4599990845,"76":97.9599990845,"77":97.5400009155,"78":94.7099990845,"79":94.8499984741,"80":94.8499984741},"Low":{"0":89.8920959511,"1":89.9517170885,"2":90.2299701855,"3":89.7728513573,"4":89.9417879439,"5":90.2796482946,"6":91.5317445975,"7":92.0286008982,"8":92.5155214883,"9":93.6384373209,"10":94.393661267,"11":95.0296406467,"12":95.7053687576,"13":97.1065266232,"14":97.4443865058,"15":97.9809969275,"16":97.6431311443,"17":97.1959516711,"18":97.066773146,"19":98.010805257,"20":98.9151000827,"21":99.5411411876,"22":98.9846548833,"23":98.2890559556,"24":98.8554733344,"25":99.0641583971,"26":98.8952192247,"27":99.461641622,"28":98.7560983161,"29":99.9000015259,"30":101.3499984741,"31":101.9899978638,"32":102.4000015259,"33":101.6600036621,"34":102.25,"35":101.4199981689,"36":100.2099990845,"37":100.2600021362,"38":95.4899978638,"39":90.1600036621,"40":92.7300033569,"41":97.1699981689,"42":98.7399978638,"43":102.0699996948,"44":100.5500030518,"45":97.8099975586,"46":98.2399978638,"47":96.3399963379,"48":78.9300003052,"49":92.2399978638,"50":90.0,"51":94.6999969482,"52":92.0299987793,"53":90.0100021362,"54":72.0800018311,"55":68.0100021362,"56":70.2900009155,"57":77.3000030518,"58":80.3600006104,"59":83.2099990845,"60":89.1600036621,"61":86.9100036621,"62":80.5599975586,"63":80.5800018311,"64":85.0100021362,"65":87.1600036621,"66":87.1600036621,"67":87.5199966431,"68":92.6100006104,"69":93.9100036621,"70":95.6100006104,"71":96.0,"72":96.5500030518,"73":97.2300033569,"74":95.8000030518,"75":93.6200027466,"76":96.1800003052,"77":94.0699996948,"78":92.2699966431,"79":92.6100006104,"80":92.6100006104},"Close":{"0":90.1007766724,"1":90.6671981812,"2":90.7367630005,"3":90.388961792,"4":90.5082092285,"5":91.4124908447,"6":91.9590454102,"7":93.0620727539,"8":93.3601837158,"9":94.5625991821,"10":95.5662536621,"11":95.8146820068,"12":97.0568313599,"13":97.6133270264,"14":98.080368042,"15":98.3387374878,"16":97.8816223145,"17":97.8816223145,"18":98.0704345703,"19":99.9783782959,"20":99.2629013062,"21":100.2566223145,"22":99.014465332,"23":99.3821487427,"24":99.2728347778,"25":99.1237792969,"26":99.5113296509,"27":99.5610198975,"28":100.1175003052,"29":101.2099990845,"30":101.8700027466,"31":102.8799972534,"32":102.4100036621,"33":102.3899993896,"34":102.5,"35":101.8199996948,"36":100.4100036621,"37":100.2900009155,"38":95.5599975586,"39":92.3300018311,"40":97.6900024414,"41":97.5800018311,"42":104.2099990845,"43":104.1100006104,"44":104.7200012207,"45":102.3700027466,"46":102.0500030518,"47":97.4499969482,"48":91.6399993896,"49":99.4199981689,"50":92.6800003052,"51":102.4599990845,"52":104.5299987793,"53":90.4100036621,"54":74.0899963379,"55":70.8899993896,"56":80.2099990845,"57":80.7399978638,"58":86.7699966431,"59":89.0699996948,"60":91.8899993896,"61":88.1299972534,"62":83.5199966431,"63":88.0100021362,"64":85.25,"65":91.2799987793,"66":87.7600021362,"67":92.1999969482,"68":98.2200012207,"69":95.0199966431,"70":99.3300018311,"71":96.8899993896,"72":98.9599990845,"73":100.3399963379,"74":95.8799972534,"75":95.1399993896,"76":96.4000015259,"77":94.3899993896,"78":93.7699966431,"79":92.889503479,"80":92.889503479},"Volume":{"0":1547100,"1":1859400,"2":1418100,"3":1071200,"4":1323700,"5":1036700,"6":1220300,"7":1691200,"8":1542500,"9":1362000,"10":1595300,"11":2038800,"12":1531500,"13":1181600,"14":1740200,"15":1179300,"16":1393400,"17":2211800,"18":1591400,"19":1817100,"20":2253600,"21":1685800,"22":1510100,"23":1166000,"24":962800,"25":787600,"26":832700,"27":872900,"28":1712000,"29":1040100,"30":1707500,"31":1177900,"32":1313200,"33":1218000,"34":1491100,"35":1867400,"36":1806300,"37":1830500,"38":2306400,"39":3200700,"40":2817600,"41":2509000,"42":1817200,"43":1842600,"44":2667800,"45":3482700,"46":3115200,"47":2669300,"48":3026000,"49":3546700,"50":4106600,"51":5748600,"52":4332900,"53":2983300,"54":4700900,"55":3849700,"56":3017400,"57":2331000,"58":2138500,"59":1826700,"60":2111500,"61":3970400,"62":2221500,"63":1885400,"64":2088000,"65":2118000,"66":1795700,"67":1630100,"68":2229600,"69":1133300,"70":1703700,"71":1979400,"72":1531400,"73":1432000,"74":1476900,"75":1782800,"76":1444800,"77":1462700,"78":1870500,"79":438116,"80":438116}}