{"Open":{"0":53.2815142203,"1":52.5493274312,"2":52.1832361434,"3":52.489958612,"4":52.2821794539,"5":52.6383793588,"6":52.2327058743,"7":51.945765342,"8":49.6997311162,"9":48.3145127015,"10":47.9484148306,"11":48.8488090392,"12":48.5717654587,"13":48.5123990199,"14":47.8791562926,"15":47.681263751,"16":46.3949895994,"17":47.00844408,"18":46.9193950513,"19":46.6720347541,"20":46.9193940992,"21":46.7412983097,"22":47.196439098,"23":47.3943314848,"24":48.4399986267,"25":47.7299995422,"26":47.6699981689,"27":48.0800018311,"28":48.2200012207,"29":47.6199989319,"30":48.1399993896,"31":47.9700012207,"32":47.25,"33":47.0,"34":47.4799995422,"35":46.5800018311,"36":46.2900009155,"37":45.4799995422,"38":43.3199996948,"39":41.3100013733,"40":40.9799995422,"41":42.0600013733,"42":41.0099983215,"43":40.0,"44":37.0,"45":33.7200012207,"46":34.6300010681,"47":34.0499992371,"48":29.8099994659,"49":30.1499996185,"50":26.3400001526,"51":27.6299991608,"52":27.7000007629,"53":27.6599998474,"54":28.6800003052,"55":26.2600002289,"56":26.9599990845,"57":29.0,"58":29.3299999237,"59":30.0200004578,"60":30.3600006104,"61":29.4099998474,"62":27.0200004578,"63":26.4699993134,"64":27.0,"65":27.4099998474,"66":30.75,"67":29.3400001526,"68":31.1200008392,"69":33.2200012207,"70":32.1100006104,"71":28.7700004578,"72":28.2800006866,"73":28.1499996185,"74":27.3299999237,"75":26.8999996185,"76":27.5,"77":26.9500007629,"78":26.7999992371,"79":27.3700008392,"80":27.3700008392},"High":{"0":53.4695108418,"1":53.0539417878,"2":52.6383791105,"3":52.489958612,"4":52.7670082883,"5":52.6383793588,"6":52.3415452269,"7":51.945765342,"8":50.2043492581,"9":48.3244054727,"10":48.7993365557,"11":48.8982804436,"12":49.3534264703,"13":48.5717669709,"14":47.938524244,"15":47.7010530669,"16":46.9193932712,"17":47.2854907385,"18":47.394331112,"19":47.4438030303,"20":46.9490799614,"21":47.2162305916,"22":47.3349605354,"23":47.889053092,"24":48.5,"25":48.0,"26":47.8600006104,"27":48.3400001526,"28":48.4900016785,"29":48.1800003052,"30":48.3199996948,"31":48.1199989319,"32":47.3499984741,"33":47.4099998474,"34":47.8499984741,"35":46.9500007629,"36":46.6699981689,"37":45.6500015259,"38":44.3199996948,"39":41.8699989319,"40":42.2799987793,"41":42.9000015259,"42":41.4300003052,"43":40.0099983215,"44":37.6800003052,"45":34.4799995422,"46":35.0800018311,"47":34.2700004578,"48":30.8600006104,"49":31.7600002289,"50":29.2299995422,"51":30.6200008392,"52":28.8899993896,"53":29.1100006104,"54":28.75,"55":26.8700008392,"56":29.1700000763,"57":30.2999992371,"58":31.3899993896,"59":31.2900009155,"60":30.4799995422,"61":29.75,"62":27.3700008392,"63":27.5300006866,"64":27.3600006104,"65":28.8299999237,"66":30.7800006866,"67":30.4799995422,"68":33.9099998474,"69":33.2400016785,"70":32.5,"71":29.1100006104,"72":28.2800006866,"73":28.7800006866,"74":28.8899993896,"75":27.25,"76":27.5799999237,"77":27.2099990845,"78":27.2900009155,"79":28.4050006866,"80":28.4050006866},"Low":{"0":52.945103385,"1":52.3415452711,"2":52.1634468264,"3":51.9160835449,"4":52.2426008196,"5":51.925979042,"6":51.9259771326,"7":51.2828402437,"8":48.7300772403,"9":47.4734837267,"10":47.3349611257,"11":48.0176766119,"12":48.284826033,"13":47.7802131636,"14":47.4734847278,"15":46.6819278363,"16":46.2465753886,"17":46.7808726003,"18":46.7610842892,"19":46.5434098534,"20":46.2564689758,"21":46.5335123697,"22":46.7511889248,"23":47.2755955815,"24":47.8499984741,"25":47.4799995422,"26":47.4199981689,"27":47.9399986267,"28":47.7599983215,"29":47.5499992371,"30":47.75,"31":46.5299987793,"32":46.9799995422,"33":46.6800003052,"34":47.0999984741,"35":46.2599983215,"36":44.9599990845,"37":44.1300010681,"38":42.4300003052,"39":39.75,"40":39.4599990845,"41":40.0299987793,"42":39.9599990845,"43":38.5699996948,"44":36.3300018311,"45":32.2200012207,"46":32.2799987793,"47":32.0099983215,"48":27.1200008392,"49":27.7700004578,"50":26.2999992371,"51":25.8899993896,"52":26.8999996185,"53":26.2900009155,"54":26.1800003052,"55":25.1100006104,"56":26.3299999237,"57":27.7700004578,"58":29.0799999237,"59":29.0799999237,"60":28.8899993896,"61":28.1599998474,"62":26.2000007629,"63":26.3799991608,"64":25.9099998474,"65":27.3999996185,"66":28.7099990845,"67":28.6800003052,"68":31.1000003815,"69":31.4099998474,"70":29.5599994659,"71":28.2199993134,"72":26.6599998474,"73":27.7999992371,"74":26.9200000763,"75":26.5,"76":26.7000007629,"77":26.4200000763,"78":26.3700008392,"79":27.1599998474,"80":27.1599998474},"Close":{"0":53.1825714111,"1":52.8560523987,"2":52.5394325256,"3":52.1040763855,"4":52.2623901367,"5":52.1733398438,"6":51.945766449,"7":51.5598831177,"8":48.779548645,"9":47.8098945618,"10":48.7300758362,"11":48.6608161926,"12":48.4233474731,"13":48.0473632812,"14":47.7109527588,"15":47.0678100586,"16":46.602771759,"17":46.8699226379,"18":46.770980835,"19":47.4042243958,"20":46.4444618225,"21":46.6225624084,"22":46.7610816956,"23":47.8000030518,"24":47.9799995422,"25":47.8400001526,"26":47.7700004578,"27":47.9900016785,"28":47.7900009155,"29":48.1199989319,"30":48.2200012207,"31":46.9900016785,"32":47.0900001526,"33":47.3400001526,"34":47.7000007629,"35":46.3899993896,"36":45.1199989319,"37":44.1399993896,"38":42.4700012207,"39":40.8499984741,"40":42.2599983215,"41":40.5299987793,"42":41.4000015259,"43":38.9000015259,"44":37.0900001526,"45":32.4799995422,"46":35.0800018311,"47":32.3300018311,"48":27.2000007629,"49":30.8899993896,"50":26.5,"51":29.6299991608,"52":28.1200008392,"53":28.2900009155,"54":26.5,"55":25.25,"56":28.9200000763,"57":28.9699993134,"58":30.8999996185,"59":30.2800006866,"60":29.9200000763,"61":28.7000007629,"62":26.5699996948,"63":27.2199993134,"64":26.2299995422,"65":28.6299991608,"66":28.7700004578,"67":30.2800006866,"68":33.2000007629,"69":31.4300003052,"70":30.1800003052,"71":28.4400005341,"72":26.8899993896,"73":28.3799991608,"74":27.6800003052,"75":26.8400001526,"76":26.7999992371,"77":26.5300006866,"78":26.9200000763,"79":28.2000007629,"80":28.2000007629},"Volume":{"0":16803100,"1":15608800,"2":13200300,"3":13278600,"4":16585600,"5":20817400,"6":13777600,"7":25197600,"8":56668300,"9":47148000,"10":37020200,"11":29669200,"12":30858300,"13":20367700,"14":17297900,"15":21239600,"16":18156200,"17":16673300,"18":16166300,"19":14760200,"20":23080400,"21":15472000,"22":14973300,"23":20141800,"24":18259200,"25":13174600,"26":18124800,"27":13686100,"28":16668100,"29":12530000,"30":15526400,"31":22423800,"32":15602500,"33":15965500,"34":21729100,"35":23075900,"36":31110100,"37":27372600,"38":41180000,"39":71710100,"40":44231200,"41":45091000,"42":33881500,"43":45037900,"44":56766500,"45":53277200,"46":40078700,"47":44769500,"48":68447600,"49":78365700,"50":57466700,"51":58112800,"52":51904100,"53":53123500,"54":73915800,"55":47064100,"56":48630300,"57":53341100,"58":45494700,"59":38942800,"60":41232800,"61":36920300,"62":48497400,"63":33113500,"64":32735800,"65":36056100,"66":39229900,"67":42213700,"68":62520600,"69":36068900,"70":64267100,"71":41883900,"72":52962100,"73":46985000,"74":45441600,"75":41918700,"76":28078400,"77":38331500,"78":35135900,"79":18171731,"80":18171731}}