{"Open":{"0":202.0449645418,"1":201.2083892281,"2":203.2002500568,"3":203.8177247183,"4":204.0169280863,"5":203.6285083018,"6":204.9132554403,"7":204.4152888414,"8":204.0368366889,"9":202.6923307422,"10":204.1663073477,"11":204.6543234229,"12":204.0268906772,"13":203.7878590519,"14":202.2939526774,"15":206.6362270013,"16":206.1781047002,"17":207.4927213963,"18":212.1337796693,"19":210.4207736508,"20":213.2193411759,"21":211.9644724126,"22":216.3664979045,"23":219.1053160163,"24":207.9508613517,"25":208.1699648965,"26":207.7317619982,"27":214.5240177453,"28":212.3628399137,"29":211.8549243456,"30":210.7494358427,"31":213.1496357542,"32":212.5221950257,"33":210.6000460579,"34":207.6520844967,"35":205.5207893939,"36":205.3016689043,"37":203.7081810091,"38":202.1246476432,"39":189.1476353725,"40":188.9385050715,"41":197.1350267801,"42":199.3858247778,"43":200.5311575081,"44":194.1571753646,"45":200.0929468366,"46":187.1856441412,"47":181.4789596982,"48":176.8578189885,"49":176.9972583152,"50":166.5499085109,"51":167.3267352158,"52":164.3688070389,"53":156.3316444291,"54":148.6629563673,"55":151.5611064028,"56":152.8259565664,"57":168.5318269267,"58":163.3131273039,"59":159.2596833048,"60":168.8300018311,"61":169.7299957275,"62":162.1300048828,"63":153.2899932861,"64":157.5,"65":164.1399993896,"66":180.0399932861,"67":179.6300048828,"68":191.0700073242,"69":193.8800048828,"70":192.1199951172,"71":190.8300018311,"72":186.4400024414,"73":192.4499969482,"74":192.8300018311,"75":182.8500061035,"76":184.8699951172,"77":184.8999938965,"78":177.2799987793,"79":179.0599975586,"80":179.0599975586},"High":{"0":203.4492340088,"1":204.1364353556,"2":203.7480163574,"3":203.9671238174,"4":205.2917214039,"5":205.3016687796,"6":205.719958899,"7":205.2020693811,"8":204.9829854181,"9":204.4949674171,"10":205.1721944155,"11":205.1921206767,"12":205.2817611289,"13":205.2518821616,"14":205.8494416005,"15":208.4388637571,"16":207.9209878795,"17":212.8508469309,"18":213.9164934785,"19":213.9563396908,"20":214.6136568134,"21":214.4642593638,"22":218.2388572718,"23":220.071372489,"24":210.2215878992,"25":211.5262549688,"26":214.036021382,"27":215.241090907,"28":213.010205636,"29":213.2193480493,"30":212.8010559082,"31":213.3388655008,"32":212.7811321992,"33":212.4026827603,"34":208.1201743441,"35":207.0346122134,"36":206.0187420228,"37":205.6402939526,"38":205.1522931973,"39":190.4025057592,"40":199.0372677003,"41":200.1029035625,"42":206.2976036581,"43":203.5488339126,"44":199.9236371343,"45":207.7915063705,"46":192.1055566396,"47":194.3165388008,"48":183.5704142087,"49":181.7677718937,"50":173.9895308972,"51":180.3137129454,"52":164.3688070389,"53":157.6363145631,"54":157.3474952826,"55":155.5249314627,"56":171.3801981674,"57":168.9600709327,"58":168.6612990993,"59":172.1669692,"60":174.5599975586,"61":172.3800048828,"62":166.6999969482,"63":162.3800048828,"64":159.7599945068,"65":176.9600067139,"66":182.3000030518,"67":193.3099975586,"68":196.8500061035,"69":195.6399993896,"70":197.1000061035,"71":194.2299957275,"72":190.8200073242,"73":196.5899963379,"74":192.8300018311,"75":186.8999938965,"76":186.6600036621,"77":184.8999938965,"78":179.6499938965,"79":179.6600036621,"80":179.6600036621},"Low":{"0":200.5211879531,"1":200.9096062198,"2":201.0589997505,"3":202.8815602691,"4":202.9014725358,"5":203.6285083018,"6":203.7181386423,"7":203.658385082,"8":203.0209957323,"9":202.3437480407,"10":203.1006515222,"11":203.2102080925,"12":203.6584002295,"13":202.682372524,"14":201.7661092816,"15":205.9490306255,"16":206.1781047002,"17":207.4927213963,"18":211.6059362689,"19":210.1219906396,"20":209.5941448332,"21":211.9047188499,"22":215.739055096,"23":217.7707691023,"24":205.1622452699,"25":207.4728146852,"26":207.3831792771,"27":211.9644771739,"28":211.3370298952,"29":211.7055404353,"30":210.430729908,"31":210.7096023615,"32":210.8291115447,"33":207.8213838551,"34":205.4610343663,"35":203.9870588507,"36":201.4872429309,"37":201.9852207354,"38":193.7388916016,"39":183.6002952378,"40":188.2712164155,"41":193.718967885,"42":198.4894909712,"43":199.1069651184,"44":191.5577890904,"45":177.714326172,"46":181.478951092,"47":177.2860739906,"48":164.7472676629,"49":169.2289759299,"50":154.9273696302,"51":167.3167813544,"52":145.3365231646,"53":145.4361321756,"54":147.5574698825,"55":142.7570606014,"56":152.8259565664,"57":161.1918036873,"58":160.8631400607,"59":157.0188335817,"60":165.5099945068,"61":165.6499938965,"62":154.2599945068,"63":153.1600036621,"64":153.1300048828,"65":162.5800018311,"66":176.0200042725,"67":177.9900054932,"68":189.1799926758,"69":187.4799957275,"70":190.0500030518,"71":184.1600036621,"72":183.6699981689,"73":191.6799926758,"74":186.9499969482,"75":181.5800018311,"76":181.8200073242,"77":175.6100006104,"78":175.6399993896,"79":175.1799926758,"80":175.1799926758},"Close":{"0":203.4492340088,"1":203.4990386963,"2":203.7480163574,"3":203.3297271729,"4":203.5587921143,"5":204.166305542,"6":204.166305542,"7":204.166305542,"8":203.1703796387,"9":203.2400970459,"10":203.3596038818,"11":204.1563568115,"12":204.1961975098,"13":202.9214019775,"14":205.8195648193,"15":208.1600036621,"16":206.5864257812,"17":212.1337738037,"18":211.7951660156,"19":213.876663208,"20":210.4307250977,"21":214.2351989746,"22":217.681137085,"23":219.1650695801,"24":208.0504455566,"25":209.3949584961,"26":213.8368377686,"27":212.113861084,"28":211.8549194336,"29":211.9346008301,"30":212.8010559082,"31":211.8250427246,"32":210.8988189697,"33":208.6480102539,"34":207.5923309326,"35":204.7041168213,"36":201.81590271,"37":203.6085968018,"38":193.7388916016,"39":188.4803619385,"40":198.728515625,"41":196.3582000732,"42":205.7100067139,"43":200.9494476318,"44":198.8978271484,"45":183.9887084961,"46":186.9067840576,"47":187.4844360352,"48":172.0972595215,"49":179.3078155518,"50":163.3430023193,"51":172.4159545898,"52":156.5108947754,"53":151.9694519043,"54":152.0092926025,"55":146.9598999023,"56":169.1592712402,"57":163.0940246582,"58":164.8269500732,"59":166.5299987793,"60":172.9499969482,"61":169.8500061035,"62":156.1900024414,"63":158.4100036621,"64":157.0899963379,"65":175.3600006104,"66":178.6900024414,"67":190.0500030518,"68":196.0200042725,"69":189.6999969482,"70":197.0,"71":185.6499938965,"72":189.1900024414,"73":195.3899993896,"74":188.8899993896,"75":182.5,"76":185.8600006104,"77":177.0,"78":177.2200012207,"79":175.5700073242,"80":175.5700073242},"Volume":{"0":465800,"1":411400,"2":620200,"3":443200,"4":486400,"5":914100,"6":673800,"7":427600,"8":528000,"9":573800,"10":610700,"11":822700,"12":705700,"13":384300,"14":772700,"15":736500,"16":500500,"17":934800,"18":657000,"19":717800,"20":478200,"21":560800,"22":595900,"23":775000,"24":1667900,"25":808300,"26":727000,"27":594700,"28":505200,"29":522800,"30":499000,"31":428500,"32":390500,"33":485000,"34":790100,"35":675100,"36":768000,"37":880600,"38":966600,"39":1792400,"40":1009900,"41":1012000,"42":1143400,"43":1096800,"44":893300,"45":4032000,"46":2639100,"47":2973000,"48":2169100,"49":1989400,"50":1643900,"51":2651700,"52":1358700,"53":1416300,"54":1713000,"55":1673400,"56":1832200,"57":2078000,"58":2648200,"59":1292200,"60":1393900,"61":1301600,"62":1149200,"63":1053600,"64":1351600,"65":1296100,"66":1126700,"67":1376400,"68":824100,"69":802600,"70":1107200,"71":1078100,"72":1009200,"73":847100,"74":1486900,"75":961200,"76":612900,"77":1938800,"78":1441400,"79":202408,"80":202408}}