{"Open":{"0":69.3632376089,"1":68.2253141217,"2":68.5147866872,"3":68.6944565758,"4":67.6763188846,"5":68.2452836534,"6":68.4149735656,"7":67.5864840681,"8":67.8460122015,"9":68.105538567,"10":68.9539827007,"11":69.7724913428,"12":69.9621400221,"13":70.9702947607,"14":70.7706662542,"15":71.2298260605,"16":71.4094997695,"17":71.6191119805,"18":72.7071188453,"19":72.267930876,"20":74.1844262011,"21":73.8150955708,"22":74.6535717296,"23":75.1726181704,"24":76.1807756734,"25":76.8994682505,"26":77.7179656669,"27":78.7061600792,"28":79.0355597273,"29":78.3867408377,"30":79.1753015816,"31":79.2551607954,"32":79.3749346728,"33":79.0455413872,"34":77.8477310567,"35":77.6880272941,"36":76.909450489,"37":75.3323294543,"38":73.0465030866,"39":68.3650605687,"40":67.1572660757,"41":69.9721247373,"42":68.9839293129,"43":68.245279003,"44":64.5420515214,"45":62.5956020984,"46":61.7900009155,"47":61.2099990845,"48":54.1800003052,"49":53.9799995422,"50":49.5900001526,"51":48.8100013733,"52":49.8899993896,"53":50.0600013733,"54":48.6300010681,"55":46.7700004578,"56":45.5200004578,"57":47.8699989319,"58":47.8899993896,"59":49.7700004578,"60":51.8699989319,"61":53.5999984741,"62":49.6599998474,"63":49.6199989319,"64":49.9799995422,"65":51.8199996948,"66":55.7799987793,"67":54.3699989319,"68":56.0699996948,"69":58.3499984741,"70":58.25,"71":57.0,"72":55.4900016785,"73":56.4399986267,"74":55.9599990845,"75":53.8199996948,"76":52.7200012207,"77":51.4900016785,"78":50.4700012207,"79":50.3400001526,"80":50.3400001526},"High":{"0":69.3632376089,"1":69.0538018599,"2":68.8741305865,"3":68.7743124656,"4":68.4648710253,"5":68.4948276087,"6":68.4249574565,"7":68.2552600418,"8":68.5347559593,"9":69.0538025361,"10":69.6227586261,"11":70.2316513062,"12":70.2416356505,"13":71.249782754,"14":71.2996982135,"15":71.9884418047,"16":71.918571575,"17":72.6172877572,"18":73.3160066693,"19":74.5238103611,"20":74.6635539426,"21":74.753383237,"22":75.6916755135,"23":76.1208897636,"24":77.2488234597,"25":77.7978280369,"26":78.6462694329,"27":79.2651437041,"28":79.0355597273,"29":79.185284488,"30":79.2950854153,"31":79.6743928076,"32":79.7742065079,"33":79.2651412743,"34":78.7361069386,"35":78.2969151645,"36":77.2288664489,"37":76.0210731988,"38":73.5855189158,"39":68.9140603222,"40":70.0819214513,"41":71.1000683084,"42":69.90224921,"43":68.3450950552,"44":66.5184353602,"45":62.5956020984,"46":63.1599998474,"47":61.3899993896,"48":55.1300010681,"49":56.4000015259,"50":52.9900016785,"51":53.2599983215,"52":52.6699981689,"53":50.8800010681,"54":50.0299987793,"55":47.3400001526,"56":48.3100013733,"57":49.6599998474,"58":51.1699981689,"59":53.5499992371,"60":54.7000007629,"61":54.1599998474,"62":50.8899993896,"63":52.0900001526,"64":50.9399986267,"65":54.1199989319,"66":57.3899993896,"67":55.4599990845,"68":58.9500007629,"69":58.3499984741,"70":59.3499984741,"71":57.2999992371,"72":56.1800003052,"73":57.3400001526,"74":56.0800018311,"75":54.6199989319,"76":54.3400001526,"77":51.9099998474,"78":50.7400016785,"79":51.8600006104,"80":51.8600006104},"Low":{"0":68.2852134798,"1":68.035665899,"2":68.2951867915,"3":67.526592746,"4":67.616423161,"5":67.8360279112,"6":67.6164298407,"7":67.5765001775,"8":67.5964682447,"9":68.0855707862,"10":68.7942709252,"11":69.5728516095,"12":69.5029800558,"13":70.5311026063,"14":70.0619623449,"15":71.1799142241,"16":71.2497879813,"17":71.6191119805,"18":71.0601349304,"19":71.9884428649,"20":73.1063944941,"21":73.7252634064,"22":74.3940438798,"23":74.9729860536,"24":76.1807756734,"25":76.7996521888,"26":77.6979978869,"27":78.6861999141,"28":78.3268558269,"29":78.1671409531,"30":78.6861975878,"31":78.9656888968,"32":79.135374618,"33":77.3785820693,"34":77.7279548307,"35":76.8096276828,"36":74.9330590015,"37":73.8749936884,"38":69.7625038925,"39":65.9993887219,"40":66.4385782869,"41":67.5265969798,"42":67.5066257959,"43":66.1191597743,"44":63.9830678893,"45":59.1818427668,"46":60.1399993896,"47":57.8699989319,"48":51.0999984741,"49":50.5400009155,"50":47.0200004578,"51":47.0200004578,"52":47.5,"53":48.0099983215,"54":47.2400016785,"55":43.0499992371,"56":44.8499984741,"57":45.6800003052,"58":46.8499984741,"59":48.9199981689,"60":50.4000015259,"61":51.0499992371,"62":49.2200012207,"63":49.5200004578,"64":49.2400016785,"65":51.2999992371,"66":53.7599983215,"67":53.1300010681,"68":56.0699996948,"69":56.3400001526,"70":57.9399986267,"71":55.2700004578,"72":53.7400016785,"73":55.7000007629,"74":54.5,"75":53.1699981689,"76":50.7799987793,"77":50.1500015259,"78":49.2099990845,"79":50.3400001526,"80":50.3400001526},"Close":{"0":68.8342056274,"1":68.924041748,"2":68.82421875,"3":67.5665206909,"4":68.0456390381,"5":68.4449157715,"6":67.7362136841,"7":67.9857559204,"8":68.1654281616,"9":68.82421875,"10":69.6027984619,"11":70.2316513062,"12":69.7225799561,"13":71.1100387573,"14":71.249786377,"15":71.9385299683,"16":71.4594039917,"17":72.2379837036,"18":72.6172866821,"19":74.4439544678,"20":73.395866394,"21":74.2542953491,"22":74.7034759521,"23":76.0510177612,"24":77.0392074585,"25":77.6680603027,"26":78.6163253784,"27":79.1353759766,"28":78.4965438843,"29":79.1753005981,"30":79.2551574707,"31":79.2152328491,"32":79.3350143433,"33":77.9275817871,"34":78.5065307617,"35":76.8994674683,"36":75.032875061,"37":73.9049377441,"38":69.8623199463,"39":67.0175247192,"40":70.071937561,"41":67.8360290527,"42":69.8922653198,"43":66.6681594849,"44":66.1191635132,"45":60.1899986267,"46":63.1100006104,"47":58.1500015259,"48":51.4500007629,"49":56.1800003052,"50":47.5099983215,"51":53.1899986267,"52":50.7400016785,"53":48.4500007629,"54":47.5800018311,"55":43.3600006104,"56":48.0999984741,"57":47.5200004578,"58":50.8100013733,"59":51.8699989319,"60":54.5099983215,"61":52.1699981689,"62":50.2400016785,"63":50.6800003052,"64":49.4799995422,"65":53.7299995422,"66":53.8199996948,"67":55.2200012207,"68":58.3199996948,"69":56.7000007629,"70":58.7000007629,"71":55.7200012207,"72":54.6500015259,"73":56.9900016785,"74":55.25,"75":53.3499984741,"76":51.2799987793,"77":50.1500015259,"78":50.2400016785,"79":51.7900009155,"80":51.7900009155},"Volume":{"0":873500,"1":438400,"2":650500,"3":686200,"4":574500,"5":905500,"6":620500,"7":903100,"8":1042100,"9":453000,"10":515200,"11":775300,"12":688500,"13":957100,"14":667300,"15":671200,"16":736600,"17":961800,"18":1009100,"19":747200,"20":939800,"21":994800,"22":751000,"23":643700,"24":637900,"25":813600,"26":801700,"27":773300,"28":522000,"29":726800,"30":802100,"31":740100,"32":478600,"33":1004600,"34":3374000,"35":1157200,"36":949100,"37":962300,"38":1024700,"39":2198300,"40":1163000,"41":1168700,"42":1314000,"43":1305300,"44":1255500,"45":1535600,"46":1269100,"47":1665100,"48":2037800,"49":1574100,"50":2111000,"51":1994600,"52":2037400,"53":1305900,"54":1822800,"55":1606500,"56":1182300,"57":1099300,"58":927400,"59":978400,"60":1247800,"61":3010500,"62":1335400,"63":1432100,"64":1241800,"65":1190800,"66":1171000,"67":775100,"68":687100,"69":876200,"70":763100,"71":1120100,"72":906100,"73":1135600,"74":767000,"75":826300,"76":2103200,"77":988400,"78":1095700,"79":195116,"80":195116}}