{"Open":{"0":43.7890573774,"1":42.3353582736,"2":42.3551362337,"3":41.3068872394,"4":41.2574429711,"5":41.4156664024,"6":42.0584587708,"7":41.8211232758,"8":41.9397887178,"9":41.9991270503,"10":42.4045814611,"11":43.1957092285,"12":41.9892366705,"13":41.2871071565,"14":41.0003234972,"15":41.4156682253,"16":39.5565088332,"17":39.9619658678,"18":40.3575313853,"19":39.9520780454,"20":39.1312763894,"21":38.8247122388,"22":39.7444032537,"23":39.6949589459,"24":41.3761096832,"25":40.8519875289,"26":40.4762006007,"27":40.683870022,"28":41.8112289527,"29":41.2799987793,"30":40.7599983215,"31":40.2099990845,"32":41.0800018311,"33":40.2299995422,"34":40.5,"35":39.0800018311,"36":37.6100006104,"37":35.3400001526,"38":33.7799987793,"39":31.7000007629,"40":33.4700012207,"41":33.9000015259,"42":33.5099983215,"43":32.5,"44":30.1900005341,"45":27.6399993896,"46":28.3899993896,"47":27.6900005341,"48":24.3999996185,"49":23.9899997711,"50":21.7900009155,"51":23.0100002289,"52":23.7299995422,"53":23.2299995422,"54":26.2700004578,"55":25.0,"56":26.8999996185,"57":26.4400005341,"58":26.4500007629,"59":27.2800006866,"60":28.0,"61":28.7299995422,"62":26.9699993134,"63":26.3600006104,"64":26.4099998474,"65":27.1299991608,"66":30.3099994659,"67":29.2900009155,"68":31.2199993134,"69":32.0,"70":32.9799995422,"71":30.7399997711,"72":30.3999996185,"73":29.75,"74":30.0,"75":28.7900009155,"76":28.7600002289,"77":28.8400001526,"78":29.2800006866,"79":29.0599994659,"80":29.0599994659},"High":{"0":43.8978383885,"1":42.7408123702,"2":42.4243598266,"3":41.4552218929,"4":41.6134521805,"5":42.1079060714,"6":42.2661333188,"7":42.3452458534,"8":42.4836899647,"9":42.4243598483,"10":42.9682614492,"11":43.393492533,"12":42.2760222885,"13":41.771676062,"14":41.8310103943,"15":41.4354469336,"16":39.9916290723,"17":40.3377537859,"18":40.4959785691,"19":40.2536967468,"20":39.2895022751,"21":39.2746693431,"22":39.8136268465,"23":41.366223982,"24":41.4057758585,"25":41.0992157192,"26":40.8519885153,"27":41.6431165988,"28":42.2957978495,"29":41.3199996948,"30":41.0600013733,"31":40.9399986267,"32":41.2799987793,"33":41.1199989319,"34":40.9199981689,"35":39.2299995422,"36":37.7599983215,"37":35.8899993896,"38":34.6699981689,"39":33.4199981689,"40":34.2200012207,"41":34.8499984741,"42":33.6049995422,"43":32.6479988098,"44":30.8659992218,"45":27.7919998169,"46":29.0200004578,"47":27.9099998474,"48":24.4099998474,"49":25.8999996185,"50":24.4899997711,"51":26.2399997711,"52":26.3500003815,"53":26.1499996185,"54":26.3199996948,"55":26.8099994659,"56":27.7600002289,"57":28.2450008392,"58":28.6900005341,"59":28.7700004578,"60":29.1299991608,"61":29.3299999237,"62":28.1200008392,"63":27.6800003052,"64":27.6399993896,"65":29.2600002289,"66":30.75,"67":30.9599990845,"68":32.8600006104,"69":32.5200004578,"70":33.25,"71":30.7800006866,"72":30.5100002289,"73":30.9300003052,"74":30.5450000763,"75":29.7099990845,"76":29.3700008392,"77":29.4400005341,"78":29.3899993896,"79":29.9200000763,"80":29.9200000763},"Low":{"0":42.473805321,"1":42.1870198448,"2":41.3859983883,"3":40.9212118591,"4":40.9113212298,"5":41.3563302802,"6":41.6233385114,"7":41.6134524929,"8":41.8507864212,"9":41.8952916609,"10":42.3056879187,"11":42.7704764442,"12":40.5750910617,"13":41.0893238527,"14":40.317975028,"15":40.1498573034,"16":39.0719399401,"17":39.6059566582,"18":39.9224073534,"19":38.1225871287,"20":38.1621423675,"21":38.4489281164,"22":39.0126099094,"23":39.660347149,"24":40.7827635411,"25":40.6542042222,"26":40.2487511128,"27":40.6344251389,"28":41.2376615318,"29":40.4900016785,"30":40.4900016785,"31":40.0099983215,"32":40.4000015259,"33":40.1100006104,"34":39.8800010681,"35":37.4799995422,"36":34.7789993286,"37":34.8499984741,"38":32.6699981689,"39":31.3400001526,"40":32.1500015259,"41":32.1599998474,"42":32.5,"43":31.0499992371,"44":29.3299999237,"45":26.3199996948,"46":26.5100002289,"47":25.7000007629,"48":21.8600006104,"49":22.6100006104,"50":21.5,"51":22.5,"52":22.5049991608,"53":22.4430007935,"54":24.4500007629,"55":24.5100002289,"56":25.0900001526,"57":25.2099990845,"58":26.3199996948,"59":26.8700008392,"60":27.7800006866,"61":28.0,"62":26.5100002289,"63":26.1700000763,"64":25.4599990845,"65":26.9699993134,"66":28.8799991608,"67":29.0100002289,"68":31.1520004272,"69":30.7600002289,"70":31.3349990845,"71":29.5699996948,"72":28.3299999237,"73":29.75,"74":29.3400001526,"75":28.6900005341,"76":27.9599990845,"77":28.5599994659,"78":28.4400005341,"79":29.0450000763,"80":29.0450000763},"Close":{"0":42.9682617188,"1":42.2067985535,"2":41.5640029907,"3":41.0992164612,"4":41.2772216797,"5":42.0980148315,"6":41.6925621033,"7":42.0584602356,"8":42.0881271362,"9":42.1771316528,"10":42.9583702087,"11":43.1957092285,"12":41.1387710571,"13":41.1981048584,"14":41.583782196,"15":40.4860877991,"16":39.6257324219,"17":40.0509681702,"18":40.1597480774,"19":39.5762901306,"20":38.5675964355,"21":39.0323867798,"22":39.2598381042,"23":41.2772216797,"24":41.2079925537,"25":40.7629852295,"26":40.4959793091,"27":41.5145568848,"28":41.4749984741,"29":40.75,"30":40.5299987793,"31":40.9199981689,"32":40.4700012207,"33":40.5499992371,"34":40.8499984741,"35":37.5699996948,"36":34.9500007629,"37":34.8600006104,"38":32.7200012207,"39":33.25,"40":34.1899986267,"41":32.5800018311,"42":33.5900001526,"43":31.2600002289,"44":30.0799999237,"45":26.6100006104,"46":28.9599990845,"47":26.2299995422,"48":22.0799999237,"49":25.8700008392,"50":22.5100002289,"51":26.1000003815,"52":23.4500007629,"53":25.1599998474,"54":25.5200004578,"55":24.8099994659,"56":26.2399997711,"57":26.3500003815,"58":28.3899993896,"59":27.8899993896,"60":29.0,"61":28.2600002289,"62":26.7099990845,"63":26.7900009155,"64":25.6800003052,"65":28.9699993134,"66":28.9400005341,"67":30.6900005341,"68":32.1599998474,"69":32.4399986267,"70":31.9099998474,"71":30.3099994659,"72":28.8199996948,"73":30.6900005341,"74":29.6599998474,"75":29.0699996948,"76":28.4699993134,"77":28.8799991608,"78":28.8799991608,"79":29.8799991608,"80":29.8799991608},"Volume":{"0":4633600,"1":3544100,"2":3879300,"3":4693800,"4":3156400,"5":2742100,"6":1819900,"7":1480500,"8":2742200,"9":1732500,"10":3353800,"11":2125000,"12":3555800,"13":2452600,"14":2601200,"15":1393700,"16":1632000,"17":1526800,"18":1695700,"19":3556800,"20":2797600,"21":2805200,"22":2271600,"23":3107900,"24":2874000,"25":2678200,"26":1102600,"27":1639900,"28":2102700,"29":2035400,"30":1268400,"31":3041300,"32":1261100,"33":1988600,"34":2136400,"35":2997000,"36":2963700,"37":3857500,"38":5574800,"39":5370500,"40":3966100,"41":3677200,"42":2884000,"43":3364000,"44":3559100,"45":5020400,"46":3694400,"47":4094500,"48":5813000,"49":5029700,"50":4393400,"51":5366100,"52":3956100,"53":3817700,"54":4763300,"55":5216800,"56":3398700,"57":3983200,"58":3203900,"59":2620500,"60":1993200,"61":3346500,"62":2848700,"63":3782100,"64":2741200,"65":3445900,"66":3851500,"67":2617000,"68":3579400,"69":2714500,"70":2630100,"71":1924800,"72":2407200,"73":2156700,"74":1677000,"75":1388800,"76":3881300,"77":2282200,"78":1929000,"79":663777,"80":663777}}