{"Open":{"0":26.636400243,"1":25.6069755953,"2":25.6564671804,"3":25.5376857594,"4":25.7554502445,"5":26.0622979648,"6":26.4879259675,"7":26.0622981839,"8":26.2602658648,"9":26.4780287985,"10":26.9432493138,"11":27.3688767793,"12":27.4282667116,"13":27.2797920476,"14":27.2599971864,"15":27.2698941682,"16":26.299857539,"17":26.953147767,"18":27.2797917888,"19":27.0224345572,"20":27.2204030717,"21":26.8244699354,"22":27.1016224689,"23":27.3490807618,"24":27.7450144972,"25":27.6064370639,"26":27.3985727749,"27":28.1013534993,"28":26.072196162,"29":25.8247377014,"30":25.894026645,"31":26.1315868234,"32":25.5376850722,"33":25.8742294186,"34":26.0721961865,"35":24.7458197847,"36":24.9437869406,"37":23.9044620853,"38":23.0928002853,"39":21.8555077887,"40":22.300934406,"41":23.1026976353,"42":23.2016812236,"43":23.0928001468,"44":21.2418120666,"45":20.6281157256,"46":20.618216867,"47":21.033948217,"48":20.0738109645,"49":21.4496766028,"50":20.0400009155,"51":21.1200008392,"52":21.3099994659,"53":21.4300003052,"54":20.0400009155,"55":18.3799991608,"56":19.1599998474,"57":19.1599998474,"58":19.1900005341,"59":20.3500003815,"60":19.9400005341,"61":18.7700004578,"62":17.4799995422,"63":17.7000007629,"64":17.6900005341,"65":18.3199996948,"66":19.8099994659,"67":19.9400005341,"68":20.3400001526,"69":20.0900001526,"70":20.3999996185,"71":19.8099994659,"72":19.3799991608,"73":19.6000003815,"74":19.7099990845,"75":19.0200004578,"76":19.0699996948,"77":19.0400009155,"78":19.2000007629,"79":18.6000003815,"80":18.6000003815},"High":{"0":26.7551810086,"1":26.0326021172,"2":25.824738838,"3":26.0128069433,"4":26.1810786561,"5":26.4285369374,"6":26.5473154069,"7":26.2899592803,"8":26.4780284094,"9":26.7947750092,"10":27.3094882965,"11":27.6064364268,"12":27.4678609308,"13":27.5965382485,"14":27.4678611755,"15":27.3193869433,"16":27.0521307034,"17":27.3490805252,"18":27.3787754476,"19":27.3391826376,"20":27.3094881782,"21":27.0323339225,"22":27.3193869031,"23":27.7747091886,"24":27.9627770369,"25":27.7450149441,"26":28.1409473903,"27":28.1607448285,"28":26.260264923,"29":26.329552652,"30":26.1414848522,"31":26.1909762657,"32":26.2107716674,"33":26.2404683943,"34":26.1513827352,"35":25.0427688669,"36":24.9932778247,"37":24.2410053932,"38":23.2808690552,"39":22.4296107277,"40":23.2610715743,"41":23.825275124,"42":23.7955812777,"43":23.3501569124,"44":22.3999165773,"45":21.3209994415,"46":21.6773376465,"47":21.7169334172,"48":21.4199823625,"49":22.1623555309,"50":21.2299995422,"51":23.1800003052,"52":22.7700004578,"53":21.7399997711,"54":20.2099990845,"55":19.1000003815,"56":20.0,"57":19.8199996948,"58":20.8999996185,"59":20.6100006104,"60":19.9400005341,"61":19.1399993896,"62":18.3400001526,"63":18.7600002289,"64":17.9799995422,"65":19.3500003815,"66":20.2900009155,"67":20.4500007629,"68":20.8199996948,"69":20.3299999237,"70":20.5699996948,"71":19.8099994659,"72":19.4400005341,"73":19.9799995422,"74":19.8799991608,"75":19.0699996948,"76":19.1100006104,"77":19.25,"78":19.2000007629,"79":18.7399997711,"80":18.7399997711},"Low":{"0":25.8544333202,"1":25.5079919368,"2":25.3496195299,"3":25.4486006554,"4":25.6564665856,"5":26.0523994101,"6":25.9633139036,"7":25.8247385326,"8":26.2404687549,"9":26.3889436908,"10":26.7551824329,"11":27.2698931208,"12":27.0026401821,"13":27.0620295064,"14":26.972944758,"15":26.6957911927,"16":26.2800604296,"17":26.9234539901,"18":27.1412157991,"19":26.7947734674,"20":26.5275193292,"21":26.6957906109,"22":27.0422330268,"23":27.2599975424,"24":27.5569457336,"25":27.2698937502,"26":27.2995891153,"27":27.7549135184,"28":25.3892109998,"29":25.6168718333,"30":25.8445357588,"31":25.4288064071,"32":25.310023985,"33":25.7653490918,"34":25.3001259204,"35":24.5874466891,"36":23.7658853977,"37":23.548123556,"38":22.4395107562,"39":21.6278467015,"40":22.0930685293,"41":22.4197124766,"42":23.0730019031,"43":22.093068749,"44":21.2022197343,"45":19.8065545762,"46":20.2618764597,"47":20.9448631088,"48":19.925334526,"49":21.1329304125,"50":19.0699996948,"51":20.8400001526,"52":20.1800003052,"53":19.7600002289,"54":18.3199996948,"55":17.7000007629,"56":18.4200000763,"57":18.2900009155,"58":19.1399993896,"59":19.5400009155,"60":18.5100002289,"61":18.0499992371,"62":17.3899993896,"63":17.5200004578,"64":17.4899997711,"65":18.0100002289,"66":19.3899993896,"67":19.7000007629,"68":20.0799999237,"69":19.7800006866,"70":19.9699993134,"71":19.1000003815,"72":18.9099998474,"73":19.6000003815,"74":18.9500007629,"75":18.5699996948,"76":18.75,"77":18.8500003815,"78":18.1599998474,"79":18.2900009155,"80":18.2900009155},"Close":{"0":25.9237213135,"1":25.8346366882,"2":25.587179184,"3":25.7059574127,"4":25.9336204529,"5":26.3889427185,"6":25.9930095673,"7":26.2305698395,"8":26.3988418579,"9":26.7947750092,"10":27.3094882965,"11":27.487657547,"12":27.0422325134,"13":27.2995891571,"14":27.4678611755,"15":26.82447052,"16":26.873960495,"17":27.2105045319,"18":27.2303009033,"19":27.3193855286,"20":26.6265029907,"21":26.8145713806,"22":27.180809021,"23":27.636133194,"24":27.6856231689,"25":27.3688774109,"26":28.0122680664,"27":27.952878952,"28":25.8643302917,"29":25.795042038,"30":25.9732131958,"31":25.5277900696,"32":25.953414917,"33":26.2305698395,"34":25.5079917908,"35":24.8547019958,"36":23.8153762817,"37":23.5679187775,"38":22.4791030884,"39":22.162355423,"40":23.2511730194,"41":22.8156452179,"42":23.6570034027,"43":22.1524581909,"44":22.1227645874,"45":19.9649276733,"46":21.6773376465,"47":21.5090675354,"48":20.4697437286,"49":21.9049987793,"50":20.8400001526,"51":22.5599994659,"52":21.5499992371,"53":20.0699996948,"54":18.3700008392,"55":18.5499992371,"56":19.1100006104,"57":19.2399997711,"58":20.7600002289,"59":19.7399997711,"60":18.9099998474,"61":18.1299991608,"62":17.6000003815,"63":17.8500003815,"64":17.7199993134,"65":19.2199993134,"66":19.8799991608,"67":20.2600002289,"68":20.1900005341,"69":19.9400005341,"70":20.1599998474,"71":19.1299991608,"72":19.1800003052,"73":19.9300003052,"74":19.3299999237,"75":18.6900005341,"76":18.9099998474,"77":19.0400009155,"78":18.5,"79":18.6700000763,"80":18.6700000763},"Volume":{"0":8124900,"1":4993800,"2":8018800,"3":6180600,"4":5965900,"5":6917400,"6":5206400,"7":7247900,"8":4511500,"9":4883200,"10":5072800,"11":7463900,"12":7662500,"13":3686900,"14":4243400,"15":5294600,"16":6255800,"17":4486400,"18":3700700,"19":3631000,"20":13437500,"21":4394400,"22":5245400,"23":5801300,"24":5730900,"25":4134100,"26":6758300,"27":9613800,"28":20446900,"29":8992400,"30":5829600,"31":7304500,"32":9015000,"33":6683200,"34":12934500,"35":8089700,"36":8644600,"37":6924300,"38":10540500,"39":14106800,"40":9722800,"41":10577600,"42":6838800,"43":11617400,"44":16566400,"45":11371700,"46":9232600,"47":13919600,"48":15484500,"49":20301600,"50":10090600,"51":11154500,"52":11373700,"53":9055400,"54":10324700,"55":8851100,"56":7201900,"57":8760200,"58":8143600,"59":6038400,"60":8272800,"61":9065900,"62":8230600,"63":8495200,"64":4608300,"65":7235100,"66":8098900,"67":7191900,"68":5953000,"69":4624800,"70":4286200,"71":4475600,"72":4038100,"73":5276900,"74":6798600,"75":5909600,"76":5672400,"77":5620500,"78":8603400,"79":3304402,"80":3304402}}