{"Open":{"0":29.8476925774,"1":28.8201669541,"2":28.9486065279,"3":28.9486071725,"4":28.7707668009,"5":28.9486066235,"6":29.2548894576,"7":29.245010425,"8":29.8279332835,"9":30.3910978649,"10":30.6973785072,"11":31.0333028267,"12":30.5392977573,"13":30.5788204884,"14":29.995896058,"15":30.4503775765,"16":29.8575737343,"17":29.9563734841,"18":30.0749362319,"19":29.5512905902,"20":28.8201669733,"21":28.7213657745,"22":28.1088014654,"23":28.1186797629,"24":28.7312455485,"25":28.2471220417,"26":28.2668829035,"27":28.4348440617,"28":28.6917253631,"29":29.3438115115,"30":29.9563748004,"31":30.2922966421,"32":29.8180535813,"33":29.9168544319,"34":30.3713362139,"35":29.7291336973,"36":29.46237077,"37":27.8914397783,"38":26.5477507105,"39":25.4905811285,"40":25.8265039228,"41":27.1010333224,"42":26.8639122023,"43":27.1200008392,"44":26.4300003052,"45":24.9099998474,"46":24.7900009155,"47":23.6900005341,"48":20.4899997711,"49":20.0499992371,"50":19.0300006866,"51":17.3600006104,"52":17.3500003815,"53":16.2800006866,"54":16.3799991608,"55":14.5,"56":14.3100004196,"57":16.6599998474,"58":17.8299999237,"59":17.5100002289,"60":17.1800003052,"61":16.7000007629,"62":15.8699998856,"63":15.9600000381,"64":15.6300001144,"65":16.3999996185,"66":18.0699996948,"67":17.6700000763,"68":20.0,"69":20.9400005341,"70":20.4099998474,"71":19.4799995422,"72":19.1399993896,"73":19.6800003052,"74":19.6200008392,"75":18.5400009155,"76":19.1700000763,"77":19.1499996185,"78":19.1599998474,"79":19.8500003815,"80":19.8500003815},"High":{"0":29.8773334679,"1":29.2252497112,"2":29.1659692903,"3":29.1363290485,"4":29.067168169,"5":29.2450098775,"6":29.3536886553,"7":29.8970949577,"8":30.3021762139,"9":30.7171401244,"10":30.9542605644,"11":31.2012641089,"12":30.6874984379,"13":30.5985791982,"14":30.4701390122,"15":30.4701381702,"16":29.9366142265,"17":30.1342150548,"18":30.203376324,"19":29.7488927532,"20":29.2252497306,"21":28.7411263685,"22":28.1878419544,"23":28.7806445623,"24":28.7806451482,"25":28.2668826353,"26":28.3162825033,"27":28.6818458284,"28":29.6204506245,"29":30.0848168337,"30":30.2922973633,"31":30.2922966421,"32":30.2527772184,"33":30.5689389402,"34":30.4503767018,"35":29.887214682,"36":29.4821313638,"37":28.2668835289,"38":27.1504337397,"39":25.7375828909,"40":27.1109142303,"41":27.5851565443,"42":28.0198805255,"43":27.4599990845,"44":26.8799991608,"45":24.9099998474,"46":24.9899997711,"47":23.8299999237,"48":20.6599998474,"49":21.9200000763,"50":20.0699996948,"51":18.9500007629,"52":18.0499992371,"53":16.7600002289,"54":16.4500007629,"55":14.6899995804,"56":16.8999996185,"57":19.2700004578,"58":18.5699996948,"59":17.9599990845,"60":17.5900001526,"61":17.2199993134,"62":16.3199996948,"63":16.4799995422,"64":15.970000267,"65":17.3400001526,"66":18.8299999237,"67":19.5599994659,"68":21.2700004578,"69":20.9400005341,"70":20.75,"71":19.7600002289,"72":19.1599998474,"73":20.1900005341,"74":19.8199996948,"75":19.0900001526,"76":19.2600002289,"77":19.5200004578,"78":19.8199996948,"79":20.4950008392,"80":20.4950008392},"Low":{"0":28.9288475885,"1":28.80040636,"2":28.849807328,"3":28.7707674781,"4":28.7411259103,"5":28.8596858357,"6":29.1165671886,"7":29.245010425,"8":29.7390124985,"9":30.3515766773,"10":30.667739502,"11":30.5491795744,"12":30.2330160995,"13":30.1243362427,"14":29.8970949715,"15":29.9366134482,"16":29.6303325547,"17":29.8773329954,"18":29.7192530779,"19":29.2252483404,"20":27.7037197876,"21":27.7926385832,"22":27.3677961742,"23":27.9704790822,"24":28.2767632004,"25":27.7135973239,"26":27.9111997549,"27":28.3459232749,"28":28.6917253631,"29":29.2548907221,"30":29.7686529248,"31":29.412970952,"32":29.8180535813,"33":29.7884124589,"34":29.9267341761,"35":29.2647710401,"36":27.7333583832,"37":27.0516333725,"38":25.9944653963,"39":24.5816145674,"40":25.3423806899,"41":26.1920667731,"42":26.6959509285,"43":26.4400005341,"44":25.8299999237,"45":23.5699996948,"46":22.8600006104,"47":21.75,"48":18.2000007629,"49":18.6599998474,"50":16.9500007629,"51":16.6299991608,"52":15.970000267,"53":15.029999733,"54":14.6000003815,"55":13.1000003815,"56":14.1599998474,"57":16.3199996948,"58":17.3199996948,"59":17.0599994659,"60":16.75,"61":15.8400001526,"62":15.3500003815,"63":15.5,"64":15.1099996567,"65":16.1200008392,"66":17.2299995422,"67":17.3700008392,"68":20.0,"69":19.7999992371,"70":20.2199993134,"71":18.75,"72":18.3899993896,"73":19.6800003052,"74":19.1700000763,"75":18.4699993134,"76":18.7999992371,"77":18.8700008392,"78":18.9599990845,"79":19.8500003815,"80":19.8500003815},"Close":{"0":29.0375270844,"1":29.0869293213,"2":29.0276470184,"3":28.8399276733,"4":28.9486064911,"5":29.1857299805,"6":29.2153682709,"7":29.8872146606,"8":30.2725353241,"9":30.5590591431,"10":30.9246196747,"11":30.6084594727,"12":30.4306163788,"13":30.1243362427,"14":30.450378418,"15":30.1638565063,"16":29.8081741333,"17":30.0255336761,"18":29.7390136719,"19":29.7093715668,"20":28.6028060913,"21":27.8815593719,"22":27.8420391083,"23":28.5731639862,"24":28.3064022064,"25":28.237241745,"26":28.3064022064,"27":28.5534038544,"28":29.3932094574,"29":29.8872146606,"30":30.2922973633,"31":29.7587738037,"32":30.0057754517,"33":30.4997787476,"34":30.3614559174,"35":29.4030914307,"36":27.7333583832,"37":27.0713939667,"38":26.0537471771,"39":25.668422699,"40":27.1109142303,"41":26.4094276428,"42":28.0100002289,"43":26.9599990845,"44":26.6000003815,"45":23.9500007629,"46":24.4300003052,"47":22.4599990845,"48":18.6599998474,"49":21.9200000763,"50":16.9500007629,"51":18.9500007629,"52":16.25,"53":16.1399993896,"54":14.7600002289,"55":13.470000267,"56":16.8799991608,"57":17.7199993134,"58":18.2800006866,"59":17.2000007629,"60":16.9500007629,"61":16.9500007629,"62":16.1200008392,"63":15.8400001526,"64":15.3400001526,"65":17.1000003815,"66":17.2900009155,"67":19.4599990845,"68":21.0100002289,"69":20.1000003815,"70":20.3299999237,"71":19.1200008392,"72":18.9699993134,"73":20.1000003815,"74":19.1800003052,"75":18.7600002289,"76":19.0200004578,"77":18.9799995422,"78":19.6100006104,"79":20.4431991577,"80":20.4431991577},"Volume":{"0":4973500,"1":3111000,"2":2178600,"3":2426200,"4":2299800,"5":1670400,"6":3665400,"7":4283200,"8":3776000,"9":3274400,"10":2942100,"11":4762300,"12":3563900,"13":2697000,"14":1873900,"15":2006500,"16":3170700,"17":3710900,"18":3477700,"19":4079500,"20":10558300,"21":5626500,"22":7236300,"23":4503400,"24":2438000,"25":4101400,"26":3034000,"27":3373200,"28":4710200,"29":3577200,"30":2652600,"31":3064900,"32":3349500,"33":3331700,"34":3151100,"35":3755600,"36":4617900,"37":4551700,"38":6430700,"39":9547600,"40":6513400,"41":5143800,"42":5083800,"43":5387700,"44":6246100,"45":7142500,"46":5058500,"47":9036400,"48":9462600,"49":9280300,"50":7892300,"51":6586000,"52":7446800,"53":8253600,"54":10024700,"55":9656300,"56":8684400,"57":7067100,"58":6600300,"59":5939300,"60":6152200,"61":10328600,"62":9540600,"63":7303600,"64":6138200,"65":8641200,"66":7054600,"67":6720200,"68":7417200,"69":4780400,"70":3967500,"71":4559600,"72":3196300,"73":4786900,"74":4335300,"75":4913200,"76":4561200,"77":4433800,"78":3279200,"79":1112756,"80":1112756}}