{"Open":{"0":140.8778360334,"1":139.6779193144,"2":138.0416452643,"3":139.6481654728,"4":139.6679937397,"5":142.5438670408,"6":141.8893557857,"7":142.6529602002,"8":148.1468510213,"9":148.0377657806,"10":149.7434522595,"11":151.4193949005,"12":141.9488578988,"13":143.0397150458,"14":133.6385851806,"15":137.2482978267,"16":121.8971175948,"17":124.6936504439,"18":124.2573123714,"19":121.4409439102,"20":123.6821413935,"21":125.5167415846,"22":127.6984444092,"23":133.8765964456,"24":132.4882470859,"25":127.9761113325,"26":124.9514888506,"27":127.5298579145,"28":134.9079343803,"29":133.152671982,"30":132.2403275993,"31":131.1296356369,"32":133.3906601504,"33":133.1129940539,"34":130.4156345881,"35":120.2806807627,"36":121.1500015259,"37":115.4400024414,"38":109.2099990845,"39":108.0,"40":107.9499969482,"41":107.9000015259,"42":104.5199966431,"43":102.7600021362,"44":92.0,"45":84.5,"46":87.5400009155,"47":86.5,"48":71.3199996948,"49":74.7799987793,"50":59.5,"51":56.7099990845,"52":48.25,"53":41.1500015259,"54":49.8300018311,"55":53.5099983215,"56":68.6600036621,"57":71.8099975586,"58":77.3799972534,"59":66.6500015259,"60":61.7599983215,"61":60.7099990845,"62":56.9099998474,"63":53.1199989319,"64":52.9700012207,"65":53.7000007629,"66":65.9499969482,"67":62.6500015259,"68":73.9100036621,"69":70.7200012207,"70":73.0500030518,"71":71.1699981689,"72":71.0400009155,"73":77.1600036621,"74":76.1800003052,"75":71.0800018311,"76":72.8499984741,"77":75.2200012207,"78":76.9599990845,"79":78.2600021362,"80":78.2600021362},"High":{"0":143.1884486024,"1":141.0861009336,"2":140.20351228,"3":141.0860961874,"4":142.5736195598,"5":142.6727749508,"6":146.7684119901,"7":146.6494233985,"8":149.4856230536,"9":149.5153721982,"10":151.4689782827,"11":152.1334046419,"12":144.0908870604,"13":143.1983721086,"14":138.825074474,"15":137.2879734404,"16":126.0522528692,"17":125.3481618749,"18":124.7531515947,"19":125.7547437196,"20":125.5663320211,"21":128.9082876464,"22":133.7576006365,"23":134.600517508,"24":134.2930939979,"25":129.6619617282,"26":127.2125145812,"27":132.7163321009,"28":136.1376211486,"29":134.4319305462,"30":132.3593241714,"31":132.9642468002,"32":136.4351201933,"33":134.5806890542,"34":131.1296443214,"35":123.6127209781,"36":121.5,"37":117.8600006104,"38":115.9100036621,"39":111.3799972534,"40":109.4100036621,"41":110.7699966431,"42":106.4499969482,"43":102.9499969482,"44":98.0,"45":87.9000015259,"46":90.3799972534,"47":87.1299972534,"48":77.8799972534,"49":77.8199996948,"50":67.4800033569,"51":58.0,"52":51.8600006104,"53":52.9000015259,"54":60.0,"55":58.4000015259,"56":71.3899993896,"57":79.6999969482,"58":83.8700027466,"59":67.3000030518,"60":63.6899986267,"61":63.4900016785,"62":57.0,"63":56.4000015259,"64":53.5,"65":58.25,"66":67.1999969482,"67":69.3899993896,"68":76.8799972534,"69":71.3499984741,"70":74.5400009155,"71":72.8600006104,"72":72.6999969482,"73":78.5199966431,"74":78.6600036621,"75":73.5899963379,"76":73.25,"77":78.5999984741,"78":77.5699996948,"79":82.8300018311,"80":82.8300018311},"Low":{"0":140.5704181397,"1":138.7754882701,"2":137.8928995409,"3":138.9837276006,"4":139.1225675484,"5":140.35225099,"6":140.6695955176,"7":142.3058666678,"8":145.9552348707,"9":147.8394331063,"10":149.4062852039,"11":149.4657870151,"12":139.2118307245,"13":137.9821485455,"14":132.3890757557,"15":131.0106467434,"16":120.0922630542,"17":120.8161915062,"18":122.0458661068,"19":120.0030131624,"20":122.5218793863,"21":125.5167415846,"22":127.410849171,"23":130.1082151489,"24":131.8337356767,"25":125.5464945082,"26":123.9598103677,"27":126.548090777,"28":133.2121726455,"29":131.347809909,"30":129.6817953779,"31":129.3941983702,"32":132.7758243661,"33":130.3561291745,"34":125.6952503574,"35":119.0212448875,"36":112.9599990845,"37":110.2699966431,"38":103.9000015259,"39":106.2900009155,"40":104.3499984741,"41":101.5699996948,"42":101.7399978638,"43":95.0100021362,"44":90.0,"45":80.6299972534,"46":83.0999984741,"47":80.1600036621,"48":65.0,"49":64.1500015259,"50":54.6300010681,"51":48.0099983215,"52":35.8400001526,"53":38.0099983215,"54":49.0099983215,"55":51.0,"56":64.5500030518,"57":65.1900024414,"58":69.7600021362,"59":63.2599983215,"60":58.0499992371,"61":59.0999984741,"62":52.9099998474,"63":51.5499992371,"64":46.2099990845,"65":52.75,"66":59.75,"67":61.6599998474,"68":67.8199996948,"69":65.5400009155,"70":69.1900024414,"71":70.0,"72":68.8099975586,"73":74.5100021362,"74":72.6800003052,"75":69.6800003052,"76":69.6100006104,"77":74.2900009155,"78":73.9300003052,"79":77.1299972534,"80":77.1299972534},"Close":{"0":142.4050292969,"1":140.292755127,"2":140.0150909424,"3":140.6795043945,"4":141.5621032715,"5":140.967086792,"6":141.8199310303,"7":145.9850006104,"8":148.7815246582,"9":148.7815246582,"10":150.9433898926,"11":150.358291626,"12":141.1257629395,"13":138.9242401123,"14":137.9523925781,"15":133.6286773682,"16":122.859046936,"17":123.9300613403,"18":122.8193740845,"19":125.5663299561,"20":125.1101608276,"21":127.510017395,"22":131.5957336426,"23":131.1792297363,"24":133.0733337402,"25":125.8539199829,"26":126.8158416748,"27":130.8916473389,"28":135.6814575195,"29":132.5080718994,"30":131.0403900146,"31":132.3494110107,"32":135.0368499756,"33":132.220489502,"34":126.8852615356,"35":119.1699981689,"36":113.8899993896,"37":110.75,"38":111.1600036621,"39":107.9800033569,"40":107.9400024414,"41":102.4400024414,"42":105.6600036621,"43":95.5800018311,"44":94.0299987793,"45":81.9300003052,"46":90.1699981689,"47":80.8700027466,"48":68.0199966431,"49":72.5199966431,"50":54.7999992371,"51":54.3800010681,"52":43.0200004578,"53":46.5800018311,"54":51.9700012207,"55":57.5699996948,"56":66.5599975586,"57":75.0599975586,"58":71.5100021362,"59":63.3100013733,"60":61.0999984741,"61":60.1899986267,"62":54.0,"63":52.6699981689,"64":48.5,"65":56.7299995422,"66":60.8499984741,"67":69.0699996948,"68":70.6500015259,"69":69.3000030518,"70":74.4800033569,"71":71.8499984741,"72":72.2900009155,"73":78.4599990845,"74":73.2900009155,"75":70.4000015259,"76":70.0299987793,"77":76.0500030518,"78":76.6100006104,"79":82.342300415,"80":82.342300415},"Volume":{"0":3006500,"1":1760500,"2":1357900,"3":1722100,"4":1176200,"5":1203900,"6":2180600,"7":1817000,"8":2227100,"9":1913000,"10":1639700,"11":2177600,"12":5409700,"13":2903600,"14":4867700,"15":3988400,"16":5826500,"17":4260400,"18":2321700,"19":3611600,"20":2379900,"21":2504000,"22":3969200,"23":2170600,"24":2544300,"25":5616000,"26":2908200,"27":2948400,"28":3640200,"29":3013600,"30":1496600,"31":1578200,"32":1781000,"33":1849600,"34":2853200,"35":4549100,"36":4285400,"37":4155400,"38":5670100,"39":5946200,"40":4675300,"41":4346300,"42":3137800,"43":5576300,"44":5512300,"45":5092100,"46":5037300,"47":5660300,"48":9707800,"49":6976300,"50":7723200,"51":9050300,"52":10917800,"53":10369200,"54":11323900,"55":9148200,"56":10793700,"57":9420900,"58":10883600,"59":9510200,"60":7156100,"61":5341600,"62":6244600,"63":4688300,"64":7994100,"65":9013400,"66":12004600,"67":10758100,"68":11008300,"69":7528100,"70":6531700,"71":5966700,"72":6293700,"73":7338100,"74":5939600,"75":5283900,"76":3944900,"77":10329600,"78":4982700,"79":3035363,"80":3035363}}