{"Open":{"0":98.721534999,"1":100.1154833847,"2":97.4171917195,"3":97.7955502162,"4":98.9306262604,"5":99.7172113616,"6":100.0756601793,"7":99.5678578186,"8":98.761359367,"9":99.0700187805,"10":98.3929572984,"11":101.4496949061,"12":102.1566231406,"13":101.8479659022,"14":100.9717743645,"15":102.5548925837,"16":98.0146054444,"17":97.4669785931,"18":91.104595571,"19":86.6539099789,"20":86.0365891492,"21":84.3339710263,"22":86.5344310708,"23":86.9824812668,"24":88.4162618243,"25":86.5344339826,"26":85.0,"27":87.7600021362,"28":91.0,"29":90.0500030518,"30":90.9499969482,"31":88.6100006104,"32":90.3799972534,"33":90.5599975586,"34":89.1399993896,"35":84.6699981689,"36":85.8700027466,"37":84.3499984741,"38":80.4700012207,"39":76.6299972534,"40":83.4599990845,"41":83.5,"42":82.9100036621,"43":81.2799987793,"44":78.8799972534,"45":73.2699966431,"46":76.7099990845,"47":75.4000015259,"48":70.0,"49":71.8199996948,"50":68.9800033569,"51":71.9599990845,"52":72.3700027466,"53":72.6800003052,"54":77.5899963379,"55":72.4100036621,"56":75.5199966431,"57":75.9100036621,"58":75.2699966431,"59":77.3499984741,"60":75.9300003052,"61":78.6200027466,"62":75.5199966431,"63":76.0500030518,"64":78.5500030518,"65":81.1399993896,"66":85.6299972534,"67":84.4800033569,"68":85.0,"69":82.4100036621,"70":84.1299972534,"71":84.5699996948,"72":84.8600006104,"73":90.6200027466,"74":88.0,"75":88.0,"76":87.9000015259,"77":85.0100021362,"78":86.7399978638,"79":90.3000030518,"80":90.3000030518},"High":{"0":101.250559562,"1":100.6232739866,"2":97.9349488516,"3":99.7172101573,"4":99.5678599564,"5":101.4297797356,"6":100.7228528013,"7":100.0457868786,"8":99.5379874329,"9":99.4284636773,"10":100.9618098664,"11":102.8436465061,"12":102.1964511962,"13":103.2916968478,"14":102.0869295778,"15":102.614630867,"16":98.0444745874,"17":98.9206684531,"18":91.3435563177,"19":88.2569531814,"20":86.2058526835,"21":84.8815972731,"22":87.3309693957,"23":88.1374644683,"24":88.6552225589,"25":86.6240414137,"26":86.4700012207,"27":90.3899993896,"28":92.2399978638,"29":91.0500030518,"30":91.4499969482,"31":89.8099975586,"32":91.1399993896,"33":91.1999969482,"34":89.4100036621,"35":86.3799972534,"36":86.0800018311,"37":85.0299987793,"38":82.5199966431,"39":83.8399963379,"40":84.7099990845,"41":86.0999984741,"42":83.7300033569,"43":83.0599975586,"44":80.4800033569,"45":79.2200012207,"46":77.6399993896,"47":76.3600006104,"48":73.1699981689,"49":76.7799987793,"50":74.7600021362,"51":78.3000030518,"52":80.1600036621,"53":79.9899978638,"54":79.0299987793,"55":74.8799972534,"56":76.9400024414,"57":78.2799987793,"58":80.4100036621,"59":77.75,"60":79.4300003052,"61":80.3399963379,"62":79.1200027466,"63":79.3600006104,"64":81.0100021362,"65":84.9899978638,"66":86.7699966431,"67":85.5400009155,"68":86.3499984741,"69":83.3799972534,"70":86.7300033569,"71":84.8099975586,"72":89.9100036621,"73":90.9700012207,"74":90.8000030518,"75":88.5100021362,"76":91.0500030518,"77":88.8600006104,"78":89.9000015259,"79":91.3799972534,"80":91.3799972534},"Low":{"0":98.3531311812,"1":98.6717448984,"2":96.4812589901,"3":97.0189221482,"4":98.08430097,"5":99.577816968,"6":98.7812749353,"7":98.3232595959,"8":98.6518341171,"9":97.4769345707,"10":98.1141685105,"11":101.320259419,"12":100.3743575298,"13":100.643195696,"14":99.070024519,"15":99.4583316271,"16":95.8141566133,"17":96.8894831757,"18":87.639630561,"19":84.3837639173,"20":83.8560506432,"21":83.3084233246,"22":85.2400458478,"23":86.2556325617,"24":87.0223102791,"25":85.1803104287,"26":84.6500015259,"27":87.6999969482,"28":90.5,"29":88.8899993896,"30":89.8199996948,"31":88.0899963379,"32":90.0299987793,"33":89.1299972534,"34":87.1999969482,"35":83.9000015259,"36":82.8499984741,"37":82.2600021362,"38":79.4300003052,"39":76.5199966431,"40":81.8399963379,"41":81.0999984741,"42":80.7900009155,"43":80.6100006104,"44":78.2799987793,"45":73.1399993896,"46":73.7200012207,"47":72.9199981689,"48":67.6800003052,"49":68.4199981689,"50":68.0,"51":68.0199966431,"52":71.3099975586,"53":71.5299987793,"54":71.7699966431,"55":71.1100006104,"56":73.7799987793,"57":74.0699996948,"58":74.0299987793,"59":74.9599990845,"60":75.8399963379,"61":77.4400024414,"62":75.0,"63":75.6999969482,"64":78.3399963379,"65":81.1399993896,"66":83.5100021362,"67":83.5899963379,"68":81.9400024414,"69":81.8300018311,"70":84.0199966431,"71":82.8199996948,"72":84.8600006104,"73":87.3600006104,"74":87.7600021362,"75":85.8600006104,"76":86.8099975586,"77":83.6200027466,"78":86.3000030518,"79":90.0,"80":90.0},"Close":{"0":101.2107315063,"1":98.8808364868,"2":96.8197860718,"3":99.0301895142,"4":98.7514038086,"5":101.0713348389,"6":99.0401535034,"7":98.5223922729,"8":99.1795425415,"9":98.4029159546,"10":100.9219818115,"11":102.4453735352,"12":101.2107315063,"13":100.8522872925,"14":101.9674530029,"15":100.364402771,"16":96.5808258057,"17":98.1838684082,"18":87.6794586182,"19":86.8231735229,"20":84.1149291992,"21":84.6824645996,"22":85.4093093872,"23":87.8487243652,"24":87.340927124,"25":85.2500076294,"26":86.4199981689,"27":90.2900009155,"28":91.1699981689,"29":90.4100036621,"30":90.1699981689,"31":89.2399978638,"32":90.7099990845,"33":89.7900009155,"34":87.7200012207,"35":85.1800003052,"36":83.8799972534,"37":82.5999984741,"38":79.4899978638,"39":83.4899978638,"40":84.6100006104,"41":81.8000030518,"42":83.4300003052,"43":81.0599975586,"44":79.8600006104,"45":73.6800003052,"46":77.6100006104,"47":73.6699981689,"48":68.9800033569,"49":76.5400009155,"50":69.8300018311,"51":77.8199996948,"52":74.4100036621,"53":75.4599990845,"54":71.8600006104,"55":72.0,"56":76.9100036621,"57":75.0199966431,"58":80.2799987793,"59":75.2200012207,"60":79.3499984741,"61":77.9400024414,"62":76.6900024414,"63":79.1500015259,"64":79.0800018311,"65":84.6500015259,"66":83.9499969482,"67":84.5,"68":83.1100006104,"69":83.3000030518,"70":85.9199981689,"71":84.1600036621,"72":89.6100006104,"73":89.0,"74":89.0800018311,"75":86.3199996948,"76":90.5999984741,"77":87.1299972534,"78":89.7399978638,"79":90.8899993896,"80":90.8899993896},"Volume":{"0":3234100,"1":3521900,"2":2832700,"3":3050000,"4":2172900,"5":3107400,"6":4509300,"7":3608900,"8":2654500,"9":2645900,"10":3029900,"11":3974000,"12":3357400,"13":3025900,"14":2925300,"15":3110800,"16":4062500,"17":5345300,"18":17107200,"19":6936200,"20":5043400,"21":4640600,"22":3275900,"23":3477000,"24":2777400,"25":3353600,"26":2983900,"27":4774000,"28":4202400,"29":3336900,"30":2432900,"31":2042400,"32":2466900,"33":1742200,"34":2353500,"35":3222300,"36":4275700,"37":3489000,"38":4638600,"39":6094600,"40":4361300,"41":4745200,"42":4344300,"43":2889800,"44":3345100,"45":4966400,"46":3726500,"47":3438000,"48":7662200,"49":6501000,"50":4759800,"51":5774800,"52":5199800,"53":3652300,"54":4323800,"55":4359000,"56":4999500,"57":3476700,"58":4147600,"59":2934100,"60":3272200,"61":2711700,"62":3043800,"63":2840200,"64":2211400,"65":4267900,"66":2515600,"67":2357000,"68":3097900,"69":1396600,"70":2184900,"71":2037400,"72":3789400,"73":2797500,"74":2739600,"75":3114000,"76":5202200,"77":7127300,"78":3273800,"79":903942,"80":903942}}