{"Open":{"0":69.2458752996,"1":70.3303021383,"2":69.3247474926,"3":69.5021929218,"4":69.1177179295,"5":68.1614468396,"6":68.9402654747,"7":68.2205892292,"8":68.3980490403,"9":68.2205958498,"10":68.3191798831,"11":67.7769663107,"12":67.4122004419,"13":66.6038026658,"14":65.7658332936,"15":65.5982427712,"16":64.4940912874,"17":64.1884815769,"18":64.1096139376,"19":62.8773052082,"20":62.3055152435,"21":60.5112738384,"22":60.5802838247,"23":59.8901907641,"24":62.0393383516,"25":60.5408501286,"26":60.4799995422,"27":60.5800018311,"28":61.3400001526,"29":61.0600013733,"30":61.1500015259,"31":60.1500015259,"32":60.1100006104,"33":60.2299995422,"34":59.5099983215,"35":57.6199989319,"36":56.75,"37":54.5499992371,"38":51.7099990845,"39":48.7700004578,"40":52.5900001526,"41":53.9500007629,"42":52.2299995422,"43":50.4199981689,"44":48.8400001526,"45":41.7099990845,"46":46.1699981689,"47":42.3899993896,"48":39.9000015259,"49":40.0099983215,"50":34.4000015259,"51":35.2099990845,"52":34.5499992371,"53":33.7299995422,"54":34.8400001526,"55":32.5299987793,"56":34.4199981689,"57":36.5099983215,"58":37.5,"59":37.1300010681,"60":36.2299995422,"61":38.3400001526,"62":36.8600006104,"63":38.7400016785,"64":41.4500007629,"65":39.8800010681,"66":42.9000015259,"67":41.9500007629,"68":45.4599990845,"69":44.4500007629,"70":43.0,"71":41.0,"72":40.4799995422,"73":39.8800010681,"74":40.75,"75":40.4000015259,"76":42.5999984741,"77":43.1300010681,"78":44.4000015259,"79":43.5900001526,"80":43.5900001526},"High":{"0":70.0148345799,"1":70.3598838582,"2":70.3500290793,"3":69.5219065465,"4":69.2951706497,"5":68.9106925102,"6":68.9698396746,"7":68.8811122402,"8":68.5952229154,"9":68.6050755018,"10":68.595215758,"11":68.1022975541,"12":67.4516352159,"13":66.7418206063,"14":65.9827207737,"15":65.7362607126,"16":64.7997088883,"17":64.2772041729,"18":64.2081971098,"19":63.9617351409,"20":62.3055152435,"21":60.5507048498,"22":61.0337724292,"23":62.0393370051,"24":62.1182041387,"25":60.7873118217,"26":60.5200004578,"27":60.8899993896,"28":61.5299987793,"29":61.4199981689,"30":61.1599998474,"31":60.3899993896,"32":60.6199989319,"33":60.5400009155,"34":59.5099983215,"35":57.7999992371,"36":56.75,"37":54.8199996948,"38":52.4399986267,"39":51.4399986267,"40":53.8899993896,"41":54.1500015259,"42":52.4799995422,"43":50.7000007629,"44":49.0099983215,"45":44.5699996948,"46":46.2599983215,"47":43.4799995422,"48":40.6500015259,"49":40.1399993896,"50":37.8800010681,"51":37.3800010681,"52":36.7099990845,"53":34.9000015259,"54":35.1800003052,"55":32.7000007629,"56":36.1699981689,"57":38.5900001526,"58":39.5600013733,"59":37.6800003052,"60":38.1500015259,"61":39.4500007629,"62":38.7000007629,"63":41.9599990845,"64":42.1800003052,"65":40.8300018311,"66":43.3199996948,"67":44.0400009155,"68":46.7099990845,"69":44.6899986267,"70":43.75,"71":41.0600013733,"72":40.4799995422,"73":43.3199996948,"74":42.7400016785,"75":42.1300010681,"76":42.9300003052,"77":44.6599998474,"78":44.8899993896,"79":43.9449996948,"80":43.9449996948},"Low":{"0":69.2458752996,"1":69.1670102169,"2":69.2360248898,"3":68.5262067867,"4":68.1910195551,"5":67.6586628679,"6":68.1417319915,"7":68.1318666357,"8":67.9149862089,"9":67.9149857473,"10":67.8262565291,"11":67.3234776932,"12":66.5545185528,"13":66.0517309039,"14":65.1151783744,"15":65.1053194028,"16":63.7842804382,"17":63.7152718342,"18":62.9956098006,"19":62.5322603462,"20":60.9844804504,"21":59.5155665269,"22":59.0423615336,"23":59.7423122455,"24":60.905613047,"25":60.1958052627,"26":59.6199989319,"27":60.1699981689,"28":60.5600013733,"29":60.5600013733,"30":60.2799987793,"31":59.4500007629,"32":59.8300018311,"33":59.7200012207,"34":58.7900009155,"35":56.3600006104,"36":53.9700012207,"37":52.9300003052,"38":49.7999992371,"39":48.0099983215,"40":51.1300010681,"41":50.9799995422,"42":51.1199989319,"43":49.0400009155,"44":47.2000007629,"45":40.7999992371,"46":41.4500007629,"47":41.75,"48":37.0,"49":35.0,"50":33.25,"51":34.2000007629,"52":31.2299995422,"53":32.3499984741,"54":31.5599994659,"55":30.1100006104,"56":33.3300018311,"57":35.1800003052,"58":36.7200012207,"59":36.2000007629,"60":35.8600006104,"61":37.3699989319,"62":36.3400001526,"63":37.9000015259,"64":38.5200004578,"65":39.2299995422,"66":41.1599998474,"67":41.4700012207,"68":41.7400016785,"69":41.9700012207,"70":41.9099998474,"71":39.3800010681,"72":38.9300003052,"73":39.8699989319,"74":40.5400009155,"75":39.6300010681,"76":41.8600006104,"77":42.8100013733,"78":43.1300010681,"79":42.2299995422,"80":42.2299995422},"Close":{"0":69.8965377808,"1":69.334602356,"2":69.8669662476,"3":69.2951660156,"4":68.2501754761,"5":68.7726745605,"6":68.1614456177,"7":68.8121032715,"8":68.2205963135,"9":68.1121520996,"10":67.8459701538,"11":67.5896530151,"12":66.6235275269,"13":66.2390441895,"14":65.8249816895,"15":65.3813552856,"16":63.82371521,"17":63.734992981,"18":63.2026367188,"19":63.8730125427,"20":61.2407989502,"21":59.8704719543,"22":59.1212310791,"23":61.8421669006,"24":61.0041999817,"25":60.6000022888,"26":59.9599990845,"27":60.5299987793,"28":61.2700004578,"29":60.9300003052,"30":60.6500015259,"31":59.8800010681,"32":60.3400001526,"33":59.8600006104,"34":59.1300010681,"35":56.3600006104,"36":54.2000007629,"37":53.0099983215,"38":49.8199996948,"39":51.4399986267,"40":53.8800010681,"41":51.2999992371,"42":52.4199981689,"43":50.1100006104,"44":47.6899986267,"45":41.8600006104,"46":43.4099998474,"47":41.9799995422,"48":37.1800003052,"49":38.1199989319,"50":34.4900016785,"51":36.8100013733,"52":33.1199989319,"53":34.4300003052,"54":32.7400016785,"55":31.4500007629,"56":35.4399986267,"57":37.2900009155,"58":38.8199996948,"59":36.9500007629,"60":37.5,"61":37.9700012207,"62":37.5299987793,"63":40.4000015259,"64":39.2099990845,"65":40.4700012207,"66":41.2400016785,"67":43.8499984741,"68":43.1300010681,"69":42.7599983215,"70":42.4300003052,"71":40.4799995422,"72":39.1500015259,"73":43.2200012207,"74":41.1800003052,"75":40.9599990845,"76":42.1300010681,"77":43.4500007629,"78":43.7299995422,"79":43.7000007629,"80":43.7000007629},"Volume":{"0":12456400,"1":17386900,"2":20081900,"3":17387700,"4":15137700,"5":14811800,"6":11995600,"7":9953900,"8":16261000,"9":11390300,"10":13340300,"11":18144100,"12":17982600,"13":17033100,"14":19605900,"15":18238600,"16":21231000,"17":19664700,"18":14202800,"19":18544700,"20":34282900,"21":27397300,"22":31922100,"23":32099200,"24":16055400,"25":15112500,"26":20934500,"27":14908700,"28":17862100,"29":16949400,"30":10855300,"31":18948500,"32":12804900,"33":14817200,"34":20315700,"35":32096600,"36":36414500,"37":29801000,"38":48141300,"39":62468400,"40":38127600,"41":50580700,"42":24079600,"43":40788200,"44":55640500,"45":72896300,"46":60445900,"47":51986100,"48":65725300,"49":79891500,"50":48924700,"51":41204400,"52":54036400,"53":49412400,"54":76534600,"55":56952500,"56":61835600,"57":56607700,"58":46722000,"59":51558600,"60":45835000,"61":41491600,"62":36045900,"63":62000200,"64":48425700,"65":41301900,"66":48921800,"67":33355600,"68":60208100,"69":29651900,"70":30769000,"71":33125000,"72":30934000,"73":40829100,"74":39260800,"75":44381600,"76":27084700,"77":35271000,"78":28653800,"79":12055720,"80":12055720}}