{"Open":{"0":56.6676288523,"1":56.0793149468,"2":55.8798863251,"3":56.1889970216,"4":56.9867158181,"5":57.3656272126,"6":57.5052256797,"7":57.4952584831,"8":57.9339993514,"9":58.4923994151,"10":59.329999353,"11":59.8485147858,"12":59.7587703148,"13":60.317173938,"14":60.4667434782,"15":59.4596308457,"16":58.9810005609,"17":59.599228675,"18":59.1205992242,"19":58.5422557747,"20":57.2160583643,"21":56.0793137442,"22":55.97959924,"23":56.807229029,"24":56.448259294,"25":57.3955439189,"26":56.6975437139,"27":57.3157709937,"28":57.8243140309,"29":57.8741738438,"30":57.6747417016,"31":57.7445430319,"32":58.083571071,"33":58.3228857343,"34":56.9867145582,"35":55.6206286874,"36":54.5337399368,"37":51.8414597854,"38":50.3158274284,"39":49.0394857029,"40":49.4283711243,"41":48.9896275722,"42":47.7930587466,"43":46.8557441466,"44":43.7745729608,"45":41.8800005977,"46":42.8671746243,"47":42.9369716842,"48":39.885713849,"49":41.1720288837,"50":36.1763424942,"51":35.8472857952,"52":32.078082764,"53":32.3173991033,"54":35.318796598,"55":32.6863418471,"56":33.3444561939,"57":33.773228983,"58":35.3600006104,"59":37.5800018311,"60":37.9900016785,"61":38.9799995422,"62":37.0299987793,"63":37.3800010681,"64":37.4000015259,"65":36.8800010681,"66":38.6899986267,"67":38.5499992371,"68":39.8199996948,"69":41.25,"70":40.5499992371,"71":39.5200004578,"72":39.8400001526,"73":40.1699981689,"74":40.2599983215,"75":40.7000007629,"76":40.1899986267,"77":40.2900009155,"78":38.7099990845,"79":39.6800003052,"80":39.6800003052},"High":{"0":57.3456824772,"1":56.6077994344,"2":56.5180571416,"3":56.8171980704,"4":57.5451133837,"5":57.9439718941,"6":57.8043715743,"7":58.0935426914,"8":58.6120568088,"9":59.6091983418,"10":60.0977998011,"11":60.1975132645,"12":60.4467975005,"13":60.6960854903,"14":60.4667434782,"15":59.5792869259,"16":60.2772854933,"17":59.6989414386,"18":59.2103422309,"19":58.5422557747,"20":58.3228875473,"21":59.0009387008,"22":56.6476869304,"23":57.395543459,"24":57.6647748301,"25":57.5251697509,"26":57.3157712229,"27":58.0935412054,"28":58.0536564239,"29":58.043686308,"30":57.834284403,"31":57.8243162868,"32":58.7317154457,"33":58.3228857343,"34":57.2459700217,"35":55.8200580244,"36":55.6904254661,"37":52.3500009784,"38":51.3329135945,"39":49.3984577378,"40":50.4554270499,"41":50.3656819183,"42":48.1420572346,"43":46.8557441466,"44":44.9711413466,"45":42.7275705169,"46":44.2432290773,"47":44.1834002233,"48":41.730426593,"49":42.1292850997,"50":37.3031150144,"51":36.6749123729,"52":33.4341976108,"53":35.448426994,"54":36.1264836456,"55":33.3544295436,"56":34.102286905,"57":36.0267740688,"58":39.6699981689,"59":40.1199989319,"60":39.4799995422,"61":39.9799995422,"62":39.1300010681,"63":38.3699989319,"64":38.0099983215,"65":37.9700012207,"66":39.4300003052,"67":39.7299995422,"68":42.1500015259,"69":41.7900009155,"70":41.8899993896,"71":40.3800010681,"72":40.3400001526,"73":41.4799995422,"74":41.8499984741,"75":41.1300010681,"76":40.5499992371,"77":40.3499984741,"78":39.4099998474,"79":41.0499992371,"80":41.0499992371},"Low":{"0":55.9696281106,"1":55.6904260444,"2":55.849969453,"3":56.1291708861,"4":56.9069425637,"5":57.2260278215,"6":57.0265975736,"7":57.485288728,"8":57.4653447881,"9":58.3926866517,"10":59.1704566498,"11":59.4995125033,"12":59.5792843005,"13":59.9681716509,"14":59.0208855452,"15":58.30294526,"16":58.8015145452,"17":58.8912581636,"18":58.7117708166,"19":56.9667720506,"20":55.4810281144,"21":55.3414263854,"22":55.8300300941,"23":56.4781700648,"24":56.448259294,"25":56.9069422478,"26":56.4881446259,"27":56.8969728194,"28":57.4254553798,"29":57.1462599956,"30":56.2189140761,"31":56.8670562476,"32":57.9639149939,"33":56.7573679935,"34":56.0992542396,"35":54.553686109,"36":51.2830559887,"37":50.6847742017,"38":49.8970292562,"39":47.1947729506,"40":48.062286475,"41":46.6164266071,"42":46.8358024906,"43":44.8415151352,"44":43.3258579142,"45":41.7503709594,"46":41.880001487,"47":41.7304259675,"48":39.0979700876,"49":37.911371332,"50":34.2717997442,"51":31.6094287327,"52":31.6193979787,"53":31.6991716112,"54":32.2077120876,"55":31.4897715521,"56":31.9285151447,"57":33.1749447641,"58":34.8600006104,"59":37.1199989319,"60":36.6699981689,"61":38.3400001526,"62":37.0,"63":36.7599983215,"64":35.0099983215,"65":36.2099990845,"66":37.9500007629,"67":37.8699989319,"68":39.2799987793,"69":39.7200012207,"70":40.3499984741,"71":39.1800003052,"72":38.9300003052,"73":39.8699989319,"74":40.0,"75":39.6199989319,"76":39.6800003052,"77":38.6500015259,"78":38.4900016785,"79":39.6800003052,"80":39.6800003052},"Close":{"0":56.7673416138,"1":56.1391410828,"2":56.4482574463,"3":56.7473983765,"4":57.3456840515,"5":57.3855705261,"6":57.6248855591,"7":57.9439735413,"8":58.5921134949,"9":58.9311408997,"10":59.968170166,"11":59.788684845,"12":60.1675987244,"13":60.5664596558,"14":59.4895439148,"15":59.4895439148,"16":59.5593414307,"17":58.9112014771,"18":58.7616271973,"19":57.4653434753,"20":55.8400001526,"21":55.4610824585,"22":56.4083709717,"23":57.05651474,"24":57.4354286194,"25":56.9368553162,"26":57.2858581543,"27":57.8342857361,"28":57.84425354,"29":57.9439735413,"30":57.6847114563,"31":57.7545127869,"32":58.4225997925,"33":57.2758827209,"34":56.6875686646,"35":54.563659668,"36":51.3528556824,"37":50.7346305847,"38":50.0565719604,"39":49.0993156433,"40":49.5081443787,"41":47.0751113892,"42":47.7033157349,"43":45.1905136108,"44":44.6021995544,"45":41.9996566772,"46":44.2033462524,"47":42.4384002686,"48":39.8159141541,"49":40.3443984985,"50":35.0794868469,"51":34.4812011719,"52":32.6464576721,"53":35.0096855164,"54":32.7262268066,"55":31.8088569641,"56":33.7134017944,"57":34.9000015259,"58":39.4000015259,"59":37.9300003052,"60":39.2000007629,"61":38.8300018311,"62":37.3100013733,"63":37.4700012207,"64":35.4500007629,"65":37.7299995422,"66":38.0900001526,"67":39.5800018311,"68":41.8699989319,"69":40.2400016785,"70":40.7599983215,"71":39.9500007629,"72":39.0800018311,"73":40.8600006104,"74":41.2799987793,"75":39.6599998474,"76":39.9099998474,"77":38.7000007629,"78":39.3100013733,"79":40.9000015259,"80":40.9000015259},"Volume":{"0":1556600,"1":910000,"2":751000,"3":792600,"4":1001500,"5":1166800,"6":882900,"7":1196700,"8":951100,"9":1297300,"10":1562400,"11":1045400,"12":1417000,"13":2383800,"14":914900,"15":975200,"16":1255200,"17":1081500,"18":1022500,"19":1231000,"20":1625800,"21":1324000,"22":1081700,"23":1084000,"24":938400,"25":1254900,"26":520300,"27":532200,"28":1482500,"29":860300,"30":1150400,"31":1119600,"32":938200,"33":1026700,"34":1401500,"35":1543800,"36":2289500,"37":2473100,"38":3954700,"39":3256400,"40":4040100,"41":2707500,"42":3852300,"43":2561300,"44":2308000,"45":3089600,"46":2533800,"47":2480300,"48":4063200,"49":2813700,"50":2896000,"51":5441900,"52":6201900,"53":4086000,"54":4218100,"55":4276600,"56":6410700,"57":9214800,"58":3842600,"59":4579100,"60":3195500,"61":3788800,"62":2880800,"63":2912000,"64":2446200,"65":4434400,"66":2516400,"67":2394200,"68":3700300,"69":2754200,"70":2739600,"71":1376300,"72":1761300,"73":2223900,"74":1357600,"75":1543400,"76":1247900,"77":3103500,"78":3112900,"79":685944,"80":685944}}