{"Open":{"0":36.6185947957,"1":35.8386374302,"2":35.6313055644,"3":35.5918114688,"4":35.4535928238,"5":35.601688955,"6":36.2039313333,"7":36.2631715975,"8":36.6580881809,"9":36.2138071987,"10":36.4606301959,"11":36.8950376085,"12":36.6482138068,"13":35.6905456365,"14":35.6609248987,"15":35.6411764961,"16":34.219480108,"17":36.5297393933,"18":36.3816459307,"19":35.8287655619,"20":36.2631727188,"21":35.1969006801,"22":36.4803768999,"23":36.5198670182,"24":37.5170281484,"25":36.9937685314,"26":36.5297391036,"27":37.2504615963,"28":37.3096988975,"29":37.4775388449,"30":37.8625799542,"31":36.9443994651,"32":36.8950345222,"33":36.1841893109,"34":36.0657118446,"35":34.8315988797,"36":35.4930847415,"37":36.3520253905,"38":34.4268110743,"39":32.3238843258,"40":31.9388384487,"41":33.093969557,"42":31.9092199277,"43":32.0079492817,"44":30.2110821999,"45":28.9276038943,"46":28.1772654869,"47":27.3973040066,"48":25.7682765396,"49":25.314121646,"50":16.7839351892,"51":20.1308476897,"52":17.9390646467,"53":15.6090591213,"54":17.6527482648,"55":16.1224499145,"56":17.2578338337,"57":17.4651644481,"58":18.8177523969,"59":19.0300006866,"60":17.75,"61":17.7800006866,"62":17.7399997711,"63":17.4500007629,"64":18.2099990845,"65":18.0,"66":20.0,"67":18.9599990845,"68":19.8299999237,"69":19.5,"70":18.6900005341,"71":18.2000007629,"72":17.5599994659,"73":17.3299999237,"74":17.6499996185,"75":17.2900009155,"76":17.0900001526,"77":17.1800003052,"78":17.7000007629,"79":17.7800006866,"80":17.7800006866},"High":{"0":36.6975760557,"1":36.3125363261,"2":35.7892718551,"3":35.7991415099,"4":35.5720665996,"5":36.1545691031,"6":36.5297389207,"7":36.6087254558,"8":36.7074519403,"9":36.7963086053,"10":36.8456728009,"11":37.0036401445,"12":36.677835076,"13":36.1052057522,"14":35.8880012178,"15":35.89787407,"16":35.0784215758,"17":37.0233845203,"18":36.7271997943,"19":36.5198695188,"20":36.292790223,"21":36.5099948199,"22":36.9049120251,"23":37.2998234323,"24":37.7144869445,"25":37.0233860351,"26":37.5861393656,"27":37.7638529909,"28":38.1982578496,"29":37.7737251814,"30":37.9218187257,"31":37.0924945096,"32":37.0727470633,"33":36.6679594263,"34":36.0854581016,"35":34.8908376507,"36":36.1150786447,"37":36.6482117016,"38":34.9007099576,"39":32.9360032241,"40":33.0939700129,"41":33.6665959422,"42":33.3210452577,"43":32.2547718533,"44":31.0700236677,"45":29.3620121364,"46":28.6709106268,"47":28.1970085692,"48":26.2717948056,"49":25.6498004849,"50":21.5920398043,"51":21.907971278,"52":18.4722004242,"53":18.0180468946,"54":18.2846152846,"55":16.7839344658,"56":17.9094452751,"57":19.4002523675,"58":20.2591971993,"59":19.2999992371,"60":18.0799999237,"61":19.5799999237,"62":18.9799995422,"63":19.1700000763,"64":18.8299999237,"65":18.8899993896,"66":20.7600002289,"67":19.6900005341,"68":20.5599994659,"69":19.5,"70":19.2399997711,"71":18.3899993896,"72":17.5900001526,"73":18.2700004578,"74":18.5200004578,"75":17.7600002289,"76":17.3700008392,"77":17.4899997711,"78":18.2299995422,"79":17.8050003052,"80":17.8050003052},"Low":{"0":35.7991420967,"1":35.5720685951,"2":35.3449904857,"3":35.3647351715,"4":35.0981677302,"5":35.4042301452,"6":35.8879987575,"7":35.6214351741,"8":35.9966017523,"9":36.0755871642,"10":36.4606301959,"11":36.5297412505,"12":35.29562719,"13":35.6411781088,"14":35.295628539,"15":34.5255412259,"16":33.9726575441,"17":35.6411766583,"18":36.1446983686,"19":35.5424504737,"20":35.0093135702,"21":35.187025668,"22":35.9867317559,"23":36.3915182346,"24":37.1319855673,"25":36.3322820758,"26":36.4013903171,"27":36.9542752673,"28":37.1714788672,"29":37.102371243,"30":37.1813510309,"31":36.6778344111,"32":36.3026618958,"33":36.006476764,"34":35.4239754379,"35":33.7060885952,"36":35.1376596539,"37":35.2758789062,"38":33.2716832523,"39":30.6849807843,"40":31.6525271352,"41":30.5467607931,"42":31.2971010397,"43":30.9021852153,"44":30.023496524,"45":27.0616259036,"46":26.7259475705,"47":26.7358194741,"48":23.2901777248,"49":21.7894957216,"50":16.7839351892,"51":18.205632823,"52":15.1154147559,"53":14.8192267403,"54":16.1027029242,"55":15.2536343703,"56":16.7938080749,"57":15.6781687429,"58":18.5314391921,"59":17.5100002289,"60":16.9400005341,"61":17.6299991608,"62":17.2999992371,"63":16.8999996185,"64":16.6599998474,"65":17.8500003815,"66":18.3999996185,"67":18.7099990845,"68":19.1000003815,"69":17.7999992371,"70":18.3799991608,"71":17.0499992371,"72":16.5,"73":17.1399993896,"74":17.1499996185,"75":16.7299995422,"76":16.8999996185,"77":17.0900001526,"78":17.3700008392,"79":16.7999992371,"80":16.7999992371},"Close":{"0":36.4606285095,"1":35.9867324829,"2":35.4437217712,"3":35.4930839539,"4":35.4733390808,"5":36.1348228455,"6":36.1841888428,"7":36.5692329407,"8":36.3125343323,"9":36.2532997131,"10":36.8160552979,"11":36.8555488586,"12":35.5720672607,"13":35.8583831787,"14":35.7695274353,"15":35.0685501099,"16":34.6045227051,"17":36.3125343323,"18":36.2631721497,"19":36.5099945068,"20":35.1179161072,"21":35.8287658691,"22":36.1052055359,"23":37.1418571472,"24":37.2010955811,"25":36.6975784302,"26":37.2109680176,"27":37.0332565308,"28":37.7046127319,"29":37.7243614197,"30":37.3393173218,"31":36.7469444275,"32":36.3026618958,"33":36.3125343323,"34":35.8781280518,"35":34.4169387817,"36":35.9966011047,"37":35.2758789062,"38":33.4000320435,"39":31.7907466888,"40":33.0840950012,"41":31.4649410248,"42":33.261806488,"43":31.257610321,"44":30.8923130035,"45":27.1504821777,"46":28.335231781,"47":27.4861602783,"48":23.5962371826,"49":23.6554737091,"50":19.6865692139,"51":19.4298725128,"52":15.7768983841,"53":17.2380867004,"54":16.2409248352,"55":15.9052467346,"56":17.3071994781,"57":18.3833446503,"58":19.4200000763,"59":17.6599998474,"60":17.9500007629,"61":18.9400005341,"62":17.6000003815,"63":18.4799995422,"64":16.8999996185,"65":18.7099990845,"66":18.6100006104,"67":19.2600002289,"68":19.3600006104,"69":18.1900005341,"70":19.0,"71":17.2700004578,"72":16.9099998474,"73":18.1200008392,"74":17.8299999237,"75":16.7700004578,"76":17.0900001526,"77":17.3899993896,"78":17.9699993134,"79":17.3999996185,"80":17.3999996185},"Volume":{"0":1581300,"1":1042600,"2":1199200,"3":1533100,"4":1345400,"5":2060900,"6":1908900,"7":1840200,"8":1673400,"9":1487600,"10":1281300,"11":2329000,"12":2255900,"13":1549400,"14":1769400,"15":2243900,"16":2797200,"17":4411400,"18":2256600,"19":1730800,"20":2335900,"21":1839500,"22":2661900,"23":2328500,"24":2313700,"25":1597500,"26":1303900,"27":1539100,"28":2276800,"29":2121800,"30":1333500,"31":1526600,"32":1586000,"33":1697900,"34":1882300,"35":3216500,"36":8618200,"37":3672800,"38":3436900,"39":5711900,"40":4163200,"41":3121400,"42":3264600,"43":3017900,"44":2078500,"45":2124200,"46":2751500,"47":4413300,"48":2283200,"49":3338300,"50":2889800,"51":4115000,"52":3430900,"53":2846100,"54":3262800,"55":3120400,"56":3171500,"57":5438500,"58":4289600,"59":3945900,"60":2335300,"61":4510000,"62":4313300,"63":6637000,"64":4968500,"65":2882800,"66":3665700,"67":3280300,"68":3925000,"69":2949000,"70":2669000,"71":3646400,"72":2245600,"73":3528200,"74":2513800,"75":2598800,"76":2046600,"77":2242300,"78":5861100,"79":2468745,"80":2468745}}