{"Open":{"0":100.4498116019,"1":100.967487098,"2":100.977443944,"3":101.2960179043,"4":100.0217246383,"5":102.1123586685,"6":102.2716429918,"7":101.2860585234,"8":99.7429805622,"9":100.4099901244,"10":101.0969141641,"11":102.7793670063,"12":104.2129442192,"13":105.5370079722,"14":105.337901465,"15":105.6166447311,"16":103.157671408,"17":104.2726729281,"18":104.4319590022,"19":104.9994189178,"20":106.1044639275,"21":105.3378974276,"22":106.2936165838,"23":106.9407174837,"24":101.5449032974,"25":101.3059749302,"26":101.8535118093,"27":102.6698534635,"28":104.0934765011,"29":104.6399993896,"30":105.0100021362,"31":105.1699981689,"32":104.4499969482,"33":104.8700027466,"34":103.5500030518,"35":101.8700027466,"36":100.7300033569,"37":98.3000030518,"38":95.7900009155,"39":90.6399993896,"40":89.25,"41":92.5299987793,"42":92.5199966431,"43":92.4899978638,"44":88.1800003052,"45":84.3099975586,"46":86.0800018311,"47":83.9100036621,"48":75.5800018311,"49":81.7799987793,"50":70.9499969482,"51":71.3000030518,"52":61.9700012207,"53":59.4799995422,"54":64.0400009155,"55":57.2400016785,"56":61.9500007629,"57":70.4100036621,"58":74.1399993896,"59":72.2399978638,"60":68.1200027466,"61":70.1299972534,"62":65.0,"63":67.3099975586,"64":65.7099990845,"65":66.5500030518,"66":73.9899978638,"67":72.2200012207,"68":77.5899963379,"69":79.7799987793,"70":78.3000030518,"71":77.1900024414,"72":77.5800018311,"73":83.1399993896,"74":82.8099975586,"75":80.0899963379,"76":83.0,"77":86.6800003052,"78":85.7799987793,"79":87.0999984741,"80":87.0999984741},"High":{"0":101.7340568642,"1":101.5548586128,"2":101.345795827,"3":101.7838295247,"4":102.5205276587,"5":103.5558861024,"6":102.4309251547,"7":101.6046304568,"8":100.5194991887,"9":101.3358410156,"10":101.8535177792,"11":105.1387953978,"12":105.1587025177,"13":106.5225886753,"14":105.6067010502,"15":105.7261545415,"16":104.302534266,"17":104.6211097924,"18":106.3334330202,"19":106.1741543396,"20":106.3433909705,"21":106.3732580957,"22":106.3633039581,"23":107.1398296918,"24":103.6255746309,"25":102.1621384369,"26":102.7594552259,"27":103.844588862,"28":105.1288371877,"29":105.6600036621,"30":105.7200012207,"31":105.1900024414,"32":105.5800018311,"33":105.1800003052,"34":103.8899993896,"35":102.6399993896,"36":101.3499984741,"37":99.4100036621,"38":96.6900024414,"39":91.7300033569,"40":92.5500030518,"41":94.6800003052,"42":94.8899993896,"43":92.8300018311,"44":89.8899993896,"45":87.2900009155,"46":87.0199966431,"47":84.0999984741,"48":82.3399963379,"49":82.25,"50":71.9899978638,"51":71.9000015259,"52":62.7299995422,"53":66.6900024414,"54":64.9400024414,"55":58.2099990845,"56":70.1699981689,"57":76.4300003052,"58":76.1900024414,"59":72.6299972534,"60":72.0,"61":71.9300003052,"62":68.1800003052,"63":68.9400024414,"64":66.0899963379,"65":71.1800003052,"66":75.5,"67":75.6600036621,"68":82.0999984741,"69":80.1299972534,"70":80.4100036621,"71":78.4800033569,"72":80.1900024414,"73":84.9700012207,"74":84.1299972534,"75":81.7699966431,"76":87.4700012207,"77":87.3399963379,"78":86.4000015259,"79":88.3850021362,"80":88.3850021362},"Low":{"0":100.3602092092,"1":99.9122189876,"2":100.609092061,"3":101.0869557812,"4":99.8922998107,"5":101.9431189878,"6":101.086950099,"7":99.8325736028,"8":99.4642310651,"9":100.3004803075,"10":100.8778945298,"11":102.7096796325,"12":104.0437045397,"13":105.4474055836,"14":104.6509852265,"15":103.6454833347,"16":102.1720831176,"17":103.854548691,"18":104.2527618219,"19":104.3025375957,"20":104.8799485909,"21":104.7803984507,"22":105.3876807176,"23":105.2582629983,"24":100.6588748468,"25":100.3004791662,"26":101.5946773434,"27":102.3811464695,"28":103.3368729033,"29":104.3600006104,"30":104.6299972534,"31":103.5800018311,"32":104.2200012207,"33":102.1600036621,"34":102.9599990845,"35":100.1200027466,"36":97.5299987793,"37":97.4700012207,"38":92.6500015259,"39":87.5599975586,"40":89.2099990845,"41":90.0,"42":90.9599990845,"43":89.9300003052,"44":87.0299987793,"45":83.0,"46":83.4000015259,"47":79.3700027466,"48":74.6100006104,"49":75.8600006104,"50":67.0800018311,"51":60.9500007629,"52":57.9300003052,"53":57.1599998474,"54":57.7099990845,"55":54.9500007629,"56":61.5800018311,"57":65.6699981689,"58":71.7900009155,"59":68.0500030518,"60":68.0,"61":68.0699996948,"62":64.25,"63":64.5500030518,"64":62.1599998474,"65":66.4700012207,"66":70.0,"67":70.8600006104,"68":77.0,"69":75.1699981689,"70":77.3899993896,"71":76.4800033569,"72":76.6999969482,"73":82.0899963379,"74":81.5999984741,"75":79.9000015259,"76":82.6999969482,"77":84.5500030518,"78":84.2300033569,"79":86.9800033569,"80":86.9800033569},"Close":{"0":101.7141418457,"1":101.3955688477,"2":101.3358383179,"3":101.5150375366,"4":101.694229126,"5":102.500617981,"6":101.2362823486,"7":99.8923034668,"8":100.270614624,"9":100.7882919312,"10":101.7041931152,"11":104.9297332764,"12":105.1288375854,"13":106.0148620605,"14":105.5071487427,"15":104.5116043091,"16":103.9242324829,"17":104.3523178101,"18":106.1542358398,"19":106.1243743896,"20":105.2980728149,"21":105.9352264404,"22":106.2338867188,"23":106.3035736084,"24":103.2771377563,"25":101.5847244263,"26":102.4110183716,"27":103.5857543945,"28":104.8699951172,"29":105.0299987793,"30":105.2799987793,"31":104.0299987793,"32":105.1900024414,"33":103.8700027466,"34":103.5100021362,"35":100.25,"36":97.9499969482,"37":97.5,"38":92.6699981689,"39":89.25,"40":92.5299987793,"41":91.3099975586,"42":94.6299972534,"43":90.9199981689,"44":89.4000015259,"45":83.6999969482,"46":86.7799987793,"47":80.9700012207,"48":78.4499969482,"49":78.4599990845,"50":69.8300018311,"51":65.4899978638,"52":60.6899986267,"53":62.5999984741,"54":58.0800018311,"55":56.5200004578,"56":69.6600036621,"57":72.8700027466,"58":75.75,"59":68.5299987793,"60":70.6699981689,"61":68.5299987793,"62":67.6500015259,"63":66.0500030518,"64":63.2999992371,"65":70.5,"66":71.3499984741,"67":75.3700027466,"68":80.3700027466,"69":77.0599975586,"70":79.8899993896,"71":77.6399993896,"72":80.1100006104,"73":84.1699981689,"74":82.0699996948,"75":81.1999969482,"76":86.7900009155,"77":85.6100006104,"78":85.8899993896,"79":88.1650009155,"80":88.1650009155},"Volume":{"0":1369900,"1":1145500,"2":1454100,"3":1388600,"4":1521500,"5":1790100,"6":1462400,"7":1569700,"8":2024400,"9":1607100,"10":1191800,"11":4060400,"12":3494300,"13":2020800,"14":2128600,"15":2268800,"16":1833500,"17":1672500,"18":1401800,"19":1480000,"20":2117400,"21":1671000,"22":1595500,"23":1814400,"24":3271600,"25":2396800,"26":1667800,"27":2234400,"28":1784200,"29":1135100,"30":1249700,"31":1934600,"32":1875400,"33":1216300,"34":1015100,"35":1539100,"36":2389000,"37":3382500,"38":3850300,"39":4240700,"40":2408900,"41":2430900,"42":2420200,"43":2171600,"44":2564200,"45":3776600,"46":3464100,"47":2783100,"48":5272000,"49":3754400,"50":4975500,"51":6169800,"52":5693200,"53":4564500,"54":4407700,"55":4522900,"56":5277100,"57":5180800,"58":4876400,"59":4000000,"60":4274600,"61":3796100,"62":3316500,"63":3399700,"64":2631400,"65":3683700,"66":3908500,"67":3682000,"68":4199600,"69":2014500,"70":2502800,"71":1907600,"72":2376700,"73":3326300,"74":1827500,"75":2768700,"76":2923000,"77":2108900,"78":2131900,"79":699905,"80":699905}}