{"Open":{"0":131.6463725165,"1":132.075050965,"2":133.3710753064,"3":132.5934477449,"4":133.3511329365,"5":133.6003774248,"6":134.8864454115,"7":135.6540853768,"8":136.0030101574,"9":136.9899805447,"10":138.5558120695,"11":139.3944575173,"12":138.8952559189,"13":142.4994321535,"14":141.0617475129,"15":139.394448455,"16":134.2028509481,"17":135.920081099,"18":138.7455032237,"19":137.4176527186,"20":137.3777331743,"21":134.5123540539,"22":136.8585675656,"23":139.7339150168,"24":137.7371509192,"25":138.8253802322,"26":138.3960731315,"27":143.1683455906,"28":143.2182654103,"29":141.7007240778,"30":144.7058636647,"31":143.7973292462,"32":143.2681928175,"33":143.5177891115,"34":142.699110347,"35":139.0550045473,"36":138.5657914611,"37":135.7204014814,"38":134.2427979485,"39":130.1893403782,"40":133.6237906952,"41":139.234725619,"42":139.7239157327,"43":140.5026570757,"44":134.7020491958,"45":128.5919402614,"46":133.4041399856,"47":130.1793715934,"48":122.0625058898,"49":124.1491261063,"50":114.1852492516,"51":109.0934821083,"52":104.3311881459,"53":104.7804584603,"54":101.3859622553,"55":98.8999780469,"56":98.5505392509,"57":102.4841785743,"58":109.3330962944,"59":114.3349969437,"60":113.4464400187,"61":115.493130388,"62":113.7459596179,"63":111.0702828143,"64":114.8941000678,"65":119.3868302607,"66":128.8115833137,"67":126.1558795324,"68":126.3455795387,"69":127.8032044518,"70":126.2157778143,"71":125.2173927715,"72":125.2200012207,"73":129.7400054932,"74":128.7200012207,"75":125.7900009155,"76":126.5299987793,"77":126.25,"78":124.5999984741,"79":126.9599990845,"80":126.9599990845},"High":{"0":133.8695519294,"1":134.4976312198,"2":133.6601973862,"3":134.3979125322,"4":134.8565270847,"5":135.9531644197,"6":135.5843027509,"7":136.3319995352,"8":136.860382048,"9":138.5751167181,"10":139.1748056399,"11":140.173196312,"12":142.2897725831,"13":143.0984690175,"14":141.5409830694,"15":139.394448455,"16":136.2195920281,"17":138.6955891145,"18":139.7438877815,"19":138.106540515,"20":137.7471306178,"21":137.2479333658,"22":139.2147559131,"23":140.0733621239,"24":138.8753087935,"25":138.9352031465,"26":142.509428184,"27":144.1168231482,"28":144.2266435892,"29":146.0237313798,"30":145.165112041,"31":143.8971737974,"32":145.3747849728,"33":143.8572362261,"34":142.7690045847,"35":140.5925253478,"36":138.6257073336,"37":139.0250519852,"38":137.2079861494,"39":133.0247641033,"40":138.9451824209,"41":141.5309980546,"42":143.4678578222,"43":142.4095752715,"44":137.3777278613,"45":133.0746773911,"46":133.4041399856,"47":131.4373307458,"48":127.1342939752,"49":125.5768164191,"50":119.726279202,"51":117.8892556314,"52":109.85225363,"53":112.7076344506,"54":106.2980128084,"55":100.8767829466,"56":105.0500248856,"57":112.8074714666,"58":118.4982669434,"59":117.5897327559,"60":117.5597873368,"61":120.0557476878,"62":115.1736499236,"63":116.1121279125,"64":117.0406284526,"65":127.2540980324,"66":130.6685792496,"67":127.7832436994,"68":130.9381397531,"69":128.6119087574,"70":128.7317112422,"71":125.916266551,"72":128.0500030518,"73":131.5399932861,"74":129.1399993896,"75":126.0500030518,"76":127.4800033569,"77":126.6200027466,"78":126.8499984741,"79":127.7399978638,"80":127.7399978638},"Low":{"0":131.0781075047,"1":131.86570138,"2":132.304353871,"3":132.2644546582,"4":132.8327333631,"5":133.6003774248,"6":134.3580666252,"7":135.0459493408,"8":135.1057672261,"9":136.9201872128,"10":137.797045266,"11":138.6356906809,"12":138.7455043277,"13":140.9818985039,"14":137.2978486974,"15":135.9300527866,"16":133.8134815784,"17":135.2711371918,"18":138.2163606267,"19":135.8402032572,"20":133.7835423605,"21":133.98321143,"22":136.4691981674,"23":137.317810884,"24":136.6489000893,"25":137.8070236853,"26":138.1265202488,"27":142.4195571403,"28":142.1999088699,"29":141.0218298377,"30":142.8887964142,"31":142.3796249765,"32":142.5793049929,"33":141.0118491999,"34":141.2714276135,"35":137.3178098755,"36":134.1030263296,"37":135.2811098312,"38":133.6836897845,"39":126.7948389718,"40":132.8450519289,"41":135.4009171055,"42":138.2962331283,"43":137.8369720866,"44":131.6170444199,"45":127.3838881854,"46":127.0643995552,"47":127.1542673764,"48":119.7262819159,"49":117.100533119,"50":106.2281227843,"51":106.976911627,"52":95.8648835937,"53":100.5772602992,"54":98.3708364062,"55":89.9943890622,"56":97.3424948443,"57":100.3576145458,"58":109.3330962944,"59":110.8606229258,"60":112.2483815385,"61":113.7160070256,"62":110.571096234,"63":110.6908994219,"64":113.5362964204,"65":117.7095438566,"66":125.8164219441,"67":122.0525181888,"68":126.2357566187,"69":121.9127415304,"70":123.9793984695,"71":122.8811764998,"72":123.9800033569,"73":128.6100006104,"74":127.2300033569,"75":123.5800018311,"76":125.5500030518,"77":123.4100036621,"78":122.6600036621,"79":126.0999984741,"80":126.0999984741},"Close":{"0":133.7299804688,"1":133.7499237061,"2":132.7230682373,"3":133.1716766357,"4":132.8825683594,"5":134.6471710205,"6":135.1556243896,"7":136.0927276611,"8":136.8504180908,"9":138.1165161133,"10":139.0150756836,"11":139.93359375,"12":141.7007141113,"13":141.2714233398,"14":138.1165161133,"15":136.0897979736,"16":135.7403717041,"17":138.0366516113,"18":138.286239624,"19":137.8070220947,"20":133.9932098389,"21":135.3010864258,"22":138.745513916,"23":137.6672515869,"24":138.745513916,"25":138.6756134033,"26":142.319732666,"27":143.7973327637,"28":142.7490234375,"29":144.705871582,"30":143.9371032715,"31":143.4179382324,"32":143.8272857666,"33":143.3181152344,"34":142.0002441406,"35":138.1664428711,"36":134.6022186279,"37":135.9300537109,"38":133.7336120605,"39":133.0147705078,"40":138.6856079102,"41":137.0183105469,"42":143.3879852295,"43":139.3345489502,"44":136.8286132812,"45":129.5104522705,"46":132.5055999756,"47":130.0595703125,"48":120.0857009888,"49":125.277305603,"50":106.8670883179,"51":110.8706130981,"52":105.649055481,"53":102.1646957397,"54":100.7769470215,"55":92.5103225708,"56":103.5923843384,"57":108.035194397,"58":117.7195281982,"59":111.5894393921,"60":116.4915161133,"61":117.4998855591,"62":111.7392044067,"63":115.8425598145,"64":114.4248580933,"65":126.5851821899,"66":125.9062805176,"67":127.0444412231,"68":128.5420227051,"69":122.7513809204,"70":127.6135177612,"71":123.609992981,"72":127.4499969482,"73":130.7200012207,"74":127.3899993896,"75":124.6999969482,"76":125.8099975586,"77":123.6399993896,"78":125.9100036621,"79":127.5849990845,"80":127.5849990845},"Volume":{"0":1576700,"1":1274000,"2":2334100,"3":1224500,"4":1766700,"5":2075400,"6":1249000,"7":1797600,"8":1848800,"9":1859600,"10":1822800,"11":1993200,"12":4693300,"13":1888900,"14":2148500,"15":2047000,"16":1656400,"17":2176500,"18":1366500,"19":1735400,"20":2582300,"21":2377000,"22":1839800,"23":1507600,"24":2206800,"25":1780800,"26":2456000,"27":2274200,"28":1830700,"29":3384500,"30":1810500,"31":2461700,"32":1676600,"33":1182500,"34":1754800,"35":1642000,"36":2236200,"37":2562100,"38":3075200,"39":4779300,"40":2881600,"41":2768200,"42":3283700,"43":2472600,"44":3204200,"45":2827400,"46":3265500,"47":3591500,"48":5344300,"49":4073300,"50":4364700,"51":5299600,"52":5218300,"53":4492600,"54":6662600,"55":5405800,"56":4732500,"57":4424800,"58":4159000,"59":2870100,"60":2031900,"61":3956000,"62":2521000,"63":2403700,"64":1701900,"65":3419900,"66":3075000,"67":2478400,"68":1962300,"69":3188900,"70":2508200,"71":2262900,"72":2064000,"73":1977600,"74":2418600,"75":2607800,"76":1943700,"77":3259300,"78":1945400,"79":596803,"80":596803}}